{"type": "FeatureCollection", "features": [{"type": "Feature", "properties": {"name": "北京城区"}, "geometry": {"type": "MultiPolygon", "coordinates": [[[[115.78159059630572, 40.46338539863865], [115.77869505606807, 40.46278759984369], [115.7761996465029, 40.470392774590195], [115.7780974645735, 40.47449316193831], [115.78299026747348, 40.47879085713821], [115.78249178181116, 40.48399366871387], [115.78438906273095, 40.48809372267677], [115.78828229866572, 40.491091013143155], [115.78808306952676, 40.49409262898071], [115.78439007411025, 40.4958973423859], [115.78009714059863, 40.49540105318114], [115.77440586665583, 40.49970734218822], [115.77061056791729, 40.500509926972775], [115.75102288603483, 40.500012553514885], [115.74942256310388, 40.496310401903436], [115.74232287601207, 40.50511162454941], [115.74732463367307, 40.51211729412217], [115.74572475735307, 40.51411764660089], [115.7494250235803, 40.515219495272525], [115.75012556915256, 40.519821965180114], [115.75502549435043, 40.52742659974064], [115.76192257924505, 40.5323287020428], [115.75952510411018, 40.54013309254627], [115.77021639833653, 40.54193083992003], [115.77650948164182, 40.54933091758945], [115.78120252642836, 40.55032767803122], [115.78329954752637, 40.55422785082165], [115.796873603214, 40.562216434200344], [115.80126340614146, 40.56221023028218], [115.80535293727559, 40.559002280917284], [115.81153696373556, 40.559892746654356], [115.82041220097639, 40.55847648596719], [115.8259963690008, 40.56056741945356], [115.82769193070601, 40.564566475910375], [115.8266954384909, 40.56917088785008], [115.82888939834551, 40.5721684855428], [115.83387680645959, 40.58856852508905], [115.84953155197472, 40.5921416836528], [115.85232394772274, 40.594237978900374], [115.85910513179184, 40.59162495325754], [115.86718474917627, 40.59251296192982], [115.87167445064067, 40.59410763082227], [115.8740695382447, 40.59720634382441], [115.89143821079269, 40.59638883314992], [115.8949339924035, 40.59898827760829], [115.89982976649274, 40.607391201860914], [115.90482603399803, 40.60989159473515], [115.91382340160165, 40.61849756899998], [115.92482525080867, 40.61830322234561], [115.9331308272092, 40.6140085340358], [115.94033943600182, 40.614718312104294], [115.95075645635269, 40.61233417748331], [115.95436346183943, 40.610039769116895], [115.96117901771876, 40.61075468201979], [115.97290980758969, 40.60758116043476], [115.97381217590926, 40.60568236098781], [115.9718059906431, 40.60237519444139], [115.97812475575132, 40.603692645167236], [115.98183453525708, 40.59039498670674], [115.98755167610295, 40.58090573782563], [115.9895581787413, 40.580111105393705], [115.99878959433185, 40.58193953739516], [116.00099707080857, 40.58104567443998], [116.00330563217945, 40.58565530158799], [116.01123300590777, 40.585279073057116], [116.01193580379264, 40.58818287494078], [116.01615057580841, 40.59059693720728], [116.02307495022156, 40.598722170618665], [116.02197169601192, 40.60192085211836], [116.02568407227403, 40.60283216932257], [116.03190465465156, 40.60815291484763], [116.03290752511899, 40.60625453030585], [116.03481370075845, 40.60876122960176], [116.03631799522819, 40.60686412058301], [116.0364178508675, 40.60346234360512], [116.03461204406473, 40.60075588053451], [116.03631694879343, 40.59885933156973], [116.03952679680636, 40.60186955423816], [116.0509576984805, 40.603498253734706], [116.05657131727425, 40.60741270838134], [116.06468779427219, 40.608528865472934], [116.06909570334092, 40.61183820729363], [116.07940924225183, 40.61305294959856], [116.08081139425639, 40.619058181595285], [116.08311369901612, 40.62146202379167], [116.09301931387513, 40.625772146513945], [116.09602012359474, 40.628875474534375], [116.10531848409778, 40.63217929605515], [116.10741696117624, 40.62937739792087], [116.11081446913448, 40.62857627726045], [116.12809319732692, 40.63066718145009], [116.12679588382883, 40.63487101713946], [116.11910786283731, 40.64248157800259], [116.11701113749145, 40.64848661564651], [116.13159038494999, 40.655679812906314], [116.14127249131582, 40.6686767789196], [116.1491540155614, 40.66856526503247], [116.15832982371057, 40.66474766841898], [116.16900015441801, 40.66392801901414], [116.17109435510174, 40.665124940366724], [116.17448661782302, 40.68012874207103], [116.17777757615335, 40.6832246892257], [116.17997223307808, 40.69052560516809], [116.17987309397881, 40.69492885358642], [116.17758001843765, 40.69753497924672], [116.18246659637747, 40.702028972711396], [116.18416272627755, 40.70943104804469], [116.1873540347575, 40.71212705295761], [116.18735426959292, 40.71392834046048], [116.1918419743914, 40.71572143482875], [116.19144335091572, 40.717823665167955], [116.19702878820225, 40.722717281115266], [116.19852528392475, 40.72631730774193], [116.20401142382035, 40.7284096673058], [116.21189333951484, 40.73450200057524], [116.21089651908574, 40.74140855077734], [116.21678376081252, 40.74320163670899], [116.21937822224572, 40.741597104498474], [116.22436899069808, 40.74379284621869], [116.22646555662034, 40.74579208429528], [116.2266658483104, 40.75069553605551], [116.22946183642719, 40.75529622444325], [116.23994841406613, 40.76059220185577], [116.23615335036902, 40.76389716637143], [116.2374528279488, 40.7724027506991], [116.24174858770786, 40.776603426962374], [116.24115023493658, 40.784609921532464], [116.24514663562215, 40.78580899695389], [116.24784503035362, 40.78951095546108], [116.25134292956216, 40.78991048260791], [116.25374225316428, 40.793312864958445], [116.26444033285911, 40.78921111176054], [116.26714028145226, 40.78440842766081], [116.2702413835945, 40.78440996025035], [116.27104133196049, 40.781207935939946], [116.2757437624934, 40.778709129866016], [116.27604313476962, 40.772204360417554], [116.28034606489062, 40.76780457849872], [116.27954491008872, 40.76440127596841], [116.28354860985061, 40.76310407257535], [116.287553479052, 40.76541012260762], [116.29306070831203, 40.764315999112135], [116.29636589000259, 40.765821581179424], [116.3008726206247, 40.76042399854457], [116.30538037673271, 40.757829031611756], [116.31099118567262, 40.75723787642904], [116.31509915492434, 40.75344217580253], [116.31680278198554, 40.75354529387535], [116.31730425869983, 40.75664852886878], [116.31409858992254, 40.76524932451581], [116.31941078265318, 40.77176382585402], [116.32321947328333, 40.773772403199985], [116.33574842133207, 40.7753974537234], [116.35168462936726, 40.774626692907724], [116.35789754817121, 40.77193550922173], [116.36751662693955, 40.77425268767732], [116.37402752784291, 40.772560550926116], [116.3773327925968, 40.77406589342783], [116.3861441165143, 40.773975277896916], [116.3997553742751, 40.78028916485041], [116.41145659445851, 40.7804909998356], [116.41415599590977, 40.782091774228995], [116.42065200246846, 40.779587391923236], [116.42254937392802, 40.771279938129396], [116.43123943327194, 40.769071260643784], [116.43812883942574, 40.76986393856798], [116.44401744990365, 40.76855454087957], [116.45070280780631, 40.77084502235635], [116.46027717230285, 40.76752336511813], [116.4633685161784, 40.7702185581441], [116.46835335525974, 40.77160790854126], [116.47164303533417, 40.77400160986711], [116.47204199555814, 40.77610221645429], [116.46695936090251, 40.78392074204413], [116.46765798614568, 40.79012388859745], [116.46347211880364, 40.799941368027085], [116.45848645121457, 40.799752145696125], [116.45659221556244, 40.80425962059571], [116.44721600686411, 40.80958129254624], [116.44701712457781, 40.81468567808586], [116.44452289831743, 40.817692116526544], [116.44372513231268, 40.822096874264325], [116.42845036274173, 40.824617373095855], [116.42185784998578, 40.830827146191524], [116.4130633555521, 40.83473363082193], [116.41186464873203, 40.841939648460254], [116.4082660466302, 40.848545195773546], [116.40566646291468, 40.852247991108555], [116.39816474597883, 40.85654924149292], [116.39606450002063, 40.86355393404377], [116.38805820701273, 40.86524972008524], [116.38125135325778, 40.87324968547146], [116.37293973236645, 40.87834373185445], [116.37053643597797, 40.8839450562085], [116.35119951606357, 40.896123645734676], [116.3484942211315, 40.90162331605808], [116.34067698371375, 40.906312611941345], [116.34168051300651, 40.915522244747216], [116.3404787204802, 40.92302628062307], [116.34458864633484, 40.92653699812172], [116.34619291008944, 40.931143880326225], [116.35040280402835, 40.934454414861], [116.3564162764619, 40.93776787298437], [116.3660355189091, 40.93808384728021], [116.37154625687215, 40.94509782826348], [116.37665446621962, 40.94550488775449], [116.38626593374511, 40.93760861108956], [116.38726629849407, 40.93230502895498], [116.39066922776435, 40.92960553660346], [116.391569272246, 40.924101558133444], [116.39907294019719, 40.914898110782566], [116.40267400579734, 40.913097846381085], [116.40487375204864, 40.90779388729834], [116.41147344649097, 40.907393775186485], [116.41996870589128, 40.90158635535205], [116.42626345411595, 40.90438471112502], [116.43724830193509, 40.90517416756996], [116.44293721937998, 40.901162936783], [116.45480981388216, 40.90164264189224], [116.45730335437621, 40.903038777484504], [116.46747326086629, 40.901614845450965], [116.47056288864064, 40.898004275092916], [116.48032949182036, 40.897678483354035], [116.48381777301886, 40.90407420241335], [116.47983437166238, 40.921399747612234], [116.47465307816705, 40.92681808841117], [116.47345793331127, 40.93302641718708], [116.4678762898132, 40.93414125519917], [116.46797660793577, 40.938945077371315], [116.4616968129799, 40.9471665868123], [116.46109909310233, 40.95127138576234], [116.45381953493063, 40.9555901028034], [116.45960537039815, 40.96638746122412], [116.45791073644315, 40.97119513052554], [116.4599059145449, 40.97689574711258], [116.46229928438443, 40.979092361228034], [116.46200062675543, 40.98259600627913], [116.47037517269325, 40.9862793981891], [116.48093818490803, 40.98014653803319], [116.49179859487731, 40.984219206302825], [116.4996677980585, 40.979592017392896], [116.52238031461198, 40.97682209938138], [116.52507075061887, 40.97941657629522], [116.52566906244263, 40.98321810519338], [116.5300532713319, 40.982605284825894], [116.53423894257088, 40.98399507411684], [116.54161557381099, 40.99028134081186], [116.54879424803808, 40.99186556975447], [116.55318191186493, 40.98965403191978], [116.56116228706647, 40.98893760317738], [116.564954353274, 40.990432204867886], [116.56814873047163, 40.99523111397179], [116.575636079934, 40.99281861368088], [116.59391819749857, 40.97869143357584], [116.6041177374284, 40.976187352900524], [116.60771929830794, 40.97718860897239], [116.62043122618547, 40.98480085445444], [116.62313652932076, 40.99931524742513], [116.62043341411935, 41.00201548511554], [116.62063396276952, 41.004417668150424], [116.62454048225402, 41.01512984721914], [116.6278457235079, 41.01733476714059], [116.62894814492792, 41.022440196291534], [116.6267449031275, 41.02433964208266], [116.62784758570524, 41.03194713869237], [116.619537019146, 41.0387459772336], [116.62033883413311, 41.0455522684267], [116.62384401286496, 41.05055918783622], [116.62164160745535, 41.05466088047536], [116.63075548235624, 41.05627063035529], [116.63686758803946, 41.062382965257356], [116.64358177771027, 41.06229209103825], [116.6468890690068, 41.05989505246845], [116.65340518684373, 41.06100650009447], [116.65992188348977, 41.057915222864914], [116.66302970720858, 41.05291664368798], [116.67125221315287, 41.048328124797756], [116.67937554813712, 41.04804338690119], [116.68288521204808, 41.04444705811364], [116.68709717564596, 41.04345419632406], [116.69552123298554, 41.046272090512915], [116.69842868053465, 41.04247405192489], [116.697425528149, 41.03916949816961], [116.7012352194248, 41.03497258216233], [116.70153511459938, 41.02806725677535], [116.70494325787499, 41.02246821688147], [116.70063111757813, 41.01575528260457], [116.69662009350075, 41.014246982893816], [116.69712076021509, 41.008843288254894], [116.68919780791612, 41.002123143179524], [116.68859425670591, 40.98790994026032], [116.69140170305367, 40.984111925331696], [116.68779129941804, 40.982704011890235], [116.6839797287751, 40.97759247032114], [116.68367832024543, 40.97338832484577], [116.68899265999246, 40.96679273814997], [116.69320421280078, 40.964498564098484], [116.69550903157801, 40.95239246021611], [116.70814096119882, 40.94280572643609], [116.70894232625211, 40.93810299996065], [116.71335254247242, 40.93560752821209], [116.71846409747764, 40.936415300747164], [116.71766196785057, 40.93341169450954], [116.7200667998254, 40.931012812239956], [116.72858300597845, 40.928920818836865], [116.72327232677102, 40.923310247597485], [116.71996468309321, 40.91640036227552], [116.71956325127448, 40.911896060554966], [116.72307042738902, 40.91180032168591], [116.72988252373224, 40.90790441961868], [116.73228586326366, 40.90290247119313], [116.73659193395342, 40.899403076294256], [116.74600312951188, 40.89830760326971], [116.75731048748918, 40.893005382021705], [116.76551228438936, 40.89180296134516], [116.7645111839503, 40.883896687636], [116.76681107591502, 40.8824947585881], [116.77560933581837, 40.88459178706627], [116.7786072475841, 40.88008580843972], [116.78580187674925, 40.87867803549355], [116.79199476716016, 40.871364983527826], [116.7951908982529, 40.8703601023694], [116.79688832212209, 40.8669550280995], [116.80267995410296, 40.863944267528126], [116.802778919242, 40.857138529831495], [116.80856938069137, 40.85272586069574], [116.80776988616435, 40.8467222534058], [116.8111637207358, 40.842213021650316], [116.8195499373489, 40.84990473490674], [116.82683625562048, 40.849791340538395], [116.82973028858528, 40.84658333971922], [116.82963016897207, 40.844181572065814], [116.83212516305478, 40.842675681225195], [116.83791417756467, 40.8440659634846], [116.84330382584277, 40.84335537102958], [116.84609822410783, 40.84034781098746], [116.85428368132335, 40.84073361746091], [116.85518182121307, 40.838129971704966], [116.86366807780131, 40.83551407900234], [116.86806122817764, 40.829802951637625], [116.86746162519054, 40.82670131882071], [116.87535173465854, 40.823187938234945], [116.88224546073799, 40.82257975538573], [116.88244499091799, 40.82007755383972], [116.88824092677126, 40.815568777546595], [116.8881402921881, 40.81026464079238], [116.88614075675169, 40.80586281281397], [116.89253785596547, 40.80345613831052], [116.89513691420146, 40.79965165315531], [116.90263745813597, 40.79814771249436], [116.90093623578119, 40.79204335369595], [116.90163548587559, 40.7849376355426], [116.90063500734732, 40.78293635940234], [116.89923509803882, 40.78533867657812], [116.89743495167573, 40.78513922620552], [116.8985345553371, 40.781636066417875], [116.90123497983971, 40.78173526004246], [116.90463560420721, 40.77803172588036], [116.91063923749749, 40.77863221502687], [116.93116686995675, 40.77424102427644], [116.92846140704377, 40.771736421566295], [116.9286615672364, 40.7701353839633], [116.9341709704061, 40.75783188888937], [116.92906015816588, 40.75342309645168], [116.93266630621211, 40.74622145146642], [116.94680048467022, 40.741137724564325], [116.9488050278103, 40.731233939629284], [116.9581340138152, 40.72554812064048], [116.96154594338638, 40.72585582063095], [116.96224820844208, 40.723956027667], [116.96957505231724, 40.719670396202076], [116.97318882125612, 40.715876848732286], [116.97128059697994, 40.71096844339483], [116.97569793159141, 40.70777763830999], [116.98332991798046, 40.70719809663288], [116.98614171650487, 40.704203950543416], [116.99447881549273, 40.7046285809492], [117.01235930410539, 40.69607639826697], [117.01929064073788, 40.69549669385857], [117.02531770822503, 40.697615775301465], [117.03425579730613, 40.6959396352233], [117.03756914225471, 40.693646898828696], [117.04238872850317, 40.696361204245356], [117.04258987611097, 40.699063601995526], [117.05102175315078, 40.70198574463819], [117.06145634722715, 40.70140694981299], [117.06486676218117, 40.703114348398], [117.07108375746168, 40.70312446086083], [117.08341089469313, 40.70163864484605], [117.08781888958534, 40.70424431530947], [117.0927259732382, 40.70374720761342], [117.10173586649405, 40.70725283935481], [117.11734141586649, 40.70985176212868], [117.12363864938058, 40.7018420713634], [117.13543041905807, 40.702531132797084], [117.14481905775004, 40.698816258165856], [117.1554034930075, 40.70060102933145], [117.15989558894748, 40.698391821480385], [117.16608440490262, 40.69788044831324], [117.17107551170953, 40.7012736692661], [117.17606586050881, 40.700663931012066], [117.18375023090597, 40.69494552927702], [117.18744325629903, 40.69563916365947], [117.19003882860454, 40.699136855915356], [117.19243413632972, 40.697431320276934], [117.20051977194684, 40.69781746299153], [117.20341464479063, 40.69581124468701], [117.21359935733027, 40.69649613547854], [117.21659504404296, 40.69369005432844], [117.22378685167176, 40.69348101938822], [117.2251851511079, 40.690977725147256], [117.23937516407445, 40.685261619542494], [117.24177393512878, 40.6811574349434], [117.24767302921386, 40.67825298658538], [117.26788455370858, 40.68265745966946], [117.27429147838959, 40.678158020662494], [117.27969840458385, 40.67165781504593], [117.28450615966766, 40.66986117239398], [117.28510669907583, 40.66595917760811], [117.29272095464101, 40.662365647834584], [117.32450061226116, 40.659315404394675], [117.34335494051646, 40.66485493921046], [117.34335544979028, 40.66855741924636], [117.3493730176508, 40.67517307501946], [117.36651654197016, 40.67550237463068], [117.37824185821928, 40.68162262122338], [117.38555407697376, 40.68052978100735], [117.39376563901286, 40.685840048898285], [117.40407408984169, 40.685444338426855], [117.41597678350934, 40.68894639315631], [117.4331645954106, 40.68693330589739], [117.43945527625259, 40.683223182519214], [117.44404767575028, 40.68521795651584], [117.44893700923843, 40.67820516337368], [117.46050921581377, 40.67928330872211], [117.46060879378157, 40.67818234176368], [117.46479707837467, 40.6782730424375], [117.47406800371739, 40.67474800576584], [117.48921585964256, 40.68051044724395], [117.50555267401232, 40.67385757334444], [117.5210910427993, 40.66190329989354], [117.51969564466674, 40.656703932878585], [117.50933533324515, 40.65453330793319], [117.51162555181897, 40.64802218413366], [117.50853726090173, 40.645930084956376], [117.50694232597303, 40.637629530391486], [117.49737926085494, 40.63765816740988], [117.4927962645894, 40.63496996296684], [117.49120242141349, 40.63637550429552], [117.48462653935903, 40.63679455969181], [117.48223566542843, 40.64140416304859], [117.48233591920369, 40.64580672932514], [117.47914704760753, 40.64611562651477], [117.47446352814138, 40.65173164301349], [117.47067546340696, 40.65024025725642], [117.46838278198132, 40.65194698323325], [117.47057624502476, 40.6536427306336], [117.46868224280595, 40.65464803127848], [117.45561820667058, 40.65307591411796], [117.46319783236696, 40.6507583085186], [117.458210974414, 40.648167431276924], [117.46070380030626, 40.644059469596094], [117.45830985706382, 40.64196321027616], [117.45930682993114, 40.63895918472491], [117.45820898016645, 40.63375817535234], [117.45431841904671, 40.63186480187487], [117.45491662909535, 40.62936205485313], [117.43814948940137, 40.6271880445817], [117.43705162383542, 40.630891758594906], [117.4389488368824, 40.63128958679809], [117.43515467258564, 40.63389592672644], [117.43495573022432, 40.63959979341908], [117.43046119616001, 40.64060513653363], [117.4266644420162, 40.638406995628316], [117.42706309282606, 40.63110204010901], [117.43145793215301, 40.624894221108185], [117.42596225891155, 40.61869513737857], [117.41946435921875, 40.60669169033656], [117.42136293865887, 40.60248822431223], [117.42855676587227, 40.59517884822055], [117.42735739887885, 40.59197796411013], [117.42995370416227, 40.582970479562654], [117.43654539193756, 40.580862217075236], [117.43674466474086, 40.577660142973855], [117.42825365450976, 40.57076504032581], [117.4219584596005, 40.57247044334897], [117.41995926753847, 40.57147091792083], [117.41836016965178, 40.57377291596206], [117.41036105580915, 40.57587588930315], [117.40735959860399, 40.57087300221648], [117.40025544255997, 40.568970242279946], [117.3965514929234, 40.563265351141965], [117.39424902720148, 40.562363505262276], [117.38443637620811, 40.56525708799732], [117.38213319812796, 40.56935698843256], [117.37932838081062, 40.5698541235855], [117.37862738165157, 40.571854421346714], [117.37612262601806, 40.57165123247297], [117.37612290262152, 40.57365236070745], [117.37381844900516, 40.57454987242168], [117.37261639165261, 40.577549951904764], [117.3596870170688, 40.58033176219121], [117.35688036800887, 40.5837289472878], [117.35527603592797, 40.5824254100626], [117.34966118408177, 40.583215812593444], [117.34123709582205, 40.57799709819458], [117.33652360349119, 40.577087596072495], [117.33160994463864, 40.57967967742316], [117.32549236593863, 40.578167206278316], [117.32448975796979, 40.57976623794255], [117.31837270823439, 40.57945477852617], [117.30613904717126, 40.56822741733472], [117.3040339822059, 40.56912458069992], [117.29290845289806, 40.56680739278202], [117.28579388962909, 40.561696179593554], [117.27998420942812, 40.56289116633294], [117.27627856119568, 40.56198763932964], [117.26636580254088, 40.554377767450404], [117.25595783095706, 40.54957308920729], [117.2572576562754, 40.54356993048899], [117.25385591367024, 40.54156891174735], [117.2584575193623, 40.53766692192509], [117.26155841907783, 40.52936312196213], [117.2705654346666, 40.51866117944049], [117.26936351011068, 40.51435841278321], [117.26205703135437, 40.51625663829976], [117.25355200555882, 40.51315447630284], [117.25085172838004, 40.516556526766884], [117.24595149540696, 40.51805864687484], [117.23665302883063, 40.512460918391405], [117.225461312772, 40.5157725981008], [117.21996672415223, 40.513577903776856], [117.21896729203766, 40.50917700721852], [117.22096489199225, 40.50827408505486], [117.21487142253696, 40.501878925147345], [117.21517060052994, 40.49867699050363], [117.21856600930202, 40.49607124970762], [117.22396015586399, 40.496364886025454], [117.2348499654134, 40.482848269104686], [117.23215089553607, 40.477748176638706], [117.23464892414621, 40.47424456650282], [117.23764713555964, 40.471641241070465], [117.24364531919443, 40.4704373190937], [117.2427449670744, 40.46673613143182], [117.23964545107498, 40.46453687322723], [117.24204400856746, 40.45853296754281], [117.24974353461182, 40.45672933039563], [117.2533439699198, 40.453527403892394], [117.25864615316495, 40.451826728447415], [117.25904578924936, 40.44732491759523], [117.27055528450282, 40.44282696948686], [117.26755185803145, 40.441424917006685], [117.25674214265219, 40.429417601155336], [117.25314052905135, 40.4282172581987], [117.2503392847621, 40.42411611863904], [117.24783899386739, 40.4242167931498], [117.24593857560016, 40.42131633260499], [117.24053904100386, 40.418517825754556], [117.24403700899724, 40.4085123720299], [117.24273644273475, 40.4028109339766], [117.24663568892012, 40.399708207387405], [117.24713516448024, 40.39570664293341], [117.24333535816778, 40.395408051424916], [117.24223499315751, 40.391207144850945], [117.23423751273353, 40.387010933638095], [117.23333713244658, 40.38020940175824], [117.23033870819238, 40.37701097676913], [117.23053796384339, 40.37250934567341], [117.2326362474148, 40.3703067960486], [117.24333223035941, 40.37190024497931], [117.24923205511233, 40.37109787275127], [117.25013173806197, 40.36769659177936], [117.25423254128991, 40.365395309108514], [117.25633270543948, 40.35999360561055], [117.26063503111992, 40.35889370492411], [117.26003430002967, 40.356392848359235], [117.26343500478137, 40.34298968966723], [117.26773859490437, 40.34039053561484], [117.26633680484737, 40.33728907635012], [117.27404547380941, 40.33699313195493], [117.2813557943388, 40.33389814821632], [117.27774925017076, 40.32669307405427], [117.27925114960972, 40.323993607559636], [117.27864956862331, 40.31899179480883], [117.2811530449775, 40.31569315026665], [117.28085177547977, 40.30979139284761], [117.29407561036727, 40.30320459513573], [117.29968734794565, 40.29821121360085], [117.30119003877742, 40.292212046308585], [117.29898403213967, 40.285407262538946], [117.30118884965431, 40.28331004626762], [117.30178977104278, 40.27961014495774], [117.3205384937956, 40.281342297886276], [117.32344683586517, 40.283348121864115], [117.3233469728002, 40.28644862221818], [117.32996552075535, 40.28576096178908], [117.33859066331345, 40.290778576983755], [117.34270061680853, 40.27888375163754], [117.34420288866923, 40.26468362661472], [117.3488146507392, 40.2578908566653], [117.34650695269444, 40.24758463799087], [117.35011633636609, 40.24429068149126], [117.35212062049797, 40.23629288516038], [117.35643165746956, 40.234600198655855], [117.35823574753174, 40.23090266117015], [117.36264662888475, 40.2310099887624], [117.36695710726866, 40.234017246340535], [117.37647719329452, 40.23493062806127], [117.39300176830159, 40.228545698495985], [117.3967057354518, 40.22944809147145], [117.39990809238977, 40.226749134357824], [117.40040797500309, 40.22314873859805], [117.39870649396659, 40.22204785409004], [117.38418862334241, 40.21993685839364], [117.38569055156748, 40.21713788161277], [117.38528918242923, 40.211536630477234], [117.38779283957643, 40.2115389329763], [117.3875922990953, 40.209638468790246], [117.38939458222968, 40.208339803014134], [117.39379999829585, 40.20904313212792], [117.40000524446181, 40.20534582604722], [117.38939388660202, 40.203239049643585], [117.38899373573206, 40.206039131012474], [117.38659001764539, 40.20343664784729], [117.38628915478589, 40.2003359225145], [117.38829144792646, 40.19623712989032], [117.39229650978562, 40.19594021713006], [117.39009334038958, 40.19253810069706], [117.39079377833372, 40.189238196967096], [117.39519884507241, 40.18974124999452], [117.39549939418056, 40.19154166963624], [117.3975013756556, 40.19214283151943], [117.39980304400864, 40.19034362756033], [117.40440652956812, 40.19434559423769], [117.41440795363991, 40.18894479231967], [117.41140733763338, 40.18464470478925], [117.40790668426874, 40.185044816434115], [117.39810018409086, 40.17954146457608], [117.40040178949376, 40.177842233832834], [117.39990121048426, 40.17634185107219], [117.38708732168178, 40.17833369699967], [117.3883885333224, 40.173834278591386], [117.38298100533241, 40.17812967739607], [117.37867354925032, 40.177924845849404], [117.37516666764031, 40.17612027235948], [117.3744649946546, 40.174019098764866], [117.37306235117595, 40.17541739988631], [117.37326252982722, 40.173717461381415], [117.37085758342364, 40.174214199243224], [117.37296220016451, 40.17581731362127], [117.37085812631237, 40.178214696629304], [117.3680516836024, 40.1758103233548], [117.36955471034217, 40.17371227214804], [117.36855243000076, 40.1731107334287], [117.365445653699, 40.17500626501128], [117.35832837514292, 40.17459463523952], [117.35762641288005, 40.17319326767509], [117.35953070887402, 40.16959605784251], [117.36424155992178, 40.16550324397968], [117.3643413621545, 40.16230303280958], [117.3672475270902, 40.158407074583], [117.36403997751846, 40.157301995535995], [117.3570217483634, 40.149989595138926], [117.36193396056761, 40.14999782622873], [117.35712149051682, 40.14618937030842], [117.36353731696144, 40.146400032772334], [117.36303556950547, 40.14229881289139], [117.3611307265879, 40.140495538894285], [117.35912601909506, 40.14229238356605], [117.35391196269907, 40.13698284730932], [117.33726599816532, 40.13495170868228], [117.33746686008865, 40.137152305093316], [117.329845934214, 40.14203821785993], [117.32513236420134, 40.139829073170574], [117.31821335144629, 40.14071637778778], [117.314101978716, 40.13830881019907], [117.31360005178759, 40.133807497285915], [117.3094884797996, 40.12719984528442], [117.3035731704848, 40.12258986704724], [117.30427457493525, 40.12039076962523], [117.29595567187455, 40.12247870337594], [117.28974273352391, 40.121770674468145], [117.28823951993888, 40.1193687049932], [117.28623578029544, 40.11926645792956], [117.28503321079243, 40.116164908541904], [117.28182755250953, 40.11476159576059], [117.28312917070926, 40.110562503775476], [117.28082491336362, 40.10706003353657], [117.27631832581874, 40.108456385478], [117.27321483892652, 40.11345461634126], [117.26680793233791, 40.11545137958554], [117.26190362405238, 40.11454972088487], [117.25970244489886, 40.117049516183826], [117.2556003474545, 40.11774928815222], [117.25179860703828, 40.114449309367984], [117.24599789448166, 40.114050785775284], [117.24239769320252, 40.109551980384786], [117.2354995030307, 40.1049559252603], [117.23469942132078, 40.101156237497065], [117.2308016846642, 40.09985941821649], [117.2308011587042, 40.09585911658066], [117.2175143231831, 40.09777408446546], [117.21751353331062, 40.09177364122152], [117.22060969028999, 40.089969585122894], [117.22020984695249, 40.087769920251844], [117.22180793972649, 40.08656789770812], [117.21821193940886, 40.08607232606815], [117.21032166678384, 40.08058295545332], [117.21002175920337, 40.07798323001731], [117.21461540160341, 40.07807660140874], [117.2144154938782, 40.07677679334518], [117.21161862812345, 40.071580449475704], [117.20682553919184, 40.07028763691528], [117.20572702621988, 40.068589266485084], [117.20402978262909, 40.068992021987654], [117.2050284998146, 40.07139055996082], [117.19814039672343, 40.07450225308415], [117.19524645589696, 40.08170778658926], [117.1968438831694, 40.08370511853775], [117.19195303824219, 40.08631398815664], [117.1879598145808, 40.081420935201265], [117.19285013857974, 40.07681172744167], [117.19035461254173, 40.075916182100684], [117.19005483832429, 40.07341656601487], [117.18666085901697, 40.07082263772452], [117.18676084226838, 40.07212253549964], [117.18206987819254, 40.072931323309334], [117.1819702677802, 40.07443160664959], [117.1629068397708, 40.08006727637707], [117.16669958416345, 40.07716024019821], [117.16280576871317, 40.070666843417065], [117.14573220335369, 40.06549451756456], [117.13504478230348, 40.0670086815281], [117.13244753281677, 40.07021178312067], [117.12575262572, 40.073918446528], [117.12395328755228, 40.07231979815999], [117.12155439291632, 40.07372163761679], [117.11355525525848, 40.07332581565986], [117.11055491214634, 40.07482681460694], [117.11185538210471, 40.07612655431436], [117.10865422939538, 40.07422715078977], [117.11045519253274, 40.07712698800808], [117.10775434031967, 40.077727502498995], [117.10485289244805, 40.077827669420714], [117.10395212750569, 40.076227539715], [117.09214056868532, 40.07652390666523], [117.0917391657446, 40.07002325732715], [117.08973634015248, 40.070021982939906], [117.08943544314718, 40.066621565404795], [117.08753249324275, 40.066520156138466], [117.08763314568618, 40.07022046354441], [117.07611077335636, 40.069008510858666], [117.07711255635263, 40.0656095654459], [117.06869174358049, 40.06329748125231], [117.06768880592013, 40.06149575482073], [117.06177188910272, 40.062085421184655], [117.06177169083534, 40.06058533218546], [117.05846143969148, 40.06077895512415], [117.06006564462238, 40.05438173302765], [117.0575576074452, 40.05367673142348], [117.05785841844978, 40.05247727137893], [117.0498311480426, 40.05245998179165], [117.04501323631668, 40.05074849968661], [117.03959136225721, 40.04373449918762], [117.03336562007608, 40.04011774568014], [117.03487121527141, 40.035321587989564], [117.03025191196531, 40.03510888442742], [117.0312556690972, 40.03141149485956], [117.0281423816818, 40.03090273848907], [117.02723886421197, 40.03370031089214], [117.02392423547683, 40.03179068679551], [117.02091102096571, 40.03208190233397], [117.02050951477487, 40.03418082604601], [117.01739561452781, 40.03387159150738], [117.01759633140048, 40.03247211879865], [117.0069481032862, 40.03114002209827], [117.00644611999385, 40.033438616949155], [116.99238361253381, 40.039996749298204], [116.98444890545815, 40.039573751326756], [116.97731866338663, 40.037153902259064], [116.97490920987991, 40.03984762253931], [116.97671669236841, 40.04105248740699], [116.97601424798219, 40.04435078591697], [116.97852470545159, 40.04565761004498], [116.97701849465398, 40.045553534884576], [116.9754124907402, 40.04974948063493], [116.97099484277636, 40.04893798478574], [116.97039288128673, 40.05193662943409], [116.96798372478234, 40.05253067605541], [116.95132520768946, 40.04249376363125], [116.95102519401746, 40.04969358630194], [116.95052313618514, 40.04539241385295], [116.94921978686158, 40.049690256021776], [116.9448069475437, 40.04708251058071], [116.94360382500018, 40.04798062194803], [116.94470696295402, 40.04938247295197], [116.94220044897713, 40.05037856855876], [116.9449076338089, 40.05038285619383], [116.94480756106637, 40.05198278133738], [116.93768969833762, 40.05307225125647], [116.93638711768503, 40.056370731510846], [116.93408200717006, 40.055967866213], [116.9348832711566, 40.05226861854325], [116.93257863271975, 40.05406602854481], [116.93017319734365, 40.04856316102057], [116.9239621355487, 40.04575758193543], [116.92015767066708, 40.05365554629386], [116.91405073010709, 40.05385294741483], [116.90754503365416, 40.04845169258994], [116.8983419144105, 40.04745342550762], [116.89784166222839, 40.04565352712481], [116.8962418348249, 40.04705430949703], [116.88664464250685, 40.04726068128134], [116.88104784409114, 40.043265752584155], [116.87665159326501, 40.04217059099024], [116.87375469227285, 40.04297419263891], [116.86686403645768, 40.05048403041172], [116.86207091746766, 40.05119133938334], [116.86376865481901, 40.052988804820664], [116.85618077238071, 40.05610122181166], [116.85548153956832, 40.0530022277576], [116.83751392751705, 40.052334646092774], [116.83771321009769, 40.04963412207276], [116.82873008682056, 40.04765085215134], [116.82922829846507, 40.04094956228995], [116.82633376765557, 40.040854944954745], [116.82782982244538, 40.03195170853061], [116.82603315292954, 40.031455020057365], [116.8260329021782, 40.029454921130075], [116.82124185582717, 40.02976372087206], [116.82134196118756, 40.03206365392811], [116.81774865284113, 40.033470170926996], [116.81685008905784, 40.03217169351067], [116.809462831465, 40.033384355831366], [116.80636732616469, 40.02998918354563], [116.79568274674436, 40.03370499538491], [116.79628225426067, 40.03570429470273], [116.79238693626306, 40.036209356820166], [116.78759184078706, 40.03601494895654], [116.7839946629749, 40.03371857291773], [116.7835943075389, 40.028418700392066], [116.78149573146435, 40.027520619245486], [116.78169501238484, 40.022920217422396], [116.77659673412303, 40.0128239346203], [116.78189250065711, 40.00411917958874], [116.78149150594113, 39.99401910851571], [116.77289449621645, 39.983525149731705], [116.77249387318633, 39.97762514737507], [116.76419365511117, 39.96932843804301], [116.76339273240606, 39.96272838906704], [116.76559254565888, 39.95982762611035], [116.76679271007653, 39.961127248575245], [116.77089172512521, 39.95732522976672], [116.77618975025176, 39.9559218585639], [116.77928814311046, 39.95611946990168], [116.77948877864674, 39.96211954278586], [116.78188656774694, 39.957017243656345], [116.7843846015311, 39.95641483405785], [116.783984581652, 39.953715121934735], [116.78897942182054, 39.94810959471025], [116.79137627486679, 39.942806566051395], [116.79047712979893, 39.94200760995193], [116.79327369631388, 39.939104068856174], [116.78937765352354, 39.937208699109355], [116.78827551961413, 39.91160887604653], [116.79077061440873, 39.89260513202895], [116.79316740005795, 39.888001970693345], [116.80145602844127, 39.88209030874464], [116.81014234529417, 39.87907651503437], [116.81034289207743, 39.88607653072353], [116.81423632992566, 39.88606993720695], [116.81433674470178, 39.89076999103907], [116.81832972630312, 39.890862990709145], [116.81912724177091, 39.88246115726801], [116.8218223305894, 39.88245629327037], [116.82301979586055, 39.87985397856172], [116.83110457210933, 39.879838972583], [116.84288054305895, 39.865816216542214], [116.84537607551592, 39.86691168995732], [116.85316138542322, 39.85969739560256], [116.85845274010937, 39.86018847592696], [116.86314434642998, 39.849980389699894], [116.87143315542836, 39.84796827825331], [116.87203208683546, 39.84496729807403], [116.87782580441676, 39.842960014253215], [116.87962443211413, 39.8447581158668], [116.88452062853126, 39.84325309855758], [116.88422118819575, 39.84625356142002], [116.88951849379916, 39.846549153830665], [116.90051596923216, 39.83524271035634], [116.90611758608007, 39.832641541598505], [116.91102061572055, 39.831641716902254], [116.91332283236943, 39.833742336088626], [116.9081201470357, 39.84434226456198], [116.90872114371547, 39.849342594966245], [116.91432576364556, 39.84984363126202], [116.91632805654736, 39.85164443661883], [116.92333669955768, 39.84794807522665], [116.9318501918687, 39.83645499954474], [116.93485466131199, 39.82195747606721], [116.934953803689, 39.813256960573604], [116.9483868749244, 39.80457650493605], [116.9487878059589, 39.8026770693069], [116.94076600887674, 39.80216392277365], [116.94206860230975, 39.79646540432982], [116.94427410830848, 39.79416867169777], [116.95661090407444, 39.79269143233425], [116.95962053623714, 39.78869751922013], [116.95982103925016, 39.78719782657914], [116.95400169235455, 39.786485571962565], [116.95570633044669, 39.77968840103785], [116.95309786526116, 39.77858306626217], [116.95179381135596, 39.778480535130086], [116.95189434256399, 39.78028089476688], [116.94858435815443, 39.7795747059903], [116.94527537757247, 39.78246927838541], [116.92763553904203, 39.78164655675123], [116.92242662010376, 39.77694203406684], [116.92683273691478, 39.770144753531056], [116.91992189698047, 39.766539487055084], [116.92132346072056, 39.76394004504293], [116.91942074842389, 39.76243879598218], [116.91651740956816, 39.76333753141433], [116.9142155647783, 39.76773717003189], [116.90771010676386, 39.76463584712532], [116.90830992112494, 39.760135396701045], [116.90540829052469, 39.75973542758903], [116.90740890055807, 39.75623496638755], [116.91321331043332, 39.75703578570327], [116.9135130586838, 39.752735399045875], [116.91781713853085, 39.74903655764443], [116.919118477053, 39.74703697004873], [116.91781675794493, 39.745936207304936], [116.92041964463473, 39.742837202071506], [116.91661490516285, 39.74203523630083], [116.91701498564105, 39.739035049818995], [116.91861688623737, 39.739135799740126], [116.91881683827744, 39.736735613430156], [116.92232155882563, 39.736937685390735], [116.9226214422431, 39.73243733900597], [116.9082062167359, 39.7304319907556], [116.90850619761217, 39.728731789951695], [116.90570461932327, 39.728631817302684], [116.90550434075607, 39.72713164354524], [116.8934026350443, 39.726535669125234], [116.8887032262089, 39.71953794477877], [116.89050224649033, 39.71713630482357], [116.89270166561572, 39.71743490023624], [116.89230060916626, 39.70803385691308], [116.89409973717878, 39.70383218845184], [116.89249992493757, 39.70283298849592], [116.89639930485802, 39.7020307484869], [116.89939881488355, 39.696828766416814], [116.8981985883037, 39.69592907300449], [116.89929848421914, 39.69422840943736], [116.89369834686669, 39.69193064500412], [116.89579770687696, 39.68872903125862], [116.89839800312006, 39.69102824960152], [116.91060302556578, 39.690826687281394], [116.91490598371479, 39.683926614598356], [116.91110242164186, 39.68272548678149], [116.91260314346498, 39.678425080457394], [116.90319718484558, 39.676224516891864], [116.9036972268252, 39.675124247707586], [116.90159650605747, 39.67452458041729], [116.90109657120448, 39.67602496129768], [116.89699600678311, 39.67512627662319], [116.89489630632104, 39.67662754363303], [116.88909778791906, 39.67643122684819], [116.87910371538399, 39.67243988124396], [116.8818012644693, 39.67023664663082], [116.88060209710471, 39.66943775096895], [116.87710548421133, 39.6720420858632], [116.86991327475167, 39.67145116844709], [116.86651726612756, 39.66835547366973], [116.85583334570404, 39.668672472783264], [116.85712935959562, 39.65336755805956], [116.84724592407997, 39.650384246912296], [116.84504968827765, 39.64858790476284], [116.8467461981249, 39.64528418222381], [116.84385140807044, 39.64468935817404], [116.8408571652655, 39.64629520730503], [116.8395594628155, 39.64519741393825], [116.84055730775516, 39.64289510884276], [116.83287139658009, 39.63930880189529], [116.83516670560684, 39.63660395435879], [116.83237171665401, 39.63420872007956], [116.84434786329919, 39.6232841131227], [116.84005574931778, 39.62259191090447], [116.84135276973066, 39.61808853132561], [116.83775951799986, 39.61809523583434], [116.83097200610925, 39.61500729698271], [116.82997430307495, 39.61830988526417], [116.82548297893406, 39.620118634327795], [116.81570016891128, 39.61563530513837], [116.80701443602432, 39.6145496295366], [116.80811257109742, 39.6134476197582], [116.7960295390802, 39.61166519969086], [116.79882492006153, 39.603359469189925], [116.79542929783004, 39.603764212541165], [116.79672687104409, 39.597160932908515], [116.79153298936504, 39.597367675415455], [116.7911330845095, 39.594667519200215], [116.78423952421981, 39.59457508120943], [116.78094265855096, 39.60037954404256], [116.78024388096053, 39.60658158060488], [116.77644601727532, 39.606884672483226], [116.77624634588445, 39.608785247173266], [116.76384966380871, 39.61759339722189], [116.75474713631912, 39.621095066314346], [116.75334613073363, 39.619494585508114], [116.7499438674208, 39.62019409311339], [116.7500436717338, 39.61799364390934], [116.74393793864127, 39.6165911216846], [116.74363785554908, 39.61849138927717], [116.73943295065686, 39.61838899615732], [116.73883243366204, 39.62038903595831], [116.73652934113015, 39.620287397577], [116.73622939219577, 39.62408798146625], [116.73152246347391, 39.6252843079357], [116.72781618636844, 39.62488061076585], [116.72791612733347, 39.62298031303258], [116.72220546222941, 39.62277386966335], [116.71609231367954, 39.61926520715448], [116.71198317655734, 39.62015951879237], [116.71128185323325, 39.62265900633741], [116.70657047995887, 39.62215158417858], [116.70817356331001, 39.61535266211089], [116.70987758929526, 39.61485519570186], [116.71027820732469, 39.612155212303634], [116.70857406533968, 39.61155245119125], [116.7194980105962, 39.606666961031216], [116.71999872232364, 39.604067008333736], [116.72400670001299, 39.60447196229116], [116.72430699919195, 39.6022718015509], [116.72711209350447, 39.60177477483979], [116.72450727893515, 39.601471845109], [116.72861457962034, 39.600576049052314], [116.73071759476777, 39.596377114567], [116.73061777633846, 39.59917767899152], [116.73211987321727, 39.5965784479787], [116.7323204848447, 39.59897919101831], [116.73312113586248, 39.59417875613167], [116.73071724910652, 39.593576448417956], [116.7295155855215, 39.59627593665366], [116.7299158874895, 39.593275612386805], [116.71759185464865, 39.58916034761969], [116.70867167880311, 39.59014763441431], [116.70506361653197, 39.59664342501719], [116.70235674847996, 39.596538905873246], [116.69955021506418, 39.6026355284329], [116.69483728891868, 39.599626492353416], [116.69463690521961, 39.60092643332381], [116.69062603193183, 39.60171928356945], [116.68872048449587, 39.599515229448514], [116.68831964918158, 39.6018150143379], [116.6861133526279, 39.60071061299775], [116.68611354771151, 39.60231098372268], [116.67097141215879, 39.60648307784841], [116.66355074468734, 39.60446875115182], [116.66355043007952, 39.60186815287442], [116.66024143226656, 39.600661866879975], [116.65613076408638, 39.600954683099836], [116.65542944423656, 39.60485436979198], [116.65532871872142, 39.60095329908457], [116.65232109264903, 39.600148025249645], [116.6513189967337, 39.603147062033266], [116.6488129279921, 39.60274291616755], [116.64811163657922, 39.605742492635436], [116.64420255600824, 39.604436216845635], [116.64420273645557, 39.605936559129624], [116.64139663489489, 39.60583247863087], [116.64119562174568, 39.600931070446656], [116.63398134552476, 39.60062161975777], [116.62626881013293, 39.60271389555343], [116.62596899031799, 39.60791480298999], [116.62266445735573, 39.608312047989976], [116.62246501134322, 39.615113398969065], [116.61896074907165, 39.61481078996931], [116.61755984667114, 39.619911012410064], [116.61355619579098, 39.62070909088547], [116.61365687720622, 39.625710193333035], [116.6079530028546, 39.6255082879351], [116.60795278755987, 39.62370790932334], [116.6051515577143, 39.62360747927699], [116.60585147316459, 39.620706933317614], [116.60105004366017, 39.61900651558063], [116.59935000465693, 39.61960686947659], [116.5984503737864, 39.62260768102611], [116.59865010430477, 39.6204071709907], [116.59775037926109, 39.62230777535122], [116.59525053753228, 39.62040811343941], [116.59435107830166, 39.62300900335593], [116.58865379086215, 39.62411221195519], [116.5913523976602, 39.624710746043284], [116.58495655410826, 39.62451501092868], [116.58515593188721, 39.62071404238174], [116.57167253471947, 39.62082899723916], [116.57177192982503, 39.61712806046716], [116.57366892011854, 39.616725400433566], [116.57536597751123, 39.61282237402168], [116.57187116985605, 39.612126824172584], [116.57366803395337, 39.609323765917715], [116.57207046634433, 39.60892583276955], [116.57276905202492, 39.60632428858813], [116.56777728033893, 39.60423109716435], [116.56797674677506, 39.60283046416825], [116.56288671297405, 39.602538843841444], [116.56338545520238, 39.600737553026285], [116.55929435634258, 39.60054496174814], [116.5596932676581, 39.59904385633908], [116.55161291192468, 39.59675975688802], [116.54961872331774, 39.600264988464225], [116.5513141662696, 39.60056130007424], [116.55101516002996, 39.60216232699285], [116.54872171239239, 39.60446798559855], [116.5492201357102, 39.60286648843879], [116.54672711425762, 39.60247212532594], [116.54832209256219, 39.598367482331675], [116.54702577505478, 39.59847049736956], [116.54762360231248, 39.59456818877831], [116.54174112698462, 39.59578258748423], [116.54174133218064, 39.59748298887728], [116.53675712727696, 39.59779578191508], [116.53645835428789, 39.59989705700636], [116.53356793360099, 39.6001047876604], [116.53386670292988, 39.59820353969119], [116.530278811412, 39.59761317153559], [116.5308764284119, 39.5949108856201], [116.52808601848545, 39.594218466339655], [116.5288828573922, 39.59111549412434], [116.52718881886429, 39.59132029202937], [116.52908170294802, 39.58731401497591], [116.52858306315237, 39.58421464089792], [116.52559343838182, 39.58282272432023], [116.526290412815, 39.578319612349624], [116.5319706875952, 39.57840383281388], [116.53316611286299, 39.573999463318266], [116.52628976985291, 39.57301825551715], [116.52688741130288, 39.571016044947235], [116.52419693656752, 39.57052357259012], [116.52529265973826, 39.567619677822265], [116.51752086737635, 39.56664198881283], [116.51652396283845, 39.56164359782849], [116.51403325299054, 39.561450941944216], [116.51443063711375, 39.55224723262944], [116.49958671363446, 39.5507913294718], [116.49938760372966, 39.551892232629314], [116.49590071655531, 39.551402475297365], [116.49550262116293, 39.554704573037604], [116.48812982852316, 39.5532256942092], [116.4878311066921, 39.55472696808395], [116.47946093087783, 39.55435027084835], [116.47696968135729, 39.55585738294125], [116.4790618797284, 39.55085037753715], [116.48215087013753, 39.549241464008205], [116.48085513648049, 39.54684435862504], [116.48384423988294, 39.54433535051492], [116.48493980211663, 39.54023108473115], [116.48214969736009, 39.53973874438619], [116.48354427163603, 39.535933747133946], [116.47915986620369, 39.5373462376409], [116.47507357302294, 39.53565661956836], [116.47407654692381, 39.53285838351684], [116.47068760041945, 39.5328670096609], [116.47068710474265, 39.52886581104028], [116.4660016347578, 39.52807696611249], [116.46570272737198, 39.529578123911804], [116.45991960652742, 39.52999131878071], [116.45981961104044, 39.52779087095124], [116.44365862510024, 39.5278209694773], [116.44705067628642, 39.52131350572974], [116.44535425585408, 39.52081614756854], [116.44655130091654, 39.51761318995017], [116.44884618876834, 39.517509237074506], [116.4499428724135, 39.51120529724445], [116.43916476590694, 39.50872152080545], [116.4378674165512, 39.51182423466634], [116.43077805751724, 39.511032090358796], [116.42928079668458, 39.517635605353945], [116.43127845541729, 39.5195342694846], [116.4300800671646, 39.51983554097135], [116.43028033607332, 39.524036644622406], [116.427683800899, 39.5264397333751], [116.4173925454026, 39.5260459641879], [116.41179497922079, 39.52734781208497], [116.41309468394415, 39.52794778133921], [116.41169527966986, 39.52954848982261], [116.4078957409243, 39.529048514567286], [116.40899400401418, 39.515744432646365], [116.41359268635247, 39.51334315735783], [116.41479172580254, 39.50934159189393], [116.4199887987393, 39.50933958989376], [116.42098778535437, 39.507138357012224], [116.42488444273698, 39.507736074734495], [116.42907857761423, 39.49792943611986], [116.42408391223661, 39.497333231043456], [116.42198478820342, 39.489531948044025], [116.41978647342198, 39.48963317566132], [116.42018596442031, 39.48783236057971], [116.41778735634949, 39.486432977274845], [116.41858649478203, 39.483431605457405], [116.4273790363994, 39.4856267592429], [116.43347156159473, 39.48912203757797], [116.43616659152549, 39.48261665652256], [116.43147357153286, 39.482621924002146], [116.43177285005156, 39.48012074544586], [116.43347043744618, 39.48011892957862], [116.43446861931555, 39.47751688934714], [116.43976004620717, 39.47951089192492], [116.44245556101018, 39.484208653882746], [116.45023872235423, 39.483495540121766], [116.44993888738826, 39.47919458114802], [116.45313137126153, 39.48058913499338], [116.45492646151779, 39.47758457418064], [116.45472558142194, 39.46638096284182], [116.46011020849318, 39.45876698688639], [116.46220443360949, 39.46016288314433], [116.46080772547072, 39.45456389692872], [116.45671883520424, 39.45387232255821], [116.45651885398765, 39.449771183518166], [116.44334918920016, 39.44729386769247], [116.44055417208743, 39.44409675779257], [116.43176886809395, 39.448209087871184], [116.41518433578015, 39.451621322023904], [116.4059859913021, 39.45142200080344], [116.3995847681532, 39.454021335585516], [116.39398138925652, 39.451817670209415], [116.3739585134494, 39.452898388219985], [116.36915080053778, 39.45439230924142], [116.36915112407614, 39.45699328079868], [116.35722851622404, 39.45677429445067], [116.35632634231098, 39.45417177403309], [116.35161651874517, 39.45496377445563], [116.35061461856442, 39.457062751135766], [116.34359913035702, 39.457049783799164], [116.33457926878786, 39.4617343565573], [116.33167297355784, 39.464229708633226], [116.3311722323025, 39.46742991419431], [116.3266622850341, 39.46912194313341], [116.32596139661658, 39.47462258400141], [116.32024925867454, 39.477913087744234], [116.3187465122421, 39.48181169830653], [116.31303515003451, 39.48610298371282], [116.31353642500855, 39.488204579357394], [116.31153270953223, 39.490801983834515], [116.28919605835577, 39.49507038079621], [116.28849481969846, 39.49216857879722], [116.2859918375981, 39.49226578097894], [116.28158770874902, 39.4963626529804], [116.27528261139248, 39.49665742762601], [116.26387869381236, 39.50165302987113], [116.26077960306083, 39.510154970196815], [116.25378159756892, 39.51435580341766], [116.25058361930401, 39.51865754075318], [116.25278284051585, 39.521158007018805], [116.2501843432177, 39.522758885048816], [116.24948507054228, 39.52535982806424], [116.25248362146252, 39.52645966191518], [116.2542834986086, 39.53146103099766], [116.25158463570138, 39.53126122294886], [116.25238473000569, 39.53516227816001], [116.25078553884543, 39.53526253854507], [116.25248539337395, 39.540963962303444], [116.24958805432286, 39.55026709055026], [116.25168707999632, 39.55166710381656], [116.24848921926477, 39.554168440959856], [116.25218765928413, 39.55836888573722], [116.24898955979047, 39.559569794399536], [116.24659190747533, 39.56527201446659], [116.24069714298338, 39.56507456353862], [116.24249590975234, 39.56957482134068], [116.23540348882061, 39.56667839973842], [116.23280716712298, 39.5681808288714], [116.22721717909015, 39.580089041735725], [116.21414204351602, 39.57890455135651], [116.21224687042007, 39.58440861094849], [116.20925373406682, 39.58501317494809], [116.21005251252, 39.590013199445764], [116.2081569223148, 39.590116092570355], [116.20755802480438, 39.587616407091986], [116.20755833331701, 39.59011701516794], [116.20646063848099, 39.58761811854975], [116.20666048164279, 39.59021843774976], [116.20576230711427, 39.58751919638745], [116.20496460281146, 39.59042117343911], [116.20456518287392, 39.5872210357303], [116.20247038334577, 39.587324474716915], [116.20296949624768, 39.59022435985079], [116.2000768285029, 39.59042922894045], [116.20007658117366, 39.58842874353779], [116.19668541258864, 39.588634620337444], [116.19688513554433, 39.59063475771372], [116.18681259610423, 39.59185319444313], [116.18252451427638, 39.591261033356325], [116.18252400453642, 39.58716003739693], [116.1667679881586, 39.584388766846125], [116.16656867841638, 39.58548940324325], [116.16138281563781, 39.58499861768724], [116.16198142175423, 39.586797999148025], [116.16028605678633, 39.58730111674224], [116.15799183805899, 39.58470446471284], [116.15719314962368, 39.578404256469206], [116.1557967943287, 39.57840662518125], [116.15579629317988, 39.57440560473006], [116.15290355525718, 39.57321009194724], [116.15320322377595, 39.576610475315796], [116.15200625424917, 39.576712445769424], [116.14921255039171, 39.57191563507527], [116.14562119819067, 39.57272127272823], [116.14462318900253, 39.57022207630814], [116.136640259776, 39.56903242215413], [116.13654068690363, 39.570833014141606], [116.12775688032727, 39.571942741039166], [116.12775742262855, 39.57624384757149], [116.12306451584944, 39.57554761255151], [116.11976847598409, 39.57194896038294], [116.11227651885761, 39.572352632305126], [116.11207739959676, 39.57795413127137], [116.10768110280834, 39.5814559854532], [116.10828021430409, 39.57745489265787], [116.10588177796083, 39.57865543982022], [116.10538176648593, 39.576554925717225], [116.04150106196577, 39.573068319477386], [116.03889377652492, 39.57366178166046], [116.03909462602516, 39.57586286718098], [116.03097052041178, 39.576841254509844], [116.03237631510376, 39.58864807572417], [116.02655792297286, 39.58723139776851], [116.02154191511868, 39.58941739682722], [116.02013726631472, 39.5893132412237], [116.01983563507383, 39.584211103154104], [116.01702630636647, 39.584502840355675], [116.01582168060254, 39.579798072369364], [116.0137143990844, 39.57839139959298], [116.00127203844724, 39.57825374740121], [116.00297859388061, 39.58436043124939], [115.99946670052954, 39.58464989913784], [115.99675792538649, 39.58764249796329], [115.99796240084494, 39.59104693342567], [115.99685868165822, 39.591043623075976], [115.99705983747103, 39.59494515675237], [115.98441864022965, 39.59680858293199], [115.98431773480473, 39.592007157100056], [115.9831139492277, 39.59200375378682], [115.98411607217025, 39.583604538904225], [115.98240993242317, 39.57709809990264], [115.98531864713753, 39.57350541067088], [115.98170737336925, 39.57399534381405], [115.98220857410008, 39.571095995852424], [115.98070387774288, 39.57069170161135], [115.98060371674569, 39.57189173549386], [115.97488666632596, 39.57207631564045], [115.97348240444732, 39.57027216479158], [115.97358212999838, 39.56567121705886], [115.96937049731739, 39.56656070151557], [115.96947053825657, 39.56466044821248], [115.96586097071166, 39.56465161462013], [115.96555985541305, 39.56185014717723], [115.96335430876226, 39.562045015584026], [115.96325438837597, 39.5647455051009], [115.96074833558743, 39.56493986205702], [115.9609490791861, 39.567140892503694], [115.95633860629417, 39.56743101086535], [115.95513686001843, 39.574330329021365], [115.94902496587606, 39.57571892842016], [115.9491254759341, 39.57841979569852], [115.94381650025151, 39.578510760789946], [115.94401732114885, 39.582712134889846], [115.94091272912793, 39.58280736615581], [115.94011238733978, 39.58910774147316], [115.93830993435013, 39.588305009502704], [115.93851048977832, 39.59080589007843], [115.93590738568602, 39.590902471319325], [115.93610803532894, 39.594403563170644], [115.93010227505663, 39.594796784476195], [115.92970238371029, 39.59829720721203], [115.91769749407685, 39.60028895347599], [115.91609762233287, 39.60178862736756], [115.91269669664214, 39.590985032347014], [115.91559612654235, 39.58928548419807], [115.91459567846283, 39.58498409323807], [115.92149625867654, 39.584087131271055], [115.91659430280278, 39.57428212619145], [115.91869440313926, 39.57378295200841], [115.91729379709975, 39.56988128356972], [115.91209423761174, 39.56947950424673], [115.91399383007139, 39.569079871372885], [115.9137937133641, 39.56787949943261], [115.90799558300291, 39.568378743998515], [115.90689649146317, 39.57127949982647], [115.90519730708625, 39.56977921163566], [115.90189983186319, 39.57088005189429], [115.89630508430263, 39.56958170225917], [115.89660418479643, 39.56488032476002], [115.89820259090214, 39.565679855941816], [115.89930116932099, 39.56287870321028], [115.89900077052903, 39.55717726796993], [115.89310741665692, 39.55718010083571], [115.89460548363623, 39.55657908361808], [115.89360611968102, 39.55167828944782], [115.88951172654295, 39.55208110109049], [115.88891224698584, 39.54908071154052], [115.87922891694069, 39.54978997210136], [115.8782305342208, 39.54709032868744], [115.87224306916647, 39.547397767519605], [115.87194414202808, 39.55079911863547], [115.8679530947831, 39.54950426510914], [115.8614697780656, 39.55601587574327], [115.85887630860479, 39.55471970103593], [115.85737984160487, 39.55142125926017], [115.85289205135604, 39.552329162077754], [115.85199354388705, 39.54432847613691], [115.8481041853241, 39.54263490906214], [115.83474264242605, 39.542359585055806], [115.83444280260402, 39.53655846269078], [115.83035453374117, 39.53526575942162], [115.82885841488202, 39.53156746232154], [115.82526879549093, 39.531874227637886], [115.82736182802986, 39.52416801875536], [115.82576643138106, 39.52427101231734], [115.83015366461866, 39.52346258849809], [115.83045235513194, 39.51986091912399], [115.82586556777468, 39.519569381260034], [115.8286573841626, 39.518463843677296], [115.82706195375982, 39.51816672462911], [115.82825813246652, 39.51516355629449], [115.8301526098983, 39.51485991864077], [115.82965384693202, 39.51316031600064], [115.83234628670434, 39.51525592782009], [115.83553684133277, 39.51394952045734], [115.83543696020436, 39.51254926506593], [115.83384161635462, 39.512652296022274], [115.83384144491926, 39.51125185143316], [115.83633407945663, 39.51034687916717], [115.83473844107216, 39.50804914073873], [115.8274598711412, 39.51056358684913], [115.8110058443434, 39.512593584859175], [115.81449630570206, 39.510787070916905], [115.81389768702526, 39.508887495950695], [115.81170360764776, 39.50939139324893], [115.81210277207771, 39.51119129421372], [115.79264917804403, 39.51112021287762], [115.78406594653917, 39.51493101114244], [115.78266817604948, 39.51383200801896], [115.77358184253279, 39.51704013763949], [115.77697671390725, 39.51213626640911], [115.77527877907129, 39.51003681251958], [115.77148424005284, 39.516041057012025], [115.7656899859486, 39.51504331208551], [115.7636918802977, 39.51704453611505], [115.76129353254905, 39.51654489798571], [115.76019379966598, 39.51314399293083], [115.75829481375943, 39.512844075144265], [115.75809554937003, 39.517945688107694], [115.75509706357744, 39.51994628786793], [115.75029906672525, 39.52724777842731], [115.74810045837073, 39.53745018107326], [115.74340031834157, 39.540649157894144], [115.74550079210786, 39.5414503633303], [115.74310080883158, 39.54515029736952], [115.74530128967965, 39.54565148068171], [115.74480143976088, 39.54745177011173], [115.73649861534378, 39.548747138804565], [115.73439722368381, 39.54774520382118], [115.73299645481865, 39.54924443964774], [115.73319607309826, 39.54504342496081], [115.72969345793133, 39.54604047723714], [115.72769147885883, 39.54463805042201], [115.72889274414256, 39.54593965308938], [115.72679160832715, 39.55263934743678], [115.72889367897737, 39.55344175635572], [115.7246897399397, 39.55493765662077], [115.72639161071797, 39.55583979809918], [115.72328900096221, 39.56133777216183], [115.72459053012972, 39.562139499521216], [115.72178729308696, 39.5615360177955], [115.71638067016927, 39.564129668997786], [115.71267514777668, 39.56282404200122], [115.7112731874921, 39.56432235540269], [115.70486261723791, 39.56431224818104], [115.69825090867347, 39.56690167064945], [115.70115650753581, 39.568407108979166], [115.7006559476897, 39.57130700564234], [115.70275988350444, 39.572210820290806], [115.70536429254165, 39.57081477891345], [115.70506474221732, 39.57861628516204], [115.70336177653998, 39.57881351471188], [115.70526513879506, 39.57901671422493], [115.70406321586022, 39.580415085393525], [115.70075718768183, 39.57980934850656], [115.70145857186495, 39.580610750487246], [115.69955515788847, 39.58140767084044], [115.70085831605896, 39.58741140298325], [115.69544887944392, 39.594003472785644], [115.69544963674969, 39.60010490612616], [115.69144227303967, 39.60479867924561], [115.67711322888412, 39.611273006013256], [115.67330583778772, 39.61666690919781], [115.67370594313498, 39.61066635677041], [115.67170123483999, 39.606761666141686], [115.6649868717979, 39.60344830973504], [115.6633833249957, 39.601144829300445], [115.65636962592508, 39.602032510815576], [115.65436559317928, 39.59992858620696], [115.64965709154855, 39.59992080262339], [115.64805484392811, 39.604119225425315], [115.64374793516538, 39.60531295866605], [115.64004222722805, 39.604407505595205], [115.64114353628509, 39.601908454192866], [115.63954104126417, 39.60060595217368], [115.64034200178907, 39.599006672493445], [115.63863953464734, 39.5987043039581], [115.63193122669955, 39.60039648636131], [115.62442448885285, 39.60509013569822], [115.61401823649746, 39.60108238504955], [115.60581772075173, 39.601880290064734], [115.60471753688888, 39.59877948490927], [115.598419803436, 39.59757973210898], [115.59492179275914, 39.59498017620202], [115.59262315036625, 39.590580119260316], [115.58593037795836, 39.59048434786753], [115.5779426107892, 39.59259256132098], [115.58013954721856, 39.59739129470116], [115.57355165772302, 39.60029981215942], [115.56926154519171, 39.60810770546674], [115.56138064711705, 39.60972127293547], [115.55799039557795, 39.615128899157945], [115.55210799983927, 39.61984208220309], [115.5401463372591, 39.6142691286357], [115.54004611418273, 39.60966836533047], [115.5371560377701, 39.60737530118956], [115.53675704443583, 39.60397557447608], [115.52450231513369, 39.598308032929886], [115.52440209160079, 39.59340716261905], [115.52051729754967, 39.59311834628177], [115.52171291885736, 39.59581550243722], [115.5183276325739, 39.60622782170542], [115.51862703083242, 39.610927994970744], [115.52061959045638, 39.614622967673164], [115.52958570154087, 39.62149884333391], [115.52659812293385, 39.62960892726962], [115.5280925170761, 39.63060491458753], [115.52649909315423, 39.634310163092174], [115.52859192693226, 39.641105610991836], [115.52211716241825, 39.642324323267246], [115.52211733755031, 39.643724593528425], [115.5177349372422, 39.64553777399948], [115.51594273918032, 39.650544025283935], [115.51295509989382, 39.653253427767794], [115.50329425338072, 39.65378253205686], [115.49990743826353, 39.650091998954714], [115.4905448818679, 39.652620113160275], [115.4848665349139, 39.65153616002797], [115.48426925798837, 39.65523852123073], [115.48895254035736, 39.664226809070506], [115.49781838270296, 39.670301842223715], [115.49293833585592, 39.674817028168185], [115.4944325376191, 39.675612767058915], [115.4941340881267, 39.67851412382176], [115.49612628237661, 39.679308367254656], [115.49523031645505, 39.68301161603114], [115.49961306672391, 39.68509891616811], [115.49971294491668, 39.68729896340196], [115.50280044729276, 39.68688964856614], [115.50439425484673, 39.68888517149132], [115.50329890209773, 39.69058872560956], [115.50608773846247, 39.69158049458372], [115.50379734300623, 39.6941877761525], [115.50549091747237, 39.69758319279923], [115.49941610914699, 39.70280217845787], [115.49642805944255, 39.702711061803704], [115.499715757087, 39.70950223176622], [115.49752535845545, 39.715909639737816], [115.4966305401128, 39.728513933453264], [115.49453922948643, 39.73142048192473], [115.49892276445826, 39.73950844483076], [115.48866381688715, 39.74373907450413], [115.47700720092439, 39.74367139706461], [115.47371844647041, 39.74147973749599], [115.45916564257739, 39.750115060757125], [115.45587473260977, 39.74972182385366], [115.44639852170556, 39.753439560654435], [115.44240768230415, 39.7593464142061], [115.44071184044388, 39.76594953380807], [115.44191021339391, 39.77124834164384], [115.437418761365, 39.773454664873945], [115.43372436555713, 39.77095879632619], [115.4317277726844, 39.775061302594985], [115.43771872659637, 39.77715463368545], [115.44061432660071, 39.78365135093321], [115.44999458228553, 39.78703668076037], [115.45867136031438, 39.78341943578574], [115.46495270627389, 39.78370554239345], [115.48229430874123, 39.79306195756046], [115.48956751896932, 39.79994193095292], [115.49873091196332, 39.797314756042844], [115.51337007603745, 39.78486977351261], [115.52094043288858, 39.790147861582284], [115.54246069294203, 39.793189483644376], [115.54555065949114, 39.795882201490926], [115.5501360570115, 39.796771671990165], [115.55831190990328, 39.79575443951512], [115.56379793406145, 39.79894457731411], [115.56838778678717, 39.804737485195055], [115.57287835954527, 39.80583102257092], [115.57237995057416, 39.81053206808914], [115.5753746295714, 39.81482843493774], [115.57347857707515, 39.81723106856053], [115.56958670488646, 39.81743661104405], [115.5538282230195, 39.82386569236164], [115.55253249385046, 39.827068679603464], [115.54186755200645, 39.83169384383795], [115.53668571557834, 39.83100706763502], [115.53270097923927, 39.8363180679697], [115.52054815418629, 39.83885261941028], [115.51716258921475, 39.84616302650129], [115.52284046606559, 39.84964661371122], [115.52871899451152, 39.86013047453076], [115.52802279643919, 39.86913291222875], [115.53380130438262, 39.87121710417762], [115.53539613500874, 39.87661311169777], [115.5229441028032, 39.88154802894118], [115.51666915899013, 39.88226644527551], [115.51527516339537, 39.88537073286074], [115.51726762162706, 39.88906500037098], [115.52922212365672, 39.900031049005904], [115.5267320954501, 39.90333819566844], [115.51537807397202, 39.9114716061891], [115.51109604013297, 39.916484606372954], [115.50063886402522, 39.919416135636745], [115.499742764168, 39.9216189073925], [115.49366750941705, 39.92503707276359], [115.4870947264601, 39.9370566107215], [115.46995710525906, 39.94180269986883], [115.4587926192269, 39.949528644798335], [115.45350706414024, 39.950139331910584], [115.45061471686356, 39.95304483854228], [115.44452870655783, 39.95395514610424], [115.43584455320851, 39.950867019674654], [115.43274941731045, 39.951770540989216], [115.43274974476478, 39.954270637448566], [115.43025353029644, 39.95707324875016], [115.43345034642012, 39.96667036555772], [115.42995576430943, 39.97117407562844], [115.43245356909141, 39.9801719580475], [115.43415115601725, 39.98087014833033], [115.43505039105989, 39.985669315098384], [115.44333627656404, 39.99275851255815], [115.45042080661503, 39.99594688786908], [115.45680404014371, 39.99433454678494], [115.45471070261883, 40.00203906270167], [115.45570820508063, 40.003337139660935], [115.44962430034563, 40.0079488187851], [115.4486271692634, 40.011850734548425], [115.45860265180215, 40.02213202926389], [115.4609968875849, 40.03102731083309], [115.46618112245561, 40.03191556795197], [115.46717814608135, 40.03351328199867], [115.47485229908649, 40.03319410940782], [115.49019611515513, 40.040652082620916], [115.49537619179807, 40.04493713419413], [115.49467928189554, 40.0473393199379], [115.49637269794754, 40.04873438635087], [115.50732896073882, 40.053701851506176], [115.50772768396307, 40.056400804298775], [115.51171151852495, 40.05678886799177], [115.51659265449854, 40.06377472552276], [115.51599543454583, 40.06667667023484], [115.5212744698364, 40.06806122154336], [115.5335284295181, 40.07722728224898], [115.54409117228724, 40.07890023516034], [115.55047023078899, 40.076985244475125], [115.55834746116987, 40.080268980379266], [115.55894611782325, 40.08266797942224], [115.56163905317317, 40.08366299353725], [115.56203835721891, 40.08636245204549], [115.55984495198582, 40.092766963094114], [115.57002096756877, 40.09925021258106], [115.57251573727174, 40.09944665287276], [115.57391270326204, 40.09754462528484], [115.58169966901062, 40.10203600720641], [115.58459490982658, 40.09743301646074], [115.58799046596603, 40.096230305463365], [115.59678258307362, 40.09742602077295], [115.59848326685875, 40.11122664524146], [115.600482103517, 40.110026191464186], [115.6005828835936, 40.11662672078982], [115.60518198524043, 40.121026967001946], [115.61608314883932, 40.120730268521974], [115.62228626776988, 40.118134105530814], [115.62809136851732, 40.119739359360516], [115.63119431040667, 40.11734238061588], [115.63780273236664, 40.11885042499816], [115.64200858468519, 40.116855975989886], [115.6479181681485, 40.11696481172505], [115.64992178740866, 40.1180680854582], [115.64801900508468, 40.12226542299107], [115.65052372013866, 40.12496965581993], [115.65072441689125, 40.12767022325622], [115.66064385870514, 40.132387695756265], [115.66395033777357, 40.1306935509769], [115.66384994348915, 40.12919322918778], [115.6801846367064, 40.13092430226305], [115.68740022665288, 40.13383829055027], [115.69321183436176, 40.13164887648112], [115.69852244480748, 40.13335855973628], [115.70303012478007, 40.12796581389806], [115.70843966783288, 40.12937474502271], [115.71835434599592, 40.128089037667166], [115.71725311807124, 40.13008774292602], [115.71184528339755, 40.13058007620221], [115.7059359666448, 40.13357113202783], [115.71685329553758, 40.13578773100627], [115.72276062860058, 40.1343951885843], [115.73046777288806, 40.13000311245026], [115.74237464059324, 40.131112193587384], [115.75557510806237, 40.13891686710087], [115.76117326355521, 40.14681733856887], [115.76037415213105, 40.149817766772166], [115.75657639155298, 40.1520182278109], [115.75577699323621, 40.15421844097613], [115.76087576276446, 40.16481933855434], [115.76846936971621, 40.163816990941186], [115.77446281671052, 40.16681406965394], [115.77925740307666, 40.177411807894366], [115.78325114464946, 40.17880843683866], [115.79323224599975, 40.17989749030723], [115.79313139667845, 40.171596596753304], [115.81318050399355, 40.154264501714], [115.8277393519346, 40.153938288742175], [115.84189695463381, 40.14651099889961], [115.84030220991446, 40.15131446625628], [115.8524670248229, 40.14819205179423], [115.85795222586407, 40.14908279801871], [115.85974774262992, 40.15108006352983], [115.85964852813501, 40.15528067427467], [115.85436356736687, 40.16229029417465], [115.85695676428469, 40.16408609781765], [115.85576015285315, 40.16538826442521], [115.85286793544033, 40.164293110285726], [115.85037544116489, 40.168698007039694], [115.86025017867182, 40.18098272356439], [115.85416696931466, 40.185093406667114], [115.86124872148714, 40.189982298820304], [115.87082503531055, 40.18686770910215], [115.87840907265952, 40.18855846869441], [115.87970718364441, 40.19375772912641], [115.88250214039405, 40.19515500825587], [115.88320172348786, 40.201855264561466], [115.88869295485186, 40.204050791880654], [115.89118973339525, 40.20734946770001], [115.88919302459594, 40.21065138855378], [115.89079097747462, 40.21285056813051], [115.889293808652, 40.21815246891884], [115.89089150809532, 40.2182513364055], [115.89798417912444, 40.229249233589584], [115.90447935249794, 40.235548557439124], [115.90407986662653, 40.23744894316393], [115.91267560087942, 40.23514888137753], [115.91797532153556, 40.23555079103383], [115.91957570624106, 40.236851819978426], [115.92007636586281, 40.24135288701384], [115.92257734944364, 40.24345480584654], [115.92117722273514, 40.24605437867888], [115.93048319312241, 40.25276324207685], [115.93999405005358, 40.25647568161044], [115.94870771235855, 40.25468943093901], [115.9548198427528, 40.25520119537849], [115.95832789049906, 40.257708992728126], [115.9660468365042, 40.25782657456066], [115.9716624437213, 40.26054101984396], [115.97507286354782, 40.26535084124939], [115.9676526467689, 40.27033295695173], [115.96544742942375, 40.2750286151559], [115.96624964466474, 40.27603074446164], [115.96113704901079, 40.27821932980511], [115.96113733729071, 40.28051982460089], [115.95772970339155, 40.283112944335514], [115.95612704089218, 40.29031118264255], [115.95211863636187, 40.290103131919324], [115.95071628854444, 40.29330120063235], [115.95191913860305, 40.29730440291163], [115.94560854535419, 40.30469484010636], [115.94881455495705, 40.308001199012004], [115.9498169255591, 40.31210403235801], [115.94260501402023, 40.31449242698399], [115.9417040940336, 40.317791887810095], [115.93890037007434, 40.31888810262553], [115.93860020692112, 40.32068815087736], [115.93519634939655, 40.322184095411075], [115.93249340447873, 40.320580507797025], [115.92879097238206, 40.325778043662986], [115.9331953371427, 40.33068397001826], [115.9289921046947, 40.333680359651105], [115.92739176104399, 40.33978056847719], [115.93029426110321, 40.34288420864783], [115.92579195389479, 40.348981829670315], [115.92429194304705, 40.35498241916101], [115.91549060496823, 40.358678671644114], [115.8989990452552, 40.35667822255114], [115.89690152483534, 40.35897976809439], [115.89130838787274, 40.35808264118781], [115.88921172684707, 40.36058489247186], [115.8841199499874, 40.3604891742214], [115.88222366487955, 40.36319184298202], [115.87882978993812, 40.36069468373822], [115.87054744071726, 40.36040491300864], [115.86855228472598, 40.36200818138511], [115.87064779040536, 40.365006186713224], [115.86935057455993, 40.36330745473275], [115.86536017776129, 40.363513303633155], [115.86416345156438, 40.36591585706426], [115.86805403269571, 40.3665102803682], [115.86795447138398, 40.36811092245705], [115.86516134986066, 40.368915280504844], [115.86815417304867, 40.36951107563245], [115.8642637186361, 40.370016986574214], [115.86835381312373, 40.37041107423072], [115.8664591666649, 40.37681586493651], [115.85728284168938, 40.37803071901019], [115.85299432158185, 40.376237452130184], [115.85020252841962, 40.379343370118036], [115.84751014481685, 40.37904810320861], [115.84671283756819, 40.3822505980139], [115.84362179677373, 40.38245632547249], [115.84272496665014, 40.38685944559856], [115.80114639884498, 40.428647865215005], [115.80423905953572, 40.43014380257939], [115.80314222924216, 40.4337468772219], [115.7961585543127, 40.433756847130546], [115.7929660483259, 40.438362798231914], [115.78927371343107, 40.439667736669975], [115.78558120657416, 40.44387343332083], [115.78238663707991, 40.442976189285204], [115.78058988484591, 40.44547880820722], [115.77669572055012, 40.44548191475651], [115.77719538700683, 40.44838272893517], [115.78059031217899, 40.44878015546426], [115.77809480680588, 40.45398435719015], [115.78168991493244, 40.45938360502573], [115.78518373560682, 40.45787962207373], [115.7838864865737, 40.46148243830113], [115.78668192934343, 40.464981091153], [115.7821896366107, 40.4635849406235], [115.78159059630572, 40.46338539863865]]]]}}, {"type": "Feature", "properties": {"name": "天津城区"}, "geometry": {"type": "MultiPolygon", "coordinates": [[[[117.8115605851742, 39.37438422783038], [117.79090798525391, 39.37811598020306], [117.78871435596568, 39.39572627020363], [117.77193973971282, 39.401843165637445], [117.85324918943411, 39.40912344344001], [117.85424573301083, 39.40291909857476], [117.86551723365069, 39.40430145217525], [117.86860920983628, 39.39819433177313], [117.86661229100214, 39.38569177474284], [117.87179967816195, 39.37928164464637], [117.86411686810948, 39.37449052180309], [117.85853180646615, 39.381802684129156], [117.84516755868638, 39.37832454079827], [117.82721850988789, 39.37795789358221], [117.81265776220124, 39.37448241941526], [117.8115605851742, 39.37438422783038]]], [[[113.74209321074521, 36.616463744355656], [113.74289343882229, 36.61836526675033], [113.743693143902, 36.6159642994881], [113.74209321074521, 36.616463744355656]]], [[[113.74649231084055, 36.61136292060319], [113.74439247143843, 36.61046150192843], [113.74459259286006, 36.61166227748846], [113.74909180917992, 36.612364385405726], [113.75318989352249, 36.609863860373785], [113.7475921122938, 36.61156344414784], [113.74649231084055, 36.61136292060319]]], [[[113.75128873196805, 36.59225366592862], [113.75758655716196, 36.60386072446163], [113.76138335797273, 36.602459566319254], [113.76597947413104, 36.60876194074549], [113.77107352967633, 36.61166136052812], [113.76757735027012, 36.606259931657895], [113.77127232058267, 36.60345661613856], [113.76877517199604, 36.599955883275825], [113.76917422508212, 36.59605352734455], [113.76647725315361, 36.59425363754353], [113.76398000910449, 36.59485475610387], [113.76158135845787, 36.586550713248265], [113.76797435498096, 36.58424755262819], [113.77476421039981, 36.576539698184384], [113.7683728289428, 36.57514245076356], [113.76217990557382, 36.57864629861783], [113.76127996743878, 36.572042910719844], [113.7576828109825, 36.57174310219153], [113.7566838314002, 36.57464466834721], [113.74848793561331, 36.5770446192593], [113.74478902272615, 36.580645134648115], [113.74618919860869, 36.583747423667916], [113.75318678890231, 36.58274878992769], [113.75488665509984, 36.58955269821865], [113.7509885418525, 36.58955211110933], [113.75118873780201, 36.59195347866805], [113.75128873196805, 36.59225366592862]]], [[[113.76408407691441, 36.63127547854112], [113.76118712241424, 36.63377757170495], [113.7646839718226, 36.63577794901206], [113.76817942437492, 36.630673701903255], [113.7665811588377, 36.629373573722035], [113.76408407691441, 36.63127547854112]]], [[[117.85622772254686, 39.30156805736869], [117.84166850732215, 39.307697204694286], [117.85084640797058, 39.33539425535481], [117.85423695884393, 39.33308720993663], [117.8529399852801, 39.32948769730636], [117.85563265941165, 39.32838252114601], [117.86141789826158, 39.3295735791721], [117.86141832410185, 39.33297524069059], [117.86740409380296, 39.3351671926211], [117.87019724957942, 39.33156148457881], [117.85622772254686, 39.30156805736869]]], [[[117.84894512871792, 39.28377152880944], [117.85852139845852, 39.298762789619886], [117.85622772254686, 39.30156805736869], [117.87019724957942, 39.33156148457881], [117.89465462930114, 39.33283796379196], [117.89904934609515, 39.32833376343013], [117.89785002529358, 39.32423220972703], [117.90864175909863, 39.32142881191597], [117.91174012523203, 39.317026974595834], [117.91623968663197, 39.318428951411846], [117.916339934418, 39.32042998681969], [117.9253420333198, 39.318834513564404], [117.92534216993525, 39.31993506181907], [117.9387541308306, 39.320049738797806], [117.95347820646565, 39.31877387906867], [117.95768678709246, 39.31638129753219], [117.96299925015931, 39.31749360342206], [117.97192224082016, 39.315614382193075], [117.97312582915984, 39.31751843519451], [117.9784409059401, 39.31543151064104], [117.9784406797804, 39.31363060631889], [117.9813495786423, 39.31493925922746], [117.97894213199967, 39.31333182181384], [117.98014557225358, 39.31203446829973], [117.97864094824648, 39.311029841472646], [117.98295291811628, 39.30243740824724], [117.98887118204408, 39.29975295825411], [117.98997432206647, 39.29655452652844], [117.99830176683707, 39.297779861494355], [118.00141173118342, 39.29458758043518], [117.99980595411935, 39.29128102365523], [118.0019128136772, 39.28988665400934], [118.01124424581396, 39.29131563102401], [118.0126488407185, 39.29061950417507], [118.01234753304442, 39.28821734467126], [118.01455475468933, 39.287323515110394], [118.01585928593687, 39.28902831287633], [118.02308231524167, 39.28524768174803], [118.02849971843112, 39.288064714750895], [118.02749672355854, 39.28896233831518], [118.02880095381943, 39.29046681789847], [118.03090739223546, 39.290472724498144], [118.02990450622742, 39.29177059902102], [118.03100809286856, 39.293574615274515], [118.03461860893556, 39.29168353924201], [118.03802776999727, 39.286589969611974], [118.03471726264071, 39.27887709236834], [118.041636381256, 39.2758936349298], [118.03973071786051, 39.27238689697205], [118.04043224286663, 39.26918699070578], [118.04283877468491, 39.269393191294675], [118.04283837677602, 39.26629152572584], [118.07109525871496, 39.25744402032223], [118.07199370191071, 39.236033550416266], [118.07109203156497, 39.232430210104134], [118.04343553262154, 39.23167400377281], [118.04122810282594, 39.21976174842569], [118.03912247457026, 39.22105707205794], [117.98354278621387, 39.20688705045597], [117.97942814866188, 39.18976571117793], [117.97070121007934, 39.173633235693245], [117.8777554523763, 39.12343582266829], [117.85251107189961, 39.08925248262431], [117.84652564594491, 39.07465418753007], [117.84353191603786, 39.05784930730974], [117.84522417255344, 39.03373130052436], [117.85349875944304, 39.011502810663586], [117.85678787016224, 38.993686256508965], [117.8585795376509, 38.963765049967265], [117.86137180657153, 38.958357261937685], [117.90389860310597, 38.94931131632596], [117.90509695444763, 38.94230696100793], [117.89840035460283, 38.925798810404785], [117.88162328404414, 38.921108091299], [117.86555316283169, 38.889710307507734], [117.86714849023674, 38.88220366235219], [117.86595009505432, 38.872399872436056], [117.85347962173508, 38.856311079480776], [117.84021618397648, 38.85603494640282], [117.82805082693604, 38.85795882053433], [117.7847545172397, 38.86993189275075], [117.77496798636611, 38.86483726314538], [117.75847948260571, 38.84833423941291], [117.69541592228782, 38.83786535063669], [117.66384698712496, 38.836905463129106], [117.65222227664414, 38.82978125680203], [117.65251790835399, 38.78956090639465], [117.66063303283643, 38.778969701736045], [117.67766947809504, 38.77269854919928], [117.73536561062141, 38.76558301054993], [117.74266908689184, 38.76218621990686], [117.74756933898296, 38.7546848272876], [117.7470625340686, 38.700760751591055], [117.74506078029502, 38.68985547690175], [117.73535503298866, 38.680845883666784], [117.66282320880065, 38.66112250491562], [117.65530693896295, 38.655106975226886], [117.64829212348022, 38.64389141937397], [117.6450843789703, 38.62728082634893], [117.56389271793518, 38.61437766743681], [117.5606007831695, 38.617584613304565], [117.55192351819396, 38.61850247550362], [117.54853250016288, 38.61250815276033], [117.54474368142613, 38.61081652903368], [117.54743471219257, 38.60410809285945], [117.53397754804278, 38.60124111616641], [117.5303900473908, 38.60185108918054], [117.53019100573026, 38.603952275128954], [117.53338026095685, 38.60664436692526], [117.52889599412462, 38.60735691848021], [117.53009234206678, 38.61195501645075], [117.52809976216271, 38.614961524039025], [117.52670471058077, 38.61466536593614], [117.52650506789588, 38.611765018960085], [117.52341612680284, 38.61077354699451], [117.51853460479495, 38.61478904306222], [117.51584442660618, 38.613096464026], [117.51166029659761, 38.6143093291754], [117.51245765437028, 38.617207863509826], [117.51016647963037, 38.61871521234208], [117.50189735749701, 38.616239269627535], [117.4852583863034, 38.61798858007973], [117.48725049087035, 38.61108073938782], [117.48416139657569, 38.611489609722646], [117.4817694010583, 38.60959567185818], [117.47877981242327, 38.61220463644237], [117.43917840616041, 38.60228423707802], [117.42209490668468, 38.59149757271672], [117.41649745399775, 38.59480109238657], [117.40769633338509, 38.58890058899577], [117.41569648672278, 38.58599882525465], [117.40569417583775, 38.57749722453907], [117.3984892802545, 38.57359403169296], [117.37545647723019, 38.56567160344986], [117.37535852869803, 38.583376192028844], [117.36112761311354, 38.581554762373955], [117.36443404545452, 38.57135732544624], [117.35721622516691, 38.56664424334896], [117.35691493617713, 38.56234263522219], [117.35380708396389, 38.56223719045642], [117.35280495184546, 38.565736296988], [117.33124647824201, 38.56539577054934], [117.32181974162874, 38.55847625982654], [117.31450001481126, 38.55636249668271], [117.3118934167173, 38.557358201726764], [117.31039059295017, 38.565357634992175], [117.30618102449657, 38.57225245628849], [117.30146995614129, 38.57284524970903], [117.29786179555296, 38.572439851015574], [117.29846196832962, 38.56313830951159], [117.2787247867705, 38.56031478756597], [117.2716149719257, 38.55740893872997], [117.26971350895464, 38.56300926368647], [117.25940397691686, 38.55690428517047], [117.25280226444067, 38.56750683144557], [117.25130187737325, 38.567607060870635], [117.24560277051035, 38.57941173760392], [117.26861497303267, 38.584414389447566], [117.26751422604487, 38.58741471817149], [117.24460311092625, 38.58171276420996], [117.24270381398824, 38.58551467447382], [117.24410363669548, 38.58561406016048], [117.25150541848886, 38.59601485703393], [117.26291160242472, 38.59911644863019], [117.26131092438341, 38.603217285008064], [117.2657145397052, 38.603818774915865], [117.26511464477638, 38.6090201446872], [117.26381349141607, 38.60861958814951], [117.26121200054344, 38.612520125393196], [117.26151255706661, 38.615321072516764], [117.25290852331355, 38.618121453170936], [117.25270862315742, 38.61942189182468], [117.24350793012556, 38.6199246654247], [117.24130891976213, 38.6247273160774], [117.23691036813688, 38.624730019922794], [117.2428095119041, 38.631928946848156], [117.23121433645585, 38.63153678909961], [117.23231403212588, 38.634836948128715], [117.23591225898298, 38.636434650132706], [117.2355133509296, 38.64373747202769], [117.22661945123565, 38.64454569186857], [117.21922639366824, 38.641153015136716], [117.21652829495798, 38.63085299742262], [117.20943770140433, 38.63046296404567], [117.21003643643267, 38.627160964998176], [117.2064411688873, 38.622665010921814], [117.20644146564656, 38.625065795571565], [117.20464426059709, 38.62526872512238], [117.204044818012, 38.62216868105492], [117.19555896542727, 38.62218307814316], [117.19515924274735, 38.61878268500687], [117.192663476505, 38.61728665354439], [117.19166587576335, 38.62219003048085], [117.18956967801091, 38.622193842354946], [117.19016818982693, 38.618991715526334], [117.18278186013004, 38.61900538328202], [117.17270032051422, 38.615423146797326], [117.17160268273767, 38.61802602181426], [117.16711105219291, 38.619134674389514], [117.16541410431647, 38.61913776785168], [117.1646151908525, 38.616438351169805], [117.16311783359035, 38.61644104355292], [117.16341755706232, 38.61844114524543], [117.15742778406504, 38.618551679640156], [117.1556304704734, 38.61665411756182], [117.15712722832113, 38.610149542283516], [117.15423189397201, 38.61025443546704], [117.15393201457098, 38.60745406569129], [117.14444528010962, 38.60476791837299], [117.1446444972588, 38.60056636662605], [117.14264689275015, 38.599568895652624], [117.1309587983803, 38.60078348768167], [117.1303589373438, 38.59828335802266], [117.12806055828788, 38.59858568305762], [117.12856004663126, 38.59708476993211], [117.12706098430836, 38.5970861548909], [117.12586084646243, 38.590585318888685], [117.11586367524431, 38.58999178677651], [117.11626313076212, 38.585790408713706], [117.10456038412042, 38.58779377523579], [117.10386044067322, 38.591594840024484], [117.10165891942049, 38.59139458467224], [117.10165921953788, 38.59379527732594], [117.09925724807958, 38.59359475906032], [117.09935754830903, 38.59529527785378], [117.10346078937789, 38.59639621348653], [117.10326127313839, 38.6012976526078], [117.09355219907147, 38.60079475271141], [117.09265190056065, 38.60729625089915], [117.07792727088355, 38.60828375079576], [117.07061396607993, 38.63658305226896], [117.06680406265832, 38.636577013744855], [117.06710529519349, 38.63997868101205], [117.06189062274888, 38.64006956996763], [117.06118895192326, 38.643369405881174], [117.05848052849996, 38.641963681810125], [117.05797926020269, 38.644363521384115], [117.0613897725149, 38.64517041429414], [117.06299473824282, 38.64727411491882], [117.06229366510661, 38.65507563236521], [117.06741032190894, 38.67389156756523], [117.0745289281572, 38.68150514110888], [117.06961700520408, 38.68129796145083], [117.0697175853552, 38.68389914266206], [117.06079293580477, 38.685084238599146], [117.0613949826147, 38.68708617078888], [117.05928867516701, 38.687582338262224], [117.05086107384035, 38.68706440286115], [117.05166461365536, 38.693368737365326], [117.04514092769303, 38.68925190125606], [117.04554314510143, 38.695255305504816], [117.04845425988523, 38.70016422215103], [117.04785239818708, 38.702463770651825], [117.05156592056984, 38.706674017460976], [117.04855550867774, 38.70736746374069], [117.02184822333705, 38.701193709245054], [117.02064171891014, 38.69068587523929], [116.99884559960867, 38.69302134837849], [117.00045312993733, 38.69642757317], [116.95306631697346, 38.69020107533535], [116.9569787261492, 38.690008946680095], [116.95236403129991, 38.68909926431789], [116.95146098723137, 38.68649649074], [116.93662191256381, 38.68627257052324], [116.93541948528264, 38.68817179939741], [116.93261358921566, 38.687968389964254], [116.93261271900181, 38.680565453308716], [116.92349666770896, 38.680156874926496], [116.92700310659583, 38.68736252936696], [116.92359775662399, 38.68816012113672], [116.90357841354493, 38.68135185270395], [116.90407831974588, 38.67895083545232], [116.90117765952995, 38.680952207738315], [116.88308200681057, 38.681263674107726], [116.88338196960312, 38.682663937493714], [116.88138345670856, 38.683266157166614], [116.88128476225032, 38.69377047548245], [116.87878670788429, 38.693072866908096], [116.87808747547605, 38.69437418227062], [116.88048580378218, 38.69737278241922], [116.87768879750898, 38.70257801962061], [116.88098726554674, 38.71317888883066], [116.87759016713308, 38.7134827403537], [116.87858964886573, 38.71668298225827], [116.8722960529403, 38.7175910312907], [116.87319539908285, 38.72049112305039], [116.87169710824959, 38.720793211899355], [116.87239658675271, 38.72309329546301], [116.87379503489674, 38.7228914064484], [116.8758937756709, 38.73049217219241], [116.87449519103818, 38.73049388637461], [116.87499561632357, 38.73849686640438], [116.87309857407728, 38.74660296695855], [116.86620684414315, 38.74561203937769], [116.86460858109577, 38.74191272613882], [116.84134730327852, 38.743453401407066], [116.83735457315845, 38.742260306734615], [116.83525851888427, 38.742464332384166], [116.83505907052793, 38.74396539505593], [116.80271557572867, 38.747423826523516], [116.80221591815241, 38.74432314860222], [116.80031854496963, 38.744225903614065], [116.79892052817185, 38.74512832599651], [116.80041873035238, 38.74692700206161], [116.79872102960988, 38.74712953136147], [116.79712293474924, 38.74583115910833], [116.7971223269901, 38.740728821351006], [116.78993033852439, 38.73903722184381], [116.79043008932257, 38.74123763375368], [116.78483529316902, 38.741343851488914], [116.7809384435771, 38.743548571559636], [116.77234243756634, 38.742654528916034], [116.7717431399722, 38.74715694580786], [116.76954357004959, 38.74685796885679], [116.76874421049396, 38.75126038898046], [116.7654445165413, 38.75246226161746], [116.76484487425978, 38.75566395694309], [116.7530408920851, 38.75516480526834], [116.75103934873412, 38.753263575453495], [116.75724612513434, 38.780977455465035], [116.74824056930368, 38.78157646634924], [116.74874136441714, 38.78477820367152], [116.74323624537229, 38.78527627162669], [116.74734163770988, 38.796983882579454], [116.75174499343825, 38.79648478940525], [116.75204554007985, 38.799386315834774], [116.74674146046118, 38.79998519413311], [116.74994485434416, 38.80608930856829], [116.74444019572437, 38.807888302063795], [116.75054644937175, 38.8156944322008], [116.75214871790871, 38.82539985266867], [116.75505039259154, 38.8252000680169], [116.75715220095324, 38.832103777174446], [116.75525140565902, 38.83280412876497], [116.75335015185368, 38.83110305884542], [116.74974785020015, 38.832403076154584], [116.74924817935027, 38.83840616932669], [116.75195180965366, 38.85231434711224], [116.72902472150008, 38.853301302100704], [116.72832882923232, 38.897625588617174], [116.71390026039487, 38.89780792401826], [116.71400465032157, 38.93272850323641], [116.71590883343669, 38.932731179853], [116.71611013981726, 38.94003579845353], [116.72212247711423, 38.93974339295658], [116.72432718119697, 38.943848428690735], [116.72853632800663, 38.95736105516918], [116.72893822116379, 38.967467556550496], [116.73134215561298, 38.96736979531023], [116.73454811340227, 38.97627795940287], [116.74065647758617, 38.97858364121542], [116.74125753267307, 38.981485756063925], [116.74636289220312, 38.981688316047375], [116.75146829638153, 38.9922962558705], [116.75376970790076, 38.99189635363638], [116.75467079008185, 38.99669936983258], [116.75647146355006, 38.99489833471435], [116.75837338374684, 39.00440409326376], [116.76057402922443, 39.004103665532625], [116.76227558295179, 39.01390937140715], [116.76087530021319, 39.01400969900223], [116.76087601309439, 39.019913328718985], [116.76487677993978, 39.02131323478285], [116.7653781558497, 39.03251997342079], [116.7613777609067, 39.03342155904173], [116.7603778073704, 39.035823202440824], [116.75767686428973, 39.03542320877074], [116.75727693204911, 39.03732439435856], [116.76238008640345, 39.05103221253478], [116.76668045676705, 39.05153122781415], [116.7789762259958, 39.0478215191336], [116.7807755388641, 39.05132214656279], [116.78477246917305, 39.05031774195036], [116.78737069227218, 39.054317472166254], [116.78547241877777, 39.054719739911796], [116.78757112423521, 39.05942039806281], [116.79276589182253, 39.06021477088902], [116.79326564216619, 39.06281574402233], [116.80315259979719, 39.06120093677938], [116.80205369203557, 39.057200124538376], [116.79815909962117, 39.058106314911825], [116.79785935509929, 39.05700605454717], [116.79096741340598, 39.05661475936981], [116.79096706285904, 39.053712970777], [116.78836966843247, 39.05361593191513], [116.79186589356387, 39.05201082958909], [116.78936848585987, 39.05191374451647], [116.79076671710632, 39.04911037294369], [116.7935638735728, 39.051008085923904], [116.79376395763911, 39.05360943413008], [116.79845812877836, 39.05330293426388], [116.80215332093277, 39.05529880349144], [116.80854354544485, 39.054088061300554], [116.80864310956217, 39.05178647972842], [116.81832677878977, 39.05197001544015], [116.81872592490049, 39.05076856239622], [116.81942489440246, 39.05256842087304], [116.82521425337684, 39.051857428778966], [116.82491448316073, 39.04915631632662], [116.82850780348701, 39.04924970401552], [116.82790873211898, 39.047649834148864], [116.8373912288064, 39.05033371963132], [116.84607522698455, 39.05041769251413], [116.84597570583712, 39.05291941659182], [116.84807197124447, 39.05301568084416], [116.84797181338163, 39.05021413329987], [116.86634289934456, 39.051384433265824], [116.86614351263005, 39.054286516504376], [116.87753065298867, 39.05547220756383], [116.87573296299387, 39.06037735551119], [116.87952958197869, 39.061273543066974], [116.87573419000833, 39.0706837038784], [116.88362795109694, 39.07337681914577], [116.88732572692732, 39.07247299665711], [116.88862587518769, 39.07867578312292], [116.89242455484475, 39.07807277025075], [116.89642493651476, 39.08567527020088], [116.90002511333905, 39.08507350110539], [116.90252657925198, 39.092477389404685], [116.90772882005909, 39.09177645486177], [116.91183317314325, 39.10388429941716], [116.91543652501201, 39.103885296315745], [116.91693908631085, 39.111790705718654], [116.91854093273977, 39.111591321021976], [116.91513748239055, 39.114491658982125], [116.91894139970529, 39.11139140139583], [116.92515003188925, 39.10999460505893], [116.92945864232091, 39.12000452200187], [116.93196349031538, 39.12040736953075], [116.92565211877113, 39.120701521623566], [116.92435048093817, 39.12430268344422], [116.92965958794659, 39.12480763391066], [116.92485307205258, 39.139412194084684], [116.92114757782147, 39.13910943360052], [116.92054731813144, 39.14371183997497], [116.9192456589011, 39.14391123521498], [116.91984679439116, 39.147013420614975], [116.91694340050263, 39.147912538909125], [116.91764447600164, 39.150214224662406], [116.91634311985955, 39.15111420793111], [116.8999334947101, 39.15551625563449], [116.8759439946811, 39.15453444677214], [116.87264773423338, 39.156739891284644], [116.86935142733499, 39.15514338181137], [116.87244806601758, 39.157640688275166], [116.872149529938, 39.167046663904436], [116.87035208826522, 39.170851322781125], [116.87155109195066, 39.17435176852527], [116.8689544032097, 39.17585620695867], [116.87015377856896, 39.18295870891956], [116.86905744277749, 39.20227143685547], [116.86666103748735, 39.20647728425616], [116.86296614098379, 39.2062827393231], [116.86166927697582, 39.216590650476455], [116.87755012725178, 39.21856987149331], [116.87754995940287, 39.21716907716023], [116.88144669975631, 39.21736494173868], [116.88104797732858, 39.22546993391335], [116.88224710261414, 39.225668824861444], [116.88044910995006, 39.23097365088719], [116.88204794338057, 39.23147228023903], [116.88524576316176, 39.23086890805026], [116.88614472793881, 39.226465650245956], [116.8873442662741, 39.22776537526651], [116.8894432685372, 39.22706335009318], [116.8904423101478, 39.22205981347926], [116.89294175062994, 39.22305874972494], [116.89374187584188, 39.225359576893204], [116.8984415939714, 39.22475699875435], [116.89864199444968, 39.22795872356627], [116.89634197546977, 39.22835991376643], [116.8977424260761, 39.23206137319501], [116.89174329570106, 39.23356539568456], [116.89074453735579, 39.24147045587258], [116.88734568093625, 39.239571961910464], [116.88534699992466, 39.24167483041646], [116.8824488898144, 39.24177761210263], [116.88165102294678, 39.25468549935017], [116.8846491695995, 39.256283471510564], [116.87745641349575, 39.27019843392376], [116.88215263516103, 39.27119389482497], [116.88055540545228, 39.28410236622118], [116.87825832813951, 39.29220910453427], [116.87276380929198, 39.29171553035874], [116.8724644102511, 39.293917060765146], [116.86906841431365, 39.293621507724865], [116.86836987490351, 39.298424969196404], [116.87276467587643, 39.29891924711238], [116.87206587497313, 39.302321903924174], [116.87376412142109, 39.30342026690365], [116.88565456266558, 39.30610879074906], [116.88615409256523, 39.3045075425501], [116.88915270140627, 39.30470523009069], [116.89005255461703, 39.30630538485602], [116.88795440615154, 39.31461115711894], [116.89295280720442, 39.31520796218516], [116.8950529759011, 39.319308830600534], [116.89295496121991, 39.33311679724761], [116.89575463958644, 39.33361550853102], [116.89625486725085, 39.33571628649619], [116.89545532317082, 39.339118317106376], [116.89205584388222, 39.338720065340226], [116.88745789114293, 39.34162479709954], [116.88166129329126, 39.34012939339999], [116.87956336274931, 39.34343318577221], [116.87826433612588, 39.34213400618753], [116.87576746659705, 39.348439929253196], [116.87866480049848, 39.348936792052825], [116.87856546746913, 39.353739163887575], [116.88196269725546, 39.353635497095816], [116.88046428630906, 39.357238728953355], [116.8777665501024, 39.35674147294504], [116.87656788618447, 39.35844366223778], [116.86607973039946, 39.35515614863055], [116.86448219615825, 39.35735956684047], [116.86567988634434, 39.35195524034181], [116.86747730507855, 39.350451899942215], [116.86348270504408, 39.34985757566362], [116.8624838113925, 39.34705779823444], [116.8550945372522, 39.340466732676994], [116.8529985624745, 39.34477239554014], [116.84880545084454, 39.34167831622439], [116.83513046065258, 39.33990271573116], [116.83103998500884, 39.354617371599645], [116.82944292580441, 39.35402008119306], [116.82844509669535, 39.356423067720854], [116.82904427400335, 39.3589231128018], [116.83942499067426, 39.361404808612455], [116.83832735389426, 39.36390801331551], [116.84261955671467, 39.36560080427607], [116.84082306032772, 39.367004777984846], [116.83283780369443, 39.364618636500865], [116.83044263664206, 39.3671242756205], [116.82655001623768, 39.36763176673406], [116.82405549873924, 39.374539507509574], [116.84351905399315, 39.37510346021342], [116.84292061838082, 39.3789062683727], [116.84651412108497, 39.37939990510297], [116.84811091983777, 39.37659576405778], [116.84401993457305, 39.38990910086745], [116.84561763992652, 39.395008388393485], [116.84262301759141, 39.3941135031466], [116.8422239506755, 39.39571493299718], [116.84441999280048, 39.3964111847769], [116.84352189588466, 39.3985137391259], [116.84102645472946, 39.39801814475151], [116.83982893381243, 39.40002123141643], [116.84002901042393, 39.40372243312708], [116.84511983502574, 39.405613825065906], [116.84412236398138, 39.41141808703438], [116.84691736029788, 39.41201323316489], [116.84601929727502, 39.414615943867766], [116.8494133435714, 39.41551019283132], [116.85021170006407, 39.4135079442838], [116.85789901044254, 39.41479527320655], [116.85839859773677, 39.41789572627552], [116.86149422824461, 39.42099199704969], [116.8666871509274, 39.42318497592685], [116.86668739319427, 39.425185784588], [116.87048269740237, 39.426180821091144], [116.86888510121108, 39.429784477210845], [116.87018370130109, 39.43148335029467], [116.87687604293802, 39.428373574061396], [116.88177272435956, 39.4354710238438], [116.87477932535886, 39.43817998542104], [116.87428008038651, 39.44008134948517], [116.86868632266905, 39.437787919707446], [116.8613972030798, 39.444301386867245], [116.85311022778762, 39.44241444256127], [116.8532097307423, 39.4397132215499], [116.85041466835592, 39.44081855016562], [116.84672103855536, 39.43932459431063], [116.84612227820664, 39.440626188907906], [116.83843599805975, 39.436538803610006], [116.83304656082468, 39.43965012856505], [116.83274799430848, 39.44675343182111], [116.8344447805002, 39.446750244965735], [116.82166945363893, 39.452776271041714], [116.81587976980772, 39.45248649849396], [116.81667795521345, 39.44908380911286], [116.81308403584039, 39.44808966432201], [116.81338335643795, 39.44668861722098], [116.80589596308401, 39.45070247819959], [116.80329974632487, 39.44990619524051], [116.8042980294569, 39.44790390509208], [116.8020013719541, 39.447907388599795], [116.79830729786747, 39.455015417545496], [116.80399894016278, 39.451705808815255], [116.80409961489686, 39.45840816476446], [116.801104125116, 39.46001326374327], [116.80040537685213, 39.46231513293254], [116.79760905464042, 39.46191895209164], [116.79611151441168, 39.46652267664122], [116.79111733854518, 39.46702922785495], [116.7917168535376, 39.46832897142908], [116.79491318532457, 39.46822488440679], [116.79251612102927, 39.46952841881274], [116.79511324027528, 39.470625486961985], [116.79491378812442, 39.473126644683894], [116.79880882725908, 39.47282122725681], [116.79850943248702, 39.474522255340844], [116.80510009894509, 39.47451246864989], [116.80450126860066, 39.476714178717636], [116.81718069061893, 39.47859372353348], [116.81668191345196, 39.481395584142874], [116.8191774899312, 39.48149118546114], [116.81887822322574, 39.483092277954086], [116.82656393385055, 39.481677757663626], [116.82376932074403, 39.48318344069923], [116.82666396722226, 39.48347819788376], [116.82756282044359, 39.48787804332361], [116.82476825354841, 39.48958380363666], [116.82327201923498, 39.497689282660794], [116.82167528388938, 39.50039309234958], [116.81718337695688, 39.50050118333037], [116.81698390115781, 39.50190199665852], [116.82017820387357, 39.50199632983564], [116.82037800176249, 39.50329639571283], [116.82237419992455, 39.50199234633386], [116.81997971817933, 39.51139973214008], [116.82417201232718, 39.51119203298836], [116.82207593879471, 39.51169603060455], [116.8321573672414, 39.514178114975934], [116.82906496136184, 39.52838830262657], [116.83156022888657, 39.528283600122386], [116.82796791367258, 39.53559250221202], [116.82437445095368, 39.534098717373844], [116.8255716689971, 39.52959516186286], [116.81219560438119, 39.53001912706006], [116.80900103682912, 39.53152489926978], [116.80790356326115, 39.53782855134351], [116.80450876183508, 39.537633863329624], [116.80131454159832, 39.54694137557836], [116.79702040133354, 39.54784773629795], [116.79662117789564, 39.55004890120964], [116.79352488594392, 39.549852918085826], [116.79372538358086, 39.55575430559355], [116.79841976524199, 39.55734844543319], [116.79762125087026, 39.560950538516614], [116.80171628514913, 39.56564592699991], [116.80521118690186, 39.56584065689885], [116.80291498668942, 39.56904503117508], [116.81319916403427, 39.572629349767624], [116.81379847632924, 39.57532901923277], [116.8152958837615, 39.57522640266845], [116.81449756065966, 39.57762840193502], [116.81759220894796, 39.578123108879105], [116.80441541140017, 39.59034811980321], [116.80641231576749, 39.58984487218043], [116.80391679556638, 39.595550135384705], [116.80521495135037, 39.59634831627365], [116.8044164736196, 39.5989501688937], [116.80651306265, 39.59714646093931], [116.80920880062483, 39.59714210724695], [116.80880962815536, 39.59864311388021], [116.81050692230593, 39.5990404087532], [116.81120559648369, 39.59763891258899], [116.81430048032644, 39.59853385640819], [116.80960867297942, 39.60134243310656], [116.8120048952309, 39.60273875677713], [116.8112064479607, 39.604540514993275], [116.80591497351425, 39.60514926627451], [116.8157992791943, 39.609833846299594], [116.81669734597762, 39.60693161622884], [116.81300348503228, 39.6049375665824], [116.81460074159585, 39.60483479822479], [116.8135025504253, 39.604236552567755], [116.81420103417227, 39.601634751512265], [116.81999075934156, 39.60122444095256], [116.81809470898841, 39.60562884751378], [116.82198779895617, 39.606722088259495], [116.81909358742635, 39.6110282839487], [116.82099025244337, 39.611825046512465], [116.81869510548916, 39.617530428060185], [116.82638128550398, 39.62001694924584], [116.82997430307495, 39.61830988526417], [116.83097200610925, 39.61500729698271], [116.83775951799986, 39.61809523583434], [116.84135276973066, 39.61808853132561], [116.84005574931778, 39.62259191090447], [116.84434786329919, 39.6232841131227], [116.83237171665401, 39.63420872007956], [116.83516670560684, 39.63660395435879], [116.83287139658009, 39.63930880189529], [116.84055730775516, 39.64289510884276], [116.8395594628155, 39.64519741393825], [116.8408571652655, 39.64629520730503], [116.84385140807044, 39.64468935817404], [116.8467461981249, 39.64528418222381], [116.84504968827765, 39.64858790476284], [116.84724592407997, 39.650384246912296], [116.85712935959562, 39.65336755805956], [116.85583334570404, 39.668672472783264], [116.86651726612756, 39.66835547366973], [116.86991327475167, 39.67145116844709], [116.87710548421133, 39.6720420858632], [116.88060209710471, 39.66943775096895], [116.8818012644693, 39.67023664663082], [116.87910371538399, 39.67243988124396], [116.88909778791906, 39.67643122684819], [116.89489630632104, 39.67662754363303], [116.89699600678311, 39.67512627662319], [116.90109657120448, 39.67602496129768], [116.90159650605747, 39.67452458041729], [116.9036972268252, 39.675124247707586], [116.90319718484558, 39.676224516891864], [116.91260314346498, 39.678425080457394], [116.91110242164186, 39.68272548678149], [116.91490598371479, 39.683926614598356], [116.91190382947505, 39.68892661150378], [116.9185107683312, 39.69022908791526], [116.91721000297115, 39.696529444718685], [116.91951277763683, 39.69643054754093], [116.91871207935954, 39.6989305040196], [116.92141566962174, 39.69933208205586], [116.92562174674934, 39.697034755771476], [116.9254216903633, 39.69923492105297], [116.9228177970106, 39.7003331462028], [116.92221747549534, 39.704833395562055], [116.92281866773916, 39.707434169651115], [116.9259235657201, 39.70783657036836], [116.93834851788446, 39.70775020680827], [116.94075396116563, 39.70455316510808], [116.94366179254948, 39.7074580269174], [116.9569013730346, 39.70788256473519], [116.95870653903916, 39.70078538536387], [116.95439272985826, 39.70387684937515], [116.94907542002608, 39.6954654731726], [116.95097989455472, 39.68576748561272], [116.95749981765036, 39.6791794619954], [116.95148041691651, 39.677667123506424], [116.95168031327825, 39.671866534686444], [116.9635192043555, 39.66729081435158], [116.96131044515587, 39.65978445134069], [116.9637180541723, 39.65218856356512], [116.96903684364435, 39.64479995113279], [116.97676793915323, 39.65002092238926], [116.98078421513111, 39.647831449672246], [116.98108454998462, 39.64043085300716], [116.97937741047156, 39.64012608984965], [116.98068255983445, 39.637929246428534], [116.98319306435076, 39.63753616985471], [116.9946433770892, 39.64167019850251], [116.99625032918094, 39.640074673098], [116.9973553009035, 39.64037803676299], [116.99604976060209, 39.64267458252172], [117.01061566476179, 39.645719096551], [117.0105153646817, 39.646919023163925], [117.01372988420219, 39.647528820004524], [117.0141319767483, 39.649830462279176], [117.01784850534905, 39.64944148899289], [117.01754754862147, 39.65244115589278], [117.0220675998753, 39.65325464152552], [117.0220678678576, 39.655355029382584], [117.06352273275834, 39.6459548997306], [117.08507217180345, 39.63928274284321], [117.10739517394904, 39.63108975397125], [117.10979582076133, 39.629289006026085], [117.10979546734823, 39.62658844424819], [117.1140962905977, 39.62688722122644], [117.11489597210023, 39.62418632948328], [117.11519634286229, 39.626986789699146], [117.11889584665441, 39.62578465635409], [117.11919539515384, 39.62278384569619], [117.12379382954755, 39.622080552282206], [117.1240934874506, 39.62047997671251], [117.12769156992749, 39.62057694397525], [117.12739206827796, 39.62297772913675], [117.12839087497649, 39.61867588628086], [117.13278752189154, 39.61837136047931], [117.13348703394256, 39.61927078574126], [117.13058974458403, 39.62187442619823], [117.1315891517756, 39.62327369311796], [117.14257738387815, 39.61945945512963], [117.14657254617283, 39.622354346768844], [117.15206451193974, 39.6220457824487], [117.15266380948704, 39.62374517739482], [117.15905354405304, 39.624834688195484], [117.15865452135584, 39.62713586103132], [117.16065112802859, 39.62733242804], [117.15675805854343, 39.629939686288424], [117.15725751826582, 39.63213928986922], [117.16105107346898, 39.632232737693], [117.16434599166809, 39.63792801949856], [117.17921821137573, 39.6381004866902], [117.1794184023254, 39.642500978906675], [117.18430933284003, 39.64429217172945], [117.18411004844388, 39.646893044162894], [117.17672433193421, 39.648607213478904], [117.17572681631873, 39.6531099315957], [117.17283227469761, 39.65291531131816], [117.17283245691499, 39.65431557096706], [117.1704367867318, 39.65301978627389], [117.16953952958896, 39.66122294497313], [117.16724361578578, 39.66002695137432], [117.16514811188748, 39.66523169044823], [117.16634595013362, 39.66532953337088], [117.16624652330505, 39.668330237877726], [117.17113743274959, 39.6680211834483], [117.17103793253455, 39.670421782248255], [117.17303426752102, 39.67111818413794], [117.17253562610057, 39.67431965730655], [117.17652810771555, 39.67471225087132], [117.17413441808931, 39.68821893068655], [117.17633027186001, 39.68841484662901], [117.17593247819757, 39.699517285454235], [117.17772945863496, 39.70261436786147], [117.17503487732117, 39.70481974268314], [117.17703119497027, 39.705716127165736], [117.17493527556852, 39.70642015884231], [117.17473605895994, 39.70952097123782], [117.17713151306415, 39.70961649226889], [117.1755352327271, 39.714820207744516], [117.17074406259258, 39.7131289182018], [117.1700458911198, 39.71713075734549], [117.1756355776762, 39.718920573273984], [117.17523661097782, 39.721021600075275], [117.17274166612638, 39.723526594479736], [117.1714435485425, 39.71922844588476], [117.17064537242824, 39.7217302591682], [117.1637582382762, 39.72354308085546], [117.1653555205214, 39.72474035683482], [117.15966547765429, 39.724050382950416], [117.16176269082959, 39.73054753062916], [117.1597662357827, 39.731151111166845], [117.16096445282304, 39.733349286614505], [117.15966689159137, 39.73485174095843], [117.16016639960702, 39.737651209218], [117.16695432275147, 39.73783908159822], [117.16675501547361, 39.740339743694854], [117.17194511778818, 39.73842994044322], [117.16855263526098, 39.74743727281255], [117.16945146422282, 39.7512360429088], [117.17364353332893, 39.750828204238736], [117.17953262879895, 39.75321742369057], [117.19111080328466, 39.753195954265195], [117.19330730540095, 39.75709241904548], [117.19919681972567, 39.756282014997154], [117.20139373587573, 39.7610788094572], [117.20808313183764, 39.761168050493744], [117.21227758572861, 39.76506218559433], [117.20648670984578, 39.76997143742165], [117.20508932344137, 39.77327398413507], [117.20359167848865, 39.77297637936746], [117.18702240528893, 39.783806516183496], [117.18512765448479, 39.79661115265963], [117.18283200094928, 39.79651542591738], [117.1818342039331, 39.798817485953144], [117.17834085053117, 39.798624023949294], [117.17774232176426, 39.80112535440754], [117.17424896515477, 39.801031897700945], [117.17235216271582, 39.79803519234208], [117.16945784116535, 39.79994072156809], [117.16796039554684, 39.79824333759163], [117.16396764032434, 39.798050575033], [117.16356968052348, 39.80815210628244], [117.1681613511403, 39.80834378502409], [117.16277250741712, 39.81885434154323], [117.16536812577385, 39.82094982974902], [117.16556806535984, 39.82324963244021], [117.16896128769037, 39.81914313033093], [117.17365265653261, 39.82053451724779], [117.17365324651136, 39.825034837724566], [117.19691010198045, 39.827692201937836], [117.20150212578879, 39.82678429289249], [117.19860802455847, 39.834389716610396], [117.2062955974172, 39.83587711083409], [117.20709410567405, 39.8338757234447], [117.21378480773548, 39.83626592643261], [117.21478302028058, 39.832664294535526], [117.21887807510198, 39.83355891442999], [117.22647006095305, 39.83184997883144], [117.22706909803307, 39.828449125860224], [117.23296529216935, 39.83254391064541], [117.24236182861121, 39.83513779137667], [117.26356785926778, 39.83103528570435], [117.26256741824461, 39.83373519085272], [117.25986545274931, 39.83323460065413], [117.25816468198555, 39.835134517441595], [117.26146703098189, 39.8370351479977], [117.25966617080624, 39.83973499533778], [117.26196829219815, 39.843935700617514], [117.26637209819525, 39.84463713979301], [117.25836752527145, 39.85613583473787], [117.25796767931504, 39.85903596501789], [117.25386626305654, 39.86233612829797], [117.24616489230142, 39.86173776798526], [117.2432645210033, 39.85703870488536], [117.23726639161403, 39.85814223150077], [117.23586652105418, 39.8542429982417], [117.23416738409645, 39.85404428352738], [117.22647342991748, 39.85775158850532], [117.21878132923959, 39.85766053166625], [117.2167842177228, 39.86136334469292], [117.20609952115785, 39.86357909719023], [117.19961003500902, 39.86288973883932], [117.19342158763787, 39.867900833107505], [117.18723270016565, 39.865411961498985], [117.18773235245074, 39.8699112843992], [117.1848381159388, 39.87221676911733], [117.18134417955572, 39.867723056020694], [117.17485661375937, 39.868035246017115], [117.17296046380277, 39.869938894367905], [117.18084607786933, 39.874924373458555], [117.17695403431645, 39.8788318812725], [117.17306077415516, 39.873738908947544], [117.17106459352048, 39.874142647136026], [117.16906886648552, 39.87824655308286], [117.16427788100408, 39.880055379649924], [117.1593860587586, 39.876863870196566], [117.15878742367161, 39.87946503991152], [117.16487819658637, 39.890654821372394], [117.15559514645035, 39.89767135490067], [117.15469691792642, 39.90007296213075], [117.1570934451151, 39.90346909445348], [117.1640816525076, 39.90595696784571], [117.16528009559475, 39.91055501119804], [117.15200277150956, 39.91227790611107], [117.14900829715579, 39.92018295909635], [117.14231750977844, 39.92179279413875], [117.15639752152919, 39.92557123710563], [117.15420141675654, 39.928075005369], [117.15290431322825, 39.934477392638485], [117.15649890310807, 39.93727155182064], [117.16149015490406, 39.93546284862567], [117.16388614039066, 39.93725865667965], [117.16009363219275, 39.943365623738615], [117.1524068101234, 39.947478728106816], [117.15350525087811, 39.94867699290065], [117.15749843270383, 39.946270221806095], [117.16508594707352, 39.95215710101288], [117.17097522521061, 39.953446350063324], [117.17277213730077, 39.95574309875602], [117.17137592525715, 39.96444605008629], [117.16728388712568, 39.966953700959365], [117.17277325866934, 39.964243440003195], [117.17766404062746, 39.96503431141737], [117.18035829981474, 39.960629075438646], [117.18235445509345, 39.960425326496946], [117.18614809748702, 39.966918520050115], [117.18505171822055, 39.9786210337116], [117.19453432254268, 39.98010380445687], [117.19443469926902, 39.98160404347632], [117.19752940613313, 39.98309866991743], [117.19733037317297, 39.98779921201994], [117.1998260599897, 39.987794921687446], [117.19972661125755, 39.990695213198705], [117.20451911520088, 39.993987399267695], [117.20212448817993, 40.00519181096255], [117.20412210769116, 40.01188883265349], [117.20172595309502, 40.01129274880408], [117.20202578416479, 40.01379236425293], [117.19963038442965, 40.01809659534186], [117.20052948878251, 40.022895299155415], [117.19424106058017, 40.0272064246225], [117.19324497707156, 40.04320902337181], [117.19344520783342, 40.04770890928503], [117.19514233295692, 40.0491059682785], [117.18985268691908, 40.05431577499374], [117.19055166692652, 40.05641462196325], [117.18825646354458, 40.06031904984296], [117.19055265721141, 40.063915064940396], [117.1984383336472, 40.062801007639564], [117.19943727228338, 40.067799601852734], [117.20892183483913, 40.066284144592736], [117.2100200346178, 40.06488239859109], [117.2157125293106, 40.0670743893135], [117.21830909776511, 40.06537084563702], [117.22929844257807, 40.06675854134608], [117.22610184894056, 40.07236211593822], [117.22150673516367, 40.074967473383445], [117.21940982237962, 40.08067042736664], [117.21621405217421, 40.083474781159424], [117.21821193940886, 40.08607232606815], [117.22180793972649, 40.08656789770812], [117.22020984695249, 40.087769920251844], [117.22060969028999, 40.089969585122894], [117.21751353331062, 40.09177364122152], [117.2175143231831, 40.09777408446546], [117.2308011587042, 40.09585911658066], [117.2308016846642, 40.09985941821649], [117.23469942132078, 40.101156237497065], [117.2354995030307, 40.1049559252603], [117.24239769320252, 40.109551980384786], [117.24599789448166, 40.114050785775284], [117.25179860703828, 40.114449309367984], [117.2556003474545, 40.11774928815222], [117.25970244489886, 40.117049516183826], [117.26190362405238, 40.11454972088487], [117.26680793233791, 40.11545137958554], [117.27321483892652, 40.11345461634126], [117.27631832581874, 40.108456385478], [117.28082491336362, 40.10706003353657], [117.28312917070926, 40.110562503775476], [117.28182755250953, 40.11476159576059], [117.28503321079243, 40.116164908541904], [117.28623578029544, 40.11926645792956], [117.28823951993888, 40.1193687049932], [117.28974273352391, 40.121770674468145], [117.29595567187455, 40.12247870337594], [117.30427457493525, 40.12039076962523], [117.3035731704848, 40.12258986704724], [117.3094884797996, 40.12719984528442], [117.31360005178759, 40.133807497285915], [117.314101978716, 40.13830881019907], [117.31821335144629, 40.14071637778778], [117.32513236420134, 40.139829073170574], [117.329845934214, 40.14203821785993], [117.33746686008865, 40.137152305093316], [117.33726599816532, 40.13495170868228], [117.35391196269907, 40.13698284730932], [117.35912601909506, 40.14229238356605], [117.3611307265879, 40.140495538894285], [117.36303556950547, 40.14229881289139], [117.36353731696144, 40.146400032772334], [117.35712149051682, 40.14618937030842], [117.36193396056761, 40.14999782622873], [117.3570217483634, 40.149989595138926], [117.36403997751846, 40.157301995535995], [117.3672475270902, 40.158407074583], [117.3643413621545, 40.16230303280958], [117.36424155992178, 40.16550324397968], [117.35953070887402, 40.16959605784251], [117.35762641288005, 40.17319326767509], [117.35832837514292, 40.17459463523952], [117.365445653699, 40.17500626501128], [117.36855243000076, 40.1731107334287], [117.36955471034217, 40.17371227214804], [117.3680516836024, 40.1758103233548], [117.37085812631237, 40.178214696629304], [117.37296220016451, 40.17581731362127], [117.37085758342364, 40.174214199243224], [117.37326252982722, 40.173717461381415], [117.37306235117595, 40.17541739988631], [117.3754670253929, 40.17442044955172], [117.37516666764031, 40.17612027235948], [117.37867354925032, 40.177924845849404], [117.38298100533241, 40.17812967739607], [117.3883885333224, 40.173834278591386], [117.38708732168178, 40.17833369699967], [117.39990121048426, 40.17634185107219], [117.40040178949376, 40.177842233832834], [117.39810018409086, 40.17954146457608], [117.40790668426874, 40.185044816434115], [117.41140733763338, 40.18464470478925], [117.41360776629504, 40.18724473313607], [117.41440795363991, 40.18894479231967], [117.40440652956812, 40.19434559423769], [117.39980304400864, 40.19034362756033], [117.3975013756556, 40.19214283151943], [117.39549939418056, 40.19154166963624], [117.39519884507241, 40.18974124999452], [117.3905935544897, 40.189438070362186], [117.39009334038958, 40.19253810069706], [117.39229650978562, 40.19594021713006], [117.38819132364159, 40.19633705796961], [117.38659001764539, 40.20343664784729], [117.38899373573206, 40.206039131012474], [117.38939388660202, 40.203239049643585], [117.40000524446181, 40.20534582604722], [117.39379999829585, 40.20904313212792], [117.38939458222968, 40.208339803014134], [117.3875922990953, 40.209638468790246], [117.38779283957643, 40.2115389329763], [117.38528918242923, 40.211536630477234], [117.38569055156748, 40.21713788161277], [117.38418862334241, 40.21993685839364], [117.40040797500309, 40.22314873859805], [117.39990809238977, 40.226749134357824], [117.3967057354518, 40.22944809147145], [117.39970858113816, 40.23144984233821], [117.40191073782229, 40.235751381127386], [117.4045123616055, 40.23665221983069], [117.40971394511492, 40.23485239783168], [117.40971363042398, 40.232552002169825], [117.4121138160087, 40.23165167602122], [117.41921357639758, 40.23795075343947], [117.42211230765822, 40.238349350633605], [117.42171308150311, 40.242450306896096], [117.41941448688827, 40.24515195456015], [117.42241377046763, 40.25025134023717], [117.4246123189156, 40.2497498466084], [117.42621134848106, 40.251348991926875], [117.43669927691501, 40.247937945454986], [117.44089304039873, 40.249532729127246], [117.44548549072721, 40.25442676257752], [117.45695990313021, 40.253905744621576], [117.46443918413908, 40.24968871268606], [117.46802864713152, 40.249780288840846], [117.47939128650481, 40.244550217545715], [117.48108514166725, 40.24224519234837], [117.48766186461198, 40.243026917192964], [117.49065004164622, 40.23661717078326], [117.4955314124599, 40.23380238152378], [117.49752396876318, 40.23459661342594], [117.50569231517966, 40.232271761022425], [117.51097141822555, 40.22845525765017], [117.54086263237257, 40.23107144701789], [117.55252714021253, 40.23404454177068], [117.55482069395995, 40.23373961772983], [117.55452122786997, 40.23153986544236], [117.55721365493828, 40.22913394825283], [117.56080472157717, 40.230827303092596], [117.57058294099498, 40.23021088597175], [117.57607249837773, 40.2267028789554], [117.57377644954971, 40.2265057915771], [117.57567307801595, 40.226003258744726], [117.57796860936884, 40.22039958814902], [117.57547198150515, 40.21500174049649], [117.57078018554256, 40.212107672595124], [117.56868376026179, 40.20721008223361], [117.573574198883, 40.206502911325906], [117.57856534882616, 40.20249616764367], [117.57846465503556, 40.195995351618976], [117.58195931603146, 40.193591343514704], [117.57946248496859, 40.19089354221078], [117.581858577987, 40.18689053228376], [117.58065993141201, 40.184591432497236], [117.58265658417797, 40.179688827573045], [117.58595252829207, 40.17908588813977], [117.59034738040158, 40.17288205741609], [117.59514343476481, 40.1692792800458], [117.59954170928798, 40.17167833230551], [117.6074408551468, 40.17227833780646], [117.61254130044482, 40.16637902116124], [117.61394130326502, 40.16197908320095], [117.6184438722591, 40.162281501063696], [117.6193440593844, 40.158881688963056], [117.62484873084416, 40.15868585279556], [117.62514849547804, 40.15458565952102], [117.6270503316014, 40.15348726892067], [117.62494789401289, 40.151485149241665], [117.62765023673771, 40.147687223089854], [117.63095403855623, 40.14689051620754], [117.63225586091322, 40.14809207378088], [117.63305676513144, 40.14689285721093], [117.63686241094183, 40.14889766394498], [117.63856451816773, 40.14519947789986], [117.63786311395313, 40.142698305774324], [117.6431711020414, 40.138005120003015], [117.64106720056166, 40.13510185696416], [117.64176816346074, 40.13360269265197], [117.65649528522982, 40.12932558939715], [117.65479156677944, 40.12752249739116], [117.65709609815475, 40.126026329443505], [117.65920063656014, 40.12703012138633], [117.65819807021944, 40.123528032991274], [117.65669490269407, 40.12322537951323], [117.65809686811626, 40.11592719130411], [117.6609027991868, 40.115832173499086], [117.65819693441253, 40.114827273913974], [117.66110290228715, 40.113332322581414], [117.65939908862518, 40.111929156948506], [117.66450995657948, 40.11073831553162], [117.66250557425435, 40.11063463766175], [117.66390858794144, 40.11033717686709], [117.66210435439602, 40.10793368864282], [117.65498907770689, 40.10532093511809], [117.65378633946227, 40.10291870739681], [117.65458753572273, 40.09971981470909], [117.65108034166877, 40.097813829809674], [117.6558892358248, 40.092421494975056], [117.65839453653463, 40.09322591878745], [117.66049882194606, 40.09192956520751], [117.66190205460893, 40.09363221880973], [117.66310446305707, 40.09213429619284], [117.66470869754316, 40.09773765611946], [117.67032116493242, 40.09764814180893], [117.67443101837299, 40.10205629389005], [117.67583367469514, 40.09805866829875], [117.67803862219417, 40.097662859592404], [117.67863940825441, 40.093263682754575], [117.68084439746633, 40.09326790378476], [117.6807437644708, 40.09016748612447], [117.68324943593248, 40.09037228537965], [117.68124399120788, 40.08326795764178], [117.68445123931905, 40.08357409355281], [117.68505334435733, 40.089375643931426], [117.68565435685188, 40.086876605850435], [117.6902645243715, 40.08698527087031], [117.68986334915525, 40.084684363415725], [117.69467358775451, 40.084093166784996], [117.69627745421285, 40.087996328922245], [117.6935718740985, 40.08879149333128], [117.6952755219127, 40.08919461340168], [117.69607782762967, 40.09399640500994], [117.69728049970614, 40.09539865575308], [117.70329256163329, 40.0961091064028], [117.71040516402083, 40.093420338080705], [117.71441202202854, 40.095226414850494], [117.71781572234403, 40.08393033638582], [117.71951822696438, 40.08443262115705], [117.71821671576177, 40.087031089929134], [117.72051998058124, 40.08723410329302], [117.72282249797293, 40.08333667844295], [117.72662709344775, 40.083741063558655], [117.72522542324161, 40.08323947520217], [117.72882908815387, 40.08104319509419], [117.73693599937559, 40.08185039994639], [117.74073770307406, 40.07855274791828], [117.75164008307571, 40.079757277084965], [117.75364025576404, 40.08285782188283], [117.75803907104077, 40.08325805002833], [117.76203676332554, 40.080757424786945], [117.76493404436407, 40.074856325235714], [117.75983712850798, 40.07455733683685], [117.76073606286813, 40.06995693036313], [117.76253506793817, 40.07025663616007], [117.76493302425679, 40.067155834024284], [117.77422403148523, 40.0673514799513], [117.77562172931079, 40.06295028112018], [117.77741939574626, 40.06304899244772], [117.77821802665048, 40.0609482542227], [117.78141348757354, 40.06184564331805], [117.78261145036316, 40.0605444773359], [117.78001448554384, 40.053546364384324], [117.76892703053845, 40.047253178383365], [117.76423068370653, 40.0456547796222], [117.75893383454901, 40.04655574092091], [117.75933402588761, 40.049355864184186], [117.75783435219452, 40.04705582466451], [117.75653481993861, 40.047155837498295], [117.75663499986003, 40.048755927821546], [117.75433560583473, 40.048755792505986], [117.75443422152523, 40.03845524615025], [117.75013387731214, 40.032554167735086], [117.75053216962557, 40.019653634849554], [117.76332678850693, 40.011553305516706], [117.76492602534236, 40.01425300136293], [117.76402727909807, 40.018853470525954], [117.76752499025734, 40.02225247925686], [117.77381826561864, 40.020149164837456], [117.77401841256695, 40.02304917880184], [117.77611587206819, 40.02344779461729], [117.77691406386549, 40.017646941504395], [117.77681514638589, 40.024847360456334], [117.788796100226, 40.024736185897126], [117.79049182861043, 40.01653384107985], [117.79288748463959, 40.01923106834014], [117.79767720031681, 40.01742469968414], [117.79787630360404, 40.01392426066615], [117.80346322551496, 40.011516045972044], [117.80326340971115, 40.00931624738745], [117.80106851748168, 40.00921950586255], [117.80106826795708, 40.007319419640986], [117.79927227649067, 40.00682198128761], [117.8014670068667, 40.00471871781362], [117.80286284270535, 39.99781633627273], [117.8014661666953, 39.99831843471805], [117.7977740121135, 39.994823543740004], [117.79837248650702, 39.99322264473091], [117.79597752826282, 39.99212586137675], [117.79308232161189, 39.98302921369564], [117.79348098855705, 39.97902854507806], [117.7918840107271, 39.977730470815196], [117.79397947164915, 39.97522775422349], [117.78858924163741, 39.96983399309257], [117.78828948749185, 39.96753423257575], [117.7786056592074, 39.97144363515703], [117.77560950421899, 39.97034581072253], [117.76961668032709, 39.97394944296918], [117.76232145572433, 39.96635159129931], [117.75852353915658, 39.96735212145184], [117.74802608755368, 39.97455092666104], [117.74032346742305, 39.97234712247897], [117.73431979980379, 39.97334278707831], [117.7302173271629, 39.98153942167004], [117.7258126356321, 39.981134815126396], [117.71309568832409, 39.987218588637816], [117.70207588268326, 39.98700106301941], [117.70177554586157, 39.98890063167454], [117.70127426222913, 39.98659967796584], [117.69536207405447, 39.98518921228967], [117.69205447831598, 39.98068299619395], [117.68844669843354, 39.9810763059761], [117.68102950330724, 39.975962025512736], [117.66920281672398, 39.97593947143614], [117.66068378999962, 39.97312364467507], [117.64765771194782, 39.97310168255875], [117.64655587959189, 39.97450003992632], [117.64144647466766, 39.970192374736435], [117.63814116139122, 39.96978788696869], [117.62102137101158, 39.97347047227951], [117.6175193545837, 39.977268342823876], [117.61811996011656, 39.978968770758264], [117.61992107248196, 39.977769879312866], [117.61962100483592, 39.97896972710991], [117.62162264685031, 39.979571163699504], [117.62192340095264, 39.98347155117307], [117.61962149452803, 39.982769885160664], [117.61491888190658, 39.984967280757736], [117.6092173877481, 39.98876538468543], [117.60581780412899, 39.99476507026814], [117.59911905490868, 39.995465452634456], [117.59801978182493, 39.99776580028794], [117.5920232198263, 39.99686806855067], [117.59082395686865, 39.99516865085282], [117.58512959054114, 39.99497264271258], [117.58353178087674, 39.9970741185201], [117.57903796236683, 39.99717862839935], [117.57614228779379, 39.995281921858115], [117.57813891811685, 39.99397949850753], [117.57504398701565, 39.99408324620595], [117.57244835857102, 39.99198661516162], [117.56835666912477, 39.99399273517641], [117.56925518830232, 39.996791471437135], [117.56676059243311, 39.998195460316175], [117.55658511815064, 39.99821404549554], [117.55289544570009, 40.00002182043811], [117.55030226675163, 39.995227301850186], [117.54382248759724, 39.998542615749884], [117.54152964226739, 39.99684821048067], [117.54312436110892, 39.99584420810185], [117.54372191837317, 39.99174256610334], [117.54910439230437, 39.984429544988274], [117.55259401691978, 39.98252171914606], [117.55359062035528, 39.977919390665846], [117.54521462669679, 39.971938121807916], [117.54262163643381, 39.96264405878818], [117.54072780522695, 39.962748798467075], [117.54082657960237, 39.95584826729598], [117.53923156395459, 39.95365223708485], [117.53673979145361, 39.95235865742099], [117.53365061461952, 39.9535669398873], [117.5306604099376, 39.947674868582695], [117.52597763024303, 39.94958808879044], [117.52408431525788, 39.94729341333062], [117.52139442610937, 39.94790122557024], [117.5175083604907, 39.942312401455055], [117.51890210257044, 39.934907985202365], [117.53185395032662, 39.93077088481077], [117.52846545862882, 39.9259800761066], [117.52836527079197, 39.92178017746656], [117.52587445047182, 39.922487251685375], [117.5248779104941, 39.92089002966924], [117.52318438513231, 39.92239496666424], [117.52159002267703, 39.919999486868214], [117.52079335340096, 39.92260192156394], [117.51780462704765, 39.92251069509079], [117.51740595603607, 39.92111181263643], [117.50993442446632, 39.92023406018697], [117.51192666608175, 39.91942805241982], [117.51112939694856, 39.91693033215348], [117.51332091107864, 39.91632374767748], [117.5137195953992, 39.91792262719626], [117.51650893220474, 39.9178143249709], [117.51959767137915, 39.92120536137283], [117.5183022270645, 39.91860905863864], [117.51999573633448, 39.91790405131158], [117.51909830701409, 39.91170641202532], [117.52079184689788, 39.91110142315034], [117.52079144092751, 39.90800128536034], [117.51790270151925, 39.91070988920943], [117.51650781690367, 39.909313952571885], [117.51381820258906, 39.91022199319519], [117.51033103809102, 39.90613224560752], [117.51361833481766, 39.905422373080356], [117.51650594151502, 39.89501329764694], [117.5231809835486, 39.89639380777778], [117.52497394787304, 39.89338850762757], [117.52736246822597, 39.87258066408973], [117.53613009441513, 39.86215608287752], [117.53413694446648, 39.8619613866742], [117.53453540439689, 39.86076024866729], [117.5386211048135, 39.85784932790695], [117.54031487270315, 39.85314471612881], [117.54350465270295, 39.85393680974043], [117.55098086461884, 39.845718856664384], [117.55197844194447, 39.849116873101146], [117.55477038385818, 39.84701078798123], [117.55297495104377, 39.843914393967395], [117.55427094973582, 39.84081144321099], [117.549384702042, 39.839322028247736], [117.55058052304224, 39.83411899758564], [117.54858625876713, 39.83302343323756], [117.54798823404025, 39.83442490442506], [117.54489775122876, 39.834632213304424], [117.54429986245741, 39.83643377748858], [117.54250540661148, 39.835138090363344], [117.5427044815387, 39.832937450534594], [117.54539596321423, 39.83283089678488], [117.5471891755312, 39.82302597367252], [117.54958215078184, 39.82412054884657], [117.5493825456895, 39.822620893583945], [117.5506787363762, 39.82251797439413], [117.55506675916068, 39.82520873087727], [117.56434205542695, 39.8132902207594], [117.56763327710537, 39.801083804423286], [117.57442011707015, 39.80047393298375], [117.56663476261731, 39.796084994235024], [117.56034932280969, 39.79619603752662], [117.56114654606299, 39.789793998590795], [117.5598492877554, 39.78629611588385], [117.55486175222104, 39.78210565881072], [117.55236805389835, 39.777310506561776], [117.55855113249889, 39.77519757513995], [117.558052218586, 39.773698405406016], [117.56104456739921, 39.77249257656291], [117.55665462666042, 39.7641002247317], [117.55236644561799, 39.76480927209663], [117.55047157149069, 39.76241319249787], [117.5479790621474, 39.763318950616124], [117.5452871069008, 39.76182513287564], [117.54957410746563, 39.76171513563653], [117.55595567115138, 39.75780098017402], [117.55944728080502, 39.76289461328243], [117.5616419772526, 39.76359058002154], [117.56672943291683, 39.75618100477951], [117.57730980106204, 39.75756629832004], [117.58479861720727, 39.75085799059273], [117.60268626136617, 39.746849637599205], [117.60188616384612, 39.74494946696698], [117.59708757796515, 39.74335016179579], [117.6030852720465, 39.73954877409493], [117.6031849146673, 39.73684844823419], [117.5995856695046, 39.73624873188846], [117.59468831194629, 39.73895046949919], [117.59498726579272, 39.7321495244534], [117.58979116434092, 39.73265219562488], [117.5896907050617, 39.728351719296185], [117.58339732125587, 39.72745642429562], [117.58489505675006, 39.723854652266475], [117.59128877961582, 39.72385020198853], [117.58599327788305, 39.71965320426516], [117.59458602880547, 39.720548195117395], [117.59948323225169, 39.71684626562003], [117.59968251685122, 39.711745531514545], [117.60918120573493, 39.706145070996314], [117.62108732737235, 39.70705099382554], [117.62629177197935, 39.704154857409904], [117.6333002215112, 39.70466221671324], [117.64071089062378, 39.70207125981282], [117.64061032007879, 39.698870649989466], [117.64221281182624, 39.69777272776436], [117.65102936487195, 39.70288696667004], [117.65533702952973, 39.69619318011623], [117.650426420404, 39.68888387615414], [117.65573666539966, 39.686992447592516], [117.65673821508872, 39.683093556906734], [117.66425421472653, 39.68360710378282], [117.65934312088288, 39.67909748433724], [117.66645804086966, 39.675809906201074], [117.66304985037775, 39.66990262052278], [117.66886223324278, 39.66701290616396], [117.67517649726958, 39.667925054205824], [117.67447436503872, 39.66362295916079], [117.66956266513559, 39.65821266045197], [117.674172223969, 39.65222030905925], [117.67156574442264, 39.64731442091082], [117.67276814613163, 39.64501626521956], [117.67196588562707, 39.64141403886474], [117.66875821440944, 39.637407181279215], [117.65843625381332, 39.64018885811251], [117.6591364557963, 39.63028810096162], [117.65793381796958, 39.62928577163995], [117.6484152018206, 39.630570140595225], [117.65091909248515, 39.623972772431706], [117.6465106117245, 39.62186536077569], [117.6472108248547, 39.61356463330988], [117.63799550775653, 39.61465170894724], [117.63739377413305, 39.60814947996124], [117.63138490363109, 39.60374131685773], [117.62738066601223, 39.60753807406315], [117.62557869449164, 39.60693627093652], [117.62777924207116, 39.59283502422234], [117.63268551656667, 39.59534080144188], [117.63869518465683, 39.60365014938996], [117.64300230563448, 39.60475635983783], [117.6434020962056, 39.597755310253895], [117.64560547346089, 39.59415771660918], [117.65722802596206, 39.59527697411335], [117.66123588700452, 39.59098305595341], [117.66193679870014, 39.5863831991169], [117.65692549436568, 39.58027276831575], [117.66003147252829, 39.576377256182155], [117.66704665147073, 39.576490121155445], [117.67446368030552, 39.580305119802674], [117.67917485279776, 39.584815261538324], [117.68037831009715, 39.590719012131196], [117.68338513688867, 39.59152494711243], [117.69130228799708, 39.59003947142495], [117.69991910329847, 39.58215299948264], [117.71224099731542, 39.57767180654113], [117.71534535695393, 39.5731751430897], [117.71274053741833, 39.56776997421011], [117.70362420723458, 39.565955125188765], [117.69631031529386, 39.57054366535903], [117.69220139852904, 39.56813557592407], [117.69200063727043, 39.565534516628034], [117.69701041605032, 39.560142139973394], [117.70212036593996, 39.55845056838874], [117.71003484624701, 39.55866345251019], [117.71474224331543, 39.55626976869504], [117.71654438983106, 39.55157098625038], [117.713739567834, 39.54776595017017], [117.71383909491068, 39.54286469124968], [117.71804449107059, 39.53526832381705], [117.72234982933789, 39.53127262541767], [117.72905810882534, 39.5361815447207], [117.73926611561942, 39.5372903952143], [117.7517705536857, 39.549299228319036], [117.74167046039355, 39.56199884609732], [117.74407305274751, 39.5753036238923], [117.75947207329118, 39.57720712879844], [117.75827298536854, 39.58020797849987], [117.76147170230988, 39.5823081546523], [117.75427555477565, 39.590610451907686], [117.77386329157605, 39.60090767809651], [117.79492831929075, 39.59828639579221], [117.79882043767199, 39.601881959271516], [117.80819844696664, 39.602967988547285], [117.83282985693148, 39.59192139184014], [117.84559333328541, 39.59069729440741], [117.85317260260699, 39.59218410461249], [117.85756071136817, 39.59037618974141], [117.8596556730005, 39.59337346503486], [117.8641444218832, 39.593266347808104], [117.87442158564966, 39.59785304743705], [117.89019279001288, 39.59113566767917], [117.89938207655139, 39.592531060253904], [117.90737590169104, 39.58992897257775], [117.90857560431198, 39.59212952560091], [117.91567356939895, 39.58973036002983], [117.92457505471502, 39.58643451650406], [117.92197367696411, 39.58363200174084], [117.93618342684988, 39.57924451067694], [117.94008772083572, 39.575148751476874], [117.93277799749247, 39.56393644105792], [117.93087637092907, 39.564334492688296], [117.9246713854231, 39.55682686406086], [117.92397003839847, 39.5486240503257], [117.92136912779222, 39.54882235767758], [117.91936795786526, 39.54311958941716], [117.91586770168794, 39.543018001667576], [117.91436738587795, 39.53961651427681], [117.91586720027753, 39.53901683852141], [117.910967834687, 39.537415108382696], [117.91236733154153, 39.536415064521385], [117.91096748375847, 39.53461428045792], [117.91306680834148, 39.533414332359044], [117.91136692590207, 39.531113297538006], [117.91446603364366, 39.528913362156274], [117.91656614011488, 39.53061461251989], [117.91556535761096, 39.524212290230665], [117.91876527217447, 39.5224130959397], [117.91736467527481, 39.51871129375722], [117.91936515090872, 39.52071287543792], [117.91846475816273, 39.51861176720465], [117.91976491039819, 39.51821230870445], [117.91426399044174, 39.51240817393614], [117.90466754968749, 39.51070683748855], [117.90306612208995, 39.49030034958753], [117.8990695412894, 39.49030147074441], [117.89846983962445, 39.48800091018232], [117.90256605203984, 39.48669921956606], [117.90446430354538, 39.48369784666862], [117.90526263384204, 39.474494514799204], [117.89437211752126, 39.47019658446824], [117.89237432493096, 39.46779690525578], [117.88418667609201, 39.46820351724533], [117.88019224203185, 39.4559030127452], [117.87639961275015, 39.455907330174135], [117.87789120846868, 39.41258844391597], [117.77193973971282, 39.401843165637445], [117.74365180277194, 39.41174824708448], [117.70600848401907, 39.40870509150385], [117.7086107483858, 39.39000123564354], [117.67945037583478, 39.38774800300249], [117.67704734644086, 39.40635140693769], [117.67424102460059, 39.406145955856886], [117.67343950757596, 39.40834535266908], [117.67684730344673, 39.40955236872773], [117.67534437428041, 39.41305095291509], [117.67133519632227, 39.4114426472906], [117.67003254872749, 39.41344101295533], [117.6612129729262, 39.41072355980939], [117.66251547633605, 39.40852499865101], [117.65720407985984, 39.406714765758736], [117.64968925188228, 39.40680220579718], [117.64978911248578, 39.40420126738136], [117.64768517610348, 39.40399785553849], [117.64798537397283, 39.40119713352596], [117.64197464480527, 39.399487440404066], [117.6412742487431, 39.40548900803639], [117.63786886668137, 39.40528433244511], [117.63716834434756, 39.409485196834936], [117.62024888638962, 39.408067719235575], [117.62044954233339, 39.41206953229933], [117.61744768902513, 39.413968393195454], [117.61834855933085, 39.416269885874584], [117.61724808070393, 39.41806996958259], [117.607544848157, 39.42046730400141], [117.60794450649816, 39.41736610516159], [117.60324431599282, 39.415965118222], [117.6032440521783, 39.41386424926651], [117.59994464053126, 39.412864125018956], [117.59674510761643, 39.406462189688646], [117.5772651688244, 39.40557627800566], [117.57766400120029, 39.40127398556081], [117.57426955248653, 39.400878003772796], [117.57486817872157, 39.39817607209548], [117.56648429102742, 39.39748801135713], [117.56708257151786, 39.39398552898819], [117.55989903455843, 39.39359795468354], [117.56059686444745, 39.38999507400663], [117.56349003180287, 39.39018992060799], [117.56408820988304, 39.38658729869135], [117.55909976062968, 39.383595095410676], [117.55022363852582, 39.38221298161499], [117.55132006409092, 39.378909075302005], [117.54513840517812, 39.37832304132905], [117.54543711259565, 39.37542102312432], [117.54154933691322, 39.37503035750011], [117.54354166916227, 39.364720734985774], [117.54045142125422, 39.36342783084903], [117.53566793200284, 39.367742216380044], [117.53247880418232, 39.36665029072163], [117.534770314464, 39.36234212433628], [117.52719652726111, 39.35826107966151], [117.53556581906095, 39.34843349481461], [117.53985167742252, 39.35002309518392], [117.54244189342327, 39.33901133068217], [117.57585963538236, 39.34355001731486], [117.60143636326677, 39.35003601224275], [117.60363550200604, 39.346034013247824], [117.61313719412283, 39.34793688517682], [117.61533773206246, 39.344136074690994], [117.6228431545771, 39.345341506969255], [117.62344290352071, 39.33903897005311], [117.63976415779538, 39.34445946152327], [117.64827889302639, 39.34537237968104], [117.64837843590314, 39.34027009524782], [117.64437112304928, 39.33916344855471], [117.64366964052584, 39.3369613564545], [117.6487782218878, 39.33266704801443], [117.65268454834329, 39.32366897544912], [117.65699311135921, 39.32307602002157], [117.65829534383266, 39.31947651402728], [117.65659181244486, 39.319273435705085], [117.65699224175879, 39.316172583821604], [117.65899633670693, 39.31577590517011], [117.67002044923197, 39.31789722615713], [117.67122349028982, 39.32080094775186], [117.67573396711995, 39.32391108071819], [117.67714136005277, 39.35742986668465], [117.69888823253115, 39.3568700876472], [117.69868732125005, 39.35286786205053], [117.71311353736519, 39.35259109222058], [117.75094564005977, 39.35572610046135], [117.75774471953132, 39.35962858501216], [117.76284208118352, 39.35922774933435], [117.76104341243767, 39.36132906525705], [117.79090798525391, 39.37811598020306], [117.8115605851742, 39.37438422783038], [117.80966397690248, 39.36308222165549], [117.8130546242102, 39.35797417138894], [117.81704381176942, 39.35596631440504], [117.83938127178298, 39.357325660352544], [117.84636109645295, 39.35361101772414], [117.8593272312936, 39.36169225351237], [117.85424135517026, 39.36810374027041], [117.85823117299363, 39.37059814021205], [117.86092390302066, 39.36749234154517], [117.858031049203, 39.36549613925066], [117.85902831248892, 39.36419389713595], [117.8668093269279, 39.36578252215487], [117.86900391117216, 39.363178166873226], [117.85792945019043, 39.350689409860365], [117.85613322604361, 39.34338894795224], [117.85234340961719, 39.343895714582295], [117.8510464165921, 39.339796029307216], [117.84805434183882, 39.33740021948531], [117.85084640797058, 39.33539425535481], [117.84166850732215, 39.307697204694286], [117.8390759700445, 39.30850244713828], [117.83628338466514, 39.304205496486645], [117.83389028679592, 39.3048103015129], [117.81603684866616, 39.28003019086557], [117.81763247276486, 39.27922695759493], [117.81962735807232, 39.28152461389693], [117.82371589921496, 39.28001639264275], [117.81982670000876, 39.28062378058913], [117.81573689737981, 39.274127583923686], [117.82291695256113, 39.2708129632668], [117.82939883640881, 39.27140127491434], [117.8311931495227, 39.26669539157035], [117.8374753269418, 39.267283909589466], [117.84824693096613, 39.28277225868243], [117.84894512871792, 39.28377152880944]]]]}}, {"type": "Feature", "properties": {"name": "石家庄市"}, "geometry": {"type": "MultiPolygon", "coordinates": [[[[113.87106025171018, 38.7465413958858], [113.89131666565062, 38.74632016864248], [113.90000290029144, 38.739012385150424], [113.90719493245281, 38.73650994066688], [113.92148669938426, 38.72380844306148], [113.93859271847745, 38.71412120592988], [113.93899216219228, 38.706518545637984], [113.93598921924143, 38.70291308851174], [113.94459747210979, 38.7010246702404], [113.95371066011377, 38.701441209162006], [113.95891965753142, 38.69905098278426], [113.97094560848022, 38.70037979175732], [113.97635849212988, 38.69679239389839], [113.98227293367604, 38.68770489547136], [113.98768749308172, 38.684218903859474], [113.99460720813842, 38.682338459174915], [113.9981169708547, 38.67744704435713], [114.01898039828278, 38.687113693637656], [114.02349291913346, 38.682925307580305], [114.02810592551047, 38.6833387396879], [114.03512543748063, 38.68926054235696], [114.03813303343317, 38.68896843803078], [114.04043799744942, 38.68337221453441], [114.04575004675793, 38.68098454212475], [114.05867619444295, 38.68721559449223], [114.06027877470669, 38.686818577483834], [114.05967730290031, 38.68281583234473], [114.06137981207064, 38.68121847699423], [114.07129247978186, 38.67933452541035], [114.07379394101397, 38.67143509416815], [114.07949844097652, 38.67294287537583], [114.08600103458845, 38.67204901263442], [114.0863003629506, 38.66614704247611], [114.09389942681095, 38.6587493832922], [114.09449947338071, 38.66025022196741], [114.10559340922649, 38.662053341813824], [114.11697947792427, 38.658649050287906], [114.12466704313209, 38.662345366070106], [114.13155290376096, 38.660538315443034], [114.13514537998523, 38.66493596492944], [114.13434769254704, 38.66873830766862], [114.13574466855209, 38.6704373261467], [114.15339901562672, 38.67951561187738], [114.16027799875845, 38.675702465190334], [114.18858853090562, 38.67735076891017], [114.21910353081253, 38.688906353609696], [114.24435702772604, 38.693086189884006], [114.27024093283853, 38.69959041944395], [114.3177864758487, 38.707254114177026], [114.32399704905899, 38.70736560610802], [114.33281234750818, 38.70408096800947], [114.347537144196, 38.69100352796596], [114.35454869617948, 38.68841515229094], [114.37277432794673, 38.68704330855707], [114.38298435461229, 38.68925642793334], [114.40069136473366, 38.69657185755324], [114.40089191057186, 38.70117381423793], [114.40339197564627, 38.70507616364635], [114.40699058874546, 38.703376041482706], [114.40918964789574, 38.70437653762533], [114.41548494960921, 38.70287496317431], [114.41988072273588, 38.7047740356283], [114.44413544229967, 38.69364445641948], [114.45061859420414, 38.69513410891571], [114.45899424390977, 38.70021963952189], [114.47583440715468, 38.692176043849656], [114.479221646153, 38.693967723324], [114.48410237620664, 38.69355409043176], [114.48918145783007, 38.69043836512287], [114.48828457805352, 38.685939154680845], [114.50959426557948, 38.67557179463293], [114.52811595533898, 38.65430962838894], [114.54226290250784, 38.64987050750599], [114.54285884645674, 38.63286315665478], [114.54584852494227, 38.631355432571155], [114.55152941334765, 38.62404007103953], [114.55182811914666, 38.62083838442398], [114.55820858853014, 38.613522898960746], [114.55800864429379, 38.60922195610568], [114.55531581764107, 38.60492604547587], [114.54863575127898, 38.600139109242804], [114.53438471242336, 38.593072547875586], [114.53358748317658, 38.59117414608119], [114.53627671364748, 38.584765177100344], [114.53936598772658, 38.588958335465925], [114.54713993251802, 38.594340861647346], [114.55312080252045, 38.59182678702104], [114.56299355546089, 38.59340797574476], [114.56917865879065, 38.59119720571902], [114.572970897277, 38.59279223192797], [114.57546598169905, 38.59168867809669], [114.57716301980238, 38.592486858987655], [114.57656426339398, 38.59408802792156], [114.59014570810703, 38.59687669693041], [114.59144355169649, 38.58887367179389], [114.59523957892819, 38.580769736943864], [114.59953663233416, 38.57616736857079], [114.6015350944076, 38.56936534022514], [114.60903352125744, 38.562564260265624], [114.62063614534921, 38.542865248406365], [114.62814239608531, 38.537870593418226], [114.62864201585971, 38.52976936661904], [114.63875400354578, 38.51717875513986], [114.6483699699032, 38.513492109510274], [114.65778775038332, 38.50520636581454], [114.65979126780859, 38.498808811058815], [114.6738210162056, 38.483532478234], [114.67963342844634, 38.47394221598874], [114.68695110544054, 38.479956975731504], [114.70809776142069, 38.489695517610095], [114.72242264745054, 38.49141578837625], [114.73904071096926, 38.48132979292896], [114.74164265593608, 38.48123135728334], [114.74154275086646, 38.48263150818445], [114.75014786115176, 38.489336018747196], [114.7713447198783, 38.49723400859646], [114.78932562156272, 38.49791864265202], [114.81667447646178, 38.492976918426066], [114.82226174859817, 38.4898663867295], [114.82555373624575, 38.48505958617229], [114.83083987992745, 38.47014759373708], [114.83403208015004, 38.466341097149986], [114.83762371095929, 38.46543423433723], [114.83672523987184, 38.46083534576308], [114.83413100287153, 38.45904000357926], [114.82604958523386, 38.45915514355546], [114.82545072811644, 38.457256027735646], [114.82505084498607, 38.45045599678837], [114.82934062759266, 38.446947638448634], [114.83562590884569, 38.44483561700177], [114.83512582843674, 38.43423554216183], [114.84320748212278, 38.435120528331616], [114.84690227228204, 38.461316549629956], [114.85298909747925, 38.46110569799036], [114.85328782115651, 38.4555045134723], [114.86017353349872, 38.45239262510521], [114.86187047965521, 38.454090112138296], [114.86406581933429, 38.449086152781], [114.86266753838085, 38.44158753810074], [114.86017209304876, 38.43989132863634], [114.8598722713117, 38.436391483387894], [114.86196771106691, 38.4316877208735], [114.86865610437437, 38.43467797802206], [114.87045270616191, 38.43087514895017], [114.8707525224515, 38.433474966523484], [114.87494613802443, 38.43366954410344], [114.87524535008309, 38.430568906905016], [114.88812969507353, 38.424555346680236], [114.89262583924453, 38.420651894901006], [114.90812025798202, 38.403846233148464], [114.91692397564145, 38.40254816867374], [114.91722356771028, 38.39714803905963], [114.91582234517004, 38.39464736206737], [114.92042559548956, 38.392449472762685], [114.92673235439167, 38.39225402398807], [114.92923526672556, 38.388656193827956], [114.92933428426247, 38.37885600588453], [114.93143641365978, 38.37055800876825], [114.93584340041731, 38.36816313159344], [114.93393853869719, 38.35426075281719], [114.93574163015201, 38.35426295559332], [114.93634228825117, 38.350663743294696], [114.93874658604116, 38.34906697505081], [114.93874608168537, 38.34466702908754], [114.94886821042435, 38.34368322532564], [114.94716338210687, 38.33748032983073], [114.94144956110361, 38.327771343171804], [114.9333345954634, 38.328460519347296], [114.92872626662454, 38.31605613553045], [114.92592271970804, 38.31665361119907], [114.92221825763416, 38.31335100205486], [114.91281105771859, 38.31004692234822], [114.90940890483338, 38.3018468132063], [114.9094082441348, 38.296047172995074], [114.89870828899309, 38.293048893253044], [114.88911294836029, 38.28535484490153], [114.88781359679408, 38.28135615988036], [114.89021090534018, 38.27505486722702], [114.88931091840632, 38.26895605458533], [114.89200855186702, 38.26575448307653], [114.91530696541528, 38.262551179538015], [114.9157070842285, 38.261451430301705], [114.92231287460775, 38.265254491012364], [114.92101179108637, 38.26675352199529], [114.92171324021155, 38.27365334342593], [114.92591778006738, 38.27335645568465], [114.92651900662865, 38.277656598473975], [114.92992396880243, 38.281159485222425], [114.93352982572361, 38.2838631904637], [114.93733649496924, 38.284067924096455], [114.95407420737357, 38.27859635868476], [114.97604413926236, 38.28164790288549], [114.97483961350889, 38.27944488362412], [114.98066070666395, 38.27996058957806], [114.98025906323407, 38.27855959337876], [114.98377212441501, 38.278269433172454], [114.98708432544962, 38.27477918236076], [114.99170209022716, 38.27339275911613], [114.99511564740428, 38.2742028011559], [114.9969218396732, 38.26570895950776], [114.99511383810744, 38.2587042379916], [114.99822586835273, 38.25561386147507], [115.00655918580772, 38.25413918276106], [115.01368871420367, 38.261559963666386], [115.02172090695417, 38.26488350406471], [115.03808232459541, 38.267828878699206], [115.0446044467691, 38.26694548156611], [115.04671088519414, 38.263450890834534], [115.05142540670529, 38.26186191642977], [115.05012084169717, 38.25695946634727], [115.05192629579915, 38.25666354652258], [115.05613902760898, 38.26057217641365], [115.06275650402695, 38.259285183461635], [115.07247921893459, 38.26550040386342], [115.0727807592402, 38.273300127423184], [115.07047611464459, 38.27399669508695], [115.07137874569379, 38.280197525515675], [115.06296058684777, 38.28908299286466], [115.06486554227041, 38.291486206574376], [115.0709795886061, 38.29409590717626], [115.07779254759203, 38.29400508487582], [115.0778922606742, 38.29020546689657], [115.08189854244776, 38.2891099839848], [115.08209845303824, 38.285910422141185], [115.08630401165796, 38.28461437908057], [115.0922094935419, 38.277619018211084], [115.1144141662178, 38.265421581011054], [115.15166944100156, 38.25788235000264], [115.15855603102794, 38.25757087825289], [115.17482160409799, 38.260340997050584], [115.1778145383097, 38.25673573195536], [115.17811351512894, 38.253735476882845], [115.18629509767624, 38.25092045858428], [115.1855964977191, 38.249821872409214], [115.19218216762702, 38.24920986403643], [115.19238108772302, 38.24371010975961], [115.19607326829288, 38.24310361106615], [115.19667161571049, 38.23960296301195], [115.20036387756684, 38.23739687444885], [115.21314027706347, 38.23587707724534], [115.21453827753751, 38.23827483391151], [115.21633530236413, 38.23717251600807], [115.21863298540794, 38.24696840171269], [115.22132913592327, 38.2469650676595], [115.22602364205164, 38.251759260817515], [115.22782264681307, 38.2610564719177], [115.23121933784202, 38.263553030844406], [115.2295211880109, 38.26445449843656], [115.23002101818709, 38.267453752752324], [115.23321785517037, 38.26705099996836], [115.23331795421602, 38.268650772271144], [115.2312199773964, 38.268952530029246], [115.23201938783743, 38.27055168919657], [115.22852331158767, 38.27325466071785], [115.22962289500235, 38.279753066853324], [115.24781088513937, 38.28014171023278], [115.25201051851674, 38.28244063293179], [115.25181113398259, 38.287540275864565], [115.25711153638717, 38.288140013380534], [115.2583121986596, 38.29153987102882], [115.26791620371652, 38.287242918601045], [115.27191947429559, 38.28834499098904], [115.27171809107003, 38.278145655445286], [115.2722182455521, 38.2757461608423], [115.27462051932426, 38.275847747542905], [115.27482042301679, 38.27334810251363], [115.26721410645953, 38.273543694458105], [115.26741331606443, 38.265744482164315], [115.26931419931182, 38.261745776514175], [115.27461870639986, 38.26054913869497], [115.2804247699679, 38.25685419500577], [115.27772021327416, 38.24545307546379], [115.27761980445317, 38.24295327359197], [115.27972202536934, 38.2409552822946], [115.29875143951601, 38.23537837882805], [115.30897252439014, 38.235994301506125], [115.31027610647412, 38.24199579757926], [115.31558863249823, 38.24600458624895], [115.33102629683377, 38.24973288792236], [115.32992017424887, 38.221334159699836], [115.34064656205433, 38.22115467187332], [115.34014504865658, 38.21875403458264], [115.34335279432493, 38.218260170844545], [115.3431519965968, 38.21566014034772], [115.3535762785034, 38.2136795284012], [115.35718402798395, 38.21128614068769], [115.35868690399873, 38.20808913767507], [115.35688221132747, 38.20168698051695], [115.34866293025523, 38.197073026234314], [115.34796090369001, 38.193972198086875], [115.34895993405368, 38.16627843884193], [115.35086357971998, 38.159683020836155], [115.35316872355322, 38.15848735800996], [115.35146362284321, 38.14848605648275], [115.35386905045065, 38.14799043420016], [115.35316656017854, 38.14049053686142], [115.37120323121734, 38.13871980726726], [115.37210347310045, 38.12762310383788], [115.37450753001495, 38.12752633412317], [115.3748072751129, 38.12132789323087], [115.38011535805924, 38.12103437759622], [115.38231806808258, 38.118437274925505], [115.37931248053121, 38.10673622354048], [115.38562058140334, 38.1050431631807], [115.38521967228412, 38.10144349353928], [115.3887234953122, 38.10084672831288], [115.38842296677618, 38.099046835346925], [115.39092535276727, 38.09844893026252], [115.38952292647885, 38.089449653069565], [115.39772914424445, 38.08765523938568], [115.39883023820434, 38.09175490977963], [115.40583264420036, 38.09285665724714], [115.41363178211782, 38.09145663416488], [115.4151318543872, 38.09645526654074], [115.42322665175868, 38.09585165498967], [115.42252695560732, 38.093452573576805], [115.42382564859273, 38.09195204114957], [115.43261522550338, 38.090044791142866], [115.43571009534449, 38.08604209187808], [115.4504802572994, 38.082820381575516], [115.45357270609125, 38.08331448274704], [115.4556677651015, 38.08730954089984], [115.45846017817246, 38.0870038445499], [115.46075432085368, 38.09209788402211], [115.47431209787753, 38.095864557386385], [115.4747102865099, 38.09206428082402], [115.4794935074616, 38.0912517096785], [115.48068869516761, 38.08674935311441], [115.48706516145576, 38.08583166587996], [115.48975473342398, 38.08352439006064], [115.48786093354204, 38.07543150224103], [115.4837761518037, 38.07564305043203], [115.48068650579675, 38.068353116634505], [115.46952452279854, 38.067082526228596], [115.46882649201709, 38.064784716237895], [115.47301270251728, 38.06427433718567], [115.47081873206199, 38.053882058163516], [115.46832675765198, 38.053688246745814], [115.46523516491548, 38.043297802627706], [115.46623153227547, 38.03859645045579], [115.46473545469085, 38.03300114286321], [115.46373829733814, 38.03160373833285], [115.45815428088909, 38.03091615286579], [115.45416502357767, 38.032024014366115], [115.45346615542105, 38.026626517498926], [115.4567575167768, 38.02622004961161], [115.45765411586092, 38.01811991676453], [115.45436246237989, 38.014927258620354], [115.44837696038019, 38.01473837045969], [115.44757843600583, 38.012040315439734], [115.44378655245013, 38.01224643000779], [115.44338716781081, 38.010647384370294], [115.44388550897321, 38.00524776516698], [115.44238838048025, 38.00425025168256], [115.44468372037618, 38.004046769733314], [115.44448388271765, 38.00194753141908], [115.45146821843184, 38.002535419278885], [115.45186739989342, 38.00383440003483], [115.46064395384639, 38.003116719411736], [115.46064364324535, 38.00051727210422], [115.46951642465528, 37.999196871387994], [115.46851925256418, 37.996099972876415], [115.47041287272576, 37.993795794464255], [115.45485845599215, 37.992231100159536], [115.45126720559034, 37.99003844148164], [115.45036884438734, 37.98574099318382], [115.4519649999569, 37.98583803147826], [115.45126584103464, 37.97864084870671], [115.46223602324096, 37.975419047282415], [115.46432948027828, 37.97281482944528], [115.46263392026995, 37.96761978395942], [115.46313136026458, 37.95852054730495], [115.47000962556595, 37.95560479309172], [115.4691121869218, 37.95280758264072], [115.46691890705493, 37.95091328410201], [115.46382845531872, 37.95162037699447], [115.46013832360671, 37.94403016499561], [115.45744586610328, 37.944535781174636], [115.45485190853384, 37.937442481033855], [115.44886650418943, 37.936953766052234], [115.44846721415504, 37.93525480404156], [115.43848759743003, 37.937669612252506], [115.43818841635661, 37.940169501626606], [115.42850302393872, 37.9446792152713], [115.41911144188741, 37.944185615730106], [115.41971015314671, 37.9366868499243], [115.41781128592032, 37.936487731281446], [115.41841013873355, 37.92978882392397], [115.41990929879081, 37.93068795360061], [115.41980923399828, 37.92958822187917], [115.41651010785323, 37.92109127253059], [115.4115115752031, 37.91939275349737], [115.40001019629406, 37.92059099433752], [115.39770965795174, 37.92588897177835], [115.39670825599724, 37.919189794930936], [115.39210470660244, 37.91808722202209], [115.39060267743737, 37.912387238536965], [115.39260439886495, 37.91198874730795], [115.3899015559804, 37.90858743061971], [115.38239269596865, 37.906380963052705], [115.37177648067357, 37.907167863698234], [115.37157487674297, 37.896669564575426], [115.369270823682, 37.8972661925073], [115.36886919265291, 37.88976699512622], [115.36666500151705, 37.889363797275685], [115.3665638079769, 37.880965161792936], [115.38128795437716, 37.879084810734845], [115.3807870390674, 37.87718459844345], [115.38248925082593, 37.87648655172948], [115.39610263455607, 37.87549760671872], [115.39830246444834, 37.86310082549735], [115.3975014774348, 37.858601205754], [115.39419927397368, 37.858599396907344], [115.39640031531336, 37.85450132644326], [115.38138512776717, 37.85428914743413], [115.38148467857107, 37.84939004817135], [115.3776792881901, 37.849985604241446], [115.37798015899656, 37.85348539862168], [115.37367329649297, 37.85328000395388], [115.37247093895638, 37.85057882818577], [115.369265267326, 37.85067431551316], [115.36816217174808, 37.84177411440228], [115.36615809464895, 37.83947146622802], [115.36766030482586, 37.83397456376372], [115.36645648492032, 37.821074635717174], [115.3644521709921, 37.81767202452725], [115.36024369685997, 37.8186651128793], [115.35884044157577, 37.816263106118384], [115.35593299797893, 37.80665942981666], [115.3578368904311, 37.80446298073957], [115.35603157178788, 37.79276133401052], [115.35743456535266, 37.792163815995025], [115.35853607587455, 37.78486652767262], [115.37096035988017, 37.78368594410074], [115.37747016934303, 37.77599528565319], [115.37787021642526, 37.77129624952604], [115.37406424953033, 37.771691430325575], [115.37286190151866, 37.76889011030064], [115.37075827083831, 37.76908719458447], [115.36975575129281, 37.762986356683236], [115.3669504957401, 37.7625822739916], [115.36745114827121, 37.76008325279328], [115.36254191593015, 37.76347533111087], [115.36143945432366, 37.76177370595716], [115.35753137224843, 37.763367041229344], [115.35362218437892, 37.75866067931143], [115.3517180189129, 37.759957169044355], [115.35071443180685, 37.749056289895094], [115.3556254111058, 37.748165075138786], [115.35552432702733, 37.7408654521625], [115.36193772710045, 37.73847640276773], [115.36133622854621, 37.73627557670556], [115.3634402814094, 37.73427909442192], [115.37476051974492, 37.73059569878355], [115.37546197100652, 37.73329642710256], [115.37896733313072, 37.73330069390023], [115.39248234327289, 37.72801357495324], [115.39298218483707, 37.72321418217502], [115.40068649157587, 37.71971826818824], [115.40058565328219, 37.713018548079525], [115.39728401548335, 37.713217148355], [115.38727498254923, 37.70831048047442], [115.35261467838481, 37.714261891277225], [115.3453981980178, 37.716948576629754], [115.34148862705258, 37.7153412998954], [115.33988458579515, 37.71403831521992], [115.33757789936553, 37.70493428389912], [115.32785362389666, 37.70081584934209], [115.32745201540855, 37.695415238151355], [115.32324192230485, 37.69620729385542], [115.3221389878551, 37.693705301546515], [115.32183776722712, 37.68940483152777], [115.32594761367113, 37.68901252977574], [115.33176111935765, 37.683223666475705], [115.33206157499644, 37.68082426473499], [115.3230373190141, 37.66090712227087], [115.3068002425936, 37.66017848755007], [115.30459465596354, 37.65177477259124], [115.30649843370459, 37.65007778273094], [115.30549591231963, 37.646476059193816], [115.3028905063541, 37.64597193796103], [115.3004850273392, 37.63986806437336], [115.30038449608244, 37.63696779493347], [115.30479317889802, 37.6354745178594], [115.30348991557734, 37.63037222090848], [115.3005842611897, 37.63156784272043], [115.28806222486675, 37.63075114752879], [115.28415717777142, 37.63644715101037], [115.2805526404563, 37.63814371928478], [115.27414547776179, 37.63743854199298], [115.2643384668522, 37.64033361347911], [115.26113771194345, 37.64633294873853], [115.26253830917663, 37.64653329140786], [115.26353973182326, 37.65483379723445], [115.25984023491493, 37.67213312724412], [115.26824489430851, 37.675235835831614], [115.26754599332975, 37.688935373199776], [115.26454430555518, 37.69003416038939], [115.258943500398, 37.702732507899974], [115.25414292935228, 37.70453225655146], [115.25144449116677, 37.71773198169008], [115.24924496994508, 37.719432326386425], [115.24934541448185, 37.723432092608114], [115.2411484235669, 37.723635241982464], [115.24034923720504, 37.72673550765103], [115.23605214734287, 37.726538280462094], [115.2333551869498, 37.73333992943517], [115.22536385766843, 37.73524735899636], [115.22516443751472, 37.73814737686324], [115.21927216371841, 37.73695435044165], [115.21487931275401, 37.7411598380048], [115.20549555857113, 37.74137379190868], [115.20379947831323, 37.74767604668162], [115.1992084765812, 37.748083674119265], [115.19920866291126, 37.74968354623557], [115.19421875317148, 37.74879232385505], [115.1931207589319, 37.74629448034732], [115.18344219438782, 37.751311858551375], [115.17875237448321, 37.7501207569411], [115.17645769047081, 37.75232489242174], [115.17406377740929, 37.759328783701996], [115.16658010363719, 37.760142597668306], [115.16189038586779, 37.76375072970007], [115.1609918475141, 37.76045262556337], [115.1588960957354, 37.760356304359625], [115.15580406289281, 37.77596007303482], [115.16648278349463, 37.78114067999525], [115.16578498760872, 37.78724127203579], [115.16817990054807, 37.787536849798926], [115.16079630435556, 37.79484932801768], [115.15900082768454, 37.80225155622387], [115.15620633524273, 37.80185640012836], [115.15580749260978, 37.805056665729225], [115.15860196092817, 37.805051890529676], [115.1581033967785, 37.808752269987046], [115.15211489728073, 37.808162361308284], [115.15261363511192, 37.805361917141084], [115.1496191974819, 37.8059666164139], [115.14981846109029, 37.80276671478627], [115.14143237139203, 37.801879140340226], [115.14023397128751, 37.800080976702475], [115.13743806865091, 37.80068449857607], [115.13643993221285, 37.80488519295], [115.1308469533005, 37.80579137506769], [115.12924946937014, 37.81239211266332], [115.12595284222714, 37.81369497427585], [115.11505978964496, 37.81360212414924], [115.11475957683749, 37.8109026174381], [115.10375994726236, 37.80870506497499], [115.10345865083193, 37.798406366894326], [115.09915703256999, 37.798505713665485], [115.09925678600035, 37.796006044795114], [115.09245222269135, 37.7969032665881], [115.07853428700116, 37.7949915807805], [115.0757289140483, 37.79078864398162], [115.07833300779514, 37.78699228773384], [115.0908492975538, 37.78470376942142], [115.0915494188435, 37.780104698303184], [115.07492549454251, 37.77428942242872], [115.07482504858231, 37.77208951513834], [115.07302156507498, 37.771787086860705], [115.07612551875717, 37.75589272806016], [115.07352061888699, 37.75548931176723], [115.0763247685885, 37.74649375360841], [115.07542302253495, 37.7454926769838], [115.06279541198514, 37.74287314248888], [115.06189292865017, 37.74097162638741], [115.04714998857719, 37.73444085913231], [115.03822094346, 37.74061816846362], [115.03942558279552, 37.744621001267454], [115.03812121062097, 37.745917510602716], [115.03009231847466, 37.74629573409892], [115.02517420168611, 37.74978150164398], [115.02075716655709, 37.74976864886414], [115.02035596033653, 37.75286721226802], [115.0173444331983, 37.75525809349072], [115.01362973345748, 37.75524698507016], [115.01513538581422, 37.7524517388192], [115.01854882269039, 37.752261924945806], [115.01794533763977, 37.742560901341704], [115.0119213986205, 37.741842918730796], [115.01041485130344, 37.737138709320284], [115.00780422319062, 37.73543093196059], [114.99676029482917, 37.73639753453947], [114.99384911085832, 37.73888868334391], [114.99344804995587, 37.7433871654472], [114.9896331198285, 37.74257600203111], [114.98913078629411, 37.739074792142965], [114.98561739376122, 37.73926463723234], [114.98210330748107, 37.731055246820425], [114.9774863684606, 37.73004261040019], [114.97377273084577, 37.7252330245252], [114.96604643316522, 37.72071387509518], [114.94468814838939, 37.72237024873428], [114.94438796103158, 37.72666951642786], [114.94088058312843, 37.727264029724175], [114.93907767782405, 37.7332610535116], [114.93757440789349, 37.72945922851068], [114.92515557025781, 37.728545977679566], [114.92035091515204, 37.73084252710238], [114.91424640115179, 37.72923991772211], [114.90984465706163, 37.72983896166524], [114.90954402877568, 37.72493922014261], [114.90614268882973, 37.71823949734198], [114.90374255462037, 37.717339788680185], [114.903342190853, 37.7138400183922], [114.90174228920863, 37.71304038361258], [114.8936457149436, 37.716543527770206], [114.88715057326777, 37.716648063168904], [114.8816551434932, 37.70685354439045], [114.8792579214932, 37.70585611740328], [114.87706094925818, 37.707358551317384], [114.87676083170486, 37.702659070856726], [114.86927215412194, 37.70326870959633], [114.86697533899353, 37.69727216739306], [114.86198445882505, 37.69877968807472], [114.8536008475913, 37.697293602439004], [114.85230285834253, 37.69109600603438], [114.8483108097243, 37.68610317835199], [114.84671435214084, 37.68670605593061], [114.84870919760922, 37.679402536239145], [114.8473119260827, 37.67670507053059], [114.83703509940615, 37.67852408278352], [114.8381320912332, 37.67392204137697], [114.83503937353444, 37.676127845165595], [114.8326442180669, 37.6706323523548], [114.82625871296516, 37.670444304379686], [114.82386390991607, 37.66874872746185], [114.82057044447448, 37.66175468009537], [114.81448346404834, 37.66046546480098], [114.81408347289045, 37.65306601626551], [114.81118932408455, 37.65157091468762], [114.8076954342992, 37.64337643229908], [114.8096904891495, 37.634872826156446], [114.8064964736502, 37.63177786867462], [114.80430085454627, 37.63328138931864], [114.80250364269719, 37.628283882213346], [114.78712861703028, 37.63150417351698], [114.7878272679367, 37.62790321831992], [114.77024463742458, 37.625117511557804], [114.73193596404222, 37.63141018771878], [114.72292407399888, 37.627800608954544], [114.72192248425198, 37.626699349282404], [114.72322386231832, 37.62210063585222], [114.72071968443916, 37.61789733656433], [114.71320713988815, 37.61648709032208], [114.70468810704095, 37.590071664745786], [114.70077923203253, 37.581964245544505], [114.69366301573501, 37.57335065967302], [114.69286040768412, 37.565848237825975], [114.68604509763546, 37.56593558029027], [114.65257017837348, 37.5567723834486], [114.63003432213478, 37.55714103879642], [114.5909274547892, 37.55352899566473], [114.57135706149633, 37.557448894891785], [114.54512918758026, 37.56650076643438], [114.52580054501037, 37.57525290775712], [114.50707705119238, 37.57890861864504], [114.48954914322408, 37.57756060803123], [114.47789435215904, 37.57299268156813], [114.4681291839055, 37.56661688170217], [114.46474070754111, 37.56602485997846], [114.46464084582895, 37.56432486369695], [114.45965670436, 37.56113559509734], [114.44958575046637, 37.55685487828663], [114.42733254206551, 37.55078333918777], [114.41624619401986, 37.550489761156875], [114.40785140935829, 37.544890103321876], [114.4012531045784, 37.54258852377956], [114.3934518058682, 37.5361836680161], [114.39175088224074, 37.532681907951684], [114.37894257762338, 37.530469448304764], [114.38034295566268, 37.523269711874796], [114.37643835077272, 37.51446338071919], [114.36452477836036, 37.52004770082656], [114.36051905107655, 37.52004126820123], [114.36001774938052, 37.51523949165415], [114.34629504760254, 37.511514448910866], [114.34549308309415, 37.50651190995448], [114.34088468808352, 37.50370263095143], [114.32796160615831, 37.502177629186576], [114.32265278184313, 37.50516828324126], [114.31954746887577, 37.5042623529452], [114.31704297191794, 37.50075704132065], [114.31313704175788, 37.502750551794136], [114.3097325990007, 37.50854594778709], [114.30742942475518, 37.50964234227659], [114.30792991260057, 37.50774276917128], [114.30212199149963, 37.506433240612935], [114.29701555520639, 37.50262492288519], [114.29241090747044, 37.50271875837388], [114.29271013386848, 37.49351708357703], [114.28910716022739, 37.495012971635404], [114.28880719537617, 37.49741316129717], [114.279001128596, 37.495202658988624], [114.27720087257056, 37.49840188931569], [114.2736002470431, 37.499999599784296], [114.27199987164452, 37.49819817099188], [114.26760000994369, 37.498095799899396], [114.26560076983553, 37.50149572136205], [114.26260166258653, 37.501294709145355], [114.26150250773455, 37.50479519900334], [114.25470682343435, 37.507095034144626], [114.24551592446454, 37.50749701590246], [114.24381826028564, 37.50939811178323], [114.23273540458688, 37.50960527085569], [114.23123842864003, 37.512107078627515], [114.2267473610361, 37.51341166332001], [114.22115926173849, 37.51191762193781], [114.21208266202461, 37.523431976025456], [114.20749498996932, 37.52473911862919], [114.20230937749346, 37.524047325507574], [114.19084432301685, 37.53156873219629], [114.18257010838487, 37.53188410906192], [114.17808446282748, 37.53369286328314], [114.17569176043501, 37.53149697639306], [114.16901280237424, 37.53190952494133], [114.16372926486856, 37.53281933645911], [114.15914353373742, 37.53602801792569], [114.16143601775522, 37.53082307566099], [114.17240183662967, 37.529002696520884], [114.17280032438215, 37.52680154668985], [114.1706066865608, 37.52230479317303], [114.1648248632576, 37.52401574618467], [114.1632295569495, 37.52231829980263], [114.16293010641165, 37.519218236889465], [114.16861232326728, 37.517207496761436], [114.16921010478586, 37.51420579061503], [114.16731579433491, 37.51240891716761], [114.1605368959244, 37.515221692970016], [114.15963917087183, 37.51162253461084], [114.16382628192635, 37.51001477106099], [114.16252978405005, 37.50611627494758], [114.14956728530748, 37.502937412774145], [114.1457770789404, 37.49864221514814], [114.14019157795683, 37.499750274830994], [114.13430427495891, 37.489155119395164], [114.13250744769971, 37.48225546041377], [114.12292720168466, 37.48906590416489], [114.11693777621078, 37.49657140188418], [114.108148675638, 37.49637423804425], [114.10285272493026, 37.491773325385175], [114.0919551982043, 37.474065377461635], [114.08625422766472, 37.46805979451624], [114.08365254341211, 37.45995528701787], [114.08065104147707, 37.458251767453035], [114.07564674293222, 37.449543333943055], [114.07874780098034, 37.44004434342995], [114.06833895278166, 37.444331175323086], [114.04870599970862, 37.43789033810374], [114.03527469013564, 37.43565582652652], [114.02905852474449, 37.43623886119447], [114.03276972180473, 37.448052730474025], [114.03467783607131, 37.47536538704743], [114.04320075010085, 37.49499229521677], [114.06183830557246, 37.512136879697934], [114.07395271365769, 37.5117564660227], [114.07875679734316, 37.5157633766943], [114.08786362659977, 37.54487740366318], [114.0970639448233, 37.55858457950352], [114.1197439400368, 37.5845844987233], [114.12783088550252, 37.59727950319899], [114.1297276450964, 37.60237813945068], [114.12184477400059, 37.62078619398849], [114.12194525908403, 37.626286447137794], [114.12444154317429, 37.63228487629799], [114.13751584900511, 37.64917205024244], [114.14130816299595, 37.66276738851675], [114.14479995172708, 37.66946254842556], [114.14609737410002, 37.67676064705459], [114.14280780283427, 37.691765178567536], [114.1347283137415, 37.699075326245826], [114.12744419174825, 37.702182774908124], [114.09478280710151, 37.70969081798879], [114.08558379725093, 37.71688444205902], [114.07447831691108, 37.72237182933754], [114.06807188043298, 37.723462243114035], [114.021369763493, 37.71305108280278], [114.01234257798465, 37.70472449746194], [114.00321562637342, 37.705196850362256], [114.00010672754881, 37.70758736466494], [114.00091112841115, 37.72488894955583], [114.00281746632409, 37.730894347326945], [114.00713084966912, 37.736007076556795], [114.02237641896919, 37.74515205214074], [114.03651489453611, 37.74959139853666], [114.0476416865721, 37.757618746804624], [114.05255289602901, 37.7682289556763], [114.05034976463212, 37.778322976785184], [114.03140654510804, 37.790073421093], [114.02519031121919, 37.795655131361436], [114.02559262973426, 37.80575500921215], [114.02158200916556, 37.81134259759032], [114.01305761009195, 37.8142168082438], [113.99600704423389, 37.81256554113572], [113.98878644498184, 37.81344412058324], [113.98327170386315, 37.81742778370422], [113.97775848601485, 37.82841098202514], [113.97645590345803, 37.83460655157774], [113.97776330228848, 37.86940438007697], [113.97575930883052, 37.87859738926441], [113.96303409600819, 37.9119595249078], [113.95762432879128, 37.91824634953402], [113.95101371525759, 37.922232364342065], [113.94270294594205, 37.923717858795115], [113.93539730108373, 37.93250596056388], [113.92899618289583, 37.952594868932756], [113.90750516151508, 37.985277946639165], [113.89322334578144, 37.99178106519674], [113.88164465983782, 37.98999102715958], [113.87865129207519, 37.990894083394174], [113.86847726651106, 38.00130496674141], [113.8691755824292, 38.00240373871646], [113.87885222328661, 38.00259135786667], [113.8826449205707, 38.00998573518759], [113.87945260141419, 38.01708758337791], [113.88424375606351, 38.02778037074697], [113.88464355889249, 38.03287890694507], [113.87895631466358, 38.03918341844889], [113.88015423900428, 38.0439810751822], [113.87785984917768, 38.048182761239616], [113.88255050099384, 38.055576119344835], [113.8796570674035, 38.058678515628955], [113.86469482472668, 38.06419718527282], [113.86130472708972, 38.06840160571416], [113.86300030633461, 38.07109836475831], [113.85911237297454, 38.08020272256986], [113.8306033353381, 38.10724897909593], [113.82232919609275, 38.10806416613676], [113.81654731015344, 38.11307355178276], [113.82053656690648, 38.123664405964256], [113.82681827568852, 38.132751170434545], [113.82941126822918, 38.141944642210355], [113.82791648647259, 38.14634664170232], [113.82891392853465, 38.151043942222024], [113.8399786661664, 38.14792371088245], [113.83828460736322, 38.152925999511126], [113.83369947271422, 38.15613406308212], [113.84057882390276, 38.16491963384223], [113.84028006509314, 38.167419771119725], [113.83190675988664, 38.16963513673609], [113.82014308318927, 38.167557241113656], [113.8121662951628, 38.16347188305438], [113.80339071481154, 38.16348597593854], [113.76316780385824, 38.17232160406938], [113.74817697412449, 38.17152090842179], [113.74517764065354, 38.172619543808395], [113.73767663722988, 38.168915757504266], [113.72717235091268, 38.17530524002747], [113.73497697669255, 38.17851210517232], [113.73667772712139, 38.18001320048356], [113.73607794707219, 38.18331221452445], [113.74307948513052, 38.18671625401862], [113.74507979844938, 38.19011670827794], [113.7384799259024, 38.194212293565734], [113.72797485492511, 38.19120357284643], [113.72157007527747, 38.194295754354684], [113.72076956228915, 38.196294449014474], [113.72417384122483, 38.20629712757629], [113.72207262220248, 38.21129390658974], [113.71826924603599, 38.214288612788415], [113.70695440923656, 38.20797275677464], [113.69313225623364, 38.20544918271859], [113.68561903733594, 38.20593508613135], [113.67500017555741, 38.211114069101455], [113.66358129943822, 38.22609061232668], [113.64955911553616, 38.232265663674475], [113.63253849397805, 38.232942186261084], [113.6053298961821, 38.22762603220941], [113.59503679508501, 38.22762773338227], [113.58165525902808, 38.23363632213885], [113.5767647136451, 38.237841229803834], [113.57277478736992, 38.25284473914954], [113.55133492132158, 38.270981924409796], [113.55063837859943, 38.28098262569817], [113.5526335746158, 38.293477298174686], [113.56141094126743, 38.31965817305061], [113.56380747363521, 38.34395313592946], [113.55872254922907, 38.35276246823847], [113.54805641371459, 38.358985295253234], [113.54088201721781, 38.365702751306586], [113.5344071390697, 38.37631982464903], [113.53201711885902, 38.38352649247734], [113.54457555874711, 38.4184955961912], [113.55294925701594, 38.42897715023455], [113.57968503080326, 38.44963511627641], [113.58957112728082, 38.46022776075936], [113.58997138415194, 38.46642827571022], [113.58058660602251, 38.475637357836874], [113.56791453901167, 38.486255664052024], [113.55315657880341, 38.493484546598395], [113.55275803720312, 38.49518568444213], [113.5637274082459, 38.504465671767306], [113.5620340494451, 38.52147187833363], [113.5676211807711, 38.53436493835809], [113.56852200455228, 38.55876909323325], [113.57371124354194, 38.56706359807024], [113.59048380620966, 38.572948710900725], [113.59607832743406, 38.57654699642454], [113.60927253375257, 38.58734919277248], [113.6128729367162, 38.593251970581285], [113.615274051069, 38.601055284153745], [113.6118746999645, 38.60745580602998], [113.61067591089426, 38.616558246128626], [113.61938056448264, 38.646472304401584], [113.63008748068972, 38.652383472940684], [113.63909659272962, 38.65359459660767], [113.6536163503258, 38.64991524144575], [113.67365118320349, 38.647550794775846], [113.69769467171618, 38.64989673037432], [113.70871172756569, 38.65231609635402], [113.71642186512462, 38.655928826622095], [113.72042714992112, 38.66433724538428], [113.72032948030504, 38.68374453606375], [113.71662747276763, 38.698945706913264], [113.72013256546565, 38.709954957838754], [113.72733922088607, 38.71386511717776], [113.73564347279594, 38.712572328259064], [113.75204151124571, 38.702176169183474], [113.76972599425227, 38.70207367567361], [113.7785131125095, 38.70576968543868], [113.78220703357948, 38.71046852827016], [113.78699981594656, 38.72897178550227], [113.7906928206956, 38.736971208169976], [113.80336425908274, 38.75876411300652], [113.80944807246944, 38.76395698061453], [113.8283899491915, 38.7584207691906], [113.83696278214836, 38.759004954720886], [113.84443793647533, 38.74958662680399], [113.84992044915897, 38.74617509640384], [113.85869376781484, 38.74325863822307], [113.86537503494411, 38.74444860947034], [113.87106025171018, 38.7465413958858]]]]}}, {"type": "Feature", "properties": {"name": "唐山市"}, "geometry": {"type": "MultiPolygon", "coordinates": [[[[118.77116793473034, 39.044068333184], [118.76537151741744, 39.04887385326471], [118.76027417312538, 39.05968174212483], [118.77016882024586, 39.04617016009932], [118.77636399393121, 39.04446525793285], [118.7749646210758, 39.039863401284364], [118.7699675364806, 39.03476320988801], [118.74416529289404, 39.019654379850664], [118.72444326880206, 39.010933000059765], [118.71192183098893, 39.009315520052354], [118.70751355168203, 39.012510729414224], [118.71422637941853, 39.01132010374346], [118.72103818277674, 39.012129688818845], [118.73806056730606, 39.019250615238924], [118.75577070302889, 39.030363871320574], [118.7684684996497, 39.035764540610394], [118.77486505993782, 39.04276526318658], [118.77236713442802, 39.044167713931785], [118.77116793473034, 39.044068333184]]], [[[118.8450470282311, 39.1547270871653], [118.84853928073667, 39.155221051486116], [118.85113341520149, 39.15371553649856], [118.85183144252022, 39.149912029822026], [118.8473396495675, 39.13641189770161], [118.83676255678873, 39.126225279345675], [118.83167406291635, 39.12363325747558], [118.82628661208558, 39.12434375094976], [118.82229613396098, 39.12775316866686], [118.8210995200764, 39.13335874441738], [118.82339513913865, 39.13995854678472], [118.82768589056097, 39.14475350039032], [118.83706484111592, 39.150639456825516], [118.8450470282311, 39.1547270871653]]], [[[118.87528723830017, 39.143572581916196], [118.87828299091724, 39.14326887745309], [118.8804797643332, 39.14016460658429], [118.87907931825252, 39.12165489793843], [118.87758063914528, 39.115953111004366], [118.86989094899111, 39.10435576176283], [118.863302078722, 39.099662514819606], [118.84543875071633, 39.09408952889037], [118.8317700100917, 39.09231391307095], [118.82638275173052, 39.09462539730467], [118.82418934297583, 39.107437310591905], [118.82608528497906, 39.10973521400592], [118.85502135338197, 39.1226900589145], [118.85901369898595, 39.12688594897178], [118.86250790329471, 39.13528546417846], [118.86959562622323, 39.138877180293534], [118.87239151205024, 39.142475585008505], [118.87528723830017, 39.143572581916196]]], [[[118.6362623971766, 39.05551342000981], [118.62785099197055, 39.05660460354441], [118.62574881523764, 39.0584037165049], [118.62534868284496, 39.06090489910897], [118.62835276770892, 39.06641116067931], [118.6265509860705, 39.0691110728232], [118.64558096567252, 39.076539387428134], [118.65940743251146, 39.05785081730304], [118.65950667884923, 39.049745986497356], [118.65479633626516, 39.0496376855605], [118.65148896961473, 39.046129965577634], [118.6481823543351, 39.046424815914996], [118.64577732291745, 39.04311904726492], [118.6362623971766, 39.05551342000981]]], [[[118.27906471236058, 38.987637020291274], [118.28366788914839, 38.98564012672754], [118.2827666770437, 38.98183690283028], [118.27616248960952, 38.9832319685488], [118.27616289777737, 38.986533985647995], [118.27906471236058, 38.987637020291274]]], [[[118.6034327294294, 39.02016946064044], [118.60563261240215, 39.01976934290524], [118.6073321733938, 39.01496662527633], [118.60513107416618, 39.006961404103606], [118.59743226748702, 39.00285953154785], [118.59013738016667, 39.00556425343532], [118.59023762811303, 39.00836591909997], [118.60173293694217, 39.01986932090989], [118.6034327294294, 39.02016946064044]]], [[[117.79090798525391, 39.37811598020306], [117.76104341243767, 39.36132906525705], [117.76284208118352, 39.35922774933435], [117.75774471953132, 39.35962858501216], [117.75094564005977, 39.35572610046135], [117.71311353736519, 39.35259109222058], [117.69868732125005, 39.35286786205053], [117.69888823253115, 39.3568700876472], [117.67714136005277, 39.35742986668465], [117.67573396711995, 39.32391108071819], [117.67122349028982, 39.32080094775186], [117.67002044923197, 39.31789722615713], [117.65899633670693, 39.31577590517011], [117.65699224175879, 39.316172583821604], [117.65659181244486, 39.319273435705085], [117.65829534383266, 39.31947651402728], [117.65699311135921, 39.32307602002157], [117.65268454834329, 39.32366897544912], [117.6487782218878, 39.33266704801443], [117.64366964052584, 39.3369613564545], [117.64437112304928, 39.33916344855471], [117.64837843590314, 39.34027009524782], [117.64827889302639, 39.34537237968104], [117.63976415779538, 39.34445946152327], [117.62344290352071, 39.33903897005311], [117.6228431545771, 39.345341506969255], [117.61533773206246, 39.344136074690994], [117.61313719412283, 39.34793688517682], [117.60363550200604, 39.346034013247824], [117.60143636326677, 39.35003601224275], [117.57585963538236, 39.34355001731486], [117.54244189342327, 39.33901133068217], [117.53985167742252, 39.35002309518392], [117.53556581906095, 39.34843349481461], [117.52719652726111, 39.35826107966151], [117.534770314464, 39.36234212433628], [117.53247880418232, 39.36665029072163], [117.53566793200284, 39.367742216380044], [117.54045142125422, 39.36342783084903], [117.54354166916227, 39.364720734985774], [117.54154933691322, 39.37503035750011], [117.54543711259565, 39.37542102312432], [117.54513840517812, 39.37832304132905], [117.55132006409092, 39.378909075302005], [117.55022363852582, 39.38221298161499], [117.55909976062968, 39.383595095410676], [117.56408820988304, 39.38658729869135], [117.56349003180287, 39.39018992060799], [117.56059686444745, 39.38999507400663], [117.55989903455843, 39.39359795468354], [117.56708257151786, 39.39398552898819], [117.56648429102742, 39.39748801135713], [117.57486817872157, 39.39817607209548], [117.57426955248653, 39.400878003772796], [117.57766400120029, 39.40127398556081], [117.5772651688244, 39.40557627800566], [117.59674510761643, 39.406462189688646], [117.59994464053126, 39.412864125018956], [117.6032440521783, 39.41386424926651], [117.60324431599282, 39.415965118222], [117.60794450649816, 39.41736610516159], [117.607544848157, 39.42046730400141], [117.61724808070393, 39.41806996958259], [117.61834855933085, 39.416269885874584], [117.61744768902513, 39.413968393195454], [117.62044954233339, 39.41206953229933], [117.62024888638962, 39.408067719235575], [117.63716834434756, 39.409485196834936], [117.63786886668137, 39.40528433244511], [117.6412742487431, 39.40548900803639], [117.64197464480527, 39.399487440404066], [117.64798537397283, 39.40119713352596], [117.64768517610348, 39.40399785553849], [117.64978911248578, 39.40420126738136], [117.64968925188228, 39.40680220579718], [117.65720407985984, 39.406714765758736], [117.66251547633605, 39.40852499865101], [117.6612129729262, 39.41072355980939], [117.67003254872749, 39.41344101295533], [117.67133519632227, 39.4114426472906], [117.67534437428041, 39.41305095291509], [117.67684730344673, 39.40955236872773], [117.67343950757596, 39.40834535266908], [117.67424102460059, 39.406145955856886], [117.67704734644086, 39.40635140693769], [117.67945037583478, 39.38774800300249], [117.7086107483858, 39.39000123564354], [117.70600848401907, 39.40870509150385], [117.74365180277194, 39.41174824708448], [117.7884149279494, 39.395926692237495], [117.78991101963935, 39.387021106857105], [117.79090798525391, 39.37811598020306]]], [[[118.42870863985769, 40.415615124292806], [118.44108568216782, 40.41309986745154], [118.46721220868652, 40.415250092373455], [118.47827215408309, 40.413321231606275], [118.48444782817398, 40.4094028175887], [118.50934522165795, 40.40472772263033], [118.5295641396155, 40.40756975915386], [118.53514348739799, 40.40985541423168], [118.55408247376603, 40.42391527245376], [118.55996538967503, 40.4178012466735], [118.57782688424129, 40.415573270328004], [118.57403324675523, 40.4135771730838], [118.57572952115845, 40.4083731123512], [118.5741317884988, 40.403573407408366], [118.56774438425927, 40.40068156254878], [118.56624715233376, 40.39598231139414], [118.55686976607761, 40.386696177697274], [118.56325213270222, 40.3793817650325], [118.56434834074946, 40.37047698806997], [118.56075701763497, 40.368482750944885], [118.55886119680466, 40.362184362953904], [118.54978770615514, 40.363903831679664], [118.54599958628748, 40.36231207065814], [118.54629625373208, 40.343905887499325], [118.53951726378585, 40.32851824299256], [118.53861701017298, 40.30181372903144], [118.54230365670932, 40.297803465080015], [118.55526258464897, 40.29517339490241], [118.55845314738903, 40.290565956110264], [118.57012533526921, 40.291146133922034], [118.57381786571352, 40.28954061895301], [118.57501389063371, 40.27543596294497], [118.57970524509427, 40.26852906531477], [118.60068597551866, 40.26411584661577], [118.63440666059446, 40.251032827632244], [118.67158292506622, 40.24379220007369], [118.6821077870229, 40.235510830814825], [118.69173078653822, 40.2323283719179], [118.71467839346766, 40.21736395860527], [118.72139046714177, 40.22037335717047], [118.72699867769106, 40.21817945840367], [118.73340611387604, 40.21268474838505], [118.7303024868965, 40.21348206013127], [118.73670932608505, 40.21038702778849], [118.73670901553135, 40.2079866631528], [118.73751014249534, 40.21068765489208], [118.73831061931014, 40.20858789358891], [118.74081321006027, 40.21199001146778], [118.74601703539594, 40.2141929491865], [118.75221894978402, 40.20939399110089], [118.75211841837056, 40.20549338698975], [118.75001744597118, 40.203092582506876], [118.74961605275992, 40.19349110585053], [118.75191662929254, 40.19209143041697], [118.75981724928877, 40.191891658803726], [118.76891458541911, 40.194489397922744], [118.78170395916338, 40.19548076078024], [118.78859630702418, 40.20387494934997], [118.79678397882896, 40.20726525329485], [118.80716382587944, 40.201148931282894], [118.82811632601042, 40.192310826939725], [118.83908961613712, 40.18548933658367], [118.84756982459643, 40.18377348851646], [118.85515271704112, 40.18015968388779], [118.87072321879236, 40.18233591512784], [118.89479382363714, 40.16991101519896], [118.91259228799217, 40.17080831949906], [118.91829505788559, 40.1666098436371], [118.91719327513819, 40.15870842065517], [118.93070682608258, 40.15081751191113], [118.93100577860558, 40.139016597372105], [118.92860172746602, 40.13391369309525], [118.92339557404871, 40.13450943265815], [118.92499701915392, 40.132110400082865], [118.92319501276569, 40.1317090202345], [118.92249388717127, 40.12840822516556], [118.92749962136962, 40.12871218166872], [118.92900143852108, 40.127313447678404], [118.92539335493021, 40.09940788553245], [118.922589184056, 40.09030512379618], [118.91958621568268, 40.08840315475355], [118.91238190828929, 40.089100463661225], [118.9063803571735, 40.087599832498], [118.88219220811527, 40.06761157197362], [118.87170637153281, 40.06202350214274], [118.87150202466198, 40.024921719024654], [118.87429710283575, 40.020917898656805], [118.88538202234338, 40.015105671769874], [118.8907761559257, 40.007801068934], [118.88767701877958, 39.99340273215349], [118.89017343874492, 39.98230035629081], [118.88807375331594, 39.97030142267529], [118.89216819335194, 39.95259776382012], [118.8909683221068, 39.94649829662392], [118.8840734334628, 39.9354034098132], [118.87698244094304, 39.9357109120946], [118.87668240392615, 39.93201110693442], [118.87218930212768, 39.932616749318484], [118.86420104511463, 39.915127350090074], [118.85880762078234, 39.88363437417442], [118.84114350188185, 39.86016432599371], [118.84503348891617, 39.851756643928574], [118.84413521552199, 39.84915813190109], [118.8320623201913, 39.840880149600544], [118.8227821512467, 39.827096456995015], [118.82098432356742, 39.811898598411695], [118.823976793071, 39.80639269884744], [118.83155825323642, 39.79927800258412], [118.82207964659523, 39.79459518422874], [118.8040176231799, 39.791625594617], [118.80581215891243, 39.77602135714327], [118.80181940023613, 39.77292716704595], [118.78114951225422, 39.766151414204394], [118.78035014698467, 39.76435192963648], [118.783145383744, 39.75154799839382], [118.78783816034976, 39.74184203274655], [118.7903322130486, 39.722836798757044], [118.79262801458148, 39.71703323140111], [118.7977201195176, 39.72062700462993], [118.79781893638597, 39.71262577498698], [118.79951563980364, 39.710123031303816], [118.8009116912951, 39.6988193629869], [118.80660035727078, 39.69501008463537], [118.80530241994012, 39.6911115296501], [118.80929435024872, 39.69050503038084], [118.80759734301718, 39.68690722319014], [118.81009153475526, 39.68120222396179], [118.81268614149865, 39.68159792931077], [118.81358401078106, 39.67989611499241], [118.81188756766628, 39.67949893792713], [118.81527998302971, 39.67699269983474], [118.81857276613778, 39.67728694081169], [118.81647721509565, 39.67579040275495], [118.81947013069681, 39.67228448773795], [118.82256290691046, 39.67047857405276], [118.82814998005152, 39.67016819680674], [118.8338351857423, 39.65815540436359], [118.83383457357775, 39.653254497579105], [118.83054185456575, 39.6498600366157], [118.8557814780091, 39.624608898980675], [118.85548179447092, 39.62210887239898], [118.84999273753334, 39.61511689427417], [118.8501919753425, 39.61251596179069], [118.85727509035004, 39.59810043456086], [118.85877202984159, 39.597997938051755], [118.85907108017551, 39.59519678149644], [118.85697532242182, 39.595000195383115], [118.85717445313641, 39.591298968693344], [118.86266353614387, 39.59119008377509], [118.86316216513436, 39.587788476659], [118.86495880485828, 39.58778573589837], [118.8643592341417, 39.582285270850605], [118.86705403508418, 39.5798806578608], [118.86715336389592, 39.57587948903919], [118.8711465334473, 39.575673852327746], [118.87553947051572, 39.57366770446433], [118.87474040797906, 39.57166816379464], [118.87773626006019, 39.57296492528009], [118.8775363017161, 39.57106465809258], [118.88802379104811, 39.567853566165994], [118.89171980433824, 39.56014882828337], [118.89071977172297, 39.55374772954199], [118.90091380243324, 39.54804117292976], [118.90461328292658, 39.54814046985922], [118.91191499185719, 39.552241925402306], [118.94997147447035, 39.55928353864268], [118.95177585437436, 39.55758646365606], [118.9507727643275, 39.553383397670174], [118.95488354728668, 39.55289128614535], [118.95147439707593, 39.55208435914649], [118.95237640420372, 39.549385329118095], [118.95107260162055, 39.54588183850928], [118.96491236387615, 39.54601140984765], [118.98929861919969, 39.54017492165564], [118.98899661186921, 39.533472061572674], [118.97584720515896, 39.52993422985682], [118.97203397649928, 39.53062446478494], [118.97283646640871, 39.52842586781781], [118.96661571117681, 39.52901046831861], [118.96641492609825, 39.527909649473884], [118.9714315064995, 39.52732192140103], [118.97102989178545, 39.525320286685115], [118.96400704570084, 39.526103383270616], [118.96480972153299, 39.52730563592936], [118.96270314441126, 39.52730072936458], [118.9626025874321, 39.52529988670742], [118.96962505706354, 39.52451649736774], [118.96621371992916, 39.52340778532715], [118.96982556740046, 39.523216598933494], [118.97092945163095, 39.52451978569938], [118.97424055644424, 39.52202756275329], [118.97082887485732, 39.52261894404785], [118.97243409721493, 39.520522396875926], [118.96801935913732, 39.52151158684602], [118.96671480501836, 39.51910765694465], [118.9674168274351, 39.51700870318163], [118.97213253913503, 39.516320302805404], [118.9725335085143, 39.51302028809083], [118.97383867970744, 39.518225324358], [118.97373788108413, 39.51462392443094], [118.97544366099618, 39.51292787409636], [118.97554431561062, 39.51532890443079], [118.97694938425377, 39.515832817401844], [118.97444054915337, 39.516326304013845], [118.9791574424428, 39.516438997652294], [118.98086345313006, 39.51444306407591], [118.9942146577871, 39.51468161997739], [118.99521824743663, 39.511683649509315], [119.00786871952378, 39.510721463280454], [119.00806975331435, 39.5125226486814], [119.00897311325781, 39.51042470870195], [119.0176073412881, 39.50915023013555], [119.01499707440927, 39.50964259940194], [119.01489639639334, 39.507441585909895], [119.0181089882026, 39.50655087763632], [119.02162167366366, 39.498258504251595], [119.01891082298124, 39.496149815794624], [119.02362887527543, 39.493862879926084], [119.0193120419331, 39.49335005866649], [119.02172011694148, 39.48295357027169], [119.01368783887924, 39.47772788128834], [119.01097588026782, 39.468716487230736], [119.01870659286628, 39.469039747110095], [119.01920816815881, 39.46594010324611], [119.0222201552799, 39.46794968881896], [119.02442835621234, 39.465555231959456], [119.03536887530957, 39.46548577326038], [119.0539282056182, 39.4605290804794], [119.05974407470357, 39.460841070729515], [119.06094721218967, 39.46134355874376], [119.06104796806507, 39.46524518610103], [119.07037045015514, 39.4746644791789], [119.07738377884614, 39.477775178422284], [119.08729713920768, 39.47658466780682], [119.09580378329981, 39.47358860619428], [119.09980519790214, 39.47028865129274], [119.11920090486228, 39.467683825031635], [119.15075529923016, 39.4663473028292], [119.16193057840539, 39.46212688711878], [119.1738026474787, 39.46290541793102], [119.1919585505655, 39.46027069419387], [119.21031917254264, 39.46514194221333], [119.21840428681818, 39.46473058748188], [119.23028517189208, 39.45271300829437], [119.24367159958943, 39.446501489547636], [119.2579655242335, 39.43439424374662], [119.27607240097477, 39.425098331801024], [119.28958768461678, 39.42441136869672], [119.31232890718083, 39.43324881048044], [119.32515629322346, 39.43087116187945], [119.32565610953802, 39.420667972607184], [119.32324965291016, 39.41205989494094], [119.27886734496742, 39.36477442997167], [119.24535881815079, 39.35356093634928], [119.1917440988103, 39.343221076492775], [119.18037057427729, 39.33703912436073], [119.1623105579268, 39.31326076274397], [119.15213143734418, 39.30307292169152], [119.13935412083636, 39.294387169791825], [119.12776890250431, 39.28279405992071], [119.11537727840613, 39.26629384900149], [119.10237657052028, 39.243283569601424], [119.0641241204379, 39.22033433668636], [119.04446781060108, 39.2129884384041], [119.03764375244747, 39.203965936696484], [119.0301147539812, 39.188036265697505], [119.00531619608222, 39.172253833305206], [118.98393159009193, 39.16438591207937], [118.93208215808338, 39.12435391679202], [118.91076195650733, 39.11963764697149], [118.89576360961252, 39.1196402322103], [118.8924657980042, 39.12134309359972], [118.89146693085124, 39.124845861788955], [118.90236388293455, 39.14055059213944], [118.9328880782471, 39.16297806514074], [118.95784568070324, 39.176527399178745], [118.9569434737279, 39.1794271951349], [118.94180561344857, 39.17339610777435], [118.93459220495166, 39.17418671258852], [118.92617992937357, 39.17257711179476], [118.91426802233701, 39.1580616406074], [118.9029652203085, 39.15235757002], [118.8897714058991, 39.150962805948254], [118.87698581195836, 39.151875539609755], [118.87239292937699, 39.15418261513346], [118.87089627804039, 39.16198926573668], [118.86800136877073, 39.16379436183893], [118.86370910341749, 39.1638007216775], [118.84205383623444, 39.154732603427], [118.82529143585532, 39.1450581278776], [118.820302082769, 39.13966399916891], [118.8026383183886, 39.13639158888449], [118.78456667020646, 39.13671474287318], [118.76668154773735, 39.134525954704614], [118.70101530092933, 39.13917782309503], [118.6878858708364, 39.14555801472172], [118.68297480902599, 39.151752451154564], [118.64308620349227, 39.1582854137095], [118.63086669138012, 39.15586833569688], [118.598448690567, 39.14344562471791], [118.59754806257764, 39.13514082218851], [118.59155113990967, 39.13014010624924], [118.58455830454537, 39.13174582189679], [118.58565650085472, 39.12744232206882], [118.59384797810249, 39.117631426963655], [118.59534654704002, 39.113328228159205], [118.59434655393345, 39.108425604490726], [118.58944951697504, 39.101723973108015], [118.5854534370543, 39.10002575052678], [118.5658869660946, 39.0999496895097], [118.55720723188962, 39.08915880194123], [118.55262007387479, 39.08866796154218], [118.54225315698037, 39.092794477369], [118.53876497723437, 39.09200277887898], [118.55710297597913, 39.05163585084035], [118.57625446913457, 38.99997324672203], [118.58064750134498, 38.998867704611925], [118.59942895686027, 38.98154605160486], [118.60872809477436, 38.97884475970578], [118.61092821556886, 38.97494301236779], [118.61022767784877, 38.97224114557205], [118.58883241154416, 38.9540336340302], [118.54552033951073, 38.91057545254147], [118.53106999841555, 38.905709778285726], [118.50656664160218, 38.906081472410506], [118.49710558291063, 38.91001212040255], [118.41263545036807, 38.961598617805905], [118.38423107960708, 38.97289326125515], [118.37722528744479, 38.985193030546846], [118.37983178544805, 39.01321328359838], [118.37853081641643, 39.017014122360884], [118.37252331755327, 39.017306687123316], [118.36491152973628, 39.0137934302183], [118.34848154655707, 39.010863527013726], [118.32533478722632, 39.010519477861045], [118.31601705269648, 39.01280373702749], [118.296887146962, 39.023179254989145], [118.29118007808702, 39.02367199544131], [118.27906879832038, 39.02065730608951], [118.25027148875286, 39.033855604084536], [118.24237856421452, 39.031556910599676], [118.23538773910757, 39.03296209707616], [118.2310947229679, 39.035767331923765], [118.22520670643293, 39.048480986938685], [118.20575307104542, 39.07012062809259], [118.18880268520206, 39.09526540180921], [118.16926528947633, 39.13772774302402], [118.13166586336587, 39.18401305232761], [118.08139957036857, 39.20462753081421], [118.07789743456588, 39.21222795122606], [118.0747941774225, 39.21282435750674], [118.07459418903161, 39.21472517390438], [118.06117327703004, 39.211601642005355], [118.0571640638717, 39.2012878527373], [118.03250103854185, 39.202929001904295], [118.04122810282594, 39.21976174842569], [118.04343553262154, 39.23167400377281], [118.07109203156497, 39.232430210104134], [118.07199370191071, 39.236033550416266], [118.07109525871496, 39.25744402032223], [118.04283837677602, 39.26629152572584], [118.04283877468491, 39.269393191294675], [118.04043224286663, 39.26918699070578], [118.03973071786051, 39.27238689697205], [118.041636381256, 39.2758936349298], [118.03471726264071, 39.27887709236834], [118.03802776999727, 39.286589969611974], [118.03321459538986, 39.29268023761191], [118.03100809286856, 39.293574615274515], [118.02990450622742, 39.29177059902102], [118.03090739223546, 39.290472724498144], [118.02880095381943, 39.29046681789847], [118.02749672355854, 39.28896233831518], [118.02849971843112, 39.288064714750895], [118.02308231524167, 39.28524768174803], [118.01585928593687, 39.28902831287633], [118.01455475468933, 39.287323515110394], [118.01234753304442, 39.28821734467126], [118.0126488407185, 39.29061950417507], [118.01124424581396, 39.29131563102401], [118.0019128136772, 39.28988665400934], [117.99980595411935, 39.29128102365523], [118.00141173118342, 39.29458758043518], [117.99830176683707, 39.297779861494355], [117.98997432206647, 39.29655452652844], [117.98887118204408, 39.29975295825411], [117.98295291811628, 39.30243740824724], [117.97864094824648, 39.311029841472646], [117.98014557225358, 39.31203446829973], [117.97894213199967, 39.31333182181384], [117.9813495786423, 39.31493925922746], [117.9784406797804, 39.31363060631889], [117.9784409059401, 39.31543151064104], [117.97312582915984, 39.31751843519451], [117.97192224082016, 39.315614382193075], [117.96299925015931, 39.31749360342206], [117.95768678709246, 39.31638129753219], [117.95347820646565, 39.31877387906867], [117.9387541308306, 39.320049738797806], [117.92534216993525, 39.31993506181907], [117.9253420333198, 39.318834513564404], [117.916339934418, 39.32042998681969], [117.91623968663197, 39.318428951411846], [117.91174012523203, 39.317026974595834], [117.90864175909863, 39.32142881191597], [117.89785002529358, 39.32423220972703], [117.89904934609515, 39.32833376343013], [117.89435499992793, 39.33293817727993], [117.87339016778908, 39.330756833075085], [117.86929935178742, 39.33216302640345], [117.86740409380296, 39.3351671926211], [117.86141832410185, 39.33297524069059], [117.86071960510012, 39.32917449881381], [117.8531394355955, 39.32938730100811], [117.85423695884393, 39.33308720993663], [117.84805434183882, 39.33740021948531], [117.8510464165921, 39.339796029307216], [117.85234340961719, 39.343895714582295], [117.85613322604361, 39.34338894795224], [117.85792945019043, 39.350689409860365], [117.86900391117216, 39.363178166873226], [117.8668093269279, 39.36578252215487], [117.85902831248892, 39.36419389713595], [117.858031049203, 39.36549613925066], [117.86092390302066, 39.36749234154517], [117.85823117299363, 39.37059814021205], [117.85424135517026, 39.36810374027041], [117.8593272312936, 39.36169225351237], [117.84636109645295, 39.35361101772414], [117.83938127178298, 39.357325660352544], [117.83160349394225, 39.35764040488977], [117.81993588394518, 39.35526083292653], [117.8130546242102, 39.35797417138894], [117.80966397690248, 39.36308222165549], [117.8115605851742, 39.37438422783038], [117.82721850988789, 39.37795789358221], [117.84516755868638, 39.37832454079827], [117.85853180646615, 39.381802684129156], [117.86411686810948, 39.37449052180309], [117.87179967816195, 39.37928164464637], [117.86661229100214, 39.38569177474284], [117.86860920983628, 39.39819433177313], [117.86551723365069, 39.40430145217525], [117.85424573301083, 39.40291909857476], [117.85324918943411, 39.40912344344001], [117.87789120846868, 39.41258844391597], [117.87639961275015, 39.455907330174135], [117.88019224203185, 39.4559030127452], [117.88418667609201, 39.46820351724533], [117.89237432493096, 39.46779690525578], [117.89437211752126, 39.47019658446824], [117.90526263384204, 39.474494514799204], [117.90446430354538, 39.48369784666862], [117.90256605203984, 39.48669921956606], [117.89846983962445, 39.48800091018232], [117.8990695412894, 39.49030147074441], [117.90306612208995, 39.49030034958753], [117.90466754968749, 39.51070683748855], [117.91426399044174, 39.51240817393614], [117.91976491039819, 39.51821230870445], [117.91846475816273, 39.51861176720465], [117.91936515090872, 39.52071287543792], [117.91736467527481, 39.51871129375722], [117.91876527217447, 39.5224130959397], [117.91556535761096, 39.524212290230665], [117.91656614011488, 39.53061461251989], [117.91446603364366, 39.528913362156274], [117.91136692590207, 39.531113297538006], [117.91306680834148, 39.533414332359044], [117.91096748375847, 39.53461428045792], [117.91236733154153, 39.536415064521385], [117.910967834687, 39.537415108382696], [117.91586720027753, 39.53901683852141], [117.91436738587795, 39.53961651427681], [117.91586770168794, 39.543018001667576], [117.91936795786526, 39.54311958941716], [117.92136912779222, 39.54882235767758], [117.92397003839847, 39.5486240503257], [117.9246713854231, 39.55682686406086], [117.93087637092907, 39.564334492688296], [117.93277799749247, 39.56393644105792], [117.94008772083572, 39.575148751476874], [117.93618342684988, 39.57924451067694], [117.92197367696411, 39.58363200174084], [117.92457505471502, 39.58643451650406], [117.91567356939895, 39.58973036002983], [117.90857560431198, 39.59212952560091], [117.90737590169104, 39.58992897257775], [117.89938207655139, 39.592531060253904], [117.89019279001288, 39.59113566767917], [117.87442158564966, 39.59785304743705], [117.8641444218832, 39.593266347808104], [117.8596556730005, 39.59337346503486], [117.85756071136817, 39.59037618974141], [117.85317260260699, 39.59218410461249], [117.84559333328541, 39.59069729440741], [117.83282985693148, 39.59192139184014], [117.80819844696664, 39.602967988547285], [117.79882043767199, 39.601881959271516], [117.79492831929075, 39.59828639579221], [117.77386329157605, 39.60090767809651], [117.75427555477565, 39.590610451907686], [117.76147170230988, 39.5823081546523], [117.75827298536854, 39.58020797849987], [117.75947207329118, 39.57720712879844], [117.74407305274751, 39.5753036238923], [117.74167046039355, 39.56199884609732], [117.7517705536857, 39.549299228319036], [117.73926611561942, 39.5372903952143], [117.72905810882534, 39.5361815447207], [117.72234982933789, 39.53127262541767], [117.71804449107059, 39.53526832381705], [117.71383909491068, 39.54286469124968], [117.713739567834, 39.54776595017017], [117.71654438983106, 39.55157098625038], [117.71474224331543, 39.55626976869504], [117.71003484624701, 39.55866345251019], [117.70212036593996, 39.55845056838874], [117.69701041605032, 39.560142139973394], [117.69200063727043, 39.565534516628034], [117.69220139852904, 39.56813557592407], [117.69631031529386, 39.57054366535903], [117.70362420723458, 39.565955125188765], [117.71274053741833, 39.56776997421011], [117.71534535695393, 39.5731751430897], [117.71224099731542, 39.57767180654113], [117.69991910329847, 39.58215299948264], [117.69130228799708, 39.59003947142495], [117.68338513688867, 39.59152494711243], [117.68037831009715, 39.590719012131196], [117.67917485279776, 39.584815261538324], [117.67446368030552, 39.580305119802674], [117.66704665147073, 39.576490121155445], [117.66003147252829, 39.576377256182155], [117.65692549436568, 39.58027276831575], [117.66193679870014, 39.5863831991169], [117.66123588700452, 39.59098305595341], [117.65722802596206, 39.59527697411335], [117.64560547346089, 39.59415771660918], [117.6434020962056, 39.597755310253895], [117.64300230563448, 39.60475635983783], [117.63869518465683, 39.60365014938996], [117.63268551656667, 39.59534080144188], [117.62777924207116, 39.59283502422234], [117.62557869449164, 39.60693627093652], [117.62738066601223, 39.60753807406315], [117.63138490363109, 39.60374131685773], [117.63739377413305, 39.60814947996124], [117.63799550775653, 39.61465170894724], [117.6472108248547, 39.61356463330988], [117.6465106117245, 39.62186536077569], [117.65091909248515, 39.623972772431706], [117.6484152018206, 39.630570140595225], [117.65793381796958, 39.62928577163995], [117.6591364557963, 39.63028810096162], [117.65843625381332, 39.64018885811251], [117.66875821440944, 39.637407181279215], [117.67196588562707, 39.64141403886474], [117.67276814613163, 39.64501626521956], [117.67156574442264, 39.64731442091082], [117.674172223969, 39.65222030905925], [117.66956266513559, 39.65821266045197], [117.67447436503872, 39.66362295916079], [117.67517649726958, 39.667925054205824], [117.66886223324278, 39.66701290616396], [117.66304985037775, 39.66990262052278], [117.66645804086966, 39.675809906201074], [117.65934312088288, 39.67909748433724], [117.66425421472653, 39.68360710378282], [117.65673821508872, 39.683093556906734], [117.65573666539966, 39.686992447592516], [117.650426420404, 39.68888387615414], [117.65533702952973, 39.69619318011623], [117.65102936487195, 39.70288696667004], [117.64221281182624, 39.69777272776436], [117.64061032007879, 39.698870649989466], [117.64071089062378, 39.70207125981282], [117.6333002215112, 39.70466221671324], [117.62629177197935, 39.704154857409904], [117.62108732737235, 39.70705099382554], [117.60918120573493, 39.706145070996314], [117.59968251685122, 39.711745531514545], [117.59948323225169, 39.71684626562003], [117.59458602880547, 39.720548195117395], [117.58599327788305, 39.71965320426516], [117.59138866171202, 39.72355010806455], [117.58489505675006, 39.723854652266475], [117.58339732125587, 39.72745642429562], [117.5896907050617, 39.728351719296185], [117.58979116434092, 39.73265219562488], [117.59498726579272, 39.7321495244534], [117.59468831194629, 39.73895046949919], [117.5995856695046, 39.73624873188846], [117.6031849146673, 39.73684844823419], [117.6030852720465, 39.73954877409493], [117.59708757796515, 39.74335016179579], [117.60188616384612, 39.74494946696698], [117.60268626136617, 39.746849637599205], [117.58479861720727, 39.75085799059273], [117.57730980106204, 39.75756629832004], [117.56672943291683, 39.75618100477951], [117.5616419772526, 39.76359058002154], [117.55944728080502, 39.76289461328243], [117.55595567115138, 39.75780098017402], [117.54957410746563, 39.76171513563653], [117.54568579179995, 39.76122411715318], [117.5479790621474, 39.763318950616124], [117.55047157149069, 39.76241319249787], [117.55236644561799, 39.76480927209663], [117.55665462666042, 39.7641002247317], [117.56104456739921, 39.77249257656291], [117.558052218586, 39.773698405406016], [117.55855113249889, 39.77519757513995], [117.55236805389835, 39.777310506561776], [117.55486175222104, 39.78210565881072], [117.5598492877554, 39.78629611588385], [117.56114654606299, 39.789793998590795], [117.56034932280969, 39.79619603752662], [117.56663476261731, 39.796084994235024], [117.57442011707015, 39.80047393298375], [117.56763327710537, 39.801083804423286], [117.56434205542695, 39.8132902207594], [117.55506675916068, 39.82520873087727], [117.5506787363762, 39.82251797439413], [117.5493825456895, 39.822620893583945], [117.54958215078184, 39.82412054884657], [117.5471891755312, 39.82302597367252], [117.54539596321423, 39.83283089678488], [117.5427044815387, 39.832937450534594], [117.54250540661148, 39.835138090363344], [117.54429986245741, 39.83643377748858], [117.54489775122876, 39.834632213304424], [117.54798823404025, 39.83442490442506], [117.54858625876713, 39.83302343323756], [117.55058052304224, 39.83411899758564], [117.549384702042, 39.839322028247736], [117.55427094973582, 39.84081144321099], [117.55297495104377, 39.843914393967395], [117.55477038385818, 39.84701078798123], [117.55197844194447, 39.849116873101146], [117.55098086461884, 39.845718856664384], [117.54350465270295, 39.85393680974043], [117.54031487270315, 39.85314471612881], [117.5386211048135, 39.85784932790695], [117.53453540439689, 39.86076024866729], [117.53413694446648, 39.8619613866742], [117.53613009441513, 39.86215608287752], [117.52736246822597, 39.87258066408973], [117.52497394787304, 39.89338850762757], [117.5231809835486, 39.89639380777778], [117.51650594151502, 39.89501329764694], [117.51361833481766, 39.905422373080356], [117.51033103809102, 39.90613224560752], [117.51381820258906, 39.91022199319519], [117.51650781690367, 39.909313952571885], [117.51790270151925, 39.91070988920943], [117.52079144092751, 39.90800128536034], [117.52079184689788, 39.91110142315034], [117.51909830701409, 39.91170641202532], [117.51999573633448, 39.91790405131158], [117.5183022270645, 39.91860905863864], [117.51959767137915, 39.92120536137283], [117.51650893220474, 39.9178143249709], [117.5137195953992, 39.91792262719626], [117.51332091107864, 39.91632374767748], [117.51112939694856, 39.91693033215348], [117.51192666608175, 39.91942805241982], [117.50993442446632, 39.92023406018697], [117.51740595603607, 39.92111181263643], [117.51780462704765, 39.92251069509079], [117.52079335340096, 39.92260192156394], [117.52159002267703, 39.919999486868214], [117.52318438513231, 39.92239496666424], [117.5248779104941, 39.92089002966924], [117.52587445047182, 39.922487251685375], [117.52836527079197, 39.92178017746656], [117.52846545862882, 39.9259800761066], [117.53185395032662, 39.93077088481077], [117.51890210257044, 39.934907985202365], [117.5175083604907, 39.942312401455055], [117.52139442610937, 39.94790122557024], [117.52408431525788, 39.94729341333062], [117.52597763024303, 39.94958808879044], [117.5306604099376, 39.947674868582695], [117.53365061461952, 39.9535669398873], [117.53673979145361, 39.95235865742099], [117.53923156395459, 39.95365223708485], [117.54082657960237, 39.95584826729598], [117.54072780522695, 39.962748798467075], [117.54262163643381, 39.96264405878818], [117.54521462669679, 39.971938121807916], [117.55359062035528, 39.977919390665846], [117.55259401691978, 39.98252171914606], [117.54910439230437, 39.984429544988274], [117.54372191837317, 39.99174256610334], [117.54312436110892, 39.99584420810185], [117.54152964226739, 39.99684821048067], [117.54382248759724, 39.998542615749884], [117.55030226675163, 39.995227301850186], [117.55289544570009, 40.00002182043811], [117.55658511815064, 39.99821404549554], [117.56676059243311, 39.998195460316175], [117.56925518830232, 39.996791471437135], [117.56835666912477, 39.99399273517641], [117.57244835857102, 39.99198661516162], [117.57504398701565, 39.99408324620595], [117.57813891811685, 39.99397949850753], [117.57614228779379, 39.995281921858115], [117.57903796236683, 39.99717862839935], [117.58353178087674, 39.9970741185201], [117.58512959054114, 39.99497264271258], [117.59082395686865, 39.99516865085282], [117.5920232198263, 39.99686806855067], [117.59801978182493, 39.99776580028794], [117.59911905490868, 39.995465452634456], [117.60581780412899, 39.99476507026814], [117.6092173877481, 39.98876538468543], [117.61491888190658, 39.984967280757736], [117.61962149452803, 39.982769885160664], [117.62192340095264, 39.98347155117307], [117.62162264685031, 39.979571163699504], [117.61962100483592, 39.97896972710991], [117.61992107248196, 39.977769879312866], [117.61811996011656, 39.978968770758264], [117.6175193545837, 39.977268342823876], [117.62102137101158, 39.97347047227951], [117.63814116139122, 39.96978788696869], [117.64144647466766, 39.970192374736435], [117.64655587959189, 39.97450003992632], [117.64765771194782, 39.97310168255875], [117.66068378999962, 39.97312364467507], [117.66920281672398, 39.97593947143614], [117.68102950330724, 39.975962025512736], [117.68844669843354, 39.9810763059761], [117.69205447831598, 39.98068299619395], [117.69536207405447, 39.98518921228967], [117.70127426222913, 39.98659967796584], [117.70177554586157, 39.98890063167454], [117.70207588268326, 39.98700106301941], [117.71309568832409, 39.987218588637816], [117.7258126356321, 39.981134815126396], [117.7302173271629, 39.98153942167004], [117.73431979980379, 39.97334278707831], [117.74032346742305, 39.97234712247897], [117.74802608755368, 39.97455092666104], [117.75852353915658, 39.96735212145184], [117.76232145572433, 39.96635159129931], [117.76961668032709, 39.97394944296918], [117.77560950421899, 39.97034581072253], [117.7786056592074, 39.97144363515703], [117.78828948749185, 39.96753423257575], [117.78858924163741, 39.96983399309257], [117.79397947164915, 39.97522775422349], [117.7918840107271, 39.977730470815196], [117.79348098855705, 39.97902854507806], [117.79308232161189, 39.98302921369564], [117.79597752826282, 39.99212586137675], [117.79837248650702, 39.99322264473091], [117.7977740121135, 39.994823543740004], [117.8014661666953, 39.99831843471805], [117.80286284270535, 39.99781633627273], [117.8014670068667, 40.00471871781362], [117.79927227649067, 40.00682198128761], [117.80106826795708, 40.007319419640986], [117.80106851748168, 40.00921950586255], [117.80326340971115, 40.00931624738745], [117.80346322551496, 40.011516045972044], [117.79787630360404, 40.01392426066615], [117.79767720031681, 40.01742469968414], [117.79288748463959, 40.01923106834014], [117.79049182861043, 40.01653384107985], [117.788796100226, 40.024736185897126], [117.77681514638589, 40.024847360456334], [117.77691406386549, 40.017646941504395], [117.77611587206819, 40.02344779461729], [117.77401841256695, 40.02304917880184], [117.77381826561864, 40.020149164837456], [117.76752499025734, 40.02225247925686], [117.76402727909807, 40.018853470525954], [117.76492602534236, 40.01425300136293], [117.76332678850693, 40.011553305516706], [117.75053216962557, 40.019653634849554], [117.75013387731214, 40.032554167735086], [117.75443422152523, 40.03845524615025], [117.75433560583473, 40.048755792505986], [117.75663499986003, 40.048755927821546], [117.75653481993861, 40.047155837498295], [117.75783435219452, 40.04705582466451], [117.75933402588761, 40.049355864184186], [117.75893383454901, 40.04655574092091], [117.76423068370653, 40.0456547796222], [117.76892703053845, 40.047253178383365], [117.78001448554384, 40.053546364384324], [117.78261145036316, 40.0605444773359], [117.78141348757354, 40.06184564331805], [117.77821802665048, 40.0609482542227], [117.77741939574626, 40.06304899244772], [117.77562172931079, 40.06295028112018], [117.77422403148523, 40.0673514799513], [117.76493302425679, 40.067155834024284], [117.76253506793817, 40.07025663616007], [117.76073606286813, 40.06995693036313], [117.75983712850798, 40.07455733683685], [117.76493400461314, 40.074556305644066], [117.76203676332554, 40.080757424786945], [117.75803907104077, 40.08325805002833], [117.75434013775708, 40.082957909768375], [117.75164008307571, 40.079757277084965], [117.74073770307406, 40.07855274791828], [117.73693599937559, 40.08185039994639], [117.7284286892435, 40.081142792193006], [117.72522542324161, 40.08323947520217], [117.72662709344775, 40.083741063558655], [117.72282249797293, 40.08333667844295], [117.72051998058124, 40.08723410329302], [117.71821671576177, 40.087031089929134], [117.71951822696438, 40.08443262115705], [117.71781572234403, 40.08393033638582], [117.71441202202854, 40.095226414850494], [117.71040516402083, 40.093420338080705], [117.70329256163329, 40.0961091064028], [117.69728049970614, 40.09539865575308], [117.69607782762967, 40.09399640500994], [117.6952755219127, 40.08919461340168], [117.6935718740985, 40.08879149333128], [117.69627745421285, 40.087996328922245], [117.69467358775451, 40.084093166784996], [117.68986334915525, 40.084684363415725], [117.6902645243715, 40.08698527087031], [117.68565435685188, 40.086876605850435], [117.68505334435733, 40.089375643931426], [117.68445123931905, 40.08357409355281], [117.68124399120788, 40.08326795764178], [117.68324943593248, 40.09037228537965], [117.6807437644708, 40.09016748612447], [117.68084439746633, 40.09326790378476], [117.67863940825441, 40.093263682754575], [117.67803862219417, 40.097662859592404], [117.67583367469514, 40.09805866829875], [117.67443101837299, 40.10205629389005], [117.67032116493242, 40.09764814180893], [117.66470869754316, 40.09773765611946], [117.66310446305707, 40.09213429619284], [117.66190205460893, 40.09363221880973], [117.66049882194606, 40.09192956520751], [117.65839453653463, 40.09322591878745], [117.6558892358248, 40.092421494975056], [117.65108034166877, 40.097813829809674], [117.65458753572273, 40.09971981470909], [117.65378633946227, 40.10291870739681], [117.65498907770689, 40.10532093511809], [117.66210435439602, 40.10793368864282], [117.66390858794144, 40.11033717686709], [117.66250557425435, 40.11063463766175], [117.66450995657948, 40.11073831553162], [117.65939908862518, 40.111929156948506], [117.66110290228715, 40.113332322581414], [117.65819693441253, 40.114827273913974], [117.6609027991868, 40.115832173499086], [117.65809686811626, 40.11592719130411], [117.65669490269407, 40.12322537951323], [117.65819807021944, 40.123528032991274], [117.65920063656014, 40.12703012138633], [117.65709609815475, 40.126026329443505], [117.65479156677944, 40.12752249739116], [117.65649528522982, 40.12932558939715], [117.64176816346074, 40.13360269265197], [117.64106720056166, 40.13510185696416], [117.6431711020414, 40.138005120003015], [117.63786311395313, 40.142698305774324], [117.63856451816773, 40.14519947789986], [117.63686241094183, 40.14889766394498], [117.63305676513144, 40.14689285721093], [117.63225586091322, 40.14809207378088], [117.63095403855623, 40.14689051620754], [117.62765023673771, 40.147687223089854], [117.62494789401289, 40.151485149241665], [117.6270503316014, 40.15348726892067], [117.62514849547804, 40.15458565952102], [117.62484873084416, 40.15868585279556], [117.6193440593844, 40.158881688963056], [117.6184438722591, 40.162281501063696], [117.61394130326502, 40.16197908320095], [117.61254130044482, 40.16637902116124], [117.6074408551468, 40.17227833780646], [117.59954170928798, 40.17167833230551], [117.59514343476481, 40.1692792800458], [117.59034738040158, 40.17288205741609], [117.58595252829207, 40.17908588813977], [117.58265658417797, 40.179688827573045], [117.58065993141201, 40.184591432497236], [117.581858577987, 40.18689053228376], [117.57946251101303, 40.1910935694527], [117.58215914064557, 40.19429124693069], [117.5901506091461, 40.1963852635163], [117.60234376198729, 40.19308076757672], [117.61134452835785, 40.19438218218285], [117.61624693793084, 40.19638457664268], [117.61654769520587, 40.200885378808074], [117.6269573143885, 40.2079941864752], [117.65249725126246, 40.206327987809296], [117.66191813970691, 40.21654594556106], [117.68346722028876, 40.22208751534321], [117.69198680898985, 40.22800448873818], [117.700506029268, 40.239421697353876], [117.71262806672958, 40.238241013511036], [117.72094119361616, 40.24295325732958], [117.73315381005375, 40.23706529473576], [117.75665918150125, 40.230674840145774], [117.77454742569421, 40.246171848601534], [117.78523174021119, 40.24566284538724], [117.80569014146353, 40.255637996383285], [117.81416943901759, 40.26312551646426], [117.82444076460271, 40.260106570933615], [117.83351488951529, 40.26108984838902], [117.84029589560733, 40.265578036377576], [117.85036693581107, 40.262559015088534], [117.8556525450354, 40.262849871286825], [117.86233537287472, 40.26453925773508], [117.86662535290432, 40.26853353644731], [117.87181363749194, 40.27052665434716], [117.88998013582035, 40.27150781848348], [117.8945743141827, 40.2737053348644], [117.90596366519173, 40.27160129342945], [117.9104618452664, 40.27400190366201], [117.91166264913977, 40.283104048622654], [117.91556249507721, 40.286905917754], [117.94128005022279, 40.285929439038306], [117.95239957397506, 40.29044946329203], [117.9558060390297, 40.28605524860015], [117.96061667856014, 40.28446517042558], [117.97605909285703, 40.29430527808745], [117.99210980005518, 40.29695116662118], [118.00926731239095, 40.29400206449242], [118.02211108509495, 40.29994184121224], [118.03806087811681, 40.303787327276126], [118.05199867920511, 40.31352367077611], [118.06803106768281, 40.320556460043605], [118.07684375206065, 40.32847125113224], [118.07994766409269, 40.33477665048818], [118.0815512921521, 40.35148315353618], [118.08425365006026, 40.35438668524624], [118.09675753621057, 40.356995571938896], [118.10245586560109, 40.355196400242505], [118.1283269205678, 40.35618557482178], [118.13511484232062, 40.36388078625258], [118.13591385973214, 40.368981440721406], [118.14030523855016, 40.37657836216767], [118.14848609148972, 40.38156831241609], [118.15905959976497, 40.396356012043704], [118.16504253247454, 40.39704564630848], [118.16584084833053, 40.40184588799364], [118.17052679316733, 40.40013667394258], [118.17112469187525, 40.39773472022371], [118.17381672406441, 40.39822987308377], [118.17311940069348, 40.40263273122502], [118.16394690396483, 40.40585074106436], [118.15985916431357, 40.40985943319223], [118.163450944433, 40.42515880065456], [118.1745183752115, 40.42613881223143], [118.18020111356226, 40.424527527297926], [118.18249494253331, 40.42972523161557], [118.19854868224154, 40.43279735053266], [118.2122144457981, 40.44377997506235], [118.22438829739454, 40.44856630788927], [118.22898024613578, 40.45266324586406], [118.23666792706405, 40.452656828683914], [118.2431599590222, 40.45485394333679], [118.24595759801946, 40.45915459452319], [118.24595850872015, 40.46605755871144], [118.2532524897109, 40.46445520133954], [118.26604793702116, 40.458154446310125], [118.26914764572516, 40.45345386147664], [118.26744660316903, 40.447350524528076], [118.26844634418057, 40.44444980163842], [118.27944999921648, 40.43785461416778], [118.28255111275095, 40.428953977444934], [118.28715489472992, 40.426057686760366], [118.31289176978414, 40.420993376502025], [118.3230115515396, 40.423012435882626], [118.33112803843326, 40.42202741781444], [118.33323257560559, 40.42323190119524], [118.33383473352356, 40.43003567121326], [118.3356387352127, 40.43183982939892], [118.35157143095873, 40.433170212647155], [118.36269239910867, 40.43679067700815], [118.36709879251892, 40.43029498581752], [118.37831462854099, 40.43211088181822], [118.39622946312457, 40.43822902095421], [118.40033020343695, 40.43633013667993], [118.40242906182763, 40.426627033326156], [118.40912686636602, 40.418424855084965], [118.41802124583747, 40.41652233754539], [118.42870863985769, 40.415615124292806]]], [[[117.82291695256113, 39.2708129632668], [117.81573689737981, 39.274127583923686], [117.81982670000876, 39.28062378058913], [117.82371589921496, 39.28001639264275], [117.8202257237486, 39.281523537292294], [117.81763247276486, 39.27922695759493], [117.81603684866616, 39.28003019086557], [117.83389028679592, 39.3048103015129], [117.83628338466514, 39.304205496486645], [117.83957456430608, 39.308601565319215], [117.85622772254686, 39.30156805736869], [117.85852139845852, 39.298762789619886], [117.8374753269418, 39.267283909589466], [117.8311931495227, 39.26669539157035], [117.83009680679574, 39.270999754287715], [117.82690585312943, 39.27120581774078], [117.82291695256113, 39.2708129632668]]]]}}, {"type": "Feature", "properties": {"name": "秦皇岛市"}, "geometry": {"type": "MultiPolygon", "coordinates": [[[[119.44467306534541, 39.78783563138233], [119.44786508582652, 39.78843042954546], [119.44517175112283, 39.78713477365604], [119.44467306534541, 39.78783563138233]]], [[[119.57660437807685, 39.893021826731776], [119.57909975951821, 39.89771922311596], [119.57680492231222, 39.90082196971137], [119.5830929147593, 39.9038155541264], [119.58598695428459, 39.895712738216766], [119.58019690578055, 39.892317798055686], [119.57670411337236, 39.89262168830242], [119.57660437807685, 39.893021826731776]]], [[[118.89017108427012, 39.96349956265777], [118.88807375331594, 39.97030142267529], [118.89017343874492, 39.98230035629081], [118.88767719431516, 39.99480279398318], [118.8907761559257, 40.007801068934], [118.88538202234338, 40.015105671769874], [118.87429710283575, 40.020917898656805], [118.87150202466198, 40.024921719024654], [118.87170637153281, 40.06202350214274], [118.88219220811527, 40.06761157197362], [118.9063803571735, 40.087599832498], [118.91238190828929, 40.089100463661225], [118.91958621568268, 40.08840315475355], [118.922589184056, 40.09030512379618], [118.92539335493021, 40.09940788553245], [118.92900143852108, 40.127313447678404], [118.92749962136962, 40.12871218166872], [118.92249388717127, 40.12840822516556], [118.92319501276569, 40.1317090202345], [118.92499701915392, 40.132110400082865], [118.92339557404871, 40.13450943265815], [118.92860172746602, 40.13391369309525], [118.93100577860558, 40.139016597372105], [118.93070682608258, 40.15081751191113], [118.91719327513819, 40.15870842065517], [118.91829505788559, 40.1666098436371], [118.91259228799217, 40.17080831949906], [118.89479382363714, 40.16991101519896], [118.87072321879236, 40.18233591512784], [118.85515271704112, 40.18015968388779], [118.84756982459643, 40.18377348851646], [118.83908961613712, 40.18548933658367], [118.82811632601042, 40.192310826939725], [118.80716382587944, 40.201148931282894], [118.79678397882896, 40.20726525329485], [118.78859630702418, 40.20387494934997], [118.78170395916338, 40.19548076078024], [118.76891458541911, 40.194489397922744], [118.75981724928877, 40.191891658803726], [118.75191662929254, 40.19209143041697], [118.74961605275992, 40.19349110585053], [118.75001744597118, 40.203092582506876], [118.75211841837056, 40.20549338698975], [118.75221894978402, 40.20939399110089], [118.74601703539594, 40.2141929491865], [118.74081321006027, 40.21199001146778], [118.73831061931014, 40.20858789358891], [118.73751014249534, 40.21068765489208], [118.73670901553135, 40.2079866631528], [118.73670932608505, 40.21038702778849], [118.7303024868965, 40.21348206013127], [118.73340611387604, 40.21268474838505], [118.72699867769106, 40.21817945840367], [118.72139046714177, 40.22037335717047], [118.71467839346766, 40.21736395860527], [118.69173078653822, 40.2323283719179], [118.6821077870229, 40.235510830814825], [118.67158292506622, 40.24379220007369], [118.63440666059446, 40.251032827632244], [118.60068597551866, 40.26411584661577], [118.57970524509427, 40.26852906531477], [118.57501389063371, 40.27543596294497], [118.5748159212089, 40.28863912271179], [118.580407575303, 40.29523421335776], [118.58600171917291, 40.306931977396204], [118.59129695505702, 40.310529391349164], [118.60279129503628, 40.30962595508385], [118.60459132487783, 40.311126359226975], [118.61409587419746, 40.32943359576584], [118.6220019476762, 40.332939426155946], [118.64183156244114, 40.351366735809094], [118.64614014092199, 40.355774397546064], [118.64964826228803, 40.364782651121786], [118.65125237661624, 40.371087239484986], [118.64975068654579, 40.38218840731895], [118.62851959320463, 40.41667229467667], [118.62431605222115, 40.426372054203775], [118.62431672660546, 40.43167411382062], [118.63012444552535, 40.43878250500498], [118.64314594217466, 40.445701778302215], [118.6630890823525, 40.451837503584926], [118.66950414959187, 40.44954848941652], [118.67321425965665, 40.45755888036011], [118.67662294648751, 40.45966628776959], [118.67682444919694, 40.46747003580397], [118.68253880608422, 40.46908166572369], [118.68193779727886, 40.472782147857004], [118.68444394501677, 40.472486787145456], [118.6864494519882, 40.476992585826906], [118.69487029149917, 40.48151019498463], [118.70539537875936, 40.492333317508034], [118.70890275368669, 40.4927391003192], [118.71591572466502, 40.48814730855161], [118.71972134612332, 40.479948650544536], [118.72963560606448, 40.47515776089747], [118.74244897671058, 40.477268469629315], [118.75465421787489, 40.476371843696064], [118.75925455780703, 40.47787248300485], [118.76155470101467, 40.48137374540224], [118.7791439004455, 40.48106471311296], [118.78733503082697, 40.48785999669045], [118.79272732345831, 40.489354391010544], [118.79821875888994, 40.493749179393696], [118.79642228283524, 40.49695315191113], [118.80101612424919, 40.51215401998277], [118.80490886647029, 40.51334873617423], [118.80710524161007, 40.519048108377895], [118.8131927175534, 40.52063883592039], [118.82736219378978, 40.53331986728999], [118.83594210054436, 40.53490462786073], [118.8433239808093, 40.52898781830647], [118.8563947212727, 40.527964110524984], [118.86278215202613, 40.530755189072025], [118.86996874749923, 40.52844343847877], [118.87126692803987, 40.53124311014128], [118.8786564479083, 40.536636786801715], [118.88904517664285, 40.54002877379301], [118.89334233417583, 40.543727835722365], [118.89753971140998, 40.54132444113991], [118.90503796253559, 40.541322460551505], [118.90633774897549, 40.53952141251747], [118.91233888362633, 40.53792107126533], [118.91363919327634, 40.53592034401492], [118.92494782372289, 40.53212433016796], [118.93345959900563, 40.531832431874896], [118.934561627392, 40.533334509951274], [118.94829054583859, 40.53645665511271], [118.95791591608689, 40.53297367898849], [118.96503770654061, 40.5325895049727], [118.9692518013246, 40.534100515022224], [118.97206186466407, 40.53740933738372], [118.96804973695507, 40.54930557003243], [118.96544141667064, 40.55120028951462], [118.96524118457513, 40.554401547278786], [118.96815076120845, 40.554608683374695], [118.96815109951798, 40.55721010223312], [118.95922284832267, 40.5568892119181], [118.95801961622475, 40.559287932618986], [118.97708311221558, 40.56333648669558], [118.98009404710879, 40.56214401824512], [118.98611704236194, 40.5629613963981], [118.98943024695876, 40.56507213784311], [118.99153978760714, 40.574283483159064], [119.0012796690146, 40.579315419193435], [119.00800725985796, 40.580536465556584], [119.01935285977328, 40.57856936937711], [119.02909220545396, 40.58900356619313], [119.03360939529188, 40.59131743997261], [119.04284196240043, 40.59114148546352], [119.05437933883155, 40.59967332473451], [119.06981922220575, 40.60780675446103], [119.07693272771988, 40.607116264515824], [119.07993726804301, 40.60461829760989], [119.0796361907548, 40.600115258242745], [119.0847431639209, 40.598619544754946], [119.08554376885343, 40.59581858765202], [119.08424171069419, 40.59261553144285], [119.09375093058831, 40.590320940914005], [119.10005493830054, 40.595126016077785], [119.10625610118733, 40.59622715637503], [119.1056565377829, 40.599429087832505], [119.10985635066108, 40.60122965331386], [119.11245616847712, 40.60553154744744], [119.12215002117927, 40.60532639737121], [119.12864358606015, 40.60802263511693], [119.13313738125477, 40.605616570431415], [119.14132465567242, 40.60710741900377], [119.15609657845602, 40.61619038968628], [119.16357956072683, 40.61617735344918], [119.16497610846397, 40.61497409936539], [119.16407695375901, 40.60556998612878], [119.16896474795342, 40.601558667138875], [119.18752051526268, 40.611430027110664], [119.19171038134071, 40.61132231337784], [119.20737432181174, 40.605692356664434], [119.22843782285976, 40.606665865539135], [119.23702763509868, 40.60535790014475], [119.24212234194631, 40.59855077549122], [119.23912375319935, 40.59084789317063], [119.22603761220427, 40.57995254281977], [119.22823300124166, 40.56844377036842], [119.26230991525503, 40.54471782850064], [119.28272308804239, 40.5364262326935], [119.30846408017783, 40.53175856132106], [119.34073589302523, 40.53241843006343], [119.36819259278941, 40.53886943197388], [119.38761776777633, 40.540493454102624], [119.40332409830785, 40.536900461208965], [119.43569349513459, 40.5417877859355], [119.44826449682338, 40.54146924523064], [119.4668059458869, 40.53652835658754], [119.4876241637764, 40.53497244065681], [119.49718334784025, 40.5376458914322], [119.4963870316859, 40.53914904452247], [119.4985775237045, 40.53984289459528], [119.49937452349242, 40.543642525559115], [119.50504992379369, 40.547427527690516], [119.50564768204156, 40.550527397786794], [119.50903293840783, 40.55271841000174], [119.50973019998676, 40.5554177853089], [119.51261723662915, 40.55420847948265], [119.51251746679063, 40.552607908340306], [119.51689851200804, 40.55549644831731], [119.51659935196211, 40.55189537625212], [119.5271532865798, 40.5487630985163], [119.5334273729472, 40.550246567931175], [119.54030070212993, 40.5555314556605], [119.54886838356275, 40.551908882104016], [119.56491676898482, 40.54907541453124], [119.57688607031491, 40.542154523583484], [119.57938021714035, 40.537249133021824], [119.57788173258396, 40.524944439350776], [119.57468837513633, 40.52204682543908], [119.56142288019701, 40.518065454804095], [119.55833204385054, 40.51587018145137], [119.55683610768666, 40.51067055973029], [119.55942699026878, 40.50306181137672], [119.56879962296915, 40.49754308599457], [119.5776776063354, 40.48942739851876], [119.58386391990713, 40.47641522183822], [119.58765727129305, 40.47361099073845], [119.59654564730144, 40.47260610687936], [119.60094132969095, 40.47020416387337], [119.61073450259137, 40.45619920986566], [119.60753429627064, 40.44619422879141], [119.59933842035643, 40.4368904058456], [119.60113619510611, 40.43108787074701], [119.60063609375842, 40.427186403733586], [119.60233447837389, 40.42458526789837], [119.60163470792035, 40.42238446543403], [119.60543144595425, 40.41588205744624], [119.60632999541751, 40.40807928517773], [119.59723494456965, 40.39407490768158], [119.59253803184191, 40.376570772379644], [119.59623271781076, 40.36846670705865], [119.60562395268815, 40.35766238566263], [119.60262407521493, 40.34425830236263], [119.6031229261358, 40.33785647060761], [119.60562082318712, 40.33295522819632], [119.62201767203068, 40.31945893409699], [119.62871873962945, 40.302260629096935], [119.63412266341885, 40.30126637768826], [119.63512300006427, 40.29696656375149], [119.6479368719363, 40.29248356700135], [119.65254263970948, 40.287389871157515], [119.65334268063857, 40.27848923886374], [119.65774874336876, 40.27359578144869], [119.64793355243583, 40.266277843625325], [119.64983542446642, 40.260679741990565], [119.64372711586479, 40.25756969019428], [119.64472785675166, 40.25377043538076], [119.64272510423376, 40.25106697148917], [119.63942137829008, 40.25076228579726], [119.63601709994974, 40.243756532602994], [119.63491498430439, 40.23495358903989], [119.63251226453033, 40.22944979440278], [119.62971002363726, 40.22804647719899], [119.63011010908792, 40.226546648123595], [119.63251167163502, 40.22474900284435], [119.63811677195484, 40.22495594806467], [119.63811715063157, 40.227956451585634], [119.64492547486893, 40.232966923085684], [119.64572618837514, 40.230667736611785], [119.65323644047389, 40.23037974154056], [119.67026514458209, 40.23981216357839], [119.67747775838447, 40.24082611162676], [119.68388740686865, 40.22973641726454], [119.68208380725595, 40.2257323053539], [119.70221391498391, 40.2100665166913], [119.71282678077787, 40.20628273227448], [119.7162295406577, 40.200286676334024], [119.72063313671516, 40.197592078546], [119.7229348870954, 40.19749487158434], [119.72713803632142, 40.20130013414286], [119.72523756280842, 40.20629881150291], [119.73704200483023, 40.207109831950866], [119.73704160772165, 40.20400936765783], [119.74004135644083, 40.20141099327124], [119.74484145273173, 40.20821454475548], [119.7519383540706, 40.20931689888869], [119.75713178584427, 40.1891143730319], [119.75872807366795, 40.17181204234029], [119.76322182183394, 40.161310030228805], [119.76142303988921, 40.154509653425016], [119.76841293648913, 40.14600651909692], [119.76851219093892, 40.14130598601799], [119.76221951709681, 40.13400735455562], [119.76181938788972, 40.129406994388006], [119.74262890865435, 40.10620183180582], [119.76820570243305, 40.08690140935245], [119.77748971179038, 40.08359552768244], [119.77719001115472, 40.08149560955816], [119.77139969270809, 40.07809919717922], [119.77040067729119, 40.073399417451135], [119.76640569090515, 40.06690077851825], [119.76910126352492, 40.062399354232205], [119.77469174690908, 40.05929595151598], [119.77489110168624, 40.05699567654873], [119.77139667040385, 40.054297680010386], [119.77449154026547, 40.054895820284194], [119.77678677601449, 40.05009391233809], [119.7821762708632, 40.05168947297569], [119.78596783952122, 40.05068564790677], [119.78836215526674, 40.049682976493116], [119.78616700598418, 40.04768526413301], [119.78876089012974, 40.047182380409524], [119.78925985901482, 40.048481882080374], [119.79334919546007, 40.04457668909616], [119.79275049679012, 40.04277734617643], [119.7968399788339, 40.044272056786276], [119.798934051041, 40.04256903854149], [119.80023064183105, 40.04416726295146], [119.80182578330513, 40.04146476208248], [119.80541547020448, 40.04255932178137], [119.80481742705227, 40.044060341821734], [119.80830706119329, 40.04475481557517], [119.8082072010904, 40.0434549051304], [119.81349103786656, 40.045346161003785], [119.81259399369263, 40.046347753822495], [119.81688046089351, 40.047440368347495], [119.8192732212343, 40.05173635189152], [119.82385791270498, 40.05042792997226], [119.8224630013716, 40.05403070211293], [119.82983763631294, 40.048916721427176], [119.84100015530196, 40.05149593943874], [119.84249494928903, 40.05009308401408], [119.84179693581176, 40.047194209956494], [119.84976937349713, 40.038679212119135], [119.85963744793416, 40.0341621481019], [119.85355591405947, 40.02907205982771], [119.8562467564666, 40.02416722226826], [119.85345529588064, 40.021471845264266], [119.85564828641863, 40.021268085264296], [119.84886917583341, 40.01327951461266], [119.84677605828594, 40.01308327769016], [119.84538002635837, 40.00768556107304], [119.85195819956887, 40.005973696098756], [119.8526556635806, 40.00367237137609], [119.85096106201603, 40.00297530762857], [119.8511600810307, 40.000274831787884], [119.85434985007744, 40.000569302109874], [119.85803757232686, 39.99516285288677], [119.85993105621472, 39.98965951860563], [119.87797752659124, 39.96173322407478], [119.87807670911496, 39.95703291101411], [119.86800274156177, 39.9526456352843], [119.84836387886924, 39.95707791092421], [119.84118884191155, 39.96559141336694], [119.84328318516324, 39.97668801305753], [119.84138959333919, 39.97709153667184], [119.83650585573936, 39.97520058355673], [119.83510951692266, 39.96660283628224], [119.83331547117416, 39.96560616685831], [119.83401457116804, 39.97740536155703], [119.84218741957845, 39.98119023542152], [119.84477936143314, 39.986185678145176], [119.84248713286202, 39.98698993613798], [119.83541053712965, 39.98300298181529], [119.83411453117711, 39.979805278224234], [119.83062631710675, 39.97961182476737], [119.82484535867984, 39.97642246493539], [119.82444714991728, 39.980123361647166], [119.81158778430309, 39.97184585766543], [119.79892310998167, 39.955564970332865], [119.79303825829956, 39.951672724063656], [119.76778856583168, 39.947194351294065], [119.74360822439763, 39.94499352626808], [119.73990836123166, 39.942291367736914], [119.73770848545759, 39.94348996984542], [119.73220727137455, 39.942285551048315], [119.73090636249864, 39.93868421283305], [119.72780465123184, 39.93608105233871], [119.70528280902799, 39.9316503538094], [119.7036798037088, 39.924847417128724], [119.68935784943872, 39.92312191855824], [119.68705428303393, 39.92511769085319], [119.68455097375124, 39.932313271693296], [119.68014372839788, 39.93460496486922], [119.67293103899802, 39.93269107737361], [119.6739318757294, 39.92559267883982], [119.67222841541897, 39.921389243502496], [119.66812142453011, 39.92158147577407], [119.66271287269912, 39.925271599857936], [119.6510948462333, 39.923451266981566], [119.64909238894786, 39.925948131981514], [119.64618855443416, 39.925843578571815], [119.63597643186665, 39.91942900126076], [119.62476673126564, 39.90451629392288], [119.61476380137992, 39.89840911625187], [119.61336392075023, 39.898608478405805], [119.61336414439157, 39.900408565127734], [119.61936509988678, 39.9057121491338], [119.61526450034205, 39.904109639600925], [119.61406455665647, 39.90420905984284], [119.61506490021355, 39.90730968851376], [119.60626683666895, 39.905406780969265], [119.60336875302617, 39.90770668467523], [119.59837259834913, 39.90720717797323], [119.59587567619533, 39.912008075798795], [119.59377797137658, 39.911508836860364], [119.59407626294987, 39.90060820112693], [119.58658652481743, 39.90001249181298], [119.58399193795005, 39.9087149905941], [119.58119696451736, 39.9082175536722], [119.58039812506753, 39.90521821624877], [119.57590768202573, 39.90732335611645], [119.57012097801923, 39.904831028167884], [119.55217269873712, 39.89406330567274], [119.546890511813, 39.88927495226144], [119.5392172696643, 39.874292961587685], [119.53483212872086, 39.85540333240202], [119.52646475593362, 39.84172551595698], [119.52616573349479, 39.83952621873574], [119.52785847211359, 39.83822135043192], [119.52915330216273, 39.83991784094475], [119.53383417948551, 39.840005027943306], [119.53562689103393, 39.83910018471926], [119.53771800828633, 39.834094363560126], [119.54349573499583, 39.83237969174125], [119.54140333955284, 39.8303847170423], [119.54249890309544, 39.82798182720073], [119.54120337791701, 39.82468480945587], [119.54229909787233, 39.82358200268189], [119.54439144743411, 39.82467697209603], [119.54718101275131, 39.822270185833865], [119.54209934438754, 39.81958220055272], [119.54508760463109, 39.81447453437225], [119.542994836523, 39.81047928986271], [119.53582230069443, 39.80899746496264], [119.53243628154542, 39.81200678352793], [119.53353214932311, 39.81440400384831], [119.53114206915656, 39.816010631712786], [119.51978986647107, 39.81554290553337], [119.51461265958028, 39.8179583887189], [119.49997628962862, 39.8137019732163], [119.48424332393199, 39.81474796236588], [119.47328616089987, 39.812077292031006], [119.4415807964987, 39.79134063870921], [119.42460867711306, 39.77475746411913], [119.40072007246168, 39.760660098588566], [119.39921927269276, 39.75665909304626], [119.40201884019022, 39.75025937197794], [119.40221826096024, 39.74575891228712], [119.3974167557797, 39.74125651957256], [119.39031297546359, 39.74015192395365], [119.38340721192318, 39.74184595591045], [119.37279310914558, 39.736632699440875], [119.36437762203317, 39.723318693049706], [119.35886487781899, 39.704007045042424], [119.35395379872425, 39.693997072363594], [119.34112142257533, 39.657567297406864], [119.31886497231567, 39.60721483102537], [119.2760818717584, 39.499825933673186], [119.2937012986833, 39.48383897305228], [119.31032839248165, 39.461256139497976], [119.32515629322346, 39.43087116187945], [119.31232890718083, 39.43324881048044], [119.29659864763946, 39.42642128824001], [119.28177785629738, 39.4241028215883], [119.27517168552406, 39.42539778280762], [119.2579655242335, 39.43439424374662], [119.24367159958943, 39.446501489547636], [119.23028517189208, 39.45271300829437], [119.21840428681818, 39.46473058748188], [119.21031917254264, 39.46514194221333], [119.1919585505655, 39.46027069419387], [119.1738026474787, 39.46290541793102], [119.16193057840539, 39.46212688711878], [119.15075529923016, 39.4663473028292], [119.11920090486228, 39.467683825031635], [119.09980519790214, 39.47028865129274], [119.09580378329981, 39.47358860619428], [119.08729713920768, 39.47658466780682], [119.07738377884614, 39.477775178422284], [119.07037045015514, 39.4746644791789], [119.06104796806507, 39.46524518610103], [119.06094721218967, 39.46134355874376], [119.05803956182577, 39.460537604716194], [119.03536887530957, 39.46548577326038], [119.02442835621234, 39.465555231959456], [119.0222201552799, 39.46794968881896], [119.01920816815881, 39.46594010324611], [119.01810425110368, 39.46923803307321], [119.01097588026782, 39.468716487230736], [119.01368783887924, 39.47772788128834], [119.02172011694148, 39.48295357027169], [119.0193120419331, 39.49335005866649], [119.02362887527543, 39.493862879926084], [119.01891082298124, 39.496149815794624], [119.02162167366366, 39.498258504251595], [119.0181089882026, 39.50655087763632], [119.01489639639334, 39.507441585909895], [119.01499707440927, 39.50964259940194], [119.0176073412881, 39.50915023013555], [119.00897311325781, 39.51042470870195], [119.00806975331435, 39.5125226486814], [119.00786871952378, 39.510721463280454], [118.99521824743663, 39.511683649509315], [118.9942146577871, 39.51468161997739], [118.98086345313006, 39.51444306407591], [118.9791574424428, 39.516438997652294], [118.97444054915337, 39.516326304013845], [118.97694938425377, 39.515832817401844], [118.97554431561062, 39.51532890443079], [118.97544366099618, 39.51292787409636], [118.97373788108413, 39.51462392443094], [118.97383867970744, 39.518225324358], [118.9725335085143, 39.51302028809083], [118.97213253913503, 39.516320302805404], [118.9674168274351, 39.51700870318163], [118.96671480501836, 39.51910765694465], [118.96801935913732, 39.52151158684602], [118.97243409721493, 39.520522396875926], [118.97082887485732, 39.52261894404785], [118.97424055644424, 39.52202756275329], [118.97092945163095, 39.52451978569938], [118.96982556740046, 39.523216598933494], [118.96621371992916, 39.52340778532715], [118.96962505706354, 39.52451649736774], [118.9626025874321, 39.52529988670742], [118.96270314441126, 39.52730072936458], [118.97102989178545, 39.525320286685115], [118.9714315064995, 39.52732192140103], [118.96641492609825, 39.527909649473884], [118.96661571117681, 39.52901046831861], [118.97283646640871, 39.52842586781781], [118.97203397649928, 39.53062446478494], [118.97584720515896, 39.52993422985682], [118.98899661186921, 39.533472061572674], [118.98929861919969, 39.54017492165564], [118.96491236387615, 39.54601140984765], [118.95107260162055, 39.54588183850928], [118.95237640420372, 39.549385329118095], [118.95147439707593, 39.55208435914649], [118.95488354728668, 39.55289128614535], [118.9507727643275, 39.553383397670174], [118.95177585437436, 39.55758646365606], [118.94997147447035, 39.55928353864268], [118.91191499185719, 39.552241925402306], [118.90461328292658, 39.54814046985922], [118.90091380243324, 39.54804117292976], [118.89071977172297, 39.55374772954199], [118.89171980433824, 39.56014882828337], [118.88802379104811, 39.567853566165994], [118.8775363017161, 39.57106465809258], [118.87773626006019, 39.57296492528009], [118.87474040797906, 39.57166816379464], [118.87553947051572, 39.57366770446433], [118.8711465334473, 39.575673852327746], [118.86715336389592, 39.57587948903919], [118.86705403508418, 39.5798806578608], [118.8643592341417, 39.582285270850605], [118.86495880485828, 39.58778573589837], [118.86316216513436, 39.587788476659], [118.86266353614387, 39.59119008377509], [118.85717445313641, 39.591298968693344], [118.85697532242182, 39.595000195383115], [118.85907108017551, 39.59519678149644], [118.85877202984159, 39.597997938051755], [118.85727509035004, 39.59810043456086], [118.8501919753425, 39.61251596179069], [118.84999273753334, 39.61511689427417], [118.85548179447092, 39.62210887239898], [118.8557814780091, 39.624608898980675], [118.83054185456575, 39.6498600366157], [118.83383457357775, 39.653254497579105], [118.8338351857423, 39.65815540436359], [118.82814998005152, 39.67016819680674], [118.82256290691046, 39.67047857405276], [118.81947013069681, 39.67228448773795], [118.81647721509565, 39.67579040275495], [118.81857276613778, 39.67728694081169], [118.81527998302971, 39.67699269983474], [118.81188756766628, 39.67949893792713], [118.81358401078106, 39.67989611499241], [118.81268614149865, 39.68159792931077], [118.81009153475526, 39.68120222396179], [118.80759734301718, 39.68690722319014], [118.80929435024872, 39.69050503038084], [118.80530241994012, 39.6911115296501], [118.80660035727078, 39.69501008463537], [118.8009116912951, 39.6988193629869], [118.79951563980364, 39.710123031303816], [118.79781893638597, 39.71262577498698], [118.7977201195176, 39.72062700462993], [118.79262801458148, 39.71703323140111], [118.7903322130486, 39.722836798757044], [118.78783816034976, 39.74184203274655], [118.783145383744, 39.75154799839382], [118.78035014698467, 39.76435192963648], [118.78114951225422, 39.766151414204394], [118.80181940023613, 39.77292716704595], [118.80581215891243, 39.77602135714327], [118.8040176231799, 39.791625594617], [118.82207964659523, 39.79459518422874], [118.83155825323642, 39.79927800258412], [118.823976793071, 39.80639269884744], [118.82098432356742, 39.811898598411695], [118.8227821512467, 39.827096456995015], [118.8320623201913, 39.840880149600544], [118.84413521552199, 39.84915813190109], [118.84503348891617, 39.851756643928574], [118.84114350188185, 39.86016432599371], [118.85880762078234, 39.88363437417442], [118.86420104511463, 39.915127350090074], [118.8680951474988, 39.924422014459225], [118.87218930212768, 39.932616749318484], [118.87668240392615, 39.93201110693442], [118.87698244094304, 39.9357109120946], [118.88237534166721, 39.93510503584294], [118.88597164149698, 39.937201775212074], [118.89196799916056, 39.94989777846796], [118.89067013295, 39.95909902855059], [118.89017108427012, 39.96349956265777]]]]}}, {"type": "Feature", "properties": {"name": "邯郸市"}, "geometry": {"type": "MultiPolygon", "coordinates": [[[[114.92558157206122, 36.10412458877773], [114.91887535794709, 36.10752085012595], [114.91937605199436, 36.110321748491636], [114.91247246310088, 36.11742067396089], [114.91777782595382, 36.1393275617845], [114.91997955921603, 36.13922868573691], [114.9179780668566, 36.1402278655003], [114.89897390601145, 36.139826638922415], [114.90007411175712, 36.14462739304694], [114.89817469938613, 36.14502814033416], [114.89767472862718, 36.143628011564495], [114.8888799950177, 36.144933425285224], [114.88798049252976, 36.14263358252953], [114.88468358726017, 36.143336538871], [114.88508364207499, 36.147637181110795], [114.88258627546296, 36.14823966226028], [114.88228636296243, 36.1459394210067], [114.87409679626501, 36.14644876800381], [114.87100116943168, 36.14425228387852], [114.86431222617574, 36.14416185410951], [114.86231505707423, 36.13706328462725], [114.86461081310891, 36.135659432149126], [114.86311262286792, 36.12755985988996], [114.85213391444702, 36.128078143467675], [114.85203439174744, 36.13067891404344], [114.84724453953554, 36.13158765900981], [114.8469449072801, 36.12898760528402], [114.84474964779703, 36.12909163480006], [114.8447498050228, 36.130591978717014], [114.83726624693952, 36.13020580993395], [114.83636791321135, 36.127006764776226], [114.83377376332987, 36.12751176185851], [114.83297524439773, 36.124612602209716], [114.83157842212712, 36.12511534533129], [114.83087982624018, 36.123616316431175], [114.81441609099672, 36.127647286910424], [114.81491527461999, 36.12974689915677], [114.81112297854041, 36.12905324417962], [114.81142251176469, 36.130353036974505], [114.80852833826096, 36.13095799177469], [114.80912744605308, 36.13365762783281], [114.80713127741261, 36.1330607441953], [114.80703127929725, 36.13126049141171], [114.80134188697154, 36.131769419736365], [114.80114201931188, 36.12966923416269], [114.79664972908581, 36.129975709601965], [114.79684961277918, 36.131975894558416], [114.7935549751806, 36.1329805082529], [114.78816283254069, 36.13338711529233], [114.78436768205154, 36.13319112847385], [114.78376784877038, 36.12799053518555], [114.77787422880321, 36.12859593517617], [114.77707454083375, 36.12449562137873], [114.7699801107939, 36.1256004153419], [114.77127991258995, 36.13160109197079], [114.76838173030131, 36.132102676742015], [114.7686818628572, 36.134903182800976], [114.75738571429352, 36.13870693271049], [114.75778596778112, 36.14130751488206], [114.75628606036243, 36.14170764973918], [114.75738655556431, 36.14660876632015], [114.75358661607848, 36.14850909292963], [114.75458696220866, 36.15080971479972], [114.74768551014984, 36.15240874148333], [114.74788581116016, 36.15450929926662], [114.74018168644587, 36.155806057286455], [114.73597752715712, 36.14880157093122], [114.72997122500092, 36.14739611535546], [114.72997082114982, 36.14359523071725], [114.72736771863893, 36.143692657523694], [114.72646619802843, 36.14009087314333], [114.71835470991489, 36.14088139588466], [114.71895601682533, 36.14438298983808], [114.71745376123349, 36.14538124935701], [114.70733617519818, 36.14636668224086], [114.7079375598893, 36.148768189142814], [114.7043306105805, 36.14846232377506], [114.70392955862549, 36.145961080463636], [114.69811777997504, 36.14615122656913], [114.6968142245113, 36.13834712195434], [114.68799521866754, 36.13953129604825], [114.68679227063959, 36.136928439748615], [114.68268307261891, 36.13702068592669], [114.68358533266371, 36.13922290879392], [114.6608350467782, 36.140080227594964], [114.65913134131404, 36.13857682663456], [114.64670728525778, 36.137255740568015], [114.64610606628685, 36.13565444644054], [114.64280046075822, 36.13544946926781], [114.6418982515771, 36.128246520044186], [114.63628974971522, 36.1276388201694], [114.63598896739106, 36.12413764173982], [114.62497610228414, 36.123325569222516], [114.6251765980246, 36.126326432435576], [114.61637046642414, 36.12812039883159], [114.61637023861769, 36.12591989608067], [114.61356911240438, 36.126618643867914], [114.61286834840989, 36.12151717840659], [114.61116801705236, 36.12281682322894], [114.61016764905044, 36.12121613264117], [114.60786769772005, 36.124216225420376], [114.60516770548442, 36.12371570783996], [114.60396757079897, 36.12091499261473], [114.5990690571697, 36.121115376895034], [114.5974696935538, 36.11981542283244], [114.59657030475346, 36.120915915129665], [114.5943714450691, 36.11831606989881], [114.58817719178747, 36.121119978460804], [114.58977629855202, 36.12812056430265], [114.59227393809897, 36.12691894226775], [114.59387293238937, 36.12921875359378], [114.59697100975761, 36.12991785676906], [114.5923744671902, 36.13282024583872], [114.59247520423285, 36.14072202007658], [114.58108841283874, 36.143130901118305], [114.58118848504738, 36.145231290822316], [114.57729460544681, 36.1454354996134], [114.57729498978912, 36.149136362455884], [114.57380117218851, 36.14904064094306], [114.57360186865105, 36.15214162842813], [114.56422193403311, 36.15285599241339], [114.56242606550416, 36.15075862996343], [114.56292505971098, 36.15285824001683], [114.56202715853695, 36.15175957703079], [114.55773845932688, 36.15346802656261], [114.55843672356619, 36.1547669739389], [114.55355048064804, 36.15647725682819], [114.54926382688276, 36.161687851617906], [114.53740310174182, 36.16181677968071], [114.5371047777417, 36.167718964480244], [114.53869921688583, 36.16801490739683], [114.53859992173679, 36.17141597914408], [114.5353115571138, 36.17142457240145], [114.53521211529697, 36.17332529440379], [114.53192410338742, 36.17343417473591], [114.53112675772333, 36.17063568333102], [114.51070700041407, 36.172395365625874], [114.51140471481266, 36.17749450555796], [114.49546967395386, 36.17844255207439], [114.49556946469161, 36.18024269415556], [114.49168517326147, 36.18105434599365], [114.49188469907406, 36.18405449538928], [114.48979302918643, 36.18396057452045], [114.48560890233719, 36.17837123398843], [114.47973204305696, 36.18368891220748], [114.48013082964182, 36.18638848482354], [114.47216137033553, 36.19781241159401], [114.46618244323267, 36.20122800148682], [114.43716215188049, 36.202782303022865], [114.42358540373955, 36.20609640438352], [114.41449722627414, 36.224805481366744], [114.39850332397768, 36.22130314397704], [114.39170223389762, 36.22189943575781], [114.3829979669369, 36.224692637175494], [114.3749910434274, 36.225083503747115], [114.37358964521212, 36.22568183877125], [114.3738903835286, 36.22948323740763], [114.3696856559271, 36.22967752167223], [114.36928494239474, 36.22757639150195], [114.36217592104747, 36.23046629661296], [114.36097537474964, 36.2410671899583], [114.35286348980843, 36.245654567476436], [114.35306460236849, 36.25285690724707], [114.35086105563832, 36.25305301800214], [114.35116186543215, 36.25595436757284], [114.335234617645, 36.25602454856783], [114.3344323720293, 36.24832088015528], [114.32932350161997, 36.24861119784107], [114.32792130887528, 36.250709109250785], [114.32050895606486, 36.25209560400877], [114.31590134265706, 36.25018671205206], [114.31560049047926, 36.24668521295346], [114.30498503628863, 36.2459670246485], [114.2960745987011, 36.24725407471213], [114.2965753656771, 36.24945537554629], [114.27986333744843, 36.25483757000105], [114.27336205577967, 36.25973386792667], [114.26246379793915, 36.2640299849909], [114.25836555351137, 36.262428760085925], [114.25686600405506, 36.25822745289027], [114.25356801954956, 36.25492655947517], [114.2453757535518, 36.251127359613164], [114.24158078627579, 36.25282954041996], [114.23838622162323, 36.26053354259186], [114.23129869453643, 36.266440606347686], [114.2297021508651, 36.27094334908064], [114.21702951921695, 36.27305832239494], [114.21473452678586, 36.268160009170764], [114.21523302212697, 36.26555858078924], [114.21094299883288, 36.25846267254795], [114.21124183570082, 36.25486122526133], [114.21273791206019, 36.25375875000579], [114.2090465284922, 36.24566196305053], [114.20595472749463, 36.2450666004822], [114.20306291765235, 36.24717184578983], [114.19169612961986, 36.24879200339679], [114.18780733764488, 36.24359769441351], [114.18591318069777, 36.2440013141838], [114.18421820743258, 36.2423040119735], [114.18282259377284, 36.24300681552764], [114.18332120807064, 36.24440626254098], [114.17993159472448, 36.243412358752494], [114.17843645891631, 36.245415721307424], [114.17943347364479, 36.24641411656354], [114.17763900288463, 36.246017388298455], [114.17793786350492, 36.244116305832506], [114.1760437036363, 36.24371976532575], [114.17604385863908, 36.24512014714769], [114.17494711993488, 36.243821856303896], [114.1792343692081, 36.248915178489725], [114.17943438068413, 36.25461638089123], [114.17734098368435, 36.25552057651427], [114.18152843955171, 36.2596138406435], [114.18202747061353, 36.264814375269765], [114.17774107340786, 36.267523215154725], [114.17275654909575, 36.267532589129104], [114.17305591090937, 36.27013277450965], [114.17096234394967, 36.26973657429704], [114.16896799888833, 36.265339021160955], [114.16886856078892, 36.26763986225764], [114.16059371185511, 36.26855511336928], [114.16039450445284, 36.27035598178844], [114.15640645380918, 36.27266354917054], [114.15401319552153, 36.27156724722672], [114.15441227221491, 36.273467134391716], [114.14842921481188, 36.27627754477545], [114.14673411369932, 36.27948105778977], [114.14214598151588, 36.279587705354345], [114.14084905328373, 36.27818906482165], [114.1369588053645, 36.281895173434194], [114.13735765943063, 36.27999411968947], [114.13476368246923, 36.28059742264377], [114.13516254695962, 36.27849633899856], [114.13236864636877, 36.27789932783051], [114.13446373546904, 36.27509616177438], [114.12957435239025, 36.27660185448776], [114.13057201841035, 36.27410011992519], [114.1276777205527, 36.272902598883476], [114.12428430228083, 36.27470605406112], [114.11489906911285, 36.274011677171806], [114.11439958042324, 36.27261148322221], [114.11400028704631, 36.274212108238096], [114.10391096995842, 36.275414301812084], [114.09891447394762, 36.27801433230642], [114.0965153719901, 36.276613178806436], [114.0964149800549, 36.27281203877851], [114.0924160242024, 36.27291023370726], [114.09171582047604, 36.27030908871666], [114.08901584527142, 36.269707185589425], [114.08701566523114, 36.26980572064016], [114.08571565955833, 36.271905258068045], [114.07440980162401, 36.273093165519214], [114.06690249474167, 36.276682915462835], [114.06460056209954, 36.28558160777146], [114.05488650323366, 36.29526570546557], [114.05047822828688, 36.29505598845543], [114.0488752998197, 36.29745304709487], [114.05077943515012, 36.300558347198304], [114.04947717467734, 36.303356245868294], [114.0459698435598, 36.302747811891265], [114.04406586478162, 36.30414361031274], [114.05528832737183, 36.30516958956556], [114.056390535144, 36.30777269234879], [114.0544875209138, 36.310669612327565], [114.06049794882227, 36.31448295846378], [114.06440346392739, 36.313689873742966], [114.06790838330596, 36.31829725729357], [114.06590618037016, 36.32039460720382], [114.06390444553568, 36.32839371576188], [114.06200196244691, 36.330190849707414], [114.05769529964074, 36.330582649560974], [114.05148366408598, 36.32606798210578], [114.04527111167303, 36.327453957165545], [114.03524764656467, 36.32672802926734], [114.03284136591657, 36.3248208745159], [114.0318393638271, 36.32991977781988], [114.03855710120962, 36.339040862116285], [114.03865821702708, 36.34684375928446], [114.03605248437282, 36.35213869546272], [114.03093982796193, 36.35492571452289], [114.02141385943827, 36.35309780439752], [114.02041021340804, 36.3455922833649], [114.01689994426822, 36.342580855976166], [114.01469362846639, 36.34257425410204], [114.00927828018662, 36.34535887108602], [114.00215838178069, 36.352639805570654], [113.98882109028416, 36.35870221105107], [113.98320579973395, 36.35788584947345], [113.9824032188662, 36.353682135148134], [113.98591152629628, 36.34408878906335], [113.99142660681693, 36.34300443509443], [113.99513743932314, 36.34611647689342], [113.9974440288819, 36.34602334014415], [114.00065308755802, 36.34423238645091], [113.99944918578522, 36.34042747538412], [114.00055199837773, 36.33702966309022], [114.00877561015614, 36.334453694521905], [114.00757173256243, 36.331048926413565], [114.00195532416932, 36.33033168651913], [113.99784305408373, 36.326818149062845], [113.99744136971225, 36.32201538940871], [114.0005498472047, 36.317623332758615], [113.99964688304027, 36.314419593175586], [113.98831517860731, 36.317687040222005], [113.98310252246048, 36.33057631165934], [113.97468207049461, 36.33905615853531], [113.97548451868683, 36.34355979340862], [113.97027317192686, 36.352549387078895], [113.96335877695857, 36.3574343688923], [113.95925085050305, 36.35812538756826], [113.95273925900302, 36.35471077297126], [113.9510361254653, 36.35000589432359], [113.9541405853744, 36.34621061342415], [113.96676447818663, 36.34433792137903], [113.96325623682316, 36.33612687414265], [113.95984950108111, 36.33551899519785], [113.94783026545547, 36.33809603528969], [113.94132238263595, 36.33648493051266], [113.94002094563771, 36.33508256053544], [113.9393188716353, 36.32207730998524], [113.93761709299203, 36.31937411044578], [113.91721095012794, 36.3146545704189], [113.91461202778865, 36.316054056794634], [113.9071190308781, 36.33685975545037], [113.89713074967517, 36.34386446578218], [113.89383633109418, 36.351668820438604], [113.88794631499222, 36.353773630881605], [113.86789030593464, 36.35179587875874], [113.85682009577094, 36.34881223320533], [113.85542387132175, 36.34671388270244], [113.85602127683946, 36.33881019551537], [113.85751671685307, 36.336206808388944], [113.86320072759868, 36.334196963195765], [113.86609270823557, 36.331291602810644], [113.86210316858066, 36.32929706817265], [113.84136455926178, 36.33433500343807], [113.82790564099398, 36.331259259072574], [113.82092680683984, 36.33167226081855], [113.8140477327201, 36.33848671067964], [113.80816412428692, 36.3374962332904], [113.80387670557039, 36.34720627328455], [113.79479953384858, 36.34992011409596], [113.7835234597711, 36.35003300550311], [113.7833240636615, 36.35203388544131], [113.78691751744198, 36.356531793017744], [113.78492187414197, 36.35983502643409], [113.77793396032108, 36.354939568816185], [113.77074480502881, 36.355644480919416], [113.76585119048617, 36.35934787682276], [113.7629548124138, 36.364850641630866], [113.75965791833251, 36.36645176459579], [113.74856369059403, 36.36444989139061], [113.74906261726419, 36.35624716370644], [113.74566324374982, 36.355245594801424], [113.7394634136529, 36.357142930441505], [113.73856348677499, 36.35914303095149], [113.74096423427208, 36.362845863779555], [113.73786382958939, 36.363444059040866], [113.73796489546085, 36.37264741719206], [113.73596539047685, 36.38164922441824], [113.72526144295132, 36.39754499078959], [113.72015900104638, 36.414545465546944], [113.71475433539894, 36.423341682356245], [113.68791427442568, 36.4227961090775], [113.67649419113059, 36.42507529767829], [113.64985159292551, 36.44553573100383], [113.63543464138995, 36.45461908494827], [113.62362586721305, 36.457808357086854], [113.60062654755548, 36.45740005158493], [113.59343280106262, 36.46090372149433], [113.59063648651174, 36.466707733184116], [113.5898384850214, 36.47611240871594], [113.58734249297716, 36.4835174606279], [113.57715923364792, 36.486128466778716], [113.56997470368385, 36.491240484540164], [113.56079746597825, 36.49115590706776], [113.553019408885, 36.48766994151878], [113.55351845338058, 36.49257113997353], [113.56069813033311, 36.49465772158528], [113.56049928005305, 36.50006062906318], [113.56269371942795, 36.50255778063573], [113.56259490540846, 36.510761875261345], [113.56628646221074, 36.51865933920888], [113.56678599530953, 36.525261762970985], [113.56499062696352, 36.52716569614829], [113.56618782266668, 36.52856438161303], [113.56987898369036, 36.52725790820112], [113.5700788148954, 36.52975885191299], [113.56578907323961, 36.53096624067239], [113.56130102578088, 36.53457594459262], [113.5536228724104, 36.53429109038651], [113.55162917101553, 36.5360963138784], [113.5516295111443, 36.53909782917218], [113.55392285598676, 36.54209439843273], [113.55990511482976, 36.53727992266591], [113.57327350181116, 36.544161563271054], [113.58465276258524, 36.541047355577994], [113.59144417835947, 36.543443797299176], [113.59594048287856, 36.55044537314558], [113.59434332172172, 36.56265235391754], [113.58345844441901, 36.575366365172314], [113.75128873196805, 36.59225366592862], [113.7509885418525, 36.58955211110933], [113.75488665509984, 36.58955269821865], [113.75318678890231, 36.58274878992769], [113.7457892363217, 36.58354714995236], [113.74478902272615, 36.580645134648115], [113.74608863047442, 36.57864461233133], [113.7566838314002, 36.57464466834721], [113.7576828109825, 36.57174310219153], [113.76127996743878, 36.572042910719844], [113.76217990557382, 36.57864629861783], [113.7683728289428, 36.57514245076356], [113.77396535322818, 36.57603994768961], [113.77486408121709, 36.576739739584276], [113.76927242909272, 36.58144545476188], [113.76997166896079, 36.58264577352647], [113.76158135845787, 36.586550713248265], [113.76398000910449, 36.59485475610387], [113.76647725315361, 36.59425363754353], [113.76917422508212, 36.59605352734455], [113.76877517199604, 36.599955883275825], [113.77127232058267, 36.60345661613856], [113.76757735027012, 36.606259931657895], [113.77107352967633, 36.61166136052812], [113.76597947413104, 36.60876194074549], [113.76138335797273, 36.602459566319254], [113.75738661762504, 36.60316033532613], [113.74649231084055, 36.61136292060319], [113.75318991644822, 36.61006397388189], [113.74909180917992, 36.612364385405726], [113.74569251614344, 36.612062992566614], [113.74209321074521, 36.616463744355656], [113.743693143902, 36.6159642994881], [113.74379333430191, 36.61766532335125], [113.76408407691441, 36.63127547854112], [113.7665811588377, 36.629373573722035], [113.76817942437492, 36.630673701903255], [113.76748050387391, 36.63277521855161], [113.76428438773956, 36.63577806350805], [113.76118712241424, 36.63377757170495], [113.57597275703564, 36.58588012925421], [113.56958663873502, 36.58909069374939], [113.55004030553704, 36.59022840454104], [113.54605366244681, 36.594139797396416], [113.55163834709323, 36.616939862863866], [113.5506422088915, 36.623545873384174], [113.54177218778571, 36.62927023178899], [113.51587047976905, 36.63144353238113], [113.5000346310374, 36.635393363841004], [113.49346068530473, 36.63541288949748], [113.48569123662931, 36.64083852611743], [113.48210535655451, 36.64725236708375], [113.4837004142515, 36.655452858498926], [113.48768610017001, 36.66154527585266], [113.50850594809674, 36.68169594579735], [113.5142844583943, 36.69708828568808], [113.51348858859897, 36.70509575679521], [113.50472393822038, 36.70512210643943], [113.48410386627889, 36.69757779658347], [113.47354200161283, 36.69960748416749], [113.47204808409352, 36.70811671206496], [113.484306539603, 36.726695957713154], [113.49695890735607, 36.7380667455364], [113.50592327537227, 36.740841719306616], [113.54258124923035, 36.732532378377854], [113.54925977077787, 36.73872054827872], [113.54985851638754, 36.744422962172955], [113.55564173799084, 36.75241578847367], [113.56920656481067, 36.756794285649555], [113.58178185588932, 36.75847955714896], [113.58867172696993, 36.75797348970934], [113.59656291343708, 36.75396687732749], [113.60625714075256, 36.752965196514786], [113.61725712154863, 36.75717177279857], [113.64758585444999, 36.77821942728605], [113.66210953507382, 36.78584923962417], [113.6873550338758, 36.79029994216676], [113.6854526498366, 36.79880219991403], [113.68024433965125, 36.80769843479672], [113.6838517587582, 36.81591101992561], [113.69046441840715, 36.825029821398836], [113.6828525834395, 36.83872509423526], [113.6810501336242, 36.84562652082879], [113.68265418865052, 36.85583680227226], [113.69637945224598, 36.86957205700295], [113.6982833237937, 36.876580425329664], [113.70329171652146, 36.88259332549028], [113.70900007874992, 36.88550465039785], [113.71690986060666, 36.88761775938467], [113.72491655194747, 36.88102309399437], [113.73552268034989, 36.882634498636556], [113.73802294307387, 36.87893372261755], [113.73912235784837, 36.87202955169532], [113.73832074667767, 36.859420044654556], [113.7459206814644, 36.85682241585888], [113.74851951272349, 36.85141954256428], [113.75821466406572, 36.85182113998778], [113.7608128451078, 36.854122516089674], [113.7650098653579, 36.86342817014948], [113.77140217532815, 36.86432610070107], [113.7762942881898, 36.85881911163557], [113.77679307128913, 36.85521619496788], [113.77928892398509, 36.85541439603134], [113.78098659051089, 36.861117000691635], [113.77669446894711, 36.8659238693874], [113.7786917986102, 36.87142625772728], [113.78627739111036, 36.869017513240806], [113.7922646671077, 36.86971116889875], [113.79745314071411, 36.8753083931808], [113.80034677216726, 36.8824093792026], [113.79915122913788, 36.89502010989715], [113.78518536248014, 36.91905443850022], [113.78658310334217, 36.92375636255578], [113.79117376516966, 36.92735375587676], [113.79127428373732, 36.93375823158594], [113.78029603874589, 36.93206835119109], [113.77680244637587, 36.93627414344765], [113.76811711550656, 36.95649366184622], [113.77001529164296, 36.96139630739041], [113.78389367309747, 36.96899151833475], [113.78898472522104, 36.98089464468425], [113.79816443354413, 36.98808814174672], [113.80125750605531, 36.99538890308428], [113.8113311060708, 37.00267817074269], [113.83506063493918, 37.0124419954864], [113.85719378249539, 37.01490364105591], [113.88352813133723, 37.01366698075893], [113.89001576152172, 37.01115970146685], [113.90049932399604, 37.00104708226225], [113.90729196915454, 36.997043135529374], [113.94790177550958, 36.983669508275014], [113.95220702231424, 36.97437079528683], [113.97414978027481, 36.959910751856384], [113.99059111870237, 36.94184366793691], [113.99730728452674, 36.9152445021654], [114.00492858588593, 36.90706161936067], [114.00703421456831, 36.90226455865859], [114.03450857090212, 36.88162994454523], [114.04573481502719, 36.879857496103654], [114.07007489498451, 36.8798060459309], [114.08048265201072, 36.875216413897455], [114.09638229075321, 36.86151827996623], [114.09248280577337, 36.85731349767001], [114.0932819517592, 36.851109526042485], [114.08668155874088, 36.84720239845784], [114.0878815434496, 36.84560220708376], [114.09678043884867, 36.846808002470425], [114.106872893158, 36.83960424164629], [114.11736026305024, 36.84050158963269], [114.12175378831658, 36.844901983678085], [114.14041405539945, 36.840379521675096], [114.1990409611964, 36.84468040091826], [114.23196123838221, 36.84343554564081], [114.24414292090107, 36.84723033976197], [114.2587307197743, 36.856834899769225], [114.27032764611693, 36.85843998332334], [114.2792290705116, 36.855544280648665], [114.29253680365355, 36.84505126266358], [114.29844286270462, 36.84475911636507], [114.30605246873472, 36.84577148675658], [114.31056013896323, 36.857387190807835], [114.31376525245932, 36.859994579933264], [114.31937357292833, 36.85460080908729], [114.33079285620285, 36.85282097890927], [114.3305921795456, 36.84991854124903], [114.33640245546583, 36.85032994085596], [114.34221229894253, 36.84713873401157], [114.34882398210001, 36.850253246649324], [114.3597416005738, 36.852574023364774], [114.36605040240819, 36.852083731482935], [114.38747058099452, 36.850008316809244], [114.41246785946672, 36.84241206830027], [114.41416655838366, 36.84241171810364], [114.41546604685105, 36.847615039376485], [114.41926224635415, 36.84711321300792], [114.41896207236627, 36.842710242337276], [114.42155924690128, 36.84400981376411], [114.42465484708964, 36.84070547895041], [114.43493758390278, 36.83939481403234], [114.4371332172458, 36.839592266933586], [114.43912933508125, 36.84249168894854], [114.4542908334728, 36.84236628475366], [114.45488943969963, 36.845467290843345], [114.46017367117268, 36.84805810541958], [114.46834661746665, 36.84803920684582], [114.46884425162074, 36.84233395761009], [114.47890751486572, 36.84110707201553], [114.4808993747555, 36.836098104343826], [114.48488365441803, 36.83358522468229], [114.51356644737143, 36.82819647016728], [114.5232278628254, 36.829468952113785], [114.55222702946472, 36.83950151826208], [114.56090364706542, 36.84618888050907], [114.56160364840606, 36.86279938610195], [114.55930977802171, 36.86450485715343], [114.56000855356788, 36.87020760097316], [114.55861232775707, 36.870910755080274], [114.56040762182948, 36.87120756939625], [114.56180454098579, 36.87580829427716], [114.5599098688524, 36.88001478639846], [114.55791523530682, 36.880418894993085], [114.5574170161699, 36.884322663723694], [114.56300246771876, 36.88431223874816], [114.5644993411277, 36.88901301765346], [114.57218251317103, 36.88870096749254], [114.57268183266663, 36.89150229057682], [114.58526156470086, 36.89008766940663], [114.58656055864019, 36.89529039241088], [114.59405328372875, 36.89378500910498], [114.59405309124129, 36.891983718852956], [114.60474856871473, 36.89238222436172], [114.60644808551334, 36.88908004150273], [114.61094867860348, 36.89068226830699], [114.61565082693333, 36.89578795978338], [114.6321651396824, 36.89560174188737], [114.63526947068016, 36.89810721496742], [114.63547010008108, 36.90140983075068], [114.64258089092809, 36.90161953239195], [114.64338184206837, 36.8981181852385], [114.65460252907894, 36.89863641715394], [114.65780916559736, 36.89994291231073], [114.65780949967896, 36.90304513731151], [114.66282011729224, 36.90355449469234], [114.66452407551502, 36.90605942018251], [114.66903404675917, 36.90626798364609], [114.67093882128992, 36.91097495993312], [114.67554928893696, 36.91128396010599], [114.67685295998872, 36.91779112331214], [114.68767717707101, 36.914409262118205], [114.7017073915351, 36.91393410379332], [114.70601622906463, 36.91624288312056], [114.70601641482014, 36.91794410497302], [114.7130294433058, 36.91835515294307], [114.71503330175554, 36.922060671288676], [114.71373122412582, 36.923459831183955], [114.71483350954044, 36.927063984566914], [114.72054284176654, 36.92847258278937], [114.72074364855136, 36.93307613956162], [114.72394829185615, 36.93307997638987], [114.72404902375823, 36.93848397280025], [114.7345615405144, 36.938994617936366], [114.73676403524888, 36.94309924948144], [114.74046703855119, 36.94340191336437], [114.74206770890822, 36.93950001697078], [114.74516926287701, 36.93719985262017], [114.74897085521089, 36.93690097530996], [114.74927049324607, 36.932698038801135], [114.75777149001709, 36.93149810331279], [114.75907109441334, 36.92899620630562], [114.76506944709509, 36.92819434428754], [114.76536906194714, 36.925792518975], [114.7716658967442, 36.92859166806388], [114.77856013713189, 36.92888710801076], [114.78764828349519, 36.917670294888445], [114.79333968462186, 36.91436112600083], [114.79633505757712, 36.91575818571226], [114.80292352215902, 36.91534840602033], [114.80821375550005, 36.91824215407749], [114.81031033161798, 36.92514365857331], [114.81300477031547, 36.92463874213704], [114.81430260487129, 36.92954002942495], [114.82208581604671, 36.92922592748994], [114.82398227609303, 36.93522676119451], [114.83036870847579, 36.94211982438382], [114.83595664128259, 36.9472129797115], [114.84383946758061, 36.95120114680134], [114.8423437298756, 36.96001022794339], [114.84902924167372, 36.96069852767249], [114.84942855428588, 36.96219888923348], [114.85192335664598, 36.962694832202224], [114.85312134182062, 36.96699582453601], [114.86749414798385, 36.96617224580376], [114.8683930612872, 36.96997368262223], [114.87128848820218, 36.970570119647874], [114.87588172118302, 36.97026406007879], [114.87588141916824, 36.96746205533342], [114.8819735836561, 36.96565402883318], [114.89206448478967, 36.96504529748213], [114.89376378827043, 36.968246571423464], [114.89816194541625, 36.9698456189048], [114.90426038717594, 36.96574110148882], [114.91336250301244, 36.96584180373305], [114.9248713726048, 36.96164487651163], [114.9219674961059, 36.954037328427134], [114.92907568470855, 36.95274219502693], [114.93047787763257, 36.95474504055241], [114.939893728268, 36.952655224534645], [114.94801111722407, 36.95046671837576], [114.94720901071409, 36.94846387210851], [114.95332404931754, 36.9469741719029], [114.95532964615123, 36.94907971680514], [114.9581373049191, 36.94758453244841], [114.9590401532907, 36.94998820908025], [114.96736570700992, 36.951008190774076], [114.9682689653025, 36.954112633378934], [114.97278388709124, 36.95312334011088], [114.97378703540546, 36.95052408515668], [114.98783815210487, 36.951863902024236], [114.99145184668899, 36.95087373365133], [114.9917534693211, 36.95507763580764], [114.99366088933814, 36.95548356151329], [114.99516644758374, 36.95278610076695], [114.99576917268898, 36.95619033820907], [114.99777712052952, 36.95699692230011], [115.00249578947778, 36.95771164233015], [115.00309800493697, 36.95621238726835], [115.00831848009064, 36.95452696797616], [115.01655135096574, 36.958754743356565], [115.0275939328865, 36.9618891773461], [115.04395135934614, 36.96213287017885], [115.06501028336596, 36.957574017610085], [115.09245506408278, 36.960707667995706], [115.10396180633845, 36.96521414136383], [115.10376156635166, 36.96351291652662], [115.10936150430618, 36.959009207170645], [115.11356081300666, 36.95960839759546], [115.11346047587803, 36.956406139434776], [115.11585966520398, 36.956605255408654], [115.11625981786128, 36.95940707054103], [115.1177590835011, 36.95910607008405], [115.12265517742959, 36.951697575559265], [115.12635189311898, 36.94979320406292], [115.13114554740955, 36.93707944376106], [115.1157569744063, 36.93268812761222], [115.11225775251884, 36.92988751869152], [115.11265705379796, 36.92458357180283], [115.11755433943806, 36.91667570351141], [115.13124195681365, 36.90655740721353], [115.1427257941907, 36.901239447402], [115.1493146268799, 36.89972860454418], [115.16248931327584, 36.900106699114055], [115.16757899822208, 36.902999544580695], [115.17226882822678, 36.90199012300437], [115.17216824149524, 36.8948852128023], [115.17576021900643, 36.89287704157193], [115.17645746754488, 36.881967917818855], [115.18044862051488, 36.880659478353714], [115.17406199964458, 36.87596812611662], [115.17266374090207, 36.864562607905334], [115.16637715507477, 36.86427404066026], [115.16298388295641, 36.861177980759585], [115.16497875478755, 36.85246819579565], [115.1696686298386, 36.85075837596057], [115.18244096810422, 36.851234779370195], [115.18294029008547, 36.85483640024221], [115.18493617221542, 36.856633951946996], [115.20649401983502, 36.86880502518151], [115.21537915227684, 36.86979267903014], [115.2231676489096, 36.865880140681654], [115.23985199215251, 36.86776700711084], [115.28927701092412, 36.862979977917156], [115.30590822057167, 36.86880764893946], [115.32014011851281, 36.87103393979061], [115.33166759796366, 36.870154996894364], [115.31723060870081, 36.84651122146191], [115.31352117306763, 36.837498266431005], [115.31362057748427, 36.83019329899581], [115.31682679740145, 36.82079239715214], [115.32905517460412, 36.81591171294617], [115.32835190447189, 36.80190063870375], [115.33506684858784, 36.790405521688676], [115.33165812627082, 36.78619611750446], [115.32724722374438, 36.78388614339442], [115.34178139995008, 36.776208590821234], [115.34518988909055, 36.779917519409445], [115.35120370856879, 36.77932814795441], [115.35591505181607, 36.78724187810389], [115.3589213591012, 36.78624631278528], [115.36182663824654, 36.779946786516554], [115.365634117935, 36.779752650110716], [115.36623484247104, 36.77605104278383], [115.36934032564179, 36.77385413965269], [115.36903952301155, 36.77155214250819], [115.37725303391069, 36.77056241579063], [115.37705252686926, 36.76876095166432], [115.40097520619794, 36.7632762894604], [115.41097629781396, 36.76317738917433], [115.41627495243493, 36.76607818460939], [115.41657507260983, 36.76837963814241], [115.42976350721096, 36.76656985696031], [115.4330582315158, 36.75876123549283], [115.43455599089442, 36.758359280716554], [115.44703326191086, 36.761143372600536], [115.45192173952209, 36.758733040032595], [115.45232042841742, 36.75573027213287], [115.46947157967881, 36.75249047379148], [115.4719640220136, 36.756687048005425], [115.48432110626509, 36.75505277317013], [115.48452004634524, 36.752050201998486], [115.48152994964867, 36.74455354596702], [115.47734400185058, 36.73926141206203], [115.47295829098965, 36.73486999690553], [115.46837310035193, 36.73528173688236], [115.4670767385547, 36.73178256747803], [115.47186112244967, 36.728068324829906], [115.46986736467194, 36.72637221362023], [115.46548101510241, 36.72648288125184], [115.46258909421353, 36.722086674578954], [115.46189092042897, 36.72038713662412], [115.46538057113564, 36.71987881173561], [115.4658788234498, 36.7177762738166], [115.46248853620916, 36.71458203185476], [115.45630553598401, 36.71359468102988], [115.45600548297814, 36.706190527717936], [115.45829909198125, 36.70378423733998], [115.45091763090493, 36.70139730927691], [115.45021899188362, 36.69889699192971], [115.45281232277952, 36.694989683488856], [115.4501185336064, 36.69279330387347], [115.45111596721075, 36.69089028001283], [115.44802301522111, 36.690195366474924], [115.44662637096573, 36.69279937997177], [115.44253474372016, 36.69270580747095], [115.43694428979887, 36.688610953453356], [115.42675792465602, 36.68722065448867], [115.42605796243859, 36.681117392106955], [115.41706421989217, 36.67531897719798], [115.41396427034068, 36.664213087585416], [115.39796208415363, 36.6602088048167], [115.39245794100903, 36.65670356126418], [115.39435884009414, 36.651701755040975], [115.39415813751077, 36.64679869287108], [115.38534834241572, 36.634084306755604], [115.3742316880371, 36.62376575400371], [115.37212804700313, 36.62236213762998], [115.36120819660852, 36.62774885609777], [115.35960408582325, 36.620542037453326], [115.3507838945209, 36.61172165275374], [115.35679663865842, 36.60702957753828], [115.34757566213952, 36.60381132037429], [115.34637240889522, 36.59970679211706], [115.34647217082315, 36.595504632226046], [115.35769724597945, 36.59532454684678], [115.35769699828214, 36.593123324402846], [115.35659433952576, 36.590419946964296], [115.35148320752911, 36.59151156666018], [115.34917753417152, 36.58760524007582], [115.34386536636433, 36.589296334571884], [115.34105817141818, 36.584488403867994], [115.3409567675393, 36.574082567456976], [115.33794849390583, 36.56447171892606], [115.33634286989559, 36.54866039000486], [115.32882390000744, 36.54104213043636], [115.31819798319992, 36.53381866133603], [115.3134866021709, 36.52760715427601], [115.30647129830795, 36.52619459787668], [115.30637172079558, 36.53189727856319], [115.30306517989744, 36.53369292841675], [115.29955826276559, 36.53288722077552], [115.29424815507306, 36.528677664024954], [115.2947485630456, 36.52447624968353], [115.30116029129296, 36.52338487899409], [115.29785343946862, 36.51807741448196], [115.30246125426393, 36.50897984706326], [115.30075737155641, 36.503974864445965], [115.29564722849634, 36.497964678253766], [115.29204107844899, 36.49836009632155], [115.29023835642826, 36.50025874568749], [115.2876338531976, 36.49595364177508], [115.27872218883235, 36.497545470755476], [115.27731995730915, 36.49154149871891], [115.279021810827, 36.49094264206434], [115.27852093709879, 36.48824096189436], [115.28943558183161, 36.486551379779314], [115.28943454726883, 36.477147087734956], [115.30025329568433, 36.47576103723071], [115.30035328931164, 36.47396037585087], [115.29484275159759, 36.47015083888183], [115.29794720571886, 36.45985061208071], [115.3008526665558, 36.45955474478948], [115.30436018800386, 36.46476243801107], [115.3075669727917, 36.46616823545931], [115.31378014086866, 36.46317749531291], [115.31257704749491, 36.4593737305376], [115.31849040390026, 36.45918416698748], [115.31768838040509, 36.457582015323695], [115.32310062379553, 36.45419049726721], [115.32109554382892, 36.450885354203336], [115.32380183983696, 36.45019008791535], [115.32370078234337, 36.44278675447138], [115.32209658851107, 36.43908221002072], [115.32319908754012, 36.4381838866053], [115.32049266557567, 36.43757861727421], [115.32059273347997, 36.43607817693197], [115.3231988216866, 36.43578288636328], [115.32289777952955, 36.432781082187454], [115.31808666886646, 36.43377264040345], [115.3148790540519, 36.43096573285785], [115.31137036006278, 36.4227562679032], [115.30375381525907, 36.41794180343009], [115.30335253795818, 36.41363946333045], [115.31948692683922, 36.40676433629841], [115.33091387964664, 36.40528521045382], [115.33863211815282, 36.402398834328515], [115.34604920433524, 36.398311237031216], [115.3520620479802, 36.390319171423876], [115.35466719300213, 36.38482172073536], [115.35566697405304, 36.3633156496807], [115.36708846369552, 36.3492292522528], [115.37480106411532, 36.34283781676972], [115.37660276883325, 36.33303679949198], [115.36588282805702, 36.31891736485445], [115.36728456098247, 36.31091693288261], [115.3726938768036, 36.30912404799714], [115.38551253519313, 36.314040306927545], [115.40072531883281, 36.322852928967855], [115.4211223088948, 36.326852096288846], [115.42821529025716, 36.32404607854535], [115.4290141767648, 36.322444842530246], [115.42551673180306, 36.31114415476315], [115.42831379811261, 36.311742047859155], [115.42651535267962, 36.30794236818075], [115.42821339799072, 36.30714068900498], [115.42731396921224, 36.30324024623747], [115.4291118633816, 36.302838541097664], [115.42321683805534, 36.29304017605331], [115.42631356929057, 36.2901370558428], [115.42581392437967, 36.288737025521456], [115.4346026080759, 36.286427825316395], [115.43430292210942, 36.28522781347195], [115.4369986441481, 36.28462437491719], [115.43599999345459, 36.28232493578226], [115.43769691797453, 36.279521967531636], [115.44278752823872, 36.27801436357644], [115.44238814536519, 36.27661455442921], [115.45216655689697, 36.27399719921116], [115.45276528751272, 36.27569655683486], [115.45585734830864, 36.27449011237603], [115.46124304541144, 36.27747955452054], [115.4678234087442, 36.27666403801082], [115.47121181671116, 36.26875336243333], [115.4738032721296, 36.268046539248196], [115.47440073443782, 36.26304355619127], [115.4763940010311, 36.26273823089545], [115.47430096679916, 36.26214355977139], [115.47290516821538, 36.258446118495684], [115.47220754832108, 36.259348156207245], [115.47051214461078, 36.25145022155751], [115.48067763257687, 36.248522675117755], [115.48047817830907, 36.24712283625483], [115.48247107867822, 36.24661719032855], [115.48326766119659, 36.24141354219549], [115.48196981514674, 36.219011183469995], [115.48505772377494, 36.20970012020529], [115.48505701088074, 36.20319846259359], [115.48196697102738, 36.193104581295174], [115.48664777395012, 36.17178616576284], [115.48953465691667, 36.149072450256995], [115.47598327553695, 36.15301108744828], [115.4717978076483, 36.15922340001381], [115.4699052235297, 36.171431073696944], [115.46033387741606, 36.17185356735672], [115.45734181807371, 36.16985947113766], [115.45694093016934, 36.152256112863135], [115.45564410845431, 36.15035831710378], [115.4403778424886, 36.15038465054968], [115.43738293185088, 36.14938845840054], [115.42979292669533, 36.14059489905926], [115.4261967779371, 36.13859756577982], [115.41890274431395, 36.13820203340538], [115.41390529763582, 36.13980414314301], [115.41280596488546, 36.14280507218592], [115.41050643199515, 36.14270536046296], [115.4105066100488, 36.14430573296368], [115.4153057429265, 36.14850579636653], [115.41320650810023, 36.148706371018804], [115.41330720191684, 36.15520787829199], [115.4107078602973, 36.155808412536544], [115.4127079064894, 36.16000913171664], [115.41120825468826, 36.16010937858073], [115.40590711995492, 36.1482065669438], [115.40310657708848, 36.14800602314153], [115.4029063790352, 36.14670567083686], [115.40660672721724, 36.14410568098512], [115.40390540053951, 36.13570334080277], [115.40170479002815, 36.13570279020754], [115.39870284274946, 36.12940025988062], [115.397001849837, 36.128699321661166], [115.3828887013533, 36.128088378621435], [115.38018432346587, 36.12058377075508], [115.37878113379321, 36.109479655642815], [115.3720695790291, 36.099468916522035], [115.34892155788233, 36.08782865045675], [115.33929939649478, 36.090711298020416], [115.32927498629262, 36.08689130545688], [115.3248645102651, 36.087083001161716], [115.31393972959788, 36.09076387937604], [115.30341894341976, 36.10454945055483], [115.30321904405045, 36.10915017635684], [115.30793020673974, 36.12306090288998], [115.30702908982211, 36.130161044104945], [115.30402318127253, 36.13245674330561], [115.28519125688788, 36.13783281032347], [115.28258801655234, 36.14043074055292], [115.26997685442878, 36.15882534555263], [115.26627567927203, 36.171626630757224], [115.25487324964574, 36.18602789307331], [115.24797429638076, 36.19123020850673], [115.22878754715548, 36.19824400473694], [115.2191999868524, 36.20355599724478], [115.20891625106508, 36.204070430257566], [115.20811809784301, 36.208272719021814], [115.21330953791917, 36.209665417847745], [115.21281071152536, 36.21306700001585], [115.21091381153347, 36.21286969599391], [115.21131279734179, 36.20966828803889], [115.2073196459821, 36.209574284936274], [115.20771929994565, 36.21287451446552], [115.20232887290821, 36.21028247058135], [115.20292746055134, 36.20768081880262], [115.20432486888484, 36.20777856899691], [115.20232801186035, 36.202380458267314], [115.20043140880856, 36.200283094220595], [115.1979363230024, 36.20058742832015], [115.19773651136948, 36.19868729483392], [115.19574053845939, 36.19899085166764], [115.19514138965046, 36.19569107926563], [115.1916485181128, 36.19529722481599], [115.19025124651404, 36.19359933692829], [115.18865478952597, 36.19530268295156], [115.18785627016933, 36.19340367785463], [115.17668004203608, 36.191124016280874], [115.16290961986675, 36.19485042325885], [115.16271081956334, 36.20205258994237], [115.15622430034858, 36.20746529623601], [115.14893795673123, 36.20987778054651], [115.13106391210759, 36.21020142872163], [115.12546929909603, 36.208606348146525], [115.11857362958173, 36.203510037938024], [115.1142741279312, 36.1910090713215], [115.11067292315185, 36.17240575430434], [115.10557291360523, 36.1719064392355], [115.07554514509391, 36.17958969589996], [115.0687316992387, 36.178379662779236], [115.06562454287264, 36.17567392679161], [115.05319068347532, 36.159145912612416], [115.05539559913643, 36.14744784514645], [115.05047937618549, 36.12783265444371], [115.05298553839488, 36.11733580295456], [115.05228303760751, 36.11293327510635], [115.00249955488616, 36.06848591171649], [114.99507041979841, 36.065863006658624], [114.98242297361848, 36.06642641894995], [114.97349197008401, 36.07040308006001], [114.96837482632421, 36.068289597560714], [114.96024983715358, 36.067670360754555], [114.9553355407973, 36.06265873869058], [114.95022239487764, 36.06304881390785], [114.94060032570626, 36.05653127310192], [114.9376941084638, 36.049925686808734], [114.92417418809259, 36.04821098873097], [114.92047072982548, 36.05000888684858], [114.92027074126614, 36.05180917127745], [114.93208878823184, 36.08922754047061], [114.93198905180502, 36.09322832467906], [114.93399224810659, 36.0936307186445], [114.93439317585877, 36.09623178328331], [114.93319169894947, 36.10073136868858], [114.93078804443422, 36.10072870906859], [114.9317898617475, 36.10393050603729], [114.92998696950178, 36.101428036432424], [114.92838497780423, 36.10332688915256], [114.92558157206122, 36.10412458877773]]], [[[113.74569251614344, 36.612062992566614], [113.74439247143843, 36.61046150192843], [113.74649231084055, 36.61136292060319], [113.75738661762504, 36.60316033532613], [113.75128873196805, 36.59225366592862], [113.58345844441901, 36.575366365172314], [113.57597275703564, 36.58588012925421], [113.76118712241424, 36.63377757170495], [113.76408407691441, 36.63127547854112], [113.74379333430191, 36.61766532335125], [113.7415933154399, 36.61756409289709], [113.74209321074521, 36.616463744355656], [113.74569251614344, 36.612062992566614]]]]}}, {"type": "Feature", "properties": {"name": "邢台市"}, "geometry": {"type": "MultiPolygon", "coordinates": [[[[114.4681291839055, 37.56661688170217], [114.47789435215904, 37.57299268156813], [114.48954914322408, 37.57756060803123], [114.50120149377834, 37.57922632939], [114.52580054501037, 37.57525290775712], [114.54512918758026, 37.56650076643438], [114.57135706149633, 37.557448894891785], [114.5909274547892, 37.55352899566473], [114.63003432213478, 37.55714103879642], [114.65257017837348, 37.5567723834486], [114.68604509763546, 37.56593558029027], [114.69286040768412, 37.565848237825975], [114.69366301573501, 37.57335065967302], [114.70077923203253, 37.581964245544505], [114.70468810704095, 37.590071664745786], [114.71320713988815, 37.61648709032208], [114.72071968443916, 37.61789733656433], [114.72322386231832, 37.62210063585222], [114.72192248425198, 37.626699349282404], [114.72292407399888, 37.627800608954544], [114.73193596404222, 37.63141018771878], [114.77024463742458, 37.625117511557804], [114.7878272679367, 37.62790321831992], [114.78712861703028, 37.63150417351698], [114.80250364269719, 37.628283882213346], [114.80430085454627, 37.63328138931864], [114.8064964736502, 37.63177786867462], [114.8096904891495, 37.634872826156446], [114.8076954342992, 37.64337643229908], [114.81118932408455, 37.65157091468762], [114.81408347289045, 37.65306601626551], [114.81448346404834, 37.66046546480098], [114.82057044447448, 37.66175468009537], [114.82386390991607, 37.66874872746185], [114.82625871296516, 37.670444304379686], [114.8326442180669, 37.6706323523548], [114.83503937353444, 37.676127845165595], [114.8381320912332, 37.67392204137697], [114.83703509940615, 37.67852408278352], [114.8473119260827, 37.67670507053059], [114.84870919760922, 37.679402536239145], [114.84671435214084, 37.68670605593061], [114.8483108097243, 37.68610317835199], [114.85230285834253, 37.69109600603438], [114.8536008475913, 37.697293602439004], [114.86198445882505, 37.69877968807472], [114.86697533899353, 37.69727216739306], [114.86927215412194, 37.70326870959633], [114.87676083170486, 37.702659070856726], [114.87706094925818, 37.707358551317384], [114.8792579214932, 37.70585611740328], [114.8816551434932, 37.70685354439045], [114.88715057326777, 37.716648063168904], [114.8936457149436, 37.716543527770206], [114.90174228920863, 37.71304038361258], [114.903342190853, 37.7138400183922], [114.90374255462037, 37.717339788680185], [114.90614268882973, 37.71823949734198], [114.90954402877568, 37.72493922014261], [114.90984465706163, 37.72983896166524], [114.91424640115179, 37.72923991772211], [114.92035091515204, 37.73084252710238], [114.92515557025781, 37.728545977679566], [114.93757440789349, 37.72945922851068], [114.93907767782405, 37.7332610535116], [114.94088058312843, 37.727264029724175], [114.94438796103158, 37.72666951642786], [114.94468814838939, 37.72237024873428], [114.96604643316522, 37.72071387509518], [114.97377273084577, 37.7252330245252], [114.9774863684606, 37.73004261040019], [114.98210330748107, 37.731055246820425], [114.98561739376122, 37.73926463723234], [114.98913078629411, 37.739074792142965], [114.9896331198285, 37.74257600203111], [114.99344804995587, 37.7433871654472], [114.99384911085832, 37.73888868334391], [114.99676029482917, 37.73639753453947], [115.00780422319062, 37.73543093196059], [115.01041485130344, 37.737138709320284], [115.0119213986205, 37.741842918730796], [115.01794533763977, 37.742560901341704], [115.01854882269039, 37.752261924945806], [115.01513538581422, 37.7524517388192], [115.01362973345748, 37.75524698507016], [115.0173444331983, 37.75525809349072], [115.02035596033653, 37.75286721226802], [115.02075716655709, 37.74976864886414], [115.02517420168611, 37.74978150164398], [115.03009231847466, 37.74629573409892], [115.03812121062097, 37.745917510602716], [115.03942558279552, 37.744621001267454], [115.03822094346, 37.74061816846362], [115.04714998857719, 37.73444085913231], [115.05928601488105, 37.739566770082995], [115.06279541198514, 37.74287314248888], [115.07271770941145, 37.74408911291911], [115.0763247685885, 37.74649375360841], [115.0739210121834, 37.75229013265792], [115.07352061888699, 37.75548931176723], [115.07612551875717, 37.75589272806016], [115.07302156507498, 37.771787086860705], [115.07482504858231, 37.77208951513834], [115.07492549454251, 37.77428942242872], [115.0915494188435, 37.780104698303184], [115.0908492975538, 37.78470376942142], [115.07833300779514, 37.78699228773384], [115.0757289140483, 37.79078864398162], [115.07853428700116, 37.7949915807805], [115.09245222269135, 37.7969032665881], [115.09925678600035, 37.796006044795114], [115.09915703256999, 37.798505713665485], [115.10345865083193, 37.798406366894326], [115.10375994726236, 37.80870506497499], [115.11475957683749, 37.8109026174381], [115.11505978964496, 37.81360212414924], [115.12595284222714, 37.81369497427585], [115.12924946937014, 37.81239211266332], [115.1308469533005, 37.80579137506769], [115.13643993221285, 37.80488519295], [115.13743806865091, 37.80068449857607], [115.14023397128751, 37.800080976702475], [115.14143237139203, 37.801879140340226], [115.14981846109029, 37.80276671478627], [115.1496191974819, 37.8059666164139], [115.15261363511192, 37.805361917141084], [115.15211489728073, 37.808162361308284], [115.15670623967127, 37.809354583132475], [115.1581033967785, 37.808752269987046], [115.15860196092817, 37.805051890529676], [115.15580749260978, 37.805056665729225], [115.15620633524273, 37.80185640012836], [115.15900082768454, 37.80225155622387], [115.16079630435556, 37.79484932801768], [115.16817990054807, 37.787536849798926], [115.16578498760872, 37.78724127203579], [115.16648278349463, 37.78114067999525], [115.15580406289281, 37.77596007303482], [115.1588960957354, 37.760356304359625], [115.1609918475141, 37.76045262556337], [115.16189038586779, 37.76375072970007], [115.16658010363719, 37.760142597668306], [115.17406377740929, 37.759328783701996], [115.17645769047081, 37.75232489242174], [115.17875237448321, 37.7501207569411], [115.18344219438782, 37.751311858551375], [115.1931207589319, 37.74629448034732], [115.19421875317148, 37.74879232385505], [115.19920866291126, 37.74968354623557], [115.1992084765812, 37.748083674119265], [115.20379947831323, 37.74767604668162], [115.20549555857113, 37.74137379190868], [115.21487931275401, 37.7411598380048], [115.21927216371841, 37.73695435044165], [115.22516443751472, 37.73814737686324], [115.22536385766843, 37.73524735899636], [115.2333551869498, 37.73333992943517], [115.23605214734287, 37.726538280462094], [115.24034923720504, 37.72673550765103], [115.2411484235669, 37.723635241982464], [115.24934541448185, 37.723432092608114], [115.24924496994508, 37.719432326386425], [115.25144449116677, 37.71773198169008], [115.25414292935228, 37.70453225655146], [115.258943500398, 37.702732507899974], [115.26454430555518, 37.69003416038939], [115.26754599332975, 37.688935373199776], [115.26824489430851, 37.675235835831614], [115.25984023491493, 37.67213312724412], [115.26073960489236, 37.6640332417428], [115.26333998077295, 37.65783379663718], [115.26253830917663, 37.64653329140786], [115.25203613528898, 37.64563254835724], [115.24483798151815, 37.64813454359381], [115.23294584342736, 37.64934190828331], [115.23294630471645, 37.65334201127176], [115.22954960906026, 37.65314500670374], [115.22945000255734, 37.65564515602759], [115.22635338833952, 37.65504821944246], [115.22705173251927, 37.64774731046301], [115.20897722925099, 37.63787015517398], [115.20308730096198, 37.631279162101556], [115.20059138834362, 37.62478295893206], [115.20637975574974, 37.61937318218946], [115.20627930279372, 37.61387296379781], [115.19789496465955, 37.60928650673606], [115.18991146625116, 37.608200636359115], [115.18941226707916, 37.605901363421026], [115.1857202183485, 37.60570815806412], [115.18542052147053, 37.60270846238075], [115.17883480850996, 37.60142068464466], [115.17923373262383, 37.59971978325816], [115.1867171347171, 37.59780561902565], [115.18781426197938, 37.59350318292016], [115.19270376853274, 37.592894217334845], [115.19569695062609, 37.58778837322556], [115.19439921563803, 37.58419028018784], [115.19569599011336, 37.57948745614766], [115.19789133116439, 37.57788344003779], [115.19948861816377, 37.58208118464579], [115.2018837887109, 37.58097702941889], [115.20178368178938, 37.57837689471315], [115.20667388318834, 37.5732683687927], [115.20617427693536, 37.56876858280685], [115.19439686670033, 37.56388778242114], [115.19369798559669, 37.56098862531455], [115.19928681936447, 37.56307915084508], [115.20796963667425, 37.55676412564632], [115.2214490006392, 37.56304648452801], [115.22354589526135, 37.5601436446385], [115.23083859653768, 37.56903744778496], [115.24323038053828, 37.57622989661122], [115.25322838052146, 37.57842742129146], [115.28865692181635, 37.576747266218995], [115.31330343332142, 37.56468240935455], [115.3206197811732, 37.55949483800918], [115.33164545089944, 37.551114370537945], [115.3365567361555, 37.54492278890052], [115.34968727829342, 37.537646225892374], [115.3603092276565, 37.52466239849027], [115.36712281471878, 37.52477316681191], [115.36792475357477, 37.52847505011105], [115.36451927586008, 37.537471471597506], [115.36562402607866, 37.55957664917456], [115.37093395539239, 37.56038456389146], [115.37383795814677, 37.552187310322154], [115.37704307038837, 37.55219138309288], [115.38004711268482, 37.548994418283925], [115.37844433089285, 37.54499193541273], [115.38415170661085, 37.54199763203732], [115.41206591448471, 37.53690914291653], [115.4148646492762, 37.53340794889253], [115.41636292231146, 37.524205804031425], [115.42175950557616, 37.52390326899597], [115.4208599029132, 37.52150331278372], [115.4237575194574, 37.5213015186329], [115.42345730265804, 37.51720091207763], [115.4289516619622, 37.51779673743235], [115.42895132026418, 37.514896156127534], [115.4317477235854, 37.51469341018227], [115.43164752912297, 37.511892939955096], [115.43564174825676, 37.51248861575334], [115.43733884902451, 37.51128626615591], [115.43723859218159, 37.50768563816387], [115.43434325430621, 37.50828926247192], [115.43474222525862, 37.504688032123134], [115.43823664195722, 37.505483877731656], [115.44213036918926, 37.51267995238394], [115.44193042519773, 37.50987966646792], [115.44861626988306, 37.508968715996204], [115.44741849985657, 37.50506994587193], [115.46148222806757, 37.50264177977196], [115.46148197091618, 37.50044129465976], [115.45460082910041, 37.501055869352285], [115.45390214406882, 37.49705634379675], [115.44472332463147, 37.49697257980235], [115.44242802493523, 37.497676273529486], [115.44212894723556, 37.50057736755023], [115.43883507157696, 37.50098210087508], [115.43763681674811, 37.498283072589984], [115.44242773129012, 37.49517570481622], [115.43524052658313, 37.496785695652825], [115.43064671979211, 37.4937899819296], [115.42795033240016, 37.496593106306705], [115.42825027077896, 37.49899338803494], [115.43234529882686, 37.50108990317215], [115.4323460168607, 37.50719122690899], [115.42375576303007, 37.506398481483636], [115.4082633012165, 37.51100445020279], [115.4061628792073, 37.50830374108425], [115.40666237199443, 37.503602784336955], [115.4047620371675, 37.502902378062906], [115.40426139535519, 37.49830126516506], [115.4089617480313, 37.49800164056791], [115.4092614244033, 37.49540104562334], [115.41575979811283, 37.49539996974417], [115.4187583139862, 37.496098995933245], [115.41985791597584, 37.49869906681409], [115.42305543435195, 37.49839718491854], [115.42285515691074, 37.49459644774102], [115.41615931276544, 37.49279924224561], [115.41425953899173, 37.488198701880755], [115.41925707175052, 37.48819692445746], [115.41935671325889, 37.48569627646873], [115.42075572097069, 37.48539549825279], [115.42265458279465, 37.48829509698248], [115.42784945712656, 37.4881912349771], [115.4272499146831, 37.486391307942206], [115.42355358543426, 37.48639406400348], [115.42165497539511, 37.484794852303736], [115.4214548821384, 37.48269445264409], [115.4156581802304, 37.481296637995], [115.41695711327057, 37.47739522434853], [115.4288468484251, 37.475887318857154], [115.42944735939314, 37.486389378238215], [115.43134491840333, 37.486287513960015], [115.43453969461103, 37.48058265644572], [115.43394018086825, 37.47708245948698], [115.44072852026629, 37.47437311497283], [115.43473822741703, 37.47067989294118], [115.43493761603013, 37.46807897283526], [115.43703426932767, 37.46807642193767], [115.43663466732144, 37.46587633392883], [115.4382319888858, 37.46587429001675], [115.43553610934885, 37.463176943509616], [115.4313430250947, 37.47018345279392], [115.43014434780297, 37.468184104559164], [115.43134278999233, 37.46818292366458], [115.43154171147926, 37.461280853380586], [115.41875362812034, 37.45628884612717], [115.41825474867811, 37.46329100452644], [115.4135568141359, 37.46309244154182], [115.41325670441158, 37.46139203737043], [115.41115728740101, 37.46219257625743], [115.40745723530107, 37.45959194710427], [115.40585748402913, 37.46279268089987], [115.39595357770271, 37.46268931827308], [115.39445288838236, 37.465689274208565], [115.38964877904935, 37.46558590722824], [115.38944778433266, 37.45878388534927], [115.38714541165378, 37.45888198466483], [115.38464297287855, 37.46258069046136], [115.36681492954088, 37.462358280913236], [115.35338617749505, 37.45583432270934], [115.3508800172086, 37.45172867012761], [115.3512806192743, 37.44902861019201], [115.36270429119871, 37.44024551320368], [115.39735046026874, 37.42877999102766], [115.41405060933603, 37.41167651843858], [115.42683950676903, 37.39406360740702], [115.43482848039119, 37.388853783350385], [115.4815028777102, 37.38215526750433], [115.51258238255959, 37.369658966749725], [115.52971469381264, 37.34850053803604], [115.53180642117718, 37.342592248455944], [115.53210430614268, 37.33338741019347], [115.53529229122951, 37.327476189347266], [115.5415704521018, 37.32425855767149], [115.5609127968922, 37.3182135208198], [115.58296915844377, 37.316582169462166], [115.59275891485944, 37.32257817843925], [115.59425856642768, 37.33028100241442], [115.61155395271702, 37.33388230339945], [115.61045296700696, 37.326378584994956], [115.60245274198496, 37.31727331320638], [115.59645511180419, 37.312972320695586], [115.59845333578131, 37.307469216639056], [115.60565038338423, 37.302466450369124], [115.62916051695808, 37.298378266910156], [115.63606797654212, 37.29498453132391], [115.6366680351361, 37.28858213841975], [115.63035973767046, 37.28027056413049], [115.63866947039858, 37.277579220606306], [115.67122740196251, 37.27793407216056], [115.67844197631337, 37.27634703192755], [115.68164663534994, 37.25944437852382], [115.68395084350153, 37.255246535200214], [115.69036369473878, 37.255858900893735], [115.69216776472808, 37.26086487651661], [115.69557450546338, 37.263072212855484], [115.70218646726289, 37.26288362948081], [115.70438966051688, 37.25768455772526], [115.71650720179414, 37.2504990421992], [115.71931007622916, 37.244299401734146], [115.739124478843, 37.22620877210571], [115.753024604423, 37.21760931433091], [115.76811532035732, 37.21760697035899], [115.76221944604978, 37.210504820651906], [115.76791314778166, 37.19659482731915], [115.77130909249114, 37.19209047664192], [115.76721249386364, 37.18488812859634], [115.77589782947884, 37.14205665796863], [115.78019084348433, 37.1343483141229], [115.79236820708752, 37.12442895599939], [115.83316296049529, 37.106449410039296], [115.84423053184206, 37.09382031689654], [115.85958601078472, 37.05967031552089], [115.83694552903566, 37.04510059998724], [115.83026282308761, 37.03140361023661], [115.82667269225861, 37.02980920577394], [115.81839539528761, 37.029724284769806], [115.81969094340042, 37.02111591230932], [115.81879317075915, 37.019316259100854], [115.81480379799922, 37.01932331514716], [115.81639909293948, 37.01491741388739], [115.81480290166456, 37.01121759613024], [115.80373008084683, 37.006032145124884], [115.79674593217274, 37.00644259612394], [115.78985903956121, 36.99844569478688], [115.78267113752244, 36.99304950981372], [115.78326949018843, 36.98704465727143], [115.79225270640843, 36.98353217548307], [115.79454770878147, 36.980627169155106], [115.7898569478497, 36.97963228993651], [115.7901554300113, 36.971125852571326], [115.79364842717953, 36.970421034458816], [115.79754079314733, 36.97571962175524], [115.80083311485606, 36.97271276172326], [115.80242890176157, 36.9679069433035], [115.79224904012756, 36.95050851750709], [115.7886555251666, 36.94650993007445], [115.78196670507333, 36.94311441117332], [115.77867106216793, 36.937213041451606], [115.77357828080707, 36.94081934200418], [115.76848380458206, 36.93972133471872], [115.76768400200501, 36.934517943050054], [115.77157943441792, 36.93001277297835], [115.76768296619476, 36.925211248581455], [115.77018016223653, 36.92270827505908], [115.76988025796919, 36.92070698839307], [115.77457487585134, 36.921404722601324], [115.7745742974393, 36.91620097995526], [115.77067863197817, 36.91380160742623], [115.77107771352874, 36.90949829754358], [115.76568302872998, 36.909500723252066], [115.76308436556224, 36.902896759804385], [115.76028630383163, 36.903497749863035], [115.76038645495197, 36.905399100999574], [115.75788794369979, 36.90650014998898], [115.7530893142917, 36.90279732096428], [115.74809024219147, 36.90499779920416], [115.7495905190015, 36.90820053028067], [115.7472905193434, 36.907499333059114], [115.74168858704785, 36.89778984842628], [115.73198329467844, 36.893980090832436], [115.7217730579478, 36.88686419877022], [115.70614922307517, 36.868128570140314], [115.70664925100962, 36.861024311334596], [115.7019402444727, 36.85100944852754], [115.6946260249248, 36.842290480450906], [115.6980308664453, 36.82898716314532], [115.69422325226778, 36.82397686139593], [115.69302012176739, 36.8162692852955], [115.69001398038552, 36.8131615901812], [115.69211785590778, 36.81136421611874], [115.691716765633, 36.808461460423686], [115.6863062865675, 36.80965221407307], [115.68640673876564, 36.811954005741086], [115.677789060132, 36.809335787054565], [115.67077518675558, 36.81272477434373], [115.65614622059935, 36.80769454679344], [115.64743056393442, 36.80277674663521], [115.6448258797439, 36.797769298146214], [115.6377157956973, 36.799160273749], [115.62540170044534, 36.79224182625504], [115.59120099478396, 36.78152735267585], [115.58500705667548, 36.775127172817406], [115.57781756158562, 36.7754344018375], [115.57402472855456, 36.78024230491184], [115.56713916799362, 36.78445515639956], [115.56703846363436, 36.77594950425912], [115.55835949003757, 36.77606493932582], [115.55596615498133, 36.778371256205965], [115.55417174276256, 36.783978784876155], [115.54619556206634, 36.7847971021123], [115.54290577596367, 36.78220323871023], [115.54260571884913, 36.77279756035423], [115.53931645792909, 36.771304797154485], [115.53403500114405, 36.77432068366648], [115.53184267977154, 36.77332594213906], [115.53104527794311, 36.77092649596772], [115.53283839795968, 36.76671875056114], [115.53174200216642, 36.763919842004306], [115.51749546959415, 36.767162730464484], [115.51281392590963, 36.77057896351061], [115.5088294093808, 36.77049085226849], [115.49996338934389, 36.7660144669129], [115.49737292599538, 36.7619194385074], [115.48531804275288, 36.76005331878355], [115.48432110626509, 36.75505277317013], [115.4719640220136, 36.756687048005425], [115.46947157967881, 36.75249047379148], [115.45232042841742, 36.75573027213287], [115.45192173952209, 36.758733040032595], [115.44703326191086, 36.761143372600536], [115.4330582315158, 36.75876123549283], [115.42976350721096, 36.76656985696031], [115.41657507260983, 36.76837963814241], [115.41627495243493, 36.76607818460939], [115.41097629781396, 36.76317738917433], [115.40097520619794, 36.7632762894604], [115.37705252686926, 36.76876095166432], [115.37725303391069, 36.77056241579063], [115.36903952301155, 36.77155214250819], [115.36934032564179, 36.77385413965269], [115.36623484247104, 36.77605104278383], [115.365634117935, 36.779752650110716], [115.36182663824654, 36.779946786516554], [115.35821993673915, 36.786745475643066], [115.35491283221937, 36.78693993038718], [115.35120370856879, 36.77932814795441], [115.34518988909055, 36.779917519409445], [115.34178139995008, 36.776208590821234], [115.32724722374438, 36.78388614339442], [115.33165812627082, 36.78619611750446], [115.33506684858784, 36.790405521688676], [115.32835190447189, 36.80190063870375], [115.32905517460412, 36.81591171294617], [115.31682679740145, 36.82079239715214], [115.31362057748427, 36.83019329899581], [115.31352117306763, 36.837498266431005], [115.31723060870081, 36.84651122146191], [115.33166759796366, 36.870154996894364], [115.32014011851281, 36.87103393979061], [115.30590822057167, 36.86880764893946], [115.28927701092412, 36.862979977917156], [115.23985199215251, 36.86776700711084], [115.2231676489096, 36.865880140681654], [115.21537915227684, 36.86979267903014], [115.20649401983502, 36.86880502518151], [115.18493617221542, 36.856633951946996], [115.18294029008547, 36.85483640024221], [115.18244096810422, 36.851234779370195], [115.16647549848796, 36.851464757820736], [115.16497875478755, 36.85246819579565], [115.16298388295641, 36.861177980759585], [115.16637715507477, 36.86427404066026], [115.17266374090207, 36.864562607905334], [115.17406199964458, 36.87596812611662], [115.18044862051488, 36.880659478353714], [115.17645746754488, 36.881967917818855], [115.17576021900643, 36.89287704157193], [115.17216824149524, 36.8948852128023], [115.17226882822678, 36.90199012300437], [115.16757899822208, 36.902999544580695], [115.16248931327584, 36.900106699114055], [115.1493146268799, 36.89972860454418], [115.1427257941907, 36.901239447402], [115.13124195681365, 36.90655740721353], [115.11755433943806, 36.91667570351141], [115.11265705379796, 36.92458357180283], [115.11225775251884, 36.92988751869152], [115.1157569744063, 36.93268812761222], [115.13114554740955, 36.93707944376106], [115.12635189311898, 36.94979320406292], [115.12265517742959, 36.951697575559265], [115.1177590835011, 36.95910607008405], [115.11625981786128, 36.95940707054103], [115.11585966520398, 36.956605255408654], [115.11346047587803, 36.956406139434776], [115.11356081300666, 36.95960839759546], [115.10936150430618, 36.959009207170645], [115.10376156635166, 36.96351291652662], [115.10396180633845, 36.96521414136383], [115.09245506408278, 36.960707667995706], [115.06501028336596, 36.957574017610085], [115.04395135934614, 36.96213287017885], [115.0275939328865, 36.9618891773461], [115.01655135096574, 36.958754743356565], [115.00831848009064, 36.95452696797616], [115.00309800493697, 36.95621238726835], [115.00249578947778, 36.95771164233015], [114.99777712052952, 36.95699692230011], [114.99576917268898, 36.95619033820907], [114.99516644758374, 36.95278610076695], [114.99366088933814, 36.95548356151329], [114.9917534693211, 36.95507763580764], [114.99145184668899, 36.95087373365133], [114.98783815210487, 36.951863902024236], [114.97378703540546, 36.95052408515668], [114.97278388709124, 36.95312334011088], [114.9682689653025, 36.954112633378934], [114.96736570700992, 36.951008190774076], [114.9590401532907, 36.94998820908025], [114.9581373049191, 36.94758453244841], [114.95532964615123, 36.94907971680514], [114.95332404931754, 36.9469741719029], [114.94720901071409, 36.94846387210851], [114.94801111722407, 36.95046671837576], [114.939893728268, 36.952655224534645], [114.93047787763257, 36.95474504055241], [114.92907568470855, 36.95274219502693], [114.9219674961059, 36.954037328427134], [114.9248713726048, 36.96164487651163], [114.91336250301244, 36.96584180373305], [114.90426038717594, 36.96574110148882], [114.89816194541625, 36.9698456189048], [114.89376378827043, 36.968246571423464], [114.89206448478967, 36.96504529748213], [114.8819735836561, 36.96565402883318], [114.87588141916824, 36.96746205533342], [114.87588172118302, 36.97026406007879], [114.87128848820218, 36.970570119647874], [114.8683930612872, 36.96997368262223], [114.86749414798385, 36.96617224580376], [114.85461832410432, 36.96739353077819], [114.84902924167372, 36.96069852767249], [114.84374076198966, 36.96110843432638], [114.84204420924924, 36.958309563809244], [114.84383946758061, 36.95120114680134], [114.83595664128259, 36.9472129797115], [114.83036870847579, 36.94211982438382], [114.82398227609303, 36.93522676119451], [114.82208581604671, 36.92922592748994], [114.81430260487129, 36.92954002942495], [114.81300477031547, 36.92463874213704], [114.81031033161798, 36.92514365857331], [114.8070159674356, 36.91704322921466], [114.79333968462186, 36.91436112600083], [114.78764828349519, 36.917670294888445], [114.77856013713189, 36.92888710801076], [114.7716658967442, 36.92859166806388], [114.76536906194714, 36.925792518975], [114.76506944709509, 36.92819434428754], [114.75907109441334, 36.92899620630562], [114.75777149001709, 36.93149810331279], [114.74927049324607, 36.932698038801135], [114.74897085521089, 36.93690097530996], [114.74516926287701, 36.93719985262017], [114.74206770890822, 36.93950001697078], [114.74046703855119, 36.94340191336437], [114.73676403524888, 36.94309924948144], [114.7345615405144, 36.938994617936366], [114.72404902375823, 36.93848397280025], [114.72394829185615, 36.93307997638987], [114.72074364855136, 36.93307613956162], [114.72054284176654, 36.92847258278937], [114.71483350954044, 36.927063984566914], [114.71373122412582, 36.923459831183955], [114.71503330175554, 36.922060671288676], [114.7130294433058, 36.91835515294307], [114.70601641482014, 36.91794410497302], [114.70601622906463, 36.91624288312056], [114.7017073915351, 36.91393410379332], [114.68767717707101, 36.914409262118205], [114.67685295998872, 36.91779112331214], [114.67554928893696, 36.91128396010599], [114.67093882128992, 36.91097495993312], [114.66903404675917, 36.90626798364609], [114.66452407551502, 36.90605942018251], [114.66282011729224, 36.90355449469234], [114.65780949967896, 36.90304513731151], [114.65780916559736, 36.89994291231073], [114.65460252907894, 36.89863641715394], [114.64338184206837, 36.8981181852385], [114.64258089092809, 36.90161953239195], [114.63547010008108, 36.90140983075068], [114.63526947068016, 36.89810721496742], [114.6321651396824, 36.89560174188737], [114.61565082693333, 36.89578795978338], [114.61094867860348, 36.89068226830699], [114.60644808551334, 36.88908004150273], [114.60474856871473, 36.89238222436172], [114.59405309124129, 36.891983718852956], [114.59405328372875, 36.89378500910498], [114.58656055864019, 36.89529039241088], [114.58526156470086, 36.89008766940663], [114.57268183266663, 36.89150229057682], [114.57218251317103, 36.88870096749254], [114.5644993411277, 36.88901301765346], [114.56300246771876, 36.88431223874816], [114.5574170161699, 36.884322663723694], [114.55791523530682, 36.880418894993085], [114.5599098688524, 36.88001478639846], [114.56180454098579, 36.87580829427716], [114.56040762182948, 36.87120756939625], [114.55861232775707, 36.870910755080274], [114.56000855356788, 36.87020760097316], [114.55930977802171, 36.86450485715343], [114.56160364840606, 36.86279938610195], [114.56090364706542, 36.84618888050907], [114.55860934898621, 36.843191081312376], [114.55222702946472, 36.83950151826208], [114.5232278628254, 36.829468952113785], [114.51356644737143, 36.82819647016728], [114.48488365441803, 36.83358522468229], [114.4808993747555, 36.836098104343826], [114.47890751486572, 36.84110707201553], [114.46884425162074, 36.84233395761009], [114.46834661746665, 36.84803920684582], [114.46017367117268, 36.84805810541958], [114.45488943969963, 36.845467290843345], [114.4542908334728, 36.84236628475366], [114.43912933508125, 36.84249168894854], [114.4371332172458, 36.839592266933586], [114.43493758390278, 36.83939481403234], [114.42465484708964, 36.84070547895041], [114.42155924690128, 36.84400981376411], [114.41896207236627, 36.842710242337276], [114.41926224635415, 36.84711321300792], [114.41546604685105, 36.847615039376485], [114.41416655838366, 36.84241171810364], [114.41246785946672, 36.84241206830027], [114.38747058099452, 36.850008316809244], [114.36605040240819, 36.852083731482935], [114.3597416005738, 36.852574023364774], [114.34882398210001, 36.850253246649324], [114.34221229894253, 36.84713873401157], [114.33640245546583, 36.85032994085596], [114.3305921795456, 36.84991854124903], [114.33079285620285, 36.85282097890927], [114.31937357292833, 36.85460080908729], [114.31376525245932, 36.859994579933264], [114.31056013896323, 36.857387190807835], [114.30605246873472, 36.84577148675658], [114.29844286270462, 36.84475911636507], [114.29253680365355, 36.84505126266358], [114.2792290705116, 36.855544280648665], [114.27032764611693, 36.85843998332334], [114.2587307197743, 36.856834899769225], [114.24414292090107, 36.84723033976197], [114.23196123838221, 36.84343554564081], [114.1990409611964, 36.84468040091826], [114.14041405539945, 36.840379521675096], [114.12175378831658, 36.844901983678085], [114.11736026305024, 36.84050158963269], [114.106872893158, 36.83960424164629], [114.09678043884867, 36.846808002470425], [114.0878815434496, 36.84560220708376], [114.08668155874088, 36.84720239845784], [114.0932819517592, 36.851109526042485], [114.09248280577337, 36.85731349767001], [114.09638229075321, 36.86151827996623], [114.08048265201072, 36.875216413897455], [114.07007489498451, 36.8798060459309], [114.04573481502719, 36.879857496103654], [114.03450857090212, 36.88162994454523], [114.00703421456831, 36.90226455865859], [114.00492858588593, 36.90706161936067], [113.99730728452674, 36.9152445021654], [113.99059111870237, 36.94184366793691], [113.97414978027481, 36.959910751856384], [113.95220702231424, 36.97437079528683], [113.94790177550958, 36.983669508275014], [113.90729196915454, 36.997043135529374], [113.90049932399604, 37.00104708226225], [113.89001576152172, 37.01115970146685], [113.87883809692887, 37.01447245709559], [113.86567034658337, 37.01539049351875], [113.83506063493918, 37.0124419954864], [113.8113311060708, 37.00267817074269], [113.80125750605531, 36.99538890308428], [113.79776685988227, 37.000597570802356], [113.78509582776285, 37.00771785174232], [113.7783093683405, 37.01723066444263], [113.78200390270568, 37.0263339168641], [113.79657471639865, 37.04332917271497], [113.7966758793202, 37.05543740346948], [113.7945814196072, 37.06024348037844], [113.77521969478765, 37.06296469117819], [113.76463500406757, 37.076078764145734], [113.76533485321268, 37.08118200539714], [113.77182839753343, 37.09478830852994], [113.77692122623301, 37.09918794578264], [113.77991711747393, 37.10739101595356], [113.77961868107273, 37.116297115872676], [113.77383140622574, 37.145119897602626], [113.77962290033405, 37.1524202759328], [113.80975369636458, 37.15918597853865], [113.81852903618467, 37.16567490265726], [113.82610633593926, 37.168062561047634], [113.83816884137799, 37.16793986357984], [113.84235678125384, 37.17613705628925], [113.84285682624781, 37.189944445995415], [113.85931066751256, 37.21553039378537], [113.86439715063119, 37.22052518119517], [113.87686653728205, 37.22591117845096], [113.89253743277979, 37.239504294666744], [113.8930390041123, 37.26031516277296], [113.90092942463727, 37.27181756017922], [113.90762460823207, 37.288424940079544], [113.90922429549826, 37.296629010160885], [113.90832654776234, 37.31043555457609], [113.91032571517495, 37.31593825911405], [113.91612351544047, 37.32284283868787], [113.92732400070189, 37.33115357757055], [113.9258247483945, 37.34075651687458], [113.93462935865128, 37.34786841379553], [113.94914386172064, 37.340787257372035], [113.95795846666111, 37.34290552094707], [113.96597521898661, 37.349526471010314], [113.96888239464101, 37.35613629856474], [113.96798142468185, 37.36533782110766], [113.97058899669399, 37.37964990855601], [113.98151973022868, 37.410190038507395], [113.99214955043551, 37.414722102880276], [114.0015777386531, 37.421752625724515], [114.01240973441737, 37.42238560553841], [114.02083445616103, 37.42531168970704], [114.02905852474449, 37.43623886119447], [114.03527469013564, 37.43565582652652], [114.04870599970862, 37.43789033810374], [114.06833895278166, 37.444331175323086], [114.07874780098034, 37.44004434342995], [114.07564674293222, 37.449543333943055], [114.08065104147707, 37.458251767453035], [114.08365254341211, 37.45995528701787], [114.08625422766472, 37.46805979451624], [114.0919551982043, 37.474065377461635], [114.10285272493026, 37.491773325385175], [114.108148675638, 37.49637423804425], [114.11693777621078, 37.49657140188418], [114.12292720168466, 37.48906590416489], [114.13250744769971, 37.48225546041377], [114.13430427495891, 37.489155119395164], [114.14019157795683, 37.499750274830994], [114.1457770789404, 37.49864221514814], [114.14956728530748, 37.502937412774145], [114.16252978405005, 37.50611627494758], [114.16382628192635, 37.51001477106099], [114.15963917087183, 37.51162253461084], [114.1605368959244, 37.515221692970016], [114.16731579433491, 37.51240891716761], [114.16921010478586, 37.51420579061503], [114.16861232326728, 37.517207496761436], [114.16293010641165, 37.519218236889465], [114.1632295569495, 37.52231829980263], [114.1648248632576, 37.52401574618467], [114.1706066865608, 37.52230479317303], [114.17280032438215, 37.52680154668985], [114.17240183662967, 37.529002696520884], [114.16143601775522, 37.53082307566099], [114.15914353373742, 37.53602801792569], [114.16372926486856, 37.53281933645911], [114.16901280237424, 37.53190952494133], [114.17569176043501, 37.53149697639306], [114.17808446282748, 37.53369286328314], [114.18257010838487, 37.53188410906192], [114.19084432301685, 37.53156873219629], [114.20230937749346, 37.524047325507574], [114.20749498996932, 37.52473911862919], [114.21208266202461, 37.523431976025456], [114.22115926173849, 37.51191762193781], [114.2267473610361, 37.51341166332001], [114.23123842864003, 37.512107078627515], [114.23273540458688, 37.50960527085569], [114.24381826028564, 37.50939811178323], [114.24551592446454, 37.50749701590246], [114.25470682343435, 37.507095034144626], [114.26150250773455, 37.50479519900334], [114.26260166258653, 37.501294709145355], [114.26560076983553, 37.50149572136205], [114.26760000994369, 37.498095799899396], [114.27199987164452, 37.49819817099188], [114.2736002470431, 37.499999599784296], [114.27720087257056, 37.49840188931569], [114.279001128596, 37.495202658988624], [114.28880719537617, 37.49741316129717], [114.28910716022739, 37.495012971635404], [114.29271013386848, 37.49351708357703], [114.29241090747044, 37.50271875837388], [114.29701555520639, 37.50262492288519], [114.30212199149963, 37.506433240612935], [114.30792991260057, 37.50774276917128], [114.30742942475518, 37.50964234227659], [114.3097325990007, 37.50854594778709], [114.31313704175788, 37.502750551794136], [114.31704297191794, 37.50075704132065], [114.31814503669641, 37.50315955833359], [114.32265278184313, 37.50516828324126], [114.32796160615831, 37.502177629186576], [114.34088468808352, 37.50370263095143], [114.34549308309415, 37.50651190995448], [114.34629504760254, 37.511514448910866], [114.36001774938052, 37.51523949165415], [114.36051905107655, 37.52004126820123], [114.36452477836036, 37.52004770082656], [114.37643835077272, 37.51446338071919], [114.38034295566268, 37.523269711874796], [114.37894257762338, 37.530469448304764], [114.39175088224074, 37.532681907951684], [114.3934518058682, 37.5361836680161], [114.4012531045784, 37.54258852377956], [114.40785140935829, 37.544890103321876], [114.41624619401986, 37.550489761156875], [114.42733254206551, 37.55078333918777], [114.4397096187185, 37.553370013159686], [114.45965670436, 37.56113559509734], [114.46464084582895, 37.56432486369695], [114.46474070754111, 37.56602485997846], [114.46783022355822, 37.56661760659826], [114.4681291839055, 37.56661688170217]]]]}}, {"type": "Feature", "properties": {"name": "保定市"}, "geometry": {"type": "MultiPolygon", "coordinates": [[[[115.43334850304915, 39.95146988749444], [115.44233299475789, 39.9522584149131], [115.44452870655783, 39.95395514610424], [115.45061471686356, 39.95304483854228], [115.45350706414024, 39.950139331910584], [115.4587926192269, 39.949528644798335], [115.46995710525906, 39.94180269986883], [115.4870947264601, 39.9370566107215], [115.49366750941705, 39.92503707276359], [115.499742764168, 39.9216189073925], [115.50063886402522, 39.919416135636745], [115.51109604013297, 39.916484606372954], [115.51537807397202, 39.9114716061891], [115.5267320954501, 39.90333819566844], [115.52922212365672, 39.900031049005904], [115.51726762162706, 39.88906500037098], [115.51527516339537, 39.88537073286074], [115.51666915899013, 39.88226644527551], [115.5229441028032, 39.88154802894118], [115.53539613500874, 39.87661311169777], [115.53380130438262, 39.87121710417762], [115.52802279643919, 39.86913291222875], [115.52871899451152, 39.86013047453076], [115.52284046606559, 39.84964661371122], [115.51716258921475, 39.84616302650129], [115.52054815418629, 39.83885261941028], [115.53270097923927, 39.8363180679697], [115.53668571557834, 39.83100706763502], [115.54186755200645, 39.83169384383795], [115.55253249385046, 39.827068679603464], [115.5538282230195, 39.82386569236164], [115.56958670488646, 39.81743661104405], [115.57347857707515, 39.81723106856053], [115.5753746295714, 39.81482843493774], [115.57237995057416, 39.81053206808914], [115.57287835954527, 39.80583102257092], [115.56838778678717, 39.804737485195055], [115.56379793406145, 39.79894457731411], [115.55831190990328, 39.79575443951512], [115.5501360570115, 39.796771671990165], [115.54555065949114, 39.795882201490926], [115.54246069294203, 39.793189483644376], [115.52094043288858, 39.790147861582284], [115.51337007603745, 39.78486977351261], [115.49873091196332, 39.797314756042844], [115.48956751896932, 39.79994193095292], [115.48229430874123, 39.79306195756046], [115.46495270627389, 39.78370554239345], [115.45867136031438, 39.78341943578574], [115.44999458228553, 39.78703668076037], [115.44061432660071, 39.78365135093321], [115.43771872659637, 39.77715463368545], [115.4317277726844, 39.775061302594985], [115.43372436555713, 39.77095879632619], [115.437418761365, 39.773454664873945], [115.44191021339391, 39.77124834164384], [115.44071184044388, 39.76594953380807], [115.44240768230415, 39.7593464142061], [115.44639852170556, 39.753439560654435], [115.45587473260977, 39.74972182385366], [115.45916564257739, 39.750115060757125], [115.47371844647041, 39.74147973749599], [115.47700720092439, 39.74367139706461], [115.48866381688715, 39.74373907450413], [115.49892276445826, 39.73950844483076], [115.49453922948643, 39.73142048192473], [115.4966305401128, 39.728513933453264], [115.49752535845545, 39.715909639737816], [115.499715757087, 39.70950223176622], [115.49642805944255, 39.702711061803704], [115.49941610914699, 39.70280217845787], [115.50549091747237, 39.69758319279923], [115.50379734300623, 39.6941877761525], [115.50608773846247, 39.69158049458372], [115.50329890209773, 39.69058872560956], [115.50439425484673, 39.68888517149132], [115.50280044729276, 39.68688964856614], [115.49971294491668, 39.68729896340196], [115.49961306672391, 39.68509891616811], [115.49523031645505, 39.68301161603114], [115.49612628237661, 39.679308367254656], [115.4941340881267, 39.67851412382176], [115.4944325376191, 39.675612767058915], [115.49293833585592, 39.674817028168185], [115.49781838270296, 39.670301842223715], [115.48895254035736, 39.664226809070506], [115.48426925798837, 39.65523852123073], [115.4848665349139, 39.65153616002797], [115.4905448818679, 39.652620113160275], [115.49990743826353, 39.650091998954714], [115.50329425338072, 39.65378253205686], [115.51295509989382, 39.653253427767794], [115.51594273918032, 39.650544025283935], [115.5177349372422, 39.64553777399948], [115.52211733755031, 39.643724593528425], [115.52211716241825, 39.642324323267246], [115.52859192693226, 39.641105610991836], [115.52649909315423, 39.634310163092174], [115.5280925170761, 39.63060491458753], [115.52659812293385, 39.62960892726962], [115.52958570154087, 39.62149884333391], [115.52061959045638, 39.614622967673164], [115.51862703083242, 39.610927994970744], [115.52121448167608, 39.59261619216446], [115.52499986898452, 39.59420564027976], [115.52450231513369, 39.598308032929886], [115.53675704443583, 39.60397557447608], [115.5371560377701, 39.60737530118956], [115.54004611418273, 39.60966836533047], [115.5401463372591, 39.6142691286357], [115.55210799983927, 39.61984208220309], [115.55799039557795, 39.615128899157945], [115.56138064711705, 39.60972127293547], [115.56926154519171, 39.60810770546674], [115.57355165772302, 39.60029981215942], [115.58013954721856, 39.59739129470116], [115.5779426107892, 39.59259256132098], [115.58593037795836, 39.59048434786753], [115.59262315036625, 39.590580119260316], [115.59492179275914, 39.59498017620202], [115.598419803436, 39.59757973210898], [115.60471753688888, 39.59877948490927], [115.60581772075173, 39.601880290064734], [115.61401823649746, 39.60108238504955], [115.62442448885285, 39.60509013569822], [115.63193122669955, 39.60039648636131], [115.63863953464734, 39.5987043039581], [115.64034200178907, 39.599006672493445], [115.63954104126417, 39.60060595217368], [115.64114353628509, 39.601908454192866], [115.64004222722805, 39.604407505595205], [115.64374793516538, 39.60531295866605], [115.64805484392811, 39.604119225425315], [115.64965709154855, 39.59992080262339], [115.65436559317928, 39.59992858620696], [115.65636962592508, 39.602032510815576], [115.6633833249957, 39.601144829300445], [115.6649868717979, 39.60344830973504], [115.67170123483999, 39.606761666141686], [115.67370594313498, 39.61066635677041], [115.67330583778772, 39.61666690919781], [115.67711322888412, 39.611273006013256], [115.69144227303967, 39.60479867924561], [115.69544963674969, 39.60010490612616], [115.69544887944392, 39.594003472785644], [115.70085831605896, 39.58741140298325], [115.69955515788847, 39.58140767084044], [115.70115807231231, 39.58101033683707], [115.70075718768183, 39.57980934850656], [115.70406321586022, 39.580415085393525], [115.70526513879506, 39.57901671422493], [115.70336177653998, 39.57881351471188], [115.70506474221732, 39.57861628516204], [115.70536429254165, 39.57081477891345], [115.70275988350444, 39.572210820290806], [115.7006559476897, 39.57130700564234], [115.70115650753581, 39.568407108979166], [115.69825090867347, 39.56690167064945], [115.70486261723791, 39.56431224818104], [115.7112731874921, 39.56432235540269], [115.71267514777668, 39.56282404200122], [115.71638067016927, 39.564129668997786], [115.72178729308696, 39.5615360177955], [115.72459053012972, 39.562139499521216], [115.72328900096221, 39.56133777216183], [115.72639161071797, 39.55583979809918], [115.7246897399397, 39.55493765662077], [115.72889367897737, 39.55344175635572], [115.72679160832715, 39.55263934743678], [115.72889274414256, 39.54593965308938], [115.72769147885883, 39.54463805042201], [115.72969345793133, 39.54604047723714], [115.73319607309826, 39.54504342496081], [115.73299645481865, 39.54924443964774], [115.73439722368381, 39.54774520382118], [115.73649861534378, 39.548747138804565], [115.74480143976088, 39.54745177011173], [115.74530128967965, 39.54565148068171], [115.74310080883158, 39.54515029736952], [115.74550079210786, 39.5414503633303], [115.74340031834157, 39.540649157894144], [115.74810045837073, 39.53745018107326], [115.75029906672525, 39.52724777842731], [115.75509706357744, 39.51994628786793], [115.75809554937003, 39.517945688107694], [115.75829481375943, 39.512844075144265], [115.76019379966598, 39.51314399293083], [115.76129353254905, 39.51654489798571], [115.7636918802977, 39.51704453611505], [115.7656899859486, 39.51504331208551], [115.77148424005284, 39.516041057012025], [115.7748793070806, 39.51003708361829], [115.77697671390725, 39.51213626640911], [115.77358184253279, 39.51704013763949], [115.78266817604948, 39.51383200801896], [115.78406594653917, 39.51493101114244], [115.79264917804403, 39.51112021287762], [115.81210277207771, 39.51119129421372], [115.81170360764776, 39.50939139324893], [115.81389768702526, 39.508887495950695], [115.81449630570206, 39.510787070916905], [115.8110058443434, 39.512593584859175], [115.8274598711412, 39.51056358684913], [115.83473844107216, 39.50804914073873], [115.83633407945663, 39.51034687916717], [115.83384144491926, 39.51125185143316], [115.83384161635462, 39.512652296022274], [115.83543696020436, 39.51254926506593], [115.83553684133277, 39.51394952045734], [115.83234628670434, 39.51525592782009], [115.82965384693202, 39.51316031600064], [115.8301526098983, 39.51485991864077], [115.82825813246652, 39.51516355629449], [115.82706195375982, 39.51816672462911], [115.8286573841626, 39.518463843677296], [115.82586556777468, 39.519569381260034], [115.83045235513194, 39.51986091912399], [115.83015366461866, 39.52346258849809], [115.82576643138106, 39.52427101231734], [115.82736182802986, 39.52416801875536], [115.82526879549093, 39.531874227637886], [115.82885841488202, 39.53156746232154], [115.83035453374117, 39.53526575942162], [115.83444280260402, 39.53655846269078], [115.83474264242605, 39.542359585055806], [115.8481041853241, 39.54263490906214], [115.85199354388705, 39.54432847613691], [115.85289205135604, 39.552329162077754], [115.85737984160487, 39.55142125926017], [115.85887630860479, 39.55471970103593], [115.8614697780656, 39.55601587574327], [115.8679530947831, 39.54950426510914], [115.87194414202808, 39.55079911863547], [115.87224306916647, 39.547397767519605], [115.8782305342208, 39.54709032868744], [115.87922891694069, 39.54978997210136], [115.88891224698584, 39.54908071154052], [115.88951172654295, 39.55208110109049], [115.89360611968102, 39.55167828944782], [115.89460548363623, 39.55657908361808], [115.89310741665692, 39.55718010083571], [115.89900077052903, 39.55717726796993], [115.89930116932099, 39.56287870321028], [115.89820259090214, 39.565679855941816], [115.89660418479643, 39.56488032476002], [115.89630508430263, 39.56958170225917], [115.90189983186319, 39.57088005189429], [115.90519730708625, 39.56977921163566], [115.90689649146317, 39.57127949982647], [115.90799558300291, 39.568378743998515], [115.9137937133641, 39.56787949943261], [115.91399383007139, 39.569079871372885], [115.91209423761174, 39.56947950424673], [115.91729379709975, 39.56988128356972], [115.91869440313926, 39.57378295200841], [115.91659430280278, 39.57428212619145], [115.92149625867654, 39.584087131271055], [115.91459567846283, 39.58498409323807], [115.91559612654235, 39.58928548419807], [115.91269669664214, 39.590985032347014], [115.91609762233287, 39.60178862736756], [115.91769749407685, 39.60028895347599], [115.92970238371029, 39.59829720721203], [115.93010227505663, 39.594796784476195], [115.93610803532894, 39.594403563170644], [115.93590738568602, 39.590902471319325], [115.93851048977832, 39.59080589007843], [115.93830993435013, 39.588305009502704], [115.94011238733978, 39.58910774147316], [115.94091272912793, 39.58280736615581], [115.94401732114885, 39.582712134889846], [115.94381650025151, 39.578510760789946], [115.9491254759341, 39.57841979569852], [115.94902496587606, 39.57571892842016], [115.95513686001843, 39.574330329021365], [115.95633860629417, 39.56743101086535], [115.9609490791861, 39.567140892503694], [115.96074833558743, 39.56493986205702], [115.96325438837597, 39.5647455051009], [115.96345454555599, 39.561945221112595], [115.96555985541305, 39.56185014717723], [115.96586097071166, 39.56465161462013], [115.96947053825657, 39.56466044821248], [115.96937049731739, 39.56656070151557], [115.97358212999838, 39.56567121705886], [115.97348240444732, 39.57027216479158], [115.97488666632596, 39.57207631564045], [115.98060371674569, 39.57189173549386], [115.98070387774288, 39.57069170161135], [115.98220857410008, 39.571095995852424], [115.98170737336925, 39.57399534381405], [115.98531864713753, 39.57350541067088], [115.98241010379903, 39.578498454748846], [115.98411607217025, 39.583604538904225], [115.9831139492277, 39.59200375378682], [115.98431773480473, 39.592007157100056], [115.98441864022965, 39.59680858293199], [115.98592343433445, 39.596912898680486], [115.98702679989702, 39.595515739425494], [115.99705983747103, 39.59494515675237], [115.99685868165822, 39.591043623075976], [115.99796240084494, 39.59104693342567], [115.99675792538649, 39.58764249796329], [115.99946670052954, 39.58464989913784], [116.00297859388061, 39.58436043124939], [116.00127203844724, 39.57825374740121], [116.0137143990844, 39.57839139959298], [116.01582168060254, 39.579798072369364], [116.01702630636647, 39.584502840355675], [116.01983563507383, 39.584211103154104], [116.02013726631472, 39.5893132412237], [116.02154191511868, 39.58941739682722], [116.02655792297286, 39.58723139776851], [116.03237631510376, 39.58864807572417], [116.03097052041178, 39.576841254509844], [116.03909462602516, 39.57586286718098], [116.03889377652492, 39.57366178166046], [116.04150106196577, 39.573068319477386], [116.10538176648593, 39.576554925717225], [116.10588177796083, 39.57865543982022], [116.10828021430409, 39.57745489265787], [116.10768110280834, 39.5814559854532], [116.11207739959676, 39.57795413127137], [116.11227651885761, 39.572352632305126], [116.11976847598409, 39.57194896038294], [116.12306451584944, 39.57554761255151], [116.12775742262855, 39.57624384757149], [116.12775688032727, 39.571942741039166], [116.13654068690363, 39.570833014141606], [116.136640259776, 39.56903242215413], [116.14462318900253, 39.57022207630814], [116.14562119819067, 39.57272127272823], [116.14921255039171, 39.57191563507527], [116.15200625424917, 39.576712445769424], [116.15320322377595, 39.576610475315796], [116.15290355525718, 39.57321009194724], [116.15579629317988, 39.57440560473006], [116.1557967943287, 39.57840662518125], [116.15719314962368, 39.578404256469206], [116.15799183805899, 39.58470446471284], [116.16028605678633, 39.58730111674224], [116.16198142175423, 39.586797999148025], [116.16138281563781, 39.58499861768724], [116.16656867841638, 39.58548940324325], [116.1667679881586, 39.584388766846125], [116.18252400453642, 39.58716003739693], [116.18252451427638, 39.591261033356325], [116.18681259610423, 39.59185319444313], [116.19688513554433, 39.59063475771372], [116.19668541258864, 39.588634620337444], [116.20007658117366, 39.58842874353779], [116.2000768285029, 39.59042922894045], [116.20296949624768, 39.59022435985079], [116.20247038334577, 39.587324474716915], [116.20456518287392, 39.5872210357303], [116.20496460281146, 39.59042117343911], [116.20576230711427, 39.58751919638745], [116.20666048164279, 39.59021843774976], [116.20646063848099, 39.58761811854975], [116.20755833331701, 39.59011701516794], [116.20755802480438, 39.587616407091986], [116.2081569223148, 39.590116092570355], [116.21005251252, 39.590013199445764], [116.20925373406682, 39.58501317494809], [116.21224687042007, 39.58440861094849], [116.21414204351602, 39.57890455135651], [116.22721717909015, 39.580089041735725], [116.23280716712298, 39.5681808288714], [116.23540348882061, 39.56667839973842], [116.24249590975234, 39.56957482134068], [116.24069714298338, 39.56507456353862], [116.24659190747533, 39.56527201446659], [116.24898955979047, 39.559569794399536], [116.25218765928413, 39.55836888573722], [116.24848921926477, 39.554168440959856], [116.25168707999632, 39.55166710381656], [116.24958805432286, 39.55026709055026], [116.25248539337395, 39.540963962303444], [116.25078553884543, 39.53526253854507], [116.25238473000569, 39.53516227816001], [116.25158463570138, 39.53126122294886], [116.25428342530135, 39.53086085154681], [116.2521840038832, 39.52846030215319], [116.25248362146252, 39.52645966191518], [116.24948507054228, 39.52535982806424], [116.25268282346957, 39.52065786250967], [116.2506835403473, 39.51845746043484], [116.24698581641631, 39.517858190386356], [116.24908386207535, 39.513456223593224], [116.23979163336163, 39.51225966783327], [116.23599533354187, 39.506260211047675], [116.22880517075468, 39.50316524777093], [116.23030367172159, 39.50986601163328], [116.22680933135932, 39.51066965416779], [116.22690942232468, 39.51277022024077], [116.21263721499861, 39.51308793546445], [116.21064133596356, 39.51028994575639], [116.21104018702042, 39.508288716520816], [116.20944380510996, 39.5080910262795], [116.21004195058067, 39.50418886638313], [116.19727326700432, 39.50300919576452], [116.19567680194541, 39.49761020428166], [116.18819704678644, 39.49752365038074], [116.18660124168251, 39.49572599465714], [116.18600192788658, 39.48782443330822], [116.18091619819852, 39.48803399868706], [116.18081623131864, 39.48603350053045], [116.17762521911291, 39.485939462397155], [116.17762446307279, 39.479837347248946], [116.17094326199076, 39.479649791673566], [116.16735250980001, 39.473454238963065], [116.15747910666009, 39.472271388489325], [116.15229099211741, 39.46067582876861], [116.15069392957648, 39.45237529388914], [116.14131404033014, 39.4383837715106], [116.1465021931711, 39.437676102664824], [116.14550415948919, 39.43477644037489], [116.1472001459096, 39.43447379945246], [116.14729949750931, 39.43117234331897], [116.14021563703868, 39.43218280559413], [116.138319444221, 39.43068467247086], [116.13921458163972, 39.40677374213509], [116.13801638832317, 39.4012729485837], [116.13092798583801, 39.38517414058564], [116.12883157346, 39.384876106421515], [116.12303963206675, 39.377477803870526], [116.1238370596892, 39.36607203210541], [116.12783070647131, 39.36466796729418], [116.13012703990411, 39.366366519488714], [116.13132440044961, 39.36216335761109], [116.1336199905977, 39.3606601667843], [116.13152338032755, 39.35686069194102], [116.13451766794903, 39.3557568668029], [116.13571585999277, 39.359957412993104], [116.14050554747904, 39.35644972976762], [116.14200186728748, 39.353046111959515], [116.14669115709931, 39.35283927857835], [116.148686790207, 39.355937696660945], [116.1749168109021, 39.35649197332993], [116.18040133715782, 39.35628157381899], [116.18179734085638, 39.35567867460059], [116.1813981283232, 39.35297815950643], [116.18628443062886, 39.35256885482532], [116.19087215171132, 39.355261699590656], [116.19157069788595, 39.35886211049367], [116.19316645343362, 39.35935947163942], [116.19845233407503, 39.35794954244878], [116.20433683411635, 39.35243715860633], [116.21471044876621, 39.33131149139451], [116.21490810089328, 39.31550341650141], [116.21051615454844, 39.30250311369515], [116.20951549696743, 39.278392086838444], [116.20203178383466, 39.264496525265756], [116.20243027583352, 39.260293600396636], [116.2071179902978, 39.25298211199356], [116.20252775037973, 39.241583209863585], [116.19215252464559, 39.22349106251768], [116.1930493545282, 39.21728594443059], [116.19793593326652, 39.21297489998435], [116.20382109067113, 39.21316514655247], [116.21260007095032, 39.20854908046175], [116.21549298592375, 39.20134091676327], [116.2129954787012, 39.17783071657358], [116.21379274355604, 39.16952470492395], [116.21728407631508, 39.158313336222186], [116.22776375600418, 39.14879556107131], [116.26833584878412, 39.13907884502948], [116.26903480017725, 39.12827267994825], [116.28554526071659, 39.111475750307804], [116.28544495637844, 39.10987466747178], [116.29405591981777, 39.108684326184736], [116.29736075628361, 39.10728801680647], [116.29706000852326, 39.10498618812256], [116.30517364258174, 39.104097881529924], [116.31128464267488, 39.099104975208355], [116.32070247821893, 39.08531334337677], [116.32440919793866, 39.07411336684629], [116.3226026248464, 39.052396626498336], [116.32460532264497, 39.03839174857213], [116.33683298216232, 39.04031621789162], [116.3312195411759, 39.0340015941075], [116.330217565141, 39.03630109682252], [116.32660948933353, 39.03619417404035], [116.32570712730427, 39.03319062074605], [116.31197802743057, 39.03266533679541], [116.3076685494959, 39.02325226423908], [116.31728764404727, 39.02236838883483], [116.31628527599956, 39.02006517056811], [116.31187626357922, 39.01965716072264], [116.31508243057326, 39.017061179719775], [116.30536383647551, 39.01954623591929], [116.29975273347925, 39.00823063643315], [116.30255742676702, 39.00773456887679], [116.30195593156216, 39.0039313142515], [116.30666420092173, 39.00263796597508], [116.305261300455, 38.99993404361313], [116.30776581830062, 38.998937509376546], [116.30556119972489, 38.99453122169974], [116.31097129567607, 38.99313935678751], [116.31237435072524, 38.99544318045147], [116.31608176609942, 38.99434904533893], [116.31999065246059, 38.99975944274254], [116.32419978199087, 38.999767264483054], [116.32249556440588, 38.995661569648455], [116.32750701437853, 38.999073079481384], [116.33983384331732, 38.991391913339875], [116.3376285205086, 38.98848593915182], [116.34143667193834, 38.984991052120016], [116.33943157293604, 38.980084261391184], [116.33712614315975, 38.97817870780965], [116.33401918462845, 38.97867306601991], [116.33211433302534, 38.974066626589256], [116.32279270143067, 38.9664443628051], [116.32219105727557, 38.96364155077088], [116.31227084690096, 38.96792626944172], [116.31106859816823, 38.9690248632373], [116.31297259896144, 38.97082924528013], [116.30706165806974, 38.97522190091859], [116.30345514386521, 38.975516304075505], [116.29714342236807, 38.96540077900766], [116.297341845954, 38.949591551390384], [116.28522484521187, 38.94367287304041], [116.27871852069693, 38.943366416771326], [116.26651116161216, 38.93695476816213], [116.26211058711709, 38.937353514996566], [116.25891021184644, 38.9329502743406], [116.24361747508718, 38.928950256005], [116.24311832721507, 38.932352493750486], [116.25131284540309, 38.93495152575722], [116.25141414102207, 38.94625824596585], [116.24971508547259, 38.94645867280177], [116.2496155968501, 38.95026097008984], [116.24132212245277, 38.94986381171017], [116.24122148279663, 38.94366015473222], [116.23402981241252, 38.94306452349983], [116.23322940201797, 38.930557728952344], [116.2381231583579, 38.92985376004193], [116.23822267475808, 38.92675186388609], [116.2362248796484, 38.92535238017904], [116.21476090831314, 38.922473367336075], [116.18613418424188, 38.93752980173262], [116.16230129949989, 38.945778935596245], [116.15821261244237, 38.9493882704289], [116.15053173687885, 38.94619909799024], [116.15063119952873, 38.94379750573366], [116.1470396924589, 38.94270240563438], [116.14654059278882, 38.9405018421516], [116.14284877297449, 38.93860605648396], [116.12737830508664, 38.93592254790848], [116.12927455610772, 38.930917782427564], [116.12677814601895, 38.92681770121189], [116.12987316537809, 38.927915413693206], [116.13176907722412, 38.921809854521435], [116.11718988359185, 38.91641843636108], [116.11898708484718, 38.910714091919836], [116.09170043776545, 38.91171532359076], [116.0813940979524, 38.907804717272846], [116.0818943125806, 38.90610424374151], [116.08049300623648, 38.90540236979963], [116.06126509501566, 38.90167163441049], [116.04783450076171, 38.89614001031819], [116.04482633729756, 38.892630809443645], [116.05274544550925, 38.888646838449375], [116.04773221511407, 38.8794302423502], [116.05645218994536, 38.87614760414133], [116.05655212428917, 38.873846514088186], [116.05484692180973, 38.86163614885101], [116.0416101633571, 38.830388360880654], [116.05213574511913, 38.820408027062925], [116.05143395061778, 38.81920584159508], [116.04551842993004, 38.812388550338554], [116.03508975838302, 38.815163325862024], [116.03027510401228, 38.81394949858105], [116.02265048669851, 38.80952542705975], [116.01271657460283, 38.80009109479051], [116.00579297168355, 38.79756888778121], [116.00729785661838, 38.79597263734844], [116.0073976094894, 38.79107047249184], [116.0024810973787, 38.79155583241451], [116.00378475027918, 38.7853566834502], [116.00047361504423, 38.78534667215553], [115.99786450581063, 38.78213723285905], [116.00107484962008, 38.7787452299023], [115.99314803695398, 38.774919626926675], [115.9894355271398, 38.771306959499874], [115.99023794323622, 38.7698085804752], [115.9865261033716, 38.77029804582185], [115.98120863591994, 38.76247925489251], [115.9764947485892, 38.764067136327], [115.97689559202283, 38.761266879933274], [115.97388635604509, 38.75655667108237], [115.96676706504779, 38.75703893936753], [115.96726795690486, 38.753538515311995], [115.96365868626704, 38.75262948924161], [115.96315704349979, 38.74912669787749], [115.95774419725898, 38.747313826047176], [115.95744294706296, 38.74231089002313], [115.9553381162553, 38.739805362662736], [115.95613963405671, 38.7382062901678], [115.94982678008002, 38.736092963562264], [115.95002675367432, 38.73269180701562], [115.9547354299648, 38.727598669466545], [115.95633807606832, 38.721199155873016], [115.9589435590314, 38.718803661750655], [115.96395541962987, 38.718414802738906], [115.96515817296458, 38.71621668896621], [115.96696297156534, 38.7177216716886], [115.96786482493056, 38.71342202858336], [115.96956939543053, 38.71372638465044], [115.97217604932654, 38.709631261606106], [115.96866638285172, 38.708621968498235], [115.96736228010069, 38.70291637169317], [115.96084616853972, 38.70350136114985], [115.96154630739493, 38.69049761138959], [115.96605737489789, 38.68980785450856], [115.9646529528077, 38.682401566968174], [115.96575551756536, 38.680503441946186], [115.96796120857098, 38.680308715958006], [115.9687628277958, 38.67600902427125], [115.96986594892556, 38.67741232118783], [115.97477967621815, 38.677825143223984], [115.97126867271515, 38.66801227524987], [115.97939218375272, 38.66913423201546], [115.97588037764412, 38.656720120093276], [115.97979119106586, 38.6504284490466], [115.98089340942225, 38.64092815639964], [115.97928800700453, 38.63612207927187], [115.96945979916573, 38.63409557531387], [115.96996084551922, 38.63149595746055], [115.95211871863603, 38.62935533608266], [115.95141751077561, 38.63065442534941], [115.95191813010798, 38.627654386324664], [115.95692856974904, 38.62856477766866], [115.96003454711077, 38.61996867574199], [115.96494628620152, 38.618879578790626], [115.96905635214578, 38.61378795377881], [115.97005840416463, 38.60828875660774], [115.9671494530267, 38.597678365215664], [115.96644615687421, 38.584973025122125], [115.97195954283798, 38.57338362853504], [115.95822483361401, 38.57175066771188], [115.95391481151299, 38.56473992485246], [115.95161023989134, 38.56473542179111], [115.94930554152845, 38.561430290019125], [115.95000664191525, 38.559831180446324], [115.94519821422612, 38.558922516089], [115.94359516902638, 38.554318788451994], [115.94049047582837, 38.55251360483853], [115.94149148498815, 38.54921431514821], [115.93958886490394, 38.549011474526644], [115.93988905387971, 38.547211486808706], [115.94499636442475, 38.54571904391984], [115.94479569796961, 38.54271803062304], [115.94820124110343, 38.54132354709173], [115.94790034352337, 38.53812230342851], [115.9462975171285, 38.53731934501061], [115.94649712258503, 38.531018332444155], [115.94439374678824, 38.53131488269674], [115.9447946333748, 38.533516006324014], [115.94128919018655, 38.5318101327776], [115.94168999988739, 38.53391118507273], [115.93948664098949, 38.530907307002906], [115.93728419038895, 38.53350482542952], [115.93267923904556, 38.532999049323365], [115.93327953363104, 38.53059922742083], [115.92887605290719, 38.53269500299], [115.9269744370575, 38.52969261871283], [115.9240729645727, 38.53029038482566], [115.92287204032615, 38.52658874993165], [115.90647354635513, 38.52728353756058], [115.90277564015405, 38.52458341861007], [115.89658151557371, 38.52628579273269], [115.8967818319075, 38.530886659318476], [115.89088929572345, 38.53329050434326], [115.891588479399, 38.53439027306852], [115.88959143463468, 38.53609202617083], [115.8842996495244, 38.53599639872041], [115.87890851159212, 38.52900040634949], [115.86434050827876, 38.53082011533401], [115.85905329163224, 38.52712769239435], [115.86164685541517, 38.52832377052771], [115.8746166679823, 38.525504743494025], [115.87431701392757, 38.52310463153537], [115.88749216836676, 38.51558945103478], [115.88489580893122, 38.51139088557813], [115.88080283750222, 38.510594736887185], [115.87431573946436, 38.51210249653233], [115.87351763999534, 38.514003865227124], [115.87142206969159, 38.51320645570781], [115.87192115243714, 38.514706075744776], [115.86962638298928, 38.51590941762711], [115.85596051810298, 38.52003140334129], [115.85416530146372, 38.52013448568468], [115.85366646365667, 38.51863505124004], [115.83571717400253, 38.52166841073339], [115.83292566011194, 38.52567446899747], [115.82175765322418, 38.527995708751696], [115.80669671287063, 38.51981998652925], [115.79741773373297, 38.51263244749175], [115.78404186870958, 38.49434516209998], [115.77645290154511, 38.48885081820947], [115.76226733169875, 38.486057135445996], [115.75177150150476, 38.48195666730552], [115.73076174699148, 38.45534116420118], [115.72465546833668, 38.44983420183009], [115.7220513294985, 38.43903004022434], [115.7313574287575, 38.41503805852702], [115.73755874783454, 38.39324194674389], [115.73705786844575, 38.3879413894577], [115.73305477968404, 38.38223803230766], [115.7161366655037, 38.37791877780647], [115.71463371763062, 38.370616539838544], [115.71132882088139, 38.37021171091513], [115.71283018307491, 38.36271386214939], [115.709324758619, 38.36210858228753], [115.70932408602643, 38.35640857157568], [115.70621908720435, 38.35680366518741], [115.70581767384843, 38.35050304451306], [115.70291268652694, 38.350498251868224], [115.69710166796308, 38.346688252887915], [115.67585900004143, 38.347948479757314], [115.67225133802295, 38.34644161102633], [115.67074773095142, 38.342138819066065], [115.65601845574795, 38.34131193475355], [115.65752017641779, 38.33181476907242], [115.65501525840286, 38.32981048514069], [115.65180948176392, 38.330005084629256], [115.6509074990628, 38.32660371065822], [115.6275757755335, 38.33057249782866], [115.62777628822435, 38.333372616067784], [115.62467363430684, 38.333969727596454], [115.62277214530064, 38.33366814790266], [115.62267180724739, 38.33136813039515], [115.61876941839685, 38.33176530428169], [115.6147674601367, 38.32976309614188], [115.61166681657652, 38.33096175256119], [115.61066635801316, 38.32826149726181], [115.60766619964134, 38.32796075047728], [115.60726656607518, 38.3309605877094], [115.59677041258952, 38.332861153629764], [115.59707088394262, 38.33856093297654], [115.59187494702314, 38.33936297136505], [115.59157539589782, 38.3408630985261], [115.58528263051018, 38.343367261683134], [115.58428365883664, 38.340968133523376], [115.58078886525092, 38.34267136618821], [115.57919116004075, 38.3407730712303], [115.58208654299736, 38.339370150522065], [115.58278426287836, 38.32836977750645], [115.58168568156997, 38.32687086588054], [115.56950775108282, 38.32688594767025], [115.56761244181011, 38.3315887224309], [115.56172659577085, 38.33269868682603], [115.56262462502691, 38.33509701136825], [115.56112843171576, 38.335399711069826], [115.55683959776012, 38.33340799542043], [115.553646909075, 38.318715061857034], [115.54527258507692, 38.31833396528704], [115.54387740612076, 38.32063723418731], [115.5433785924527, 38.31673861174893], [115.5257415943149, 38.316485636617706], [115.5221555347668, 38.31829587190234], [115.52544311852571, 38.31978634885307], [115.52275338488913, 38.319594086202265], [115.52245471295879, 38.32109489134073], [115.52355116078752, 38.32669152104212], [115.52574280871353, 38.32678523782105], [115.52524515008501, 38.33058653933574], [115.52225652037976, 38.329895163311164], [115.52126052434329, 38.33119802045901], [115.52285752625173, 38.35789301016175], [115.50652220457447, 38.3609415184496], [115.50761797612252, 38.36203822623504], [115.5021399169023, 38.36345471076423], [115.50094455623658, 38.362658292401974], [115.50064486672404, 38.355359178208694], [115.50263691549605, 38.35485320187427], [115.5012411055358, 38.3436574932203], [115.496957520555, 38.339770359433984], [115.48958601562157, 38.3394920221012], [115.48928735753269, 38.34119285400064], [115.48430619942673, 38.34240703988492], [115.48111699562084, 38.335216055135675], [115.4886889569073, 38.33559469794786], [115.49008313238944, 38.33129077897359], [115.48928585889043, 38.32869316524027], [115.4767321893006, 38.33202798710541], [115.47085199337387, 38.33094318392266], [115.46835972213323, 38.32804941889601], [115.44272741138175, 38.33190036071409], [115.4287501891872, 38.336217004025904], [115.42725221630279, 38.33871823216393], [115.41396131093244, 38.335125277145075], [115.41276036991576, 38.32452583852844], [115.40886050914244, 38.320926305866024], [115.39875854432572, 38.32512393468243], [115.39715812937284, 38.32912305645324], [115.38815048818486, 38.32831699705558], [115.38354431117524, 38.321812941460834], [115.38424484022528, 38.318913759691085], [115.3878489964382, 38.318717097678025], [115.38944836479008, 38.29991939711262], [115.39585378114647, 38.300323703988596], [115.39615309115621, 38.293024336430875], [115.40085551885596, 38.29232646372212], [115.39995440983623, 38.28642655693635], [115.3939503692641, 38.2836237343858], [115.37993464442097, 38.28251137914693], [115.37853280200773, 38.28420962737054], [115.37542797705167, 38.28420581786811], [115.37332376381075, 38.27820354608794], [115.37091961538589, 38.27850022786451], [115.36801404278559, 38.27649620417827], [115.3682139586832, 38.27269682383285], [115.36250271111021, 38.2725880202899], [115.3628022612061, 38.2637893036928], [115.36560775910155, 38.2627938044738], [115.36590766854405, 38.257194816379595], [115.35919362055999, 38.25478428164627], [115.35588569598575, 38.248879264724174], [115.34666408353915, 38.24606297419016], [115.3362386376265, 38.245343339266014], [115.3361388108538, 38.248842764545266], [115.33102629683377, 38.24973288792236], [115.32420930741694, 38.2474202200227], [115.31859585248493, 38.247509833355636], [115.31027610647412, 38.24199579757926], [115.30897252439014, 38.235994301506125], [115.29875143951601, 38.23537837882805], [115.28452810697364, 38.23906012785739], [115.27761980445317, 38.24295327359197], [115.2804247699679, 38.25685419500577], [115.27461870639986, 38.26054913869497], [115.26931419931182, 38.261745776514175], [115.26741331606443, 38.265744482164315], [115.26721410645953, 38.273543694458105], [115.27482042301679, 38.27334810251363], [115.27462051932426, 38.275847747542905], [115.2722182455521, 38.2757461608423], [115.27171809107003, 38.278145655445286], [115.27191947429559, 38.28834499098904], [115.26791620371652, 38.287242918601045], [115.2583121986596, 38.29153987102882], [115.25711153638717, 38.288140013380534], [115.25181113398259, 38.287540275864565], [115.25201051851674, 38.28244063293179], [115.24781088513937, 38.28014171023278], [115.22962289500235, 38.279753066853324], [115.22852331158767, 38.27325466071785], [115.23201938783743, 38.27055168919657], [115.2312199773964, 38.268952530029246], [115.23331795421602, 38.268650772271144], [115.23321785517037, 38.26705099996836], [115.23002101818709, 38.267453752752324], [115.2295211880109, 38.26445449843656], [115.23121933784202, 38.263553030844406], [115.22782264681307, 38.2610564719177], [115.22602364205164, 38.251759260817515], [115.22132913592327, 38.2469650676595], [115.21863298540794, 38.24696840171269], [115.21633530236413, 38.23717251600807], [115.21453827753751, 38.23827483391151], [115.21314027706347, 38.23587707724534], [115.20036387756684, 38.23739687444885], [115.19667161571049, 38.23960296301195], [115.19607326829288, 38.24310361106615], [115.19238108772302, 38.24371010975961], [115.19218216762702, 38.24920986403643], [115.1855964977191, 38.249821872409214], [115.18629509767624, 38.25092045858428], [115.17811351512894, 38.253735476882845], [115.1778145383097, 38.25673573195536], [115.17482160409799, 38.260340997050584], [115.15855603102794, 38.25757087825289], [115.15166944100156, 38.25788235000264], [115.1144141662178, 38.265421581011054], [115.0922094935419, 38.277619018211084], [115.08630401165796, 38.28461437908057], [115.08209845303824, 38.285910422141185], [115.08189854244776, 38.2891099839848], [115.0778922606742, 38.29020546689657], [115.07779254759203, 38.29400508487582], [115.0709795886061, 38.29409590717626], [115.06486554227041, 38.291486206574376], [115.06296058684777, 38.28908299286466], [115.07137874569379, 38.280197525515675], [115.07047611464459, 38.27399669508695], [115.0727807592402, 38.273300127423184], [115.07247921893459, 38.26550040386342], [115.06275650402695, 38.259285183461635], [115.05613902760898, 38.26057217641365], [115.05192629579915, 38.25666354652258], [115.05012084169717, 38.25695946634727], [115.05142540670529, 38.26186191642977], [115.04671088519414, 38.263450890834534], [115.0446044467691, 38.26694548156611], [115.03808232459541, 38.267828878699206], [115.02172090695417, 38.26488350406471], [115.01368871420367, 38.261559963666386], [115.00655918580772, 38.25413918276106], [114.99822586835273, 38.25561386147507], [114.99511383810744, 38.2587042379916], [114.9969218396732, 38.26570895950776], [114.99511564740428, 38.2742028011559], [114.99170209022716, 38.27339275911613], [114.98708432544962, 38.27477918236076], [114.98377212441501, 38.278269433172454], [114.98025906323407, 38.27855959337876], [114.98066070666395, 38.27996058957806], [114.97483961350889, 38.27944488362412], [114.97604413926236, 38.28164790288549], [114.95407420737357, 38.27859635868476], [114.93733649496924, 38.284067924096455], [114.93352982572361, 38.2838631904637], [114.92992396880243, 38.281159485222425], [114.92651900662865, 38.277656598473975], [114.92591778006738, 38.27335645568465], [114.92171324021155, 38.27365334342593], [114.92101179108637, 38.26675352199529], [114.92231287460775, 38.265254491012364], [114.9157070842285, 38.261451430301705], [114.91530696541528, 38.262551179538015], [114.89200855186702, 38.26575448307653], [114.88931091840632, 38.26895605458533], [114.89021090534018, 38.27505486722702], [114.88781359679408, 38.28135615988036], [114.88911294836029, 38.28535484490153], [114.89870828899309, 38.293048893253044], [114.9094082441348, 38.296047172995074], [114.90940890483338, 38.3018468132063], [114.91281105771859, 38.31004692234822], [114.92221825763416, 38.31335100205486], [114.92592271970804, 38.31665361119907], [114.92872626662454, 38.31605613553045], [114.9333345954634, 38.328460519347296], [114.94144956110361, 38.327771343171804], [114.94716338210687, 38.33748032983073], [114.94886821042435, 38.34368322532564], [114.93874608168537, 38.34466702908754], [114.93874658604116, 38.34906697505081], [114.93634228825117, 38.350663743294696], [114.93574163015201, 38.35426295559332], [114.93393853869719, 38.35426075281719], [114.93584340041731, 38.36816313159344], [114.93143641365978, 38.37055800876825], [114.92933428426247, 38.37885600588453], [114.92923526672556, 38.388656193827956], [114.92673235439167, 38.39225402398807], [114.92042559548956, 38.392449472762685], [114.91582234517004, 38.39464736206737], [114.91722356771028, 38.39714803905963], [114.91692397564145, 38.40254816867374], [114.90812025798202, 38.403846233148464], [114.89262583924453, 38.420651894901006], [114.88812969507353, 38.424555346680236], [114.87524535008309, 38.430568906905016], [114.87494613802443, 38.43366954410344], [114.8707525224515, 38.433474966523484], [114.87045270616191, 38.43087514895017], [114.86865610437437, 38.43467797802206], [114.86196771106691, 38.4316877208735], [114.8598722713117, 38.436391483387894], [114.86017209304876, 38.43989132863634], [114.86266753838085, 38.44158753810074], [114.86406581933429, 38.449086152781], [114.86187047965521, 38.454090112138296], [114.86017353349872, 38.45239262510521], [114.85328782115651, 38.4555045134723], [114.85298909747925, 38.46110569799036], [114.84690227228204, 38.461316549629956], [114.84320748212278, 38.435120528331616], [114.83512582843674, 38.43423554216183], [114.83562590884569, 38.44483561700177], [114.82934062759266, 38.446947638448634], [114.82505084498607, 38.45045599678837], [114.82545072811644, 38.457256027735646], [114.82604958523386, 38.45915514355546], [114.83413100287153, 38.45904000357926], [114.83672523987184, 38.46083534576308], [114.83762371095929, 38.46543423433723], [114.83403208015004, 38.466341097149986], [114.83083987992745, 38.47014759373708], [114.82555373624575, 38.48505958617229], [114.82226174859817, 38.4898663867295], [114.81667447646178, 38.492976918426066], [114.78932562156272, 38.49791864265202], [114.7713447198783, 38.49723400859646], [114.75014786115176, 38.489336018747196], [114.74154275086646, 38.48263150818445], [114.74164265593608, 38.48123135728334], [114.73904071096926, 38.48132979292896], [114.72242264745054, 38.49141578837625], [114.70809776142069, 38.489695517610095], [114.68695110544054, 38.479956975731504], [114.67963342844634, 38.47394221598874], [114.6738210162056, 38.483532478234], [114.65979126780859, 38.498808811058815], [114.65778775038332, 38.50520636581454], [114.6483699699032, 38.513492109510274], [114.63875400354578, 38.51717875513986], [114.62864201585971, 38.52976936661904], [114.62814239608531, 38.537870593418226], [114.62063614534921, 38.542865248406365], [114.60903352125744, 38.562564260265624], [114.6015350944076, 38.56936534022514], [114.59953663233416, 38.57616736857079], [114.59523957892819, 38.580769736943864], [114.59144355169649, 38.58887367179389], [114.59014570810703, 38.59687669693041], [114.57656426339398, 38.59408802792156], [114.57716301980238, 38.592486858987655], [114.57546598169905, 38.59168867809669], [114.572970897277, 38.59279223192797], [114.56917865879065, 38.59119720571902], [114.56299355546089, 38.59340797574476], [114.55312080252045, 38.59182678702104], [114.54713993251802, 38.594340861647346], [114.53936598772658, 38.588958335465925], [114.53627671364748, 38.584765177100344], [114.53358748317658, 38.59117414608119], [114.53438471242336, 38.593072547875586], [114.54863575127898, 38.600139109242804], [114.55531581764107, 38.60492604547587], [114.55800864429379, 38.60922195610568], [114.55820858853014, 38.613522898960746], [114.55182811914666, 38.62083838442398], [114.55152941334765, 38.62404007103953], [114.54584852494227, 38.631355432571155], [114.54285884645674, 38.63286315665478], [114.54226290250784, 38.64987050750599], [114.52811595533898, 38.65430962838894], [114.50959426557948, 38.67557179463293], [114.48828457805352, 38.685939154680845], [114.48918145783007, 38.69043836512287], [114.48410237620664, 38.69355409043176], [114.479221646153, 38.693967723324], [114.47583440715468, 38.692176043849656], [114.45899424390977, 38.70021963952189], [114.45061859420414, 38.69513410891571], [114.44413544229967, 38.69364445641948], [114.41988072273588, 38.7047740356283], [114.41548494960921, 38.70287496317431], [114.40918964789574, 38.70437653762533], [114.40699058874546, 38.703376041482706], [114.40339197564627, 38.70507616364635], [114.40089191057186, 38.70117381423793], [114.40069136473366, 38.69657185755324], [114.38298435461229, 38.68925642793334], [114.37277432794673, 38.68704330855707], [114.35454869617948, 38.68841515229094], [114.347537144196, 38.69100352796596], [114.33281234750818, 38.70408096800947], [114.32399704905899, 38.70736560610802], [114.3177864758487, 38.707254114177026], [114.27024093283853, 38.69959041944395], [114.24435702772604, 38.693086189884006], [114.21910353081253, 38.688906353609696], [114.18858853090562, 38.67735076891017], [114.16027799875845, 38.675702465190334], [114.15339901562672, 38.67951561187738], [114.13574466855209, 38.6704373261467], [114.13434769254704, 38.66873830766862], [114.13514537998523, 38.66493596492944], [114.13155290376096, 38.660538315443034], [114.12466704313209, 38.662345366070106], [114.11697947792427, 38.658649050287906], [114.10559340922649, 38.662053341813824], [114.09449947338071, 38.66025022196741], [114.09389942681095, 38.6587493832922], [114.0863003629506, 38.66614704247611], [114.08600103458845, 38.67204901263442], [114.07949844097652, 38.67294287537583], [114.07379394101397, 38.67143509416815], [114.07129247978186, 38.67933452541035], [114.06137981207064, 38.68121847699423], [114.05967730290031, 38.68281583234473], [114.06027877470669, 38.686818577483834], [114.05867619444295, 38.68721559449223], [114.04575004675793, 38.68098454212475], [114.04043799744942, 38.68337221453441], [114.03813303343317, 38.68896843803078], [114.03512543748063, 38.68926054235696], [114.02810592551047, 38.6833387396879], [114.02349291913346, 38.682925307580305], [114.01898039828278, 38.687113693637656], [113.9981169708547, 38.67744704435713], [113.99460720813842, 38.682338459174915], [113.98768749308172, 38.684218903859474], [113.98227293367604, 38.68770489547136], [113.97635849212988, 38.69679239389839], [113.97094560848022, 38.70037979175732], [113.95891965753142, 38.69905098278426], [113.95371066011377, 38.701441209162006], [113.94459747210979, 38.7010246702404], [113.93598921924143, 38.70291308851174], [113.93899216219228, 38.706518545637984], [113.93859271847745, 38.71412120592988], [113.92148669938426, 38.72380844306148], [113.90719493245281, 38.73650994066688], [113.90000290029144, 38.739012385150424], [113.88961973056892, 38.747221801403434], [113.87106025171018, 38.7465413958858], [113.85869376781484, 38.74325863822307], [113.84443793647533, 38.74958662680399], [113.83696278214836, 38.759004954720886], [113.83586670577169, 38.762508670728984], [113.83716306036247, 38.76640809130592], [113.84244728661703, 38.774502114003155], [113.84155177701324, 38.78791036627727], [113.84304812095027, 38.79661194675305], [113.8470364039945, 38.80310791772445], [113.85999828289235, 38.81078939720985], [113.86398798419374, 38.818887284392126], [113.86189517311043, 38.82959619920623], [113.84205702547114, 38.84323818253349], [113.82351623909452, 38.846774729844086], [113.80786402134339, 38.85560669182142], [113.80208052774341, 38.86131877639964], [113.7969949040358, 38.87203194851463], [113.78282797489774, 38.88635630194509], [113.78253194084553, 38.913272056046054], [113.77415229972655, 38.96040645355074], [113.77565129337513, 38.97091179448272], [113.78333982440239, 38.987815762622006], [113.78992641208964, 38.990110238231765], [113.81336511229026, 38.99047633105836], [113.8369942151467, 39.012546628434066], [113.85274595404597, 39.022223728025196], [113.87688220633522, 39.041499232297284], [113.88476539049982, 39.04489292985549], [113.89075506318835, 39.05239262170217], [113.89125496490743, 39.058596080563234], [113.89435071251755, 39.065198185109224], [113.90433811583844, 39.06829645713001], [113.92642843294058, 39.063600967856246], [113.93663366842976, 39.06421211412093], [113.93933693811744, 39.071820392031604], [113.94925083508615, 39.08814623949397], [113.95546164238313, 39.0949623080366], [113.96818827109736, 39.10159496904709], [113.99084719520947, 39.096253359126266], [114.00157900942112, 39.09638544349278], [114.00699601443776, 39.101605015409916], [114.01301694714289, 39.12383668915554], [114.03588305387181, 39.13440893083847], [114.05001663462872, 39.13834658644283], [114.05743066572914, 39.13696181409321], [114.05963386278415, 39.1326636320698], [114.06233630623308, 39.118260094309875], [114.07104465833535, 39.0952607621391], [114.07775022417825, 39.09226807072656], [114.08235293175274, 39.09277352359387], [114.08685483077764, 39.096479909313494], [114.08695461966725, 39.094678892215306], [114.09195477862144, 39.094382206538874], [114.09155426703667, 39.09007934156869], [114.10344857323943, 39.08478012016065], [114.10804351019178, 39.077075276835814], [114.10954018269588, 39.06336663266811], [114.11533165376783, 39.05335866959584], [114.13319852149569, 39.051943872882234], [114.1637156613952, 39.06220434849949], [114.1739827999798, 39.06048439355568], [114.18733861366232, 39.05005298256302], [114.19611115617987, 39.04923662555278], [114.21176698827377, 39.05531497138931], [114.23272091798513, 39.06739792043429], [114.24889725872877, 39.0675890651466], [114.25859001172935, 39.07439251424883], [114.26438748498558, 39.07499415101092], [114.27478663868848, 39.07259808406683], [114.29730238932098, 39.076124459888796], [114.30641443205427, 39.08014074749426], [114.31072043796928, 39.077846494937], [114.3145264276378, 39.07835339965687], [114.3271470774069, 39.07147238017296], [114.33195628968764, 39.07598430330008], [114.3389692542952, 39.07769876599452], [114.3474842273722, 39.075513455063785], [114.35539791257477, 39.07762899798675], [114.36831919525858, 39.095160640017525], [114.37102375898343, 39.10447020526814], [114.3764304922007, 39.1098806698317], [114.3764314285439, 39.11738522169432], [114.37503022064055, 39.119484714391504], [114.37613175657197, 39.12248793288925], [114.373229573189, 39.130288865055036], [114.36722271711, 39.135083192410065], [114.36662256984923, 39.14038546669404], [114.37733615842014, 39.14800474805586], [114.3844424449544, 39.15021391605331], [114.38314256541365, 39.15871765928276], [114.38734689925347, 39.171129005456585], [114.39465067676387, 39.17813854877932], [114.42443297666011, 39.17273446145786], [114.43281955436791, 39.175028423660066], [114.43671171249227, 39.17382322772554], [114.44040399217913, 39.176519941262974], [114.4499796064413, 39.175203882930504], [114.45217449267885, 39.183904945402205], [114.45077886102231, 39.18710938900174], [114.45397033437013, 39.19260656771396], [114.45955322655605, 39.19369578037936], [114.47101319885752, 39.1889663388506], [114.47230893150751, 39.19296538969618], [114.47639377320552, 39.1946557843759], [114.47858586526314, 39.199052472130845], [114.47978175483537, 39.203551820218884], [114.4778897645461, 39.20875990114667], [114.48227361787684, 39.21735283957407], [114.48018237239955, 39.221260793150165], [114.47420578929949, 39.22467860830398], [114.47370794274693, 39.22698118440722], [114.46743091262216, 39.22799737680319], [114.46364379317747, 39.226305294442696], [114.4591590019925, 39.229917211810665], [114.4530778421888, 39.23173051571784], [114.44270538480595, 39.23074765576283], [114.43063121236804, 39.23646574577101], [114.43103089842204, 39.23956707045053], [114.42234472622944, 39.244076442859075], [114.42374324310725, 39.24697715464978], [114.43362741913673, 39.249970068121485], [114.43612305841218, 39.25466973669673], [114.43871763834397, 39.25536682296537], [114.4440060743141, 39.26156256916019], [114.44340784538424, 39.263964778977964], [114.43752164183132, 39.266674466147585], [114.43193419075925, 39.27868727001926], [114.43263341910495, 39.282788692894414], [114.4313361888159, 39.285991701412385], [114.44001978682235, 39.29558631434211], [114.44012008757406, 39.299788328373914], [114.43682826062697, 39.307696668580874], [114.44022125381963, 39.31089381224585], [114.4420180113081, 39.31829494272863], [114.44411288040105, 39.317891581526105], [114.44501097190758, 39.32059150836388], [114.45488372996545, 39.321574357105156], [114.45518354066273, 39.32727656475997], [114.45877275032986, 39.330070560742215], [114.46614798215707, 39.328853441097806], [114.47292378422398, 39.33083774376968], [114.47372174967744, 39.338439369412924], [114.48099416954103, 39.342221817565076], [114.48079520499753, 39.344223315411604], [114.4853772362729, 39.34731202132758], [114.4867720924928, 39.35161008510571], [114.47581605861089, 39.356342376832266], [114.47800859492482, 39.3641401556825], [114.47790977594131, 39.37054333325513], [114.47462481518387, 39.390260736816266], [114.47721737139707, 39.40996229592883], [114.50022611873679, 39.43480649475906], [114.50301484165526, 39.43960000258447], [114.51088409196129, 39.46188475311323], [114.51098451675094, 39.46878695498788], [114.50799781899272, 39.473697675452726], [114.5080979116413, 39.47789885489923], [114.51885289828206, 39.480667758626204], [114.52104372234726, 39.479761028837295], [114.52941075892456, 39.48613935569501], [114.53827710686036, 39.48691578259935], [114.5388752739778, 39.48981522655153], [114.54266214719505, 39.4932068313627], [114.54316112053891, 39.49910756441424], [114.54515457792125, 39.50180361900716], [114.542265996648, 39.513414380103946], [114.54605329446422, 39.51630611283745], [114.55372998856309, 39.52699218035219], [114.56300462704071, 39.532375769389375], [114.5629058599775, 39.540478312941424], [114.56510091576098, 39.54527589506608], [114.5633061874362, 39.5516807767704], [114.56919260357769, 39.555972329469625], [114.56939254408633, 39.55917289696422], [114.5728856964219, 39.563969175573625], [114.57308589478802, 39.56897021999564], [114.58047415359258, 39.58206475980589], [114.59166067884703, 39.58665719911208], [114.59325894993759, 39.58385573176528], [114.60185375372798, 39.5811528309743], [114.60415253063049, 39.57565140755227], [114.61195197700816, 39.568051019043956], [114.62365854433182, 39.566157580895336], [114.62175649922058, 39.56235506231404], [114.62275713290377, 39.560855439091746], [114.6395773014461, 39.556772637879064], [114.64288341745726, 39.562378775506495], [114.64699111183351, 39.565685796480906], [114.65511029482282, 39.592605801787776], [114.66102385980155, 39.60021799205344], [114.66864077043833, 39.59773147353821], [114.67274950888472, 39.59083762427437], [114.68678241708697, 39.58906395580373], [114.71113539709657, 39.59240687520832], [114.71824842837519, 39.59551769930632], [114.71895031180543, 39.60141999515878], [114.71724825848368, 39.607819184568086], [114.71895203493435, 39.61542312460398], [114.72285870984663, 39.61982895447442], [114.72676437462356, 39.620633553696436], [114.74157939212455, 39.61744511802491], [114.76678259705766, 39.61824774706725], [114.78995872921152, 39.61062787215717], [114.79854470523141, 39.60971660843053], [114.8174069556985, 39.61188680124034], [114.82768345390912, 39.61126794118526], [114.83626287213941, 39.6069508986151], [114.84444192128244, 39.59023178169223], [114.8508273833593, 39.587919694661004], [114.85491889501527, 39.59021313188786], [114.85661649109264, 39.5995124538562], [114.86230598191601, 39.60620473660615], [114.87159017377674, 39.61099228243527], [114.88827128135327, 39.62857811444989], [114.89706634153696, 39.63567412243764], [114.93689706160714, 39.65779520720599], [114.9424089642711, 39.664704260702926], [114.95604356455848, 39.667629401881555], [114.96286388067573, 39.66634406314106], [114.9679806278268, 39.6671563535389], [114.98444157389038, 39.67740183977949], [114.9935778569279, 39.67912865445624], [115.01777633195782, 39.675900906380704], [115.02390093818225, 39.67671904285801], [115.02329912068987, 39.68121802272625], [115.02500624788962, 39.684323461141794], [115.0355471353052, 39.690053767828644], [115.03625068335427, 39.697756805055775], [115.04167035029263, 39.70047129362785], [115.04448058345436, 39.70527898203534], [115.05651892730616, 39.71050695234819], [115.08538021974223, 39.70964980276472], [115.11599292529526, 39.70205465647565], [115.12818347097193, 39.69684530684767], [115.13297755174528, 39.69273982743802], [115.14515926412464, 39.6899237983016], [115.15104802927101, 39.68431396879853], [115.16292325830382, 39.677692777662315], [115.17359929906168, 39.674072590619886], [115.17998491342473, 39.67436065774], [115.18557315031077, 39.68085127394844], [115.18677194850565, 39.69245086594384], [115.18397939175966, 39.70175743406152], [115.18577571704468, 39.704554492266155], [115.19405758934698, 39.705139477465636], [115.20523450961761, 39.70312020885256], [115.22130825037293, 39.70929835869069], [115.23809188174123, 39.722684433884645], [115.24438940838358, 39.73158215315594], [115.25028809395552, 39.73448064728579], [115.25358841022648, 39.73868067766096], [115.2571889403796, 39.739980788219675], [115.25898914367203, 39.738280752430555], [115.26649262345872, 39.73878280842672], [115.28451236120121, 39.746196788541546], [115.28952005911748, 39.746402388342226], [115.29563182220939, 39.75531117343808], [115.29833798281369, 39.76351580946492], [115.30846021231146, 39.772432389160684], [115.309162182584, 39.77563386154738], [115.31377323175401, 39.779642128847165], [115.31878531206662, 39.780951201803674], [115.3193872671637, 39.78485264879116], [115.33953842171827, 39.7908912899179], [115.34535280101315, 39.790402232542014], [115.34946299739705, 39.79210997986565], [115.34284754059065, 39.79759812677148], [115.33653304291502, 39.80788692263303], [115.33903985331129, 39.81179200587363], [115.34996760504579, 39.8185129536901], [115.35167218280299, 39.82261633009284], [115.34966829376144, 39.829413157850674], [115.35097310788565, 39.84261637008017], [115.35538371529225, 39.84512436873535], [115.35789000844348, 39.850028982413825], [115.3652061322897, 39.85414115407506], [115.36951535148238, 39.86024796199792], [115.37222148637139, 39.86925225898322], [115.37061905802712, 39.87295021178728], [115.37142091536394, 39.87595149084093], [115.36831553353295, 39.879247190152604], [115.3710215781285, 39.88665144942037], [115.3922511070112, 39.88727429215932], [115.40645905528507, 39.89268042937117], [115.40816080251822, 39.905181120633706], [115.41326117442664, 39.91318110391075], [115.42635651414926, 39.944776123046864], [115.42905353353554, 39.945573907519154], [115.43175061918652, 39.950171513753666], [115.43334850304915, 39.95146988749444]]]]}}, {"type": "Feature", "properties": {"name": "张家口市"}, "geometry": {"type": "MultiPolygon", "coordinates": [[[[114.56939254408633, 39.55917289696422], [114.57089025331673, 39.56727284380062], [114.574883087267, 39.57496940907967], [114.57238861793189, 39.579773932052824], [114.5668012729477, 39.58218290154668], [114.56301065967655, 39.582389361182805], [114.54107752587791, 39.57343449146177], [114.53908424857296, 39.56963856924395], [114.5363940473848, 39.56864530088104], [114.53599507446981, 39.56484535354648], [114.53181123001399, 39.56655705793415], [114.52155224327676, 39.56608595535449], [114.5110990423728, 39.59022299041408], [114.51129896176892, 39.59642386539696], [114.50841165040198, 39.599633281662804], [114.50811335746236, 39.6031349844219], [114.50204006620227, 39.60935464424137], [114.48819897999024, 39.61409651056209], [114.4811277456287, 39.61491657345909], [114.45083219539384, 39.61178648754394], [114.44434957606876, 39.612597637911065], [114.43816438873557, 39.61540710207605], [114.41460488349323, 39.653332960777746], [114.41270737433244, 39.661034732686105], [114.41460736747412, 39.67273635563422], [114.41421594983831, 39.737045559572344], [114.4154163339039, 39.74804651046806], [114.41991188948701, 39.74914491050986], [114.41821376965108, 39.74924567868631], [114.41761462085566, 39.75104611137307], [114.42101083782646, 39.75104455867775], [114.41671705509354, 39.763047691868906], [114.41721716971185, 39.76774798386464], [114.42351114502479, 39.77834581429659], [114.421514635168, 39.78534764382448], [114.41532101446623, 39.7837500831715], [114.4143224520532, 39.788250730844204], [114.41612134283969, 39.79195055515877], [114.41272412026673, 39.79145131801868], [114.41162527406884, 39.79435171045883], [114.40872700761416, 39.79435184976777], [114.40482958684167, 39.801952070841686], [114.40393123089211, 39.812752708394214], [114.39683272596594, 39.820650625618995], [114.39983338949898, 39.82485228924166], [114.40883114592754, 39.82685427506592], [114.41053040886177, 39.82865435070264], [114.410230939981, 39.83135454472819], [114.41342906695506, 39.83395432514064], [114.40443542010796, 39.846255022764], [114.40483680146043, 39.85785575990246], [114.40623634842417, 39.85805598781508], [114.40193883954139, 39.86855561113814], [114.39403833189712, 39.86815186238446], [114.38853653246072, 39.870947945980035], [114.38673529440251, 39.86924628375441], [114.37122069107593, 39.86802812365135], [114.3542952806813, 39.86400082933496], [114.34207382124748, 39.86437837522623], [114.33395923124044, 39.86686301153107], [114.32223733612527, 39.861140494856784], [114.3160267516812, 39.86092916063804], [114.308615492835, 39.863616509077886], [114.30130529114095, 39.86240484676751], [114.29499755918332, 39.85909566578537], [114.29149421488016, 39.85989116565142], [114.29319627554572, 39.86339351635966], [114.29179540675892, 39.867091921834835], [114.29319739402793, 39.87219396939687], [114.28779307217823, 39.87548755351533], [114.2833901163745, 39.87568286148275], [114.27928762519223, 39.871978863248124], [114.26068782475544, 39.867568794045255], [114.25189357742165, 39.863068392771865], [114.24420233948503, 39.863470664106096], [114.2348166363575, 39.86157625360099], [114.23152224335261, 39.85787878576866], [114.2333183580514, 39.85387702848534], [114.23192080574019, 39.85257814064319], [114.22822886733907, 39.8583819082929], [114.22763068425016, 39.86288275070296], [114.22563510388959, 39.8641849041448], [114.22274141058557, 39.86298808336695], [114.22064665427835, 39.86579073490325], [114.21496110637533, 39.868598301665465], [114.21446266648812, 39.87069910077083], [114.20947628761877, 39.87270646207472], [114.20588731815188, 39.88001239853652], [114.21097395044471, 39.886404879516064], [114.22863271521628, 39.89498330733105], [114.23092848753853, 39.89778126553068], [114.23412240774537, 39.89707851543609], [114.23562000140605, 39.89897744368129], [114.23382395738439, 39.904979095683665], [114.23152823549734, 39.904881034572355], [114.23023098190095, 39.906582282858686], [114.23312545504396, 39.90667973974907], [114.23312572300401, 39.90877982752126], [114.23112972068706, 39.91048162476302], [114.22953261718888, 39.908483018978835], [114.22793598221318, 39.909284612974474], [114.22843553841945, 39.91388430567908], [114.22254901319319, 39.91889086622402], [114.21875769419151, 39.9163954122745], [114.21825940586666, 39.92019620664879], [114.21237351383328, 39.91230396085225], [114.20668881843869, 39.909412441478125], [114.19841308606651, 39.908426091208014], [114.18944010583087, 39.90064176713807], [114.18076788385179, 39.898857822119865], [114.15016471208527, 39.90361257492178], [114.11714054406677, 39.91304880647098], [114.10965052016981, 39.914151463373095], [114.09356077600287, 39.91204878159004], [114.07935897606396, 39.922037272563365], [114.07455552401092, 39.923631290264424], [114.06063777942985, 39.92280831408526], [114.05412549318753, 39.91739479777048], [114.04160164443702, 39.94436628769363], [114.03959814140373, 39.955261541699194], [114.03498698730749, 39.96054950334967], [114.03609331297928, 39.986653464457184], [114.03138128218565, 39.991040752352696], [114.02797206189597, 39.993031232679535], [114.02315814948916, 39.99231732062744], [114.01463305445715, 39.99459211574378], [114.0119245901717, 39.992783884633134], [114.00751111211015, 39.99287052980292], [114.00099156197369, 39.99585090866638], [113.96198821323247, 40.00324474093906], [113.95377309425875, 40.00582747063337], [113.95217079185517, 40.00852447649716], [113.9429583352663, 40.01060864121828], [113.93845372838729, 40.01050211137825], [113.93024746054418, 40.00429220595254], [113.9210462362937, 40.0068850461523], [113.91714779974068, 40.012683359492954], [113.91804845330324, 40.01988405816539], [113.9225485228904, 40.025386777661964], [113.92894992607035, 40.02759196402468], [113.94626447394873, 40.02681467786357], [113.96139065928942, 40.03184464768111], [113.97702892998772, 40.04468391548775], [113.98214361695238, 40.05209829308126], [113.98415118596392, 40.067504790093544], [113.9870597944463, 40.07031325044727], [113.98766193848851, 40.07351517832896], [113.98515718979019, 40.0920092072298], [113.98024449817679, 40.098995954437285], [113.9863633901603, 40.11341424944945], [114.00291254354816, 40.11206317972672], [114.02658264151066, 40.10373319498973], [114.02999103793078, 40.09454220647106], [114.04192038376769, 40.08087327207422], [114.04181820914921, 40.06627211977978], [114.05053685614122, 40.05819269703636], [114.05624828325581, 40.059805256549765], [114.0680676063095, 40.06742772508612], [114.08127989180613, 40.071345871498046], [114.09138234532404, 40.072354476669524], [114.09798123000034, 40.076657849089], [114.0985824842611, 40.0881587851747], [114.10847663975652, 40.10116046616506], [114.10797834219252, 40.110061211276914], [114.09588820677631, 40.122860481094385], [114.09149015918422, 40.130958927809566], [114.08529291950119, 40.15675680415711], [114.07478996073655, 40.18114781855822], [114.08119502610056, 40.18505609488268], [114.09889601032978, 40.19046883019579], [114.10479267391423, 40.195070339989755], [114.1119852134515, 40.195269398007945], [114.11378272259981, 40.19396863512388], [114.11727787026894, 40.19506726140601], [114.12366643066245, 40.19006254436196], [114.13015346199681, 40.190056861268], [114.13065158451221, 40.18405558357328], [114.12905448611703, 40.180256671715334], [114.14262167827519, 40.176740299046436], [114.15179632767422, 40.17872684435578], [114.18668707374438, 40.192765659311384], [114.1998461581629, 40.19624259403622], [114.21141299908854, 40.19732430605734], [114.230866767718, 40.194300454910255], [114.2400510503711, 40.19699392981593], [114.2423479787009, 40.19949302020938], [114.24334836412486, 40.21329454377413], [114.24664538276922, 40.22319474114779], [114.25603783955997, 40.23569521562597], [114.26163472283788, 40.237396146284006], [114.27913377621732, 40.233204925086824], [114.29955036701868, 40.23132858701563], [114.3096644472166, 40.23314483948835], [114.3229874972827, 40.241069955301825], [114.33100237689538, 40.24398563080416], [114.36225809767645, 40.25084402100535], [114.3691679034601, 40.251454789314906], [114.38818531280504, 40.246876291393534], [114.4070866511571, 40.246485371440976], [114.4368501199136, 40.256170097164365], [114.4575955751461, 40.26083640339124], [114.47633024980453, 40.26939368117102], [114.50242494334202, 40.29322409677579], [114.51716310579205, 40.304182534477704], [114.53260266672459, 40.32474363028457], [114.53678822464774, 40.337335835157376], [114.53688874523162, 40.344437563073946], [114.53678934721901, 40.34623833783024], [114.52682900752067, 40.351367046477925], [114.51159330751966, 40.354612619596345], [114.50561912731166, 40.355230744390646], [114.49277354477005, 40.349567355962385], [114.47723733140347, 40.35101141782007], [114.46627927799462, 40.35914138544491], [114.45850711232808, 40.371162444829146], [114.453024451172, 40.374274409689306], [114.44564477506277, 40.372986965474205], [114.43746359163998, 40.3684973190834], [114.42059120174478, 40.363610820217374], [114.41029932793403, 40.355211166539114], [114.39700219214683, 40.352707276693295], [114.39400195041902, 40.355206284479614], [114.39010056277412, 40.355403567743465], [114.39000121696554, 40.36070507555641], [114.38780056123825, 40.36430434274452], [114.3816963616197, 40.36499857334471], [114.37468913500773, 40.36218931977825], [114.37048464630895, 40.366084770001876], [114.3654778834774, 40.36577722572165], [114.35896862272611, 40.36996798136612], [114.35095534965593, 40.37085421183543], [114.32891452182352, 40.36671128510382], [114.32090071045424, 40.370897547317696], [114.31869731435363, 40.373994491531036], [114.31399157390572, 40.38999131693981], [114.3015761174723, 40.41047810629451], [114.30087603494053, 40.41667932014803], [114.29276819363747, 40.42617160442371], [114.29477104935397, 40.43257669102038], [114.30578567382123, 40.44029598799888], [114.30518569366114, 40.44689768457559], [114.30388411380774, 40.44849628306223], [114.29307181180992, 40.451682108685134], [114.29077090199607, 40.46128323135792], [114.28186431907027, 40.45927269741154], [114.27856311487223, 40.461270604845815], [114.27566278897967, 40.465470123868414], [114.27696358818852, 40.46897261900028], [114.27366372137439, 40.475473086318985], [114.2753644553359, 40.47877573048501], [114.28086690092712, 40.48288207371353], [114.27996758915133, 40.49128510146023], [114.288973912175, 40.49619664672803], [114.28617264557941, 40.50289664950142], [114.29257925304685, 40.512408801091965], [114.2924812501296, 40.528416641155914], [114.29918916447545, 40.53322824950404], [114.30349539307161, 40.538837623839065], [114.30079306588578, 40.54793829337905], [114.3017947101614, 40.55074129288259], [114.2998925741916, 40.552739525337905], [114.29658855495188, 40.55163421476267], [114.28647932116347, 40.552322013129135], [114.27977588232612, 40.55541707408496], [114.2826788223106, 40.56702611025946], [114.28568082867969, 40.56812978520422], [114.28297999966985, 40.57473071174246], [114.28958634084435, 40.587345092371976], [114.2894868859901, 40.5921477666587], [114.28448389131803, 40.5975453918982], [114.26468231133508, 40.61204040813689], [114.26048411643794, 40.61263970602431], [114.25248934305608, 40.60853703416467], [114.24260092614237, 40.60834001911435], [114.23102123379086, 40.613251146243265], [114.22523445983379, 40.621662083660986], [114.22154333491584, 40.62476824085674], [114.21755315496053, 40.625273576230136], [114.21555894160088, 40.63047950578714], [114.22264221380001, 40.63577385059243], [114.22204412774508, 40.63967703860752], [114.21476316620632, 40.646690932550456], [114.21326806572667, 40.65379765478061], [114.2025990909725, 40.65961797706057], [114.18645208369631, 40.67645782501904], [114.18246704346588, 40.690674985796086], [114.17250126929164, 40.70100086020278], [114.16712115012378, 40.71812295079461], [114.15795114080186, 40.72464391151504], [114.15516019502543, 40.72835130625955], [114.15296786110139, 40.736260681881], [114.14628785134452, 40.741474855983], [114.14150045562242, 40.738879682579295], [114.13461888433237, 40.74819513098918], [114.1110642887126, 40.769728103037686], [114.11036548155407, 40.77243032489872], [114.1139621081926, 40.780735643621696], [114.11266403982965, 40.782337319083055], [114.1112681039237, 40.79925085920095], [114.10807164820989, 40.79905129726869], [114.10267581453009, 40.79504816868429], [114.09737913979151, 40.79744879310162], [114.087079532727, 40.79223869800689], [114.08117788562166, 40.79603606002648], [114.07777669603003, 40.80313769691012], [114.0718723012058, 40.809834974033286], [114.06746740157311, 40.81212986910232], [114.06196097967465, 40.823329024438976], [114.06166105072526, 40.82733165965979], [114.05174351433944, 40.83241521662323], [114.05284610751485, 40.83491968215813], [114.06396697309697, 40.844549782486844], [114.0765820286479, 40.84857252639605], [114.08038610547871, 40.85898556880241], [114.07638392251765, 40.86348444223147], [114.06216765511165, 40.86956690794112], [114.0596638797493, 40.871964081405984], [114.05816199843657, 40.877265461710536], [114.06226920475076, 40.879675432261614], [114.05946495679456, 40.88227219984452], [114.0580631290759, 40.886773129577946], [114.05906603121207, 40.89508204311509], [114.04904786790216, 40.9059694677179], [114.04824790787212, 40.9190785758409], [114.04554213659301, 40.921774359658066], [114.04935069744872, 40.92178342393036], [114.0536601359441, 40.92529606951425], [114.06437890201671, 40.926818631685734], [114.06227627054135, 40.93091824527546], [114.05466361899506, 40.936307510334885], [114.04754828482832, 40.93318878914757], [114.02880060437599, 40.93704285078252], [114.01997458605636, 40.936216562416014], [114.00663533875522, 40.949287507546416], [114.00212058012232, 40.9437691836287], [114.00181920050106, 40.940465484891654], [113.99780701344339, 40.94175450048368], [113.98878132233823, 40.95253696166298], [113.98306625428239, 40.962729285665425], [113.98216579272238, 40.97803973905989], [113.9796597591675, 40.984538330044245], [113.97023681861151, 40.99452207756819], [113.96282038801463, 40.99780711914253], [113.92918064125524, 41.02587555579805], [113.91228403634835, 41.03557421269157], [113.87514882341121, 41.07042488111543], [113.85660250266189, 41.08246252308525], [113.83018951285216, 41.09472086235749], [113.82610344383953, 41.099132083740194], [113.82710076979264, 41.10323360232935], [113.83507505353737, 41.106321221422554], [113.85062421945982, 41.104791294411186], [113.86398373106276, 41.10586982806308], [113.87864605091141, 41.112655495093534], [113.88453352899319, 41.11715299838596], [113.89032342229876, 41.126455665916424], [113.91389906700523, 41.15437203853894], [113.91769923783778, 41.167383554198], [113.92119911353159, 41.171688676578526], [113.92699979600211, 41.17359429898836], [113.9464151357519, 41.17191761397286], [113.96775497410513, 41.172962653852125], [113.98028734930101, 41.1759975547979], [113.99121957011364, 41.18153294622454], [114.00355913402892, 41.19427957536866], [114.00777446044411, 41.21020434631016], [114.00737535751298, 41.22581469637239], [114.01349514498506, 41.231237159293705], [114.01750680641419, 41.22624553660226], [114.02302453643138, 41.23396747110939], [114.02172120706517, 41.23806662105759], [114.01359740391968, 41.24534765607608], [114.01339790235036, 41.25345282204959], [114.00467165906652, 41.260331269133346], [114.00176269145877, 41.261022956472615], [114.00035904634245, 41.266222348591135], [114.00126204165367, 41.267626045233094], [113.99895546937117, 41.27182199951533], [113.99424107889458, 41.27230825527487], [113.99333816216371, 41.27100468383784], [113.99213470841713, 41.27230202887954], [113.98350892987693, 41.26847453583564], [113.98340835812031, 41.26637279586801], [113.9870186003689, 41.265382362310724], [113.98451081293996, 41.26137241772216], [113.984811003156, 41.256469825838366], [113.9812007474828, 41.255959355594726], [113.97859298952419, 41.251449025198305], [113.97809025891533, 41.24134044478855], [113.97297702088684, 41.24202744859056], [113.96836642973314, 41.24691936957526], [113.96876856274989, 41.255626534652684], [113.95964866513022, 41.256005651130984], [113.96075136473264, 41.259510530665075], [113.95844768836717, 41.26621021000222], [113.96055201728693, 41.2673155352607], [113.95504153247629, 41.26750405876737], [113.96115341111327, 41.26851769853815], [113.9605525614893, 41.271318304400104], [113.95684526560892, 41.27081002683499], [113.96025210185417, 41.27241840218375], [113.96035314822082, 41.27862287431927], [113.95784903383272, 41.28462155578974], [113.9625585498985, 41.28473194207823], [113.96306006786305, 41.28803530872806], [113.94292762240713, 41.29650220658866], [113.92921657823595, 41.29278270634351], [113.92531624291662, 41.297782690084205], [113.92121591593326, 41.29607878990317], [113.90802458683152, 41.31268584536985], [113.90612698238633, 41.317388950842506], [113.90752591182432, 41.319190021470256], [113.91162300662606, 41.32139168332451], [113.91592052033586, 41.32009193126742], [113.91952003370203, 41.32459632002593], [113.93352357345002, 41.328510281364], [113.93452528747524, 41.33631628990537], [113.93002335671882, 41.34041395730305], [113.93132470178821, 41.3459186186253], [113.93552776666718, 41.34932541541833], [113.93913171501872, 41.356034098086994], [113.94443787561013, 41.35874358685461], [113.94473984340715, 41.37045088913155], [113.94173636430749, 41.37074641307147], [113.94283826531083, 41.375650877740114], [113.94063626020986, 41.378549251267664], [113.94303900093117, 41.37935328199574], [113.9430397096675, 41.38455619934666], [113.94534259634882, 41.385060132539635], [113.94424132159732, 41.385858802778635], [113.94894809537082, 41.38886839183382], [113.95065118825593, 41.39257350985013], [113.95335550515664, 41.391878253513504], [113.95535923931047, 41.39358315863349], [113.94794777586755, 41.39717116937571], [113.94043844025818, 41.39605866147408], [113.92483081502935, 41.40554671385756], [113.87788909829824, 41.415064095933545], [113.88477602489105, 41.432865834290055], [113.89156383143943, 41.439863732044465], [113.909841232273, 41.44586086723717], [113.92353722040889, 41.45326956443386], [113.92753853176295, 41.45827499032057], [113.93594652253654, 41.4846954976763], [113.93864930426496, 41.48840055694368], [113.94365466954719, 41.48890807367783], [113.94946209485343, 41.485816542871596], [113.960481630794, 41.4855384969136], [113.96719720553114, 41.49235683984926], [113.98003099724754, 41.500293260440316], [113.98424396548029, 41.508508237026845], [114.00841877167402, 41.516282926863546], [114.01122826181988, 41.52129331145576], [114.02336557487821, 41.52182968820277], [114.02697662600728, 41.52464117338969], [114.0325928103205, 41.52595747046687], [114.03911110089119, 41.53167707823943], [114.0407149436487, 41.52988059324634], [114.04522593192299, 41.529591819879265], [114.04412348910694, 41.53088956998321], [114.04672959330769, 41.53069586555389], [114.04562714423066, 41.53149348318002], [114.04773222023142, 41.53309911973081], [114.04713116409718, 41.535298466671115], [114.05444619591658, 41.531313698844244], [114.05474655961709, 41.52971376947084], [114.06446312861158, 41.528432434705586], [114.06856931957495, 41.532340837088036], [114.07227335557572, 41.530445881398244], [114.07547653620027, 41.53095054919058], [114.07537680345554, 41.533451309529895], [114.07677808896482, 41.53415338993469], [114.07978005169218, 41.53275653027347], [114.08928342255886, 41.53276542659491], [114.09158320656297, 41.53116639984551], [114.09448324225242, 41.53446918686139], [114.09798209482885, 41.53477073212077], [114.1081752601633, 41.53997364086404], [114.121156995058, 41.53916831163349], [114.12604750117183, 41.536663790517395], [114.13093720840305, 41.536659266709584], [114.13452922634221, 41.538556084011724], [114.14041383453565, 41.53354713098704], [114.20949600713472, 41.520923914951986], [114.22136374310502, 41.513304773975854], [114.22744980512945, 41.513097891066465], [114.23753068619432, 41.51549017132791], [114.2384337097026, 41.54850137980406], [114.22995163789874, 41.56461337439858], [114.22785810740118, 41.579719984245074], [114.22835766412463, 41.584220782506286], [114.23244951565901, 41.585317298388546], [114.24383234392555, 41.59821332449981], [114.2377432052537, 41.60911960317133], [114.2343495076524, 41.611322652497286], [114.23355232123608, 41.62092562384118], [114.23554892564066, 41.62292451896887], [114.24363623871204, 41.62451995587477], [114.26591795902819, 41.62541915334543], [114.2218864598943, 41.68655010934791], [114.22777369147954, 41.69104426626428], [114.22288559980855, 41.69745050491779], [114.22597917402753, 41.70224769178869], [114.23476083590224, 41.698739067547436], [114.24414603729271, 41.700633550212196], [114.23955411394475, 41.70963713657764], [114.24364813793319, 41.71083507896816], [114.23875634890213, 41.716438445754015], [114.2391561540002, 41.71973856522916], [114.22259106691679, 41.7317548730599], [114.2134156545861, 41.740467636712694], [114.21491207742885, 41.74366580572016], [114.21999954611597, 41.74755940941687], [114.22279408256617, 41.756856720402226], [114.22189645698475, 41.75855789719959], [114.21301955555673, 41.76066974131718], [114.21341876231347, 41.76276930468006], [114.21142453886296, 41.76487232527005], [114.21521536459173, 41.772967370186834], [114.20664053497765, 41.78148049583799], [114.20644166520688, 41.78538097135984], [114.20853600160304, 41.78837781345528], [114.20733995161387, 41.79187979099415], [114.21073088823394, 41.79637474632255], [114.21851060452103, 41.80006400177343], [114.22320032479014, 41.808458430146544], [114.25005740113207, 41.83483952578786], [114.28085192667892, 41.85874992192273], [114.29366327792967, 41.87066376534978], [114.3145957765285, 41.897695035955394], [114.33713992711814, 41.919135841133176], [114.33243201672461, 41.92652628685714], [114.33253240331976, 41.927926374905326], [114.3359389189424, 41.92823288143895], [114.3323324730814, 41.93112574978232], [114.33794319521868, 41.93153646979664], [114.34996526824695, 41.929059263221525], [114.35617656573002, 41.931970139363365], [114.35838105584959, 41.93767348668858], [114.3544745528837, 41.93836665008343], [114.35377367448928, 41.94076521310696], [114.35798122760997, 41.94357232300184], [114.35838218661056, 41.945672831193875], [114.35487685472607, 41.94976640895128], [114.35938529672153, 41.956073626961995], [114.3624901238953, 41.955378822508386], [114.36319070609403, 41.95188026179013], [114.36709632590652, 41.950986444031805], [114.36909936177969, 41.95288926754583], [114.37260352739857, 41.95039446438727], [114.37841031173704, 41.95240177370822], [114.37791025711778, 41.95560088713004], [114.38041315141487, 41.95880354540144], [114.38771880696979, 41.95941088815471], [114.39382088319041, 41.954815996909794], [114.39592170271969, 41.95701708538836], [114.39752166505325, 41.95511811441035], [114.40152166354798, 41.95521979717316], [114.42610018819612, 41.9447158406173], [114.42959445185082, 41.94451296816007], [114.4368807201684, 41.94770492381462], [114.45782426161111, 41.95136980252473], [114.46818872186287, 41.95474624725509], [114.48462344588107, 41.95340325017441], [114.48293082743075, 41.955707769628205], [114.48372780483804, 41.95780536656451], [114.49398558376176, 41.96927486032888], [114.5035441003587, 41.9732460248219], [114.51718437679368, 41.97530500001058], [114.5181812534535, 41.984001199166116], [114.51579175730184, 41.984908179675266], [114.50792769735637, 41.99483069164922], [114.49996307360685, 41.9959544748928], [114.49140125722566, 42.00127920323535], [114.48881328198395, 42.00768600294879], [114.48831581381037, 42.01058711669689], [114.49010831231699, 42.011881813969424], [114.48871468223238, 42.014685524508785], [114.49409165526706, 42.016169722570815], [114.48234252103668, 42.02180270568709], [114.47905654891511, 42.025811221106046], [114.47497312338596, 42.02772180763412], [114.47905733241339, 42.03141058620062], [114.47278280899395, 42.03592649873721], [114.47298272727633, 42.04082542781095], [114.4809522270947, 42.05010329098034], [114.48653122051175, 42.06638582415509], [114.4935010154036, 42.06476587749181], [114.49977294372437, 42.06084775588629], [114.5020630701482, 42.06264069192289], [114.50236210847605, 42.06523948868311], [114.50564760977511, 42.06562957714595], [114.50893356055549, 42.069219277578966], [114.5080379259331, 42.072121624315365], [114.51162333442058, 42.08110979790788], [114.5078405639742, 42.0848207085833], [114.50724365239721, 42.08802212167711], [114.51072866817576, 42.09111128930964], [114.51471242081567, 42.100298290099765], [114.51799849459584, 42.103188205264274], [114.51750199323457, 42.11288852492762], [114.54977663609469, 42.12470099259639], [114.56662849352308, 42.13426693158411], [114.57760488140131, 42.13555139549919], [114.59178462372365, 42.13303962716328], [114.613877055893, 42.12383980002673], [114.63109011724379, 42.114054213069934], [114.64972062962565, 42.111379885527725], [114.6540295145983, 42.11148696736623], [114.68189667256335, 42.12233724207441], [114.69162017500888, 42.12115571432229], [114.69352499210862, 42.12325896798554], [114.6978351678233, 42.12416661961962], [114.7132677125224, 42.122991923273304], [114.71797553699533, 42.117199220329695], [114.73259730555671, 42.11901549464447], [114.74510815022482, 42.117224187373644], [114.74710957198201, 42.11962473778581], [114.75071076543017, 42.11762609464176], [114.76141137018948, 42.11772652937178], [114.76321124473029, 42.12012589722547], [114.77180696028047, 42.12072248580175], [114.77940079580938, 42.12511679240623], [114.78249714696655, 42.12411422449074], [114.78259800791092, 42.13121330704332], [114.78419620585603, 42.1325116412929], [114.78978861390527, 42.13380554736538], [114.79008795504811, 42.132305375003604], [114.79587865335704, 42.13299810274497], [114.80057269446402, 42.15128952565634], [114.827513229197, 42.15074398843191], [114.83509465405032, 42.149329967769475], [114.8334978616839, 42.14443351526897], [114.82930774093808, 42.14234159554216], [114.83190136968489, 42.14173681430908], [114.83728741733376, 42.13532744624001], [114.84297329216567, 42.1320172363451], [114.84865883869662, 42.123907803536056], [114.85274947720595, 42.12340061555593], [114.85354759240832, 42.12259932143228], [114.85145192832134, 42.12000328729311], [114.85354702168803, 42.11839981318881], [114.8537461993779, 42.11559979668472], [114.8574381991632, 42.11569350971521], [114.85683912397104, 42.11309481780384], [114.86262699471338, 42.11178557081737], [114.86222749066525, 42.10958645706908], [114.86492215735619, 42.10908235535676], [114.8646225144611, 42.10748299871734], [114.86761650304565, 42.10447890819617], [114.86691755384992, 42.10278012750646], [114.86951216553669, 42.09747703881476], [114.86521966364691, 42.09488358728209], [114.86571723030109, 42.08388414733765], [114.86911031309093, 42.07857984782413], [114.86661395494947, 42.07208421701617], [114.86721076959036, 42.05668515808144], [114.87629553177399, 42.05587311878897], [114.87709412958367, 42.05417236596055], [114.87519659508294, 42.05147497502961], [114.87809228393046, 42.05107156638969], [114.88028836712576, 42.04416992456545], [114.88588154990943, 42.04256462100103], [114.88678097893096, 42.04516354063891], [114.88737992977013, 42.04176343069725], [114.88977777133117, 42.04196152742156], [114.88827886083482, 42.04016288501461], [114.89137611534505, 42.03926070549323], [114.89337420405998, 42.03565984069935], [114.89247471252874, 42.034860487866396], [114.89597219859188, 42.032158814217624], [114.89377319138504, 42.03006024148911], [114.89367267766762, 42.025760785424836], [114.88158410624152, 42.02487075744442], [114.88148400268668, 42.023171051276734], [114.88607854402859, 42.021766809551565], [114.89197347379319, 42.02296215562029], [114.89596996839413, 42.01556067262154], [114.89936822613319, 42.013359461440515], [114.90116776297666, 42.013658852752066], [114.90176797181559, 42.01615841635436], [114.9080680748354, 42.01745750229797], [114.91616978219174, 42.00506041459482], [114.92337304513757, 41.98216663827645], [114.9234719340046, 41.97306759822631], [114.92026860129113, 41.9722656598234], [114.91966785148036, 41.970665485910544], [114.92256986370803, 41.96486775820123], [114.92176850643027, 41.960867610383865], [114.92797505489474, 41.95467290524219], [114.93258177820336, 41.95277769940399], [114.93137929841261, 41.94877674595216], [114.93668840298481, 41.94788303100469], [114.9394936065047, 41.94538701335473], [114.93558573389869, 41.94328202565504], [114.93919217138935, 41.939287092464184], [114.9223661697352, 41.93886987645118], [114.92637052674637, 41.936773012196994], [114.92336652803974, 41.933570968122176], [114.9267696504257, 41.92637414033948], [114.92296508905457, 41.92607125660049], [114.92296488821867, 41.92457136554952], [114.92736962725941, 41.92027509435138], [114.92716921285192, 41.9191749961839], [114.9218631277897, 41.91997097164359], [114.92136244452811, 41.91857075918055], [114.92296341584134, 41.9135721241748], [114.93037254323465, 41.90997861160199], [114.93187419716078, 41.90478049863406], [114.93167343396435, 41.90148047898669], [114.92906935668134, 41.90057790346388], [114.92736653468616, 41.897176539602924], [114.92966905580613, 41.891778962315286], [114.92776448100315, 41.877777833529876], [114.94549391081625, 41.848101416294234], [114.93266631539714, 41.83608380656617], [114.92855882047083, 41.827079656057315], [114.92175044693307, 41.82577436536475], [114.91504433052201, 41.81987116608948], [114.90644133723734, 41.81897001615035], [114.89434378342956, 41.812973732255486], [114.88415309303033, 41.81628147631424], [114.88295423599976, 41.81448261407004], [114.87506508376804, 41.81539143033077], [114.87616266836102, 41.80969001125925], [114.87256784035579, 41.806494490449886], [114.87436473578948, 41.80469214022157], [114.88155453550289, 41.803983856172955], [114.87825849016973, 41.80098737462828], [114.88075501351615, 41.79998460032848], [114.88165329261764, 41.79558354128173], [114.89603837896865, 41.779471871227564], [114.9024349229129, 41.7695690577551], [114.90643276632734, 41.75446752418], [114.90593197823617, 41.74876712901446], [114.90133100013465, 41.738467074336214], [114.90143030263476, 41.733366574180586], [114.90642743714845, 41.71426371898592], [114.90912480505017, 41.69116068371785], [114.90512082297698, 41.66465648541434], [114.90531967515669, 41.6559548581498], [114.90181764367422, 41.63825191437843], [114.89621857459323, 41.63065232656382], [114.88542610329637, 41.623458191577726], [114.88073053067592, 41.615360863577536], [114.86844816709134, 41.60587384886868], [114.86695046887883, 41.60287523654105], [114.8680476093359, 41.596271895929355], [114.86994390783117, 41.593468459574204], [114.87393718611132, 41.59236284352678], [114.88612148199515, 41.59395011972949], [114.8938158566594, 41.5997460688971], [114.90011394299675, 41.607145132300005], [114.90431350173705, 41.60904462244142], [114.92722838040038, 41.61115337262311], [114.95218009691986, 41.61568959934101], [114.98428959141629, 41.61356694900163], [115.03158556881299, 41.61740746333215], [115.04523535715701, 41.61304210921508], [115.06258756966989, 41.6044773356084], [115.06719928184164, 41.60428538285979], [115.08032701462749, 41.609304927186145], [115.08623684947086, 41.615812328829406], [115.09454585016144, 41.61561778421618], [115.0944470990351, 41.625119992981496], [115.10595300072796, 41.62612279955929], [115.12024838462742, 41.618016142650205], [115.1271425039208, 41.615910424477136], [115.13143811670678, 41.61780676389381], [115.14911091066524, 41.618283880459444], [115.15928977565376, 41.61266582178295], [115.17385656940252, 41.608038260040566], [115.19121637959063, 41.607005711292636], [115.20169330113987, 41.60418667519044], [115.21237128778765, 41.59376720261731], [115.21077136639857, 41.57346371051827], [115.24613152991672, 41.57853104000228], [115.26413364065493, 41.58313186471673], [115.27294177754007, 41.59493934143345], [115.27104281536045, 41.61504338972334], [115.277350259773, 41.62294956044931], [115.28766512514719, 41.62766056885857], [115.29688106846021, 41.624971587904035], [115.3086027600044, 41.60228394359086], [115.31752293003171, 41.59479741308439], [115.3728561185574, 41.598296584527255], [115.38427514996256, 41.605211989022806], [115.3718565564958, 41.614499360600135], [115.35221721301588, 41.63787297179133], [115.36093933631105, 41.65099074769557], [115.3627445293283, 41.65979538012571], [115.36765531433878, 41.66350371527812], [115.36915925614757, 41.67030714659769], [115.36224549586402, 41.67439714811816], [115.34360125015645, 41.677264497342165], [115.33808818234525, 41.685255287824724], [115.32565713060976, 41.69363282329933], [115.3332783662866, 41.70444879924127], [115.34270369899563, 41.711167634784964], [115.35373159843293, 41.71448834105146], [115.37307290463413, 41.71471910252319], [115.4367858184532, 41.730930515499246], [115.49540705170973, 41.76300077370281], [115.50715885279662, 41.76696590098013], [115.52628054513244, 41.76980968107806], [115.54002865950616, 41.7736726924412], [115.6162030207182, 41.814990293057946], [115.62581035863238, 41.822997241290814], [115.63712379261572, 41.82690960350758], [115.65014445977306, 41.82492850283185], [115.65475335011381, 41.826836143886176], [115.66026486545837, 41.830945770915115], [115.66577898792934, 41.85025561041113], [115.68061233979283, 41.85828359973461], [115.69464378325351, 41.86970958258616], [115.71958629429027, 41.86584935558757], [115.72849686431306, 41.868459679739544], [115.73089925966181, 41.87006200807085], [115.73330187904277, 41.87516401272096], [115.73290280998388, 41.884063286689326], [115.73440478531136, 41.89046427453734], [115.73890790081543, 41.89396750463251], [115.74781040613178, 41.89557201928087], [115.75620825469396, 41.891073887061495], [115.76600158132888, 41.8888725315979], [115.78886987006493, 41.90025497883685], [115.80234154735025, 41.91313651244939], [115.8173016404107, 41.914311941404044], [115.82179092474048, 41.93070276226149], [115.83515217322545, 41.938977309113824], [115.84342741808295, 41.939661812910316], [115.85598986642913, 41.93074013784983], [115.86945470175395, 41.9296192450984], [115.88222778703211, 41.93310348492444], [115.90270136073543, 41.94418977489801], [115.9225971231685, 41.946993946236546], [115.9268988726675, 41.944297447713865], [115.92659823329147, 41.940897467801015], [115.93190033075777, 41.92650367539856], [115.95593273576903, 41.88304433517909], [115.96064280764814, 41.876254696925194], [115.96986613291207, 41.868976784097754], [115.97337480740632, 41.858286054488985], [115.97989326980081, 41.84780371716247], [116.00136332965472, 41.83066646250778], [116.00738281045925, 41.81788464969113], [116.00908697073851, 41.804289605448425], [116.01370270543309, 41.80070345908863], [116.01249818314223, 41.798499773406455], [116.01500701941838, 41.79890733115827], [116.01500680037746, 41.79730728628572], [116.02022424376187, 41.792822686179086], [116.01701256559907, 41.78841299647062], [116.02172810908912, 41.78352676389743], [116.02303194429751, 41.77923038806881], [116.04038705158221, 41.779078319918], [116.04048814572803, 41.78487883429956], [116.09057594144171, 41.78406328180986], [116.0756603724887, 41.76004736104552], [116.0744577415988, 41.752245201141974], [116.07145273055521, 41.74654047904886], [116.06283644163808, 41.735925237011195], [116.04168328576395, 41.72437745438491], [116.02081599196028, 41.71751895620875], [115.97916873833321, 41.68209106570276], [115.9626206412874, 41.67374794364622], [115.94247750036352, 41.65820639634473], [115.92655964584856, 41.651286057237016], [115.9161557911841, 41.64477838964171], [115.93546026770883, 41.59798295727967], [115.93265619053041, 41.58917724704748], [115.9349583659347, 41.58777953762193], [115.936259307405, 41.58378001781634], [115.93015232622282, 41.576670985472695], [115.93095217642443, 41.57046993495361], [115.9406629256788, 41.568081354909715], [115.94857532857381, 41.56419297721397], [115.96501065986193, 41.55232337011781], [115.98015175236628, 41.5316551471765], [115.98175521335052, 41.51955513803614], [115.98707049173294, 41.50466444425534], [115.98837247144253, 41.48706100265802], [115.98385645383458, 41.478144262801266], [115.98295283809013, 41.47283939780894], [115.98606239473531, 41.468746399753734], [115.9958952560117, 41.46637414571816], [116.00643067667257, 41.45640134934986], [116.00923890753829, 41.444304144315424], [116.00833540505852, 41.4418002033586], [116.01084326661527, 41.43490442227882], [116.01726488974792, 41.42972113525788], [116.02930484369992, 41.42685469924253], [116.03201316469571, 41.4243609941028], [116.03662668201423, 41.418670605564685], [116.03823011715079, 41.4084695226485], [116.04534884606932, 41.39678126029039], [116.05457156978808, 41.39209977654466], [116.07600973791304, 41.389535355960994], [116.08361703427656, 41.387042515846176], [116.09402090999771, 41.379045545272305], [116.09952075277621, 41.377546707109246], [116.14805152386613, 41.375510346098004], [116.18115754793996, 41.35834184655852], [116.18903383344204, 41.34982213028911], [116.18963143308021, 41.34451781988115], [116.1974098080396, 41.34330320517925], [116.20389226125835, 41.33888959506229], [116.20478950152919, 41.335185853648234], [116.20828070483768, 41.33367943187169], [116.20957685764151, 41.328073952766], [116.21985400060719, 41.32585839741308], [116.2164606988183, 41.323361185600206], [116.21336659887513, 41.316761223841155], [116.21546094663121, 41.30905333133577], [116.20588268250893, 41.30456454664634], [116.20508367130594, 41.29706086295672], [116.19969724479945, 41.294968364242614], [116.19800110817117, 41.29016805343859], [116.199495757511, 41.27985850492877], [116.21016523077111, 41.25122141652951], [116.21984198504994, 41.23519661936974], [116.24200512070115, 41.211859697242815], [116.24200433045196, 41.2058551887422], [116.22991821947716, 41.192353666551064], [116.2272217661113, 41.185751226096826], [116.22791979938846, 41.17974588817867], [116.23331056695295, 41.172935715719646], [116.23730495535467, 41.1706309370162], [116.24879386171642, 41.169324537967505], [116.25209144463192, 41.165420842127766], [116.25009001143101, 41.14620598043404], [116.2394973672431, 41.1325993529795], [116.24439113080324, 41.12258876708344], [116.25158521576827, 41.11598134106192], [116.27568595173305, 41.10377864603926], [116.27658589140827, 41.09837488720064], [116.2852933088989, 41.09247805333278], [116.28389065953078, 41.084069632057954], [116.29009750800489, 41.07917249861875], [116.29099821674322, 41.07527035489834], [116.29780798880789, 41.07177651797543], [116.30241484977006, 41.064176989158085], [116.29039530225788, 41.05925623412983], [116.28128352452437, 41.0497383999147], [116.27978166777146, 41.04613400121993], [116.27307651430284, 41.0442272379177], [116.27097484648682, 41.039822235110535], [116.27357549973296, 41.03421912650916], [116.27787837517822, 41.033221490059304], [116.28038009189892, 41.02992085870825], [116.27987894669965, 41.024615922603815], [116.28117988604518, 41.02261541283354], [116.28728596402587, 41.018318065081395], [116.29149064419629, 41.01211781393462], [116.29399299129136, 41.002512886341876], [116.2924901731553, 40.9977068494053], [116.29429251121365, 40.99540724994137], [116.30460890466051, 40.98831631099599], [116.33988566915941, 40.9862787509991], [116.34469601228398, 40.98058299890409], [116.34439480776362, 40.97667911778464], [116.34810189817243, 40.966577428952654], [116.37124580095852, 40.9454977488314], [116.37064441448548, 40.9427946158347], [116.3682400906085, 40.94209054871146], [116.3660355189091, 40.93808384728021], [116.3564162764619, 40.93776787298437], [116.34619291008944, 40.931143880326225], [116.34458864633484, 40.92653699812172], [116.3404787204802, 40.92302628062307], [116.34168051300651, 40.915522244747216], [116.34067698371375, 40.906312611941345], [116.3484942211315, 40.90162331605808], [116.35119951606357, 40.896123645734676], [116.37053643597797, 40.8839450562085], [116.37293973236645, 40.87834373185445], [116.38125135325778, 40.87324968547146], [116.38805820701273, 40.86524972008524], [116.39606450002063, 40.86355393404377], [116.39816474597883, 40.85654924149292], [116.40566646291468, 40.852247991108555], [116.4082660466302, 40.848545195773546], [116.41186464873203, 40.841939648460254], [116.4130633555521, 40.83473363082193], [116.42185784998578, 40.830827146191524], [116.42845036274173, 40.824617373095855], [116.44372513231268, 40.822096874264325], [116.44452289831743, 40.817692116526544], [116.44701712457781, 40.81468567808586], [116.44721600686411, 40.80958129254624], [116.45659221556244, 40.80425962059571], [116.45848645121457, 40.799752145696125], [116.4628739497216, 40.80034303849888], [116.4649673731397, 40.79813651386807], [116.46576413118513, 40.79202987468253], [116.46765798614568, 40.79012388859745], [116.46695936090251, 40.78392074204413], [116.47204199555814, 40.77610221645429], [116.47164303533417, 40.77400160986711], [116.46027717230285, 40.76752336511813], [116.45070280780631, 40.77084502235635], [116.44401744990365, 40.76855454087957], [116.43812883942574, 40.76986393856798], [116.43123943327194, 40.769071260643784], [116.42254937392802, 40.771279938129396], [116.42065200246846, 40.779587391923236], [116.41415599590977, 40.782091774228995], [116.41145659445851, 40.7804909998356], [116.3997553742751, 40.78028916485041], [116.3861441165143, 40.773975277896916], [116.3773327925968, 40.77406589342783], [116.37402752784291, 40.772560550926116], [116.36751662693955, 40.77425268767732], [116.35789754817121, 40.77193550922173], [116.35168462936726, 40.774626692907724], [116.33645004990048, 40.775398796981264], [116.32692792503774, 40.77427976557487], [116.31941078265318, 40.77176382585402], [116.31409858992254, 40.76524932451581], [116.31730425869983, 40.75664852886878], [116.31680278198554, 40.75354529387535], [116.31509915492434, 40.75344217580253], [116.31099118567262, 40.75723787642904], [116.30538037673271, 40.757829031611756], [116.3008726206247, 40.76042399854457], [116.29636589000259, 40.765821581179424], [116.29306070831203, 40.764315999112135], [116.287553479052, 40.76541012260762], [116.28354860985061, 40.76310407257535], [116.27954491008872, 40.76440127596841], [116.28034606489062, 40.76780457849872], [116.27604313476962, 40.772204360417554], [116.2757437624934, 40.778709129866016], [116.27104133196049, 40.781207935939946], [116.2702413835945, 40.78440996025035], [116.26714028145226, 40.78440842766081], [116.26444033285911, 40.78921111176054], [116.25374225316428, 40.793312864958445], [116.25134292956216, 40.78991048260791], [116.24784503035362, 40.78951095546108], [116.24514663562215, 40.78580899695389], [116.24115023493658, 40.784609921532464], [116.24174858770786, 40.776603426962374], [116.2374528279488, 40.7724027506991], [116.23615335036902, 40.76389716637143], [116.23994841406613, 40.76059220185577], [116.22946183642719, 40.75529622444325], [116.2266658483104, 40.75069553605551], [116.22646555662034, 40.74579208429528], [116.22436899069808, 40.74379284621869], [116.21937822224572, 40.741597104498474], [116.21678376081252, 40.74320163670899], [116.21089651908574, 40.74140855077734], [116.21189333951484, 40.73450200057524], [116.20401142382035, 40.7284096673058], [116.19852528392475, 40.72631730774193], [116.19702878820225, 40.722717281115266], [116.19144335091572, 40.717823665167955], [116.1918419743914, 40.71572143482875], [116.18735426959292, 40.71392834046048], [116.1873540347575, 40.71212705295761], [116.18416272627755, 40.70943104804469], [116.18246659637747, 40.702028972711396], [116.17758001843765, 40.69753497924672], [116.17987309397881, 40.69492885358642], [116.17997223307808, 40.69052560516809], [116.17777757615335, 40.6832246892257], [116.17448661782302, 40.68012874207103], [116.17109435510174, 40.665124940366724], [116.16900015441801, 40.66392801901414], [116.15832982371057, 40.66474766841898], [116.1491540155614, 40.66856526503247], [116.14127249131582, 40.6686767789196], [116.13159038494999, 40.655679812906314], [116.11701113749145, 40.64848661564651], [116.11910786283731, 40.64248157800259], [116.12679588382883, 40.63487101713946], [116.12809319732692, 40.63066718145009], [116.11081446913448, 40.62857627726045], [116.10741696117624, 40.62937739792087], [116.10531848409778, 40.63217929605515], [116.09602012359474, 40.628875474534375], [116.09301931387513, 40.625772146513945], [116.08311369901612, 40.62146202379167], [116.08081139425639, 40.619058181595285], [116.07940924225183, 40.61305294959856], [116.06909570334092, 40.61183820729363], [116.06468779427219, 40.608528865472934], [116.05657131727425, 40.60741270838134], [116.0509576984805, 40.603498253734706], [116.03952679680636, 40.60186955423816], [116.03631694879343, 40.59885933156973], [116.03461199177987, 40.600355642149864], [116.03631799522819, 40.60686412058301], [116.03481370075845, 40.60876122960176], [116.03290752511899, 40.60625453030585], [116.03190465465156, 40.60815291484763], [116.02568407227403, 40.60283216932257], [116.02197169601192, 40.60192085211836], [116.02307495022156, 40.598722170618665], [116.01615057580841, 40.59059693720728], [116.01193580379264, 40.58818287494078], [116.01123300590777, 40.585279073057116], [116.00330563217945, 40.58565530158799], [116.00099707080857, 40.58104567443998], [115.99878959433185, 40.58193953739516], [115.9895581787413, 40.580111105393705], [115.98755167610295, 40.58090573782563], [115.98183453525708, 40.59039498670674], [115.97812475575132, 40.603692645167236], [115.9718059906431, 40.60237519444139], [115.97381217590926, 40.60568236098781], [115.97290980758969, 40.60758116043476], [115.96117901771876, 40.61075468201979], [115.95436346183943, 40.610039769116895], [115.95075645635269, 40.61233417748331], [115.94033943600182, 40.614718312104294], [115.9331308272092, 40.6140085340358], [115.92482525080867, 40.61830322234561], [115.91382340160165, 40.61849756899998], [115.90482603399803, 40.60989159473515], [115.89982976649274, 40.607391201860914], [115.8949339924035, 40.59898827760829], [115.89143821079269, 40.59638883314992], [115.8740695382447, 40.59720634382441], [115.87167445064067, 40.59410763082227], [115.86718474917627, 40.59251296192982], [115.85910513179184, 40.59162495325754], [115.85232394772274, 40.594237978900374], [115.84953155197472, 40.5921416836528], [115.83387680645959, 40.58856852508905], [115.82888939834551, 40.5721684855428], [115.8266954384909, 40.56917088785008], [115.82769193070601, 40.564566475910375], [115.8259963690008, 40.56056741945356], [115.82041220097639, 40.55847648596719], [115.81153696373556, 40.559892746654356], [115.80535293727559, 40.559002280917284], [115.80126340614146, 40.56221023028218], [115.796873603214, 40.562216434200344], [115.78329954752637, 40.55422785082165], [115.78120252642836, 40.55032767803122], [115.77650948164182, 40.54933091758945], [115.77021639833653, 40.54193083992003], [115.75952510411018, 40.54013309254627], [115.76192257924505, 40.5323287020428], [115.75502549435043, 40.52742659974064], [115.75012556915256, 40.519821965180114], [115.7494250235803, 40.515219495272525], [115.74572475735307, 40.51411764660089], [115.74732463367307, 40.51211729412217], [115.74232287601207, 40.50511162454941], [115.74942256310388, 40.496310401903436], [115.75102288603483, 40.500012553514885], [115.77061056791729, 40.500509926972775], [115.77440586665583, 40.49970734218822], [115.78009714059863, 40.49540105318114], [115.78439007411025, 40.4958973423859], [115.78808306952676, 40.49409262898071], [115.78828229866572, 40.491091013143155], [115.78438906273095, 40.48809372267677], [115.78249178181116, 40.48399366871387], [115.78299026747348, 40.47879085713821], [115.7780974645735, 40.47449316193831], [115.7761996465029, 40.470392774590195], [115.77869505606807, 40.46278759984369], [115.78668192934343, 40.464981091153], [115.7838864865737, 40.46148243830113], [115.78518373560682, 40.45787962207373], [115.78168991493244, 40.45938360502573], [115.77809480680588, 40.45398435719015], [115.78059031217899, 40.44878015546426], [115.77719538700683, 40.44838272893517], [115.77669572055012, 40.44548191475651], [115.78058988484591, 40.44547880820722], [115.78238663707991, 40.442976189285204], [115.78558120657416, 40.44387343332083], [115.78927371343107, 40.439667736669975], [115.7929660483259, 40.438362798231914], [115.7961585543127, 40.433756847130546], [115.80314222924216, 40.4337468772219], [115.80423905953572, 40.43014380257939], [115.80114639884498, 40.428647865215005], [115.84272496665014, 40.38685944559856], [115.84362179677373, 40.38245632547249], [115.84671283756819, 40.3822505980139], [115.84751014481685, 40.37904810320861], [115.85020252841962, 40.379343370118036], [115.85299432158185, 40.376237452130184], [115.85728284168938, 40.37803071901019], [115.8664591666649, 40.37681586493651], [115.86835381312373, 40.37041107423072], [115.8642637186361, 40.370016986574214], [115.86815417304867, 40.36951107563245], [115.86516134986066, 40.368915280504844], [115.86795447138398, 40.36811092245705], [115.86805403269571, 40.3665102803682], [115.86416345156438, 40.36591585706426], [115.86536017776129, 40.363513303633155], [115.86935057455993, 40.36330745473275], [115.87064779040536, 40.365006186713224], [115.86855228472598, 40.36200818138511], [115.87054744071726, 40.36040491300864], [115.87882978993812, 40.36069468373822], [115.88222366487955, 40.36319184298202], [115.8841199499874, 40.3604891742214], [115.88921172684707, 40.36058489247186], [115.89130838787274, 40.35808264118781], [115.89690152483534, 40.35897976809439], [115.8989990452552, 40.35667822255114], [115.91549060496823, 40.358678671644114], [115.92429194304705, 40.35498241916101], [115.92579195389479, 40.348981829670315], [115.93029426110321, 40.34288420864783], [115.92739176104399, 40.33978056847719], [115.9289921046947, 40.333680359651105], [115.9331953371427, 40.33068397001826], [115.92879097238206, 40.325778043662986], [115.93249340447873, 40.320580507797025], [115.93519634939655, 40.322184095411075], [115.93860020692112, 40.32068815087736], [115.93890037007434, 40.31888810262553], [115.9417040940336, 40.317791887810095], [115.94260501402023, 40.31449242698399], [115.9498169255591, 40.31210403235801], [115.94881455495705, 40.308001199012004], [115.94560854535419, 40.30469484010636], [115.95191913860305, 40.29730440291163], [115.95071628854444, 40.29330120063235], [115.95211863636187, 40.290103131919324], [115.95612704089218, 40.29031118264255], [115.95772970339155, 40.283112944335514], [115.96113733729071, 40.28051982460089], [115.96113704901079, 40.27821932980511], [115.96624964466474, 40.27603074446164], [115.96544742942375, 40.2750286151559], [115.9676526467689, 40.27033295695173], [115.97497253161845, 40.26505051599484], [115.9699575097353, 40.259136426516186], [115.9660468365042, 40.25782657456066], [115.95832789049906, 40.257708992728126], [115.9548198427528, 40.25520119537849], [115.94870771235855, 40.25468943093901], [115.93999405005358, 40.25647568161044], [115.93048319312241, 40.25276324207685], [115.92117722273514, 40.24605437867888], [115.92257734944364, 40.24345480584654], [115.92007636586281, 40.24135288701384], [115.91957570624106, 40.236851819978426], [115.91797532153556, 40.23555079103383], [115.91267560087942, 40.23514888137753], [115.90407986662653, 40.23744894316393], [115.90447935249794, 40.235548557439124], [115.89798417912444, 40.229249233589584], [115.89089150809532, 40.2182513364055], [115.889293808652, 40.21815246891884], [115.89079097747462, 40.21285056813051], [115.88919302459594, 40.21065138855378], [115.89118973339525, 40.20734946770001], [115.88869295485186, 40.204050791880654], [115.88320172348786, 40.201855264561466], [115.88250214039405, 40.19515500825587], [115.87970718364441, 40.19375772912641], [115.87840907265952, 40.18855846869441], [115.87082503531055, 40.18686770910215], [115.86124872148714, 40.189982298820304], [115.85416696931466, 40.185093406667114], [115.86025017867182, 40.18098272356439], [115.85037544116489, 40.168698007039694], [115.85286793544033, 40.164293110285726], [115.85576015285315, 40.16538826442521], [115.85695676428469, 40.16408609781765], [115.85436356736687, 40.16229029417465], [115.85964852813501, 40.15528067427467], [115.85974774262992, 40.15108006352983], [115.85795222586407, 40.14908279801871], [115.8524670248229, 40.14819205179423], [115.84030220991446, 40.15131446625628], [115.84189695463381, 40.14651099889961], [115.8277393519346, 40.153938288742175], [115.81318050399355, 40.154264501714], [115.79313139667845, 40.171596596753304], [115.79323224599975, 40.17989749030723], [115.78325114464946, 40.17880843683866], [115.77925740307666, 40.177411807894366], [115.77446281671052, 40.16681406965394], [115.76846936971621, 40.163816990941186], [115.76087576276446, 40.16481933855434], [115.75577699323621, 40.15421844097613], [115.75657639155298, 40.1520182278109], [115.76037415213105, 40.149817766772166], [115.76117326355521, 40.14681733856887], [115.75557510806237, 40.13891686710087], [115.74237464059324, 40.131112193587384], [115.73046777288806, 40.13000311245026], [115.72276062860058, 40.1343951885843], [115.71685329553758, 40.13578773100627], [115.7059359666448, 40.13357113202783], [115.71184528339755, 40.13058007620221], [115.71725311807124, 40.13008774292602], [115.71835434599592, 40.128089037667166], [115.70843966783288, 40.12937474502271], [115.70303012478007, 40.12796581389806], [115.69852244480748, 40.13335855973628], [115.69321183436176, 40.13164887648112], [115.68740022665288, 40.13383829055027], [115.6801846367064, 40.13092430226305], [115.66384994348915, 40.12919322918778], [115.66395033777357, 40.1306935509769], [115.66064385870514, 40.132387695756265], [115.65072441689125, 40.12767022325622], [115.65052372013866, 40.12496965581993], [115.64801900508468, 40.12226542299107], [115.64992178740866, 40.1180680854582], [115.6479181681485, 40.11696481172505], [115.64200858468519, 40.116855975989886], [115.63780273236664, 40.11885042499816], [115.63119431040667, 40.11734238061588], [115.62809136851732, 40.119739359360516], [115.62228626776988, 40.118134105530814], [115.61608314883932, 40.120730268521974], [115.60518198524043, 40.121026967001946], [115.6005828835936, 40.11662672078982], [115.600482103517, 40.110026191464186], [115.59848326685875, 40.11122664524146], [115.59678258307362, 40.09742602077295], [115.58799046596603, 40.096230305463365], [115.58459490982658, 40.09743301646074], [115.58169966901062, 40.10203600720641], [115.57391270326204, 40.09754462528484], [115.57251573727174, 40.09944665287276], [115.57002096756877, 40.09925021258106], [115.55984495198582, 40.092766963094114], [115.56203835721891, 40.08636245204549], [115.56163905317317, 40.08366299353725], [115.55894611782325, 40.08266797942224], [115.55834746116987, 40.080268980379266], [115.55047023078899, 40.076985244475125], [115.54409117228724, 40.07890023516034], [115.5335284295181, 40.07722728224898], [115.5212744698364, 40.06806122154336], [115.51599543454583, 40.06667667023484], [115.51659265449854, 40.06377472552276], [115.51171151852495, 40.05678886799177], [115.50772768396307, 40.056400804298775], [115.50732896073882, 40.053701851506176], [115.49637269794754, 40.04873438635087], [115.49467928189554, 40.0473393199379], [115.49537619179807, 40.04493713419413], [115.49019611515513, 40.040652082620916], [115.47485229908649, 40.03319410940782], [115.46717814608135, 40.03351328199867], [115.46568267347716, 40.031716728814466], [115.46179459895266, 40.031625583702315], [115.45860265180215, 40.02213202926389], [115.4486271692634, 40.011850734548425], [115.44962430034563, 40.0079488187851], [115.45570820508063, 40.003337139660935], [115.45471070261883, 40.00203906270167], [115.45680404014371, 39.99433454678494], [115.45171762281242, 39.9960445234313], [115.44782681943636, 39.99505139030419], [115.43505039105989, 39.985669315098384], [115.42995576430943, 39.97117407562844], [115.43345034642012, 39.96667036555772], [115.43025353029644, 39.95707324875016], [115.43334850304915, 39.95146988749444], [115.42905353353554, 39.945573907519154], [115.42635651414926, 39.944776123046864], [115.41966047237923, 39.930879737484915], [115.41326117442664, 39.91318110391075], [115.40816080251822, 39.905181120633706], [115.40645905528507, 39.89268042937117], [115.3922511070112, 39.88727429215932], [115.3710215781285, 39.88665144942037], [115.36831553353295, 39.879247190152604], [115.37142091536394, 39.87595149084093], [115.37061905802712, 39.87295021178728], [115.37222148637139, 39.86925225898322], [115.36951535148238, 39.86024796199792], [115.3652061322897, 39.85414115407506], [115.35789000844348, 39.850028982413825], [115.35538371529225, 39.84512436873535], [115.35097310788565, 39.84261637008017], [115.34966829376144, 39.829413157850674], [115.35167218280299, 39.82261633009284], [115.34996760504579, 39.8185129536901], [115.33903985331129, 39.81179200587363], [115.33653304291502, 39.80788692263303], [115.34284754059065, 39.79759812677148], [115.34946299739705, 39.79210997986565], [115.34535280101315, 39.790402232542014], [115.33953842171827, 39.7908912899179], [115.3193872671637, 39.78485264879116], [115.31878531206662, 39.780951201803674], [115.31377323175401, 39.779642128847165], [115.309162182584, 39.77563386154738], [115.30846021231146, 39.772432389160684], [115.29833798281369, 39.76351580946492], [115.29563182220939, 39.75531117343808], [115.28952005911748, 39.746402388342226], [115.28451236120121, 39.746196788541546], [115.26649262345872, 39.73878280842672], [115.25898914367203, 39.738280752430555], [115.2571889403796, 39.739980788219675], [115.25358841022648, 39.73868067766096], [115.25028809395552, 39.73448064728579], [115.24438940838358, 39.73158215315594], [115.23809188174123, 39.722684433884645], [115.22130825037293, 39.70929835869069], [115.20523450961761, 39.70312020885256], [115.19405758934698, 39.705139477465636], [115.18577571704468, 39.704554492266155], [115.18397939175966, 39.70175743406152], [115.18677194850565, 39.69245086594384], [115.18557315031077, 39.68085127394844], [115.17998491342473, 39.67436065774], [115.17359929906168, 39.674072590619886], [115.16292325830382, 39.677692777662315], [115.15104802927101, 39.68431396879853], [115.14515926412464, 39.6899237983016], [115.13297755174528, 39.69273982743802], [115.12818347097193, 39.69684530684767], [115.11599292529526, 39.70205465647565], [115.08538021974223, 39.70964980276472], [115.05651892730616, 39.71050695234819], [115.04448058345436, 39.70527898203534], [115.04167035029263, 39.70047129362785], [115.03625068335427, 39.697756805055775], [115.0355471353052, 39.690053767828644], [115.02500624788962, 39.684323461141794], [115.02329912068987, 39.68121802272625], [115.02390093818225, 39.67671904285801], [115.01777633195782, 39.675900906380704], [114.9935778569279, 39.67912865445624], [114.98444157389038, 39.67740183977949], [114.9679806278268, 39.6671563535389], [114.96286388067573, 39.66634406314106], [114.95604356455848, 39.667629401881555], [114.9424089642711, 39.664704260702926], [114.93689706160714, 39.65779520720599], [114.89706634153696, 39.63567412243764], [114.88827128135327, 39.62857811444989], [114.87159017377674, 39.61099228243527], [114.86230598191601, 39.60620473660615], [114.85661649109264, 39.5995124538562], [114.85491889501527, 39.59021313188786], [114.8508273833593, 39.587919694661004], [114.84444192128244, 39.59023178169223], [114.83626287213941, 39.6069508986151], [114.82768345390912, 39.61126794118526], [114.8174069556985, 39.61188680124034], [114.79854470523141, 39.60971660843053], [114.78995872921152, 39.61062787215717], [114.76678259705766, 39.61824774706725], [114.74157939212455, 39.61744511802491], [114.72676437462356, 39.620633553696436], [114.72285870984663, 39.61982895447442], [114.71895203493435, 39.61542312460398], [114.71724825848368, 39.607819184568086], [114.71895031180543, 39.60141999515878], [114.71824842837519, 39.59551769930632], [114.71113539709657, 39.59240687520832], [114.68678241708697, 39.58906395580373], [114.67274950888472, 39.59083762427437], [114.66864077043833, 39.59773147353821], [114.66102385980155, 39.60021799205344], [114.65511029482282, 39.592605801787776], [114.64699111183351, 39.565685796480906], [114.64288341745726, 39.562378775506495], [114.6395773014461, 39.556772637879064], [114.62275713290377, 39.560855439091746], [114.62175649922058, 39.56235506231404], [114.62365854433182, 39.566157580895336], [114.61195197700816, 39.568051019043956], [114.60415253063049, 39.57565140755227], [114.60185375372798, 39.5811528309743], [114.59325894993759, 39.58385573176528], [114.59126106295487, 39.586757436833786], [114.58017459554104, 39.581764995178034], [114.57308589478802, 39.56897021999564], [114.5728856964219, 39.563969175573625], [114.56999136711788, 39.560372325564146], [114.56939254408633, 39.55917289696422]]]]}}, {"type": "Feature", "properties": {"name": "承德市"}, "geometry": {"type": "MultiPolygon", "coordinates": [[[[118.04227293066859, 40.305698633608024], [118.02211108509495, 40.29994184121224], [118.00926731239095, 40.29400206449242], [117.99210980005518, 40.29695116662118], [117.97605909285703, 40.29430527808745], [117.96061667856014, 40.28446517042558], [117.9558060390297, 40.28605524860015], [117.95239957397506, 40.29044946329203], [117.94128005022279, 40.285929439038306], [117.91556249507721, 40.286905917754], [117.91166264913977, 40.283104048622654], [117.9104618452664, 40.27400190366201], [117.90706306497653, 40.27180127933678], [117.8945743141827, 40.2737053348644], [117.88998013582035, 40.27150781848348], [117.87181363749194, 40.27052665434716], [117.86662535290432, 40.26853353644731], [117.86233537287472, 40.26453925773508], [117.8556525450354, 40.262849871286825], [117.85036693581107, 40.262559015088534], [117.84029589560733, 40.265578036377576], [117.83351488951529, 40.26108984838902], [117.82444076460271, 40.260106570933615], [117.81416943901759, 40.26312551646426], [117.80569014146353, 40.255637996383285], [117.78523174021119, 40.24566284538724], [117.77454742569421, 40.246171848601534], [117.75665918150125, 40.230674840145774], [117.73315381005375, 40.23706529473576], [117.72094119361616, 40.24295325732958], [117.71262806672958, 40.238241013511036], [117.700506029268, 40.239421697353876], [117.69198680898985, 40.22800448873818], [117.68346722028876, 40.22208751534321], [117.66191813970691, 40.21654594556106], [117.65249725126246, 40.206327987809296], [117.6269573143885, 40.2079941864752], [117.61654769520587, 40.200885378808074], [117.61624693793084, 40.19638457664268], [117.60804366647905, 40.193381185521595], [117.5994445758892, 40.193481179161296], [117.5901506091461, 40.1963852635163], [117.58175962385316, 40.19389158038688], [117.57876415836786, 40.1956949735499], [117.57856534882616, 40.20249616764367], [117.573574198883, 40.206502911325906], [117.56868376026179, 40.20721008223361], [117.57078018554256, 40.212107672595124], [117.57547198150515, 40.21500174049649], [117.57796860936884, 40.22039958814902], [117.57567307801595, 40.226003258744726], [117.57377644954971, 40.2265057915771], [117.57607249837773, 40.2267028789554], [117.57058294099498, 40.23021088597175], [117.56080472157717, 40.230827303092596], [117.55721365493828, 40.22913394825283], [117.55452122786997, 40.23153986544236], [117.55482069395995, 40.23373961772983], [117.55252714021253, 40.23404454177068], [117.54086263237257, 40.23107144701789], [117.51097141822555, 40.22845525765017], [117.50569231517966, 40.232271761022425], [117.49752396876318, 40.23459661342594], [117.4955314124599, 40.23380238152378], [117.49065004164622, 40.23661717078326], [117.48766186461198, 40.243026917192964], [117.48108514166725, 40.24224519234837], [117.47939128650481, 40.244550217545715], [117.47201608436735, 40.24807014441906], [117.46443918413908, 40.24968871268606], [117.45416682382388, 40.25451141700962], [117.44548549072721, 40.25442676257752], [117.44089304039873, 40.249532729127246], [117.43669927691501, 40.247937945454986], [117.42621134848106, 40.251348991926875], [117.4246123189156, 40.2497498466084], [117.42241377046763, 40.25025134023717], [117.41941448688827, 40.24515195456015], [117.42171308150311, 40.242450306896096], [117.42211230765822, 40.238349350633605], [117.41921357639758, 40.23795075343947], [117.4121138160087, 40.23165167602122], [117.40971363042398, 40.232552002169825], [117.40971394511492, 40.23485239783168], [117.40421220817444, 40.23665215584616], [117.40191073782229, 40.235751381127386], [117.39970858113816, 40.23144984233821], [117.3935023303203, 40.228546033089835], [117.37647719329452, 40.23493062806127], [117.36695710726866, 40.234017246340535], [117.36264662888475, 40.2310099887624], [117.35803525485684, 40.231002336975216], [117.35643165746956, 40.234600198655855], [117.35212062049797, 40.23629288516038], [117.35011633636609, 40.24429068149126], [117.34650695269444, 40.24758463799087], [117.3488146507392, 40.2578908566653], [117.34420288866923, 40.26468362661472], [117.34270061680853, 40.27888375163754], [117.33859066331345, 40.290778576983755], [117.32996552075535, 40.28576096178908], [117.3233469728002, 40.28644862221818], [117.32344683586517, 40.283348121864115], [117.3205384937956, 40.281342297886276], [117.30178977104278, 40.27961014495774], [117.30118884965431, 40.28331004626762], [117.29898403213967, 40.285407262538946], [117.30119003877742, 40.292212046308585], [117.29968734794565, 40.29821121360085], [117.29407561036727, 40.30320459513573], [117.28085177547977, 40.30979139284761], [117.2811530449775, 40.31569315026665], [117.27864956862331, 40.31899179480883], [117.27925114960972, 40.323993607559636], [117.27774925017076, 40.32669307405427], [117.2813557943388, 40.33389814821632], [117.27404547380941, 40.33699313195493], [117.26633680484737, 40.33728907635012], [117.26773859490437, 40.34039053561484], [117.26343500478137, 40.34298968966723], [117.26003430002967, 40.356392848359235], [117.26063503111992, 40.35889370492411], [117.25633270543948, 40.35999360561055], [117.25423254128991, 40.365395309108514], [117.25013173806197, 40.36769659177936], [117.24923205511233, 40.37109787275127], [117.24333223035941, 40.37190024497931], [117.2326362474148, 40.3703067960486], [117.23053796384339, 40.37250934567341], [117.23033870819238, 40.37701097676913], [117.23333713244658, 40.38020940175824], [117.23423751273353, 40.387010933638095], [117.24223499315751, 40.391207144850945], [117.24333535816778, 40.395408051424916], [117.24713516448024, 40.39570664293341], [117.24663568892012, 40.399708207387405], [117.24273644273475, 40.4028109339766], [117.24403700899724, 40.4085123720299], [117.24053904100386, 40.418517825754556], [117.24593857560016, 40.42131633260499], [117.24783899386739, 40.4242167931498], [117.2503392847621, 40.42411611863904], [117.25314052905135, 40.4282172581987], [117.25674214265219, 40.429417601155336], [117.26755185803145, 40.441424917006685], [117.27055528450282, 40.44282696948686], [117.25904578924936, 40.44732491759523], [117.25864615316495, 40.451826728447415], [117.2533439699198, 40.453527403892394], [117.24974353461182, 40.45672933039563], [117.24204400856746, 40.45853296754281], [117.23964545107498, 40.46453687322723], [117.2427449670744, 40.46673613143182], [117.24364531919443, 40.4704373190937], [117.23764713555964, 40.471641241070465], [117.23464892414621, 40.47424456650282], [117.23215089553607, 40.477748176638706], [117.2348499654134, 40.482848269104686], [117.22396015586399, 40.496364886025454], [117.21856600930202, 40.49607124970762], [117.21557001415454, 40.498176206960316], [117.2149713448565, 40.50227897837024], [117.22096489199225, 40.50827408505486], [117.21896729203766, 40.50917700721852], [117.21996672415223, 40.513577903776856], [117.225461312772, 40.5157725981008], [117.23665302883063, 40.512460918391405], [117.24595149540696, 40.51805864687484], [117.25085172838004, 40.516556526766884], [117.25355200555882, 40.51315447630284], [117.26205703135437, 40.51625663829976], [117.26936351011068, 40.51435841278321], [117.2705654346666, 40.51866117944049], [117.26155841907783, 40.52936312196213], [117.2584575193623, 40.53766692192509], [117.25385591367024, 40.54156891174735], [117.2572576562754, 40.54356993048899], [117.25595783095706, 40.54957308920729], [117.26636580254088, 40.554377767450404], [117.27627856119568, 40.56198763932964], [117.27998420942812, 40.56289116633294], [117.28579388962909, 40.561696179593554], [117.29290845289806, 40.56680739278202], [117.3040339822059, 40.56912458069992], [117.30613904717126, 40.56822741733472], [117.31837270823439, 40.57945477852617], [117.32448975796979, 40.57976623794255], [117.32549236593863, 40.578167206278316], [117.33160994463864, 40.57967967742316], [117.33652360349119, 40.577087596072495], [117.34123709582205, 40.57799709819458], [117.34966118408177, 40.583215812593444], [117.35527603592797, 40.5824254100626], [117.35688036800887, 40.5837289472878], [117.3596870170688, 40.58033176219121], [117.37261639165261, 40.577549951904764], [117.37381844900516, 40.57454987242168], [117.37612290262152, 40.57365236070745], [117.37612262601806, 40.57165123247297], [117.37862738165157, 40.571854421346714], [117.37932838081062, 40.5698541235855], [117.38213319812796, 40.56935698843256], [117.38443637620811, 40.56525708799732], [117.39424902720148, 40.562363505262276], [117.3965514929234, 40.563265351141965], [117.40025544255997, 40.568970242279946], [117.40735959860399, 40.57087300221648], [117.41036105580915, 40.57587588930315], [117.41836016965178, 40.57377291596206], [117.41995926753847, 40.57147091792083], [117.4219584596005, 40.57247044334897], [117.42825365450976, 40.57076504032581], [117.43674466474086, 40.577660142973855], [117.43654539193756, 40.580862217075236], [117.42995370416227, 40.582970479562654], [117.42735739887885, 40.59197796411013], [117.42855676587227, 40.59517884822055], [117.42136293865887, 40.60248822431223], [117.41946435921875, 40.60669169033656], [117.42596225891155, 40.61869513737857], [117.43145793215301, 40.624894221108185], [117.42706309282606, 40.63110204010901], [117.4266644420162, 40.638406995628316], [117.43046119616001, 40.64060513653363], [117.43495573022432, 40.63959979341908], [117.43515467258564, 40.63389592672644], [117.4389488368824, 40.63128958679809], [117.43705162383542, 40.630891758594906], [117.43814948940137, 40.6271880445817], [117.45491662909535, 40.62936205485313], [117.45431841904671, 40.63186480187487], [117.45820898016645, 40.63375817535234], [117.45930682993114, 40.63895918472491], [117.45830985706382, 40.64196321027616], [117.46070380030626, 40.644059469596094], [117.458210974414, 40.648167431276924], [117.46319783236696, 40.6507583085186], [117.45561820667058, 40.65307591411796], [117.46868224280595, 40.65464803127848], [117.47057624502476, 40.6536427306336], [117.46838278198132, 40.65194698323325], [117.47067546340696, 40.65024025725642], [117.47446352814138, 40.65173164301349], [117.47914704760753, 40.64611562651477], [117.48233591920369, 40.64580672932514], [117.48223566542843, 40.64140416304859], [117.48462653935903, 40.63679455969181], [117.49120242141349, 40.63637550429552], [117.4927962645894, 40.63496996296684], [117.49737926085494, 40.63765816740988], [117.50694232597303, 40.637629530391486], [117.50853726090173, 40.645930084956376], [117.51162555181897, 40.64802218413366], [117.50933533324515, 40.65453330793319], [117.51969564466674, 40.656703932878585], [117.52109090742076, 40.660902634838436], [117.5200950063556, 40.663207077829846], [117.50236528188942, 40.675668366726796], [117.4913078325309, 40.67860309287738], [117.48921585964256, 40.68051044724395], [117.47406800371739, 40.67474800576584], [117.46479707837467, 40.6782730424375], [117.46060879378157, 40.67818234176368], [117.46050921581377, 40.67928330872211], [117.44893700923843, 40.67820516337368], [117.44404767575028, 40.68521795651584], [117.43945527625259, 40.683223182519214], [117.4331645954106, 40.68693330589739], [117.41597678350934, 40.68894639315631], [117.40407408984169, 40.685444338426855], [117.39376563901286, 40.685840048898285], [117.38555407697376, 40.68052978100735], [117.37824185821928, 40.68162262122338], [117.36651654197016, 40.67550237463068], [117.3493730176508, 40.67517307501946], [117.34335544979028, 40.66855741924636], [117.34335494051646, 40.66485493921046], [117.32450061226116, 40.659315404394675], [117.29272095464101, 40.662365647834584], [117.28510669907583, 40.66595917760811], [117.28450615966766, 40.66986117239398], [117.27969840458385, 40.67165781504593], [117.27429147838959, 40.678158020662494], [117.26788455370858, 40.68265745966946], [117.24767302921386, 40.67825298658538], [117.24177393512878, 40.6811574349434], [117.23937516407445, 40.685261619542494], [117.2251851511079, 40.690977725147256], [117.22378685167176, 40.69348101938822], [117.21659504404296, 40.69369005432844], [117.21359935733027, 40.69649613547854], [117.20341464479063, 40.69581124468701], [117.20051977194684, 40.69781746299153], [117.19243413632972, 40.697431320276934], [117.19003882860454, 40.699136855915356], [117.18744325629903, 40.69563916365947], [117.18375023090597, 40.69494552927702], [117.17606586050881, 40.700663931012066], [117.17107551170953, 40.7012736692661], [117.16608440490262, 40.69788044831324], [117.15989558894748, 40.698391821480385], [117.1554034930075, 40.70060102933145], [117.14481905775004, 40.698816258165856], [117.13543041905807, 40.702531132797084], [117.12363864938058, 40.7018420713634], [117.11734141586649, 40.70985176212868], [117.10173586649405, 40.70725283935481], [117.0927259732382, 40.70374720761342], [117.08781888958534, 40.70424431530947], [117.08341089469313, 40.70163864484605], [117.07108375746168, 40.70312446086083], [117.06486676218117, 40.703114348398], [117.06145634722715, 40.70140694981299], [117.05102175315078, 40.70198574463819], [117.04258987611097, 40.699063601995526], [117.04238872850317, 40.696361204245356], [117.03756914225471, 40.693646898828696], [117.03425579730613, 40.6959396352233], [117.02531770822503, 40.697615775301465], [117.01929064073788, 40.69549669385857], [117.01235930410539, 40.69607639826697], [116.99447881549273, 40.7046285809492], [116.98614171650487, 40.704203950543416], [116.98332991798046, 40.70719809663288], [116.97569793159141, 40.70777763830999], [116.97128059697994, 40.71096844339483], [116.97318882125612, 40.715876848732286], [116.96957505231724, 40.719670396202076], [116.96224820844208, 40.723956027667], [116.96154594338638, 40.72585582063095], [116.9581340138152, 40.72554812064048], [116.9488050278103, 40.731233939629284], [116.94680048467022, 40.741137724564325], [116.93266630621211, 40.74622145146642], [116.92906015816588, 40.75342309645168], [116.9341709704061, 40.75783188888937], [116.9286615672364, 40.7701353839633], [116.92846140704377, 40.771736421566295], [116.93116686995675, 40.77424102427644], [116.91063923749749, 40.77863221502687], [116.90463560420721, 40.77803172588036], [116.90123497983971, 40.78173526004246], [116.8985345553371, 40.781636066417875], [116.89743495167573, 40.78513922620552], [116.89923509803882, 40.78533867657812], [116.90063500734732, 40.78293635940234], [116.90163548587559, 40.7849376355426], [116.90093623578119, 40.79204335369595], [116.90263745813597, 40.79814771249436], [116.89513691420146, 40.79965165315531], [116.89253785596547, 40.80345613831052], [116.88614075675169, 40.80586281281397], [116.8881402921881, 40.81026464079238], [116.88824092677126, 40.815568777546595], [116.88244499091799, 40.82007755383972], [116.88224546073799, 40.82257975538573], [116.87535173465854, 40.823187938234945], [116.86746162519054, 40.82670131882071], [116.86806122817764, 40.829802951637625], [116.86366807780131, 40.83551407900234], [116.85518182121307, 40.838129971704966], [116.85428368132335, 40.84073361746091], [116.84609822410783, 40.84034781098746], [116.84330382584277, 40.84335537102958], [116.83791417756467, 40.8440659634846], [116.83212516305478, 40.842675681225195], [116.82963016897207, 40.844181572065814], [116.82992985233612, 40.84618264073651], [116.82683625562048, 40.849791340538395], [116.8195499373489, 40.84990473490674], [116.8111637207358, 40.842213021650316], [116.80776988616435, 40.8467222534058], [116.80856938069137, 40.85272586069574], [116.802778919242, 40.857138529831495], [116.80267995410296, 40.863944267528126], [116.79688832212209, 40.8669550280995], [116.7951908982529, 40.8703601023694], [116.79199476716016, 40.871364983527826], [116.78580187674925, 40.87867803549355], [116.7786072475841, 40.88008580843972], [116.77560933581837, 40.88459178706627], [116.76681107591502, 40.8824947585881], [116.7645111839503, 40.883896687636], [116.76551228438936, 40.89180296134516], [116.75731048748918, 40.893005382021705], [116.74600312951188, 40.89830760326971], [116.73659193395342, 40.899403076294256], [116.73228586326366, 40.90290247119313], [116.72988252373224, 40.90790441961868], [116.72307042738902, 40.91180032168591], [116.71956325127448, 40.911896060554966], [116.71996468309321, 40.91640036227552], [116.72327232677102, 40.923310247597485], [116.72858300597845, 40.928920818836865], [116.7200667998254, 40.931012812239956], [116.71766196785057, 40.93341169450954], [116.71846409747764, 40.936415300747164], [116.71335254247242, 40.93560752821209], [116.70894232625211, 40.93810299996065], [116.70814096119882, 40.94280572643609], [116.69550903157801, 40.95239246021611], [116.69320421280078, 40.964498564098484], [116.68899265999246, 40.96679273814997], [116.68367832024543, 40.97338832484577], [116.6839797287751, 40.97759247032114], [116.68779129941804, 40.982704011890235], [116.69140170305367, 40.984111925331696], [116.68859425670591, 40.98790994026032], [116.68919780791612, 41.002123143179524], [116.69712076021509, 41.008843288254894], [116.69662009350075, 41.014246982893816], [116.70063111757813, 41.01575528260457], [116.70494325787499, 41.02246821688147], [116.70153511459938, 41.02806725677535], [116.7012352194248, 41.03497258216233], [116.697425528149, 41.03916949816961], [116.69842868053465, 41.04247405192489], [116.69552123298554, 41.046272090512915], [116.68709717564596, 41.04345419632406], [116.68288521204808, 41.04444705811364], [116.67937554813712, 41.04804338690119], [116.67125221315287, 41.048328124797756], [116.66302970720858, 41.05291664368798], [116.65992188348977, 41.057915222864914], [116.65340518684373, 41.06100650009447], [116.6468890690068, 41.05989505246845], [116.64358177771027, 41.06229209103825], [116.63686758803946, 41.062382965257356], [116.63075548235624, 41.05627063035529], [116.62164160745535, 41.05466088047536], [116.62384401286496, 41.05055918783622], [116.62033883413311, 41.0455522684267], [116.619537019146, 41.0387459772336], [116.62784758570524, 41.03194713869237], [116.6267449031275, 41.02433964208266], [116.62894814492792, 41.022440196291534], [116.6278457235079, 41.01733476714059], [116.62454048225402, 41.01512984721914], [116.62063396276952, 41.004417668150424], [116.62043341411935, 41.00201548511554], [116.62313652932076, 40.99931524742513], [116.62043122618547, 40.98480085445444], [116.60771929830794, 40.97718860897239], [116.6041177374284, 40.976187352900524], [116.59391819749857, 40.97869143357584], [116.575636079934, 40.99281861368088], [116.56814873047163, 40.99523111397179], [116.564954353274, 40.990432204867886], [116.56116228706647, 40.98893760317738], [116.55318191186493, 40.98965403191978], [116.54879424803808, 40.99186556975447], [116.54161557381099, 40.99028134081186], [116.53423894257088, 40.98399507411684], [116.5300532713319, 40.982605284825894], [116.52566906244263, 40.98321810519338], [116.52507075061887, 40.97941657629522], [116.52238031461198, 40.97682209938138], [116.4996677980585, 40.979592017392896], [116.49179859487731, 40.984219206302825], [116.48173532544513, 40.98014434617545], [116.47037517269325, 40.9862793981891], [116.46249922665501, 40.9830953172582], [116.46229928438443, 40.979092361228034], [116.4599059145449, 40.97689574711258], [116.45791073644315, 40.97119513052554], [116.45960537039815, 40.96638746122412], [116.45381953493063, 40.9555901028034], [116.46109909310233, 40.95127138576234], [116.4616968129799, 40.9471665868123], [116.46797660793577, 40.938945077371315], [116.4678762898132, 40.93414125519917], [116.47345793331127, 40.93302641718708], [116.47465307816705, 40.92681808841117], [116.47983437166238, 40.921399747612234], [116.48381777301886, 40.90407420241335], [116.48032949182036, 40.897678483354035], [116.47056288864064, 40.898004275092916], [116.46747326086629, 40.901614845450965], [116.45730335437621, 40.903038777484504], [116.45480981388216, 40.90164264189224], [116.44293721937998, 40.901162936783], [116.43724830193509, 40.90517416756996], [116.42626345411595, 40.90438471112502], [116.41996870589128, 40.90158635535205], [116.41147344649097, 40.907393775186485], [116.40487375204864, 40.90779388729834], [116.40267400579734, 40.913097846381085], [116.39907294019719, 40.914898110782566], [116.391569272246, 40.924101558133444], [116.39036905312054, 40.93030589942851], [116.38726629849407, 40.93230502895498], [116.38626593374511, 40.93760861108956], [116.38276234733793, 40.94150847694992], [116.37665446621962, 40.94550488775449], [116.37144607422309, 40.9449976042516], [116.34810189817243, 40.966577428952654], [116.34439480776362, 40.97667911778464], [116.34469601228398, 40.98058299890409], [116.33988566915941, 40.9862787509991], [116.30460890466051, 40.98831631099599], [116.29429251121365, 40.99540724994137], [116.2924901731553, 40.9977068494053], [116.29399299129136, 41.002512886341876], [116.29149064419629, 41.01211781393462], [116.28728596402587, 41.018318065081395], [116.28117988604518, 41.02261541283354], [116.27987894669965, 41.024615922603815], [116.28038009189892, 41.02992085870825], [116.27787837517822, 41.033221490059304], [116.27357549973296, 41.03421912650916], [116.27097484648682, 41.039822235110535], [116.27307651430284, 41.0442272379177], [116.27978166777146, 41.04613400121993], [116.28128352452437, 41.0497383999147], [116.29039530225788, 41.05925623412983], [116.30241484977006, 41.064176989158085], [116.29780798880789, 41.07177651797543], [116.29099821674322, 41.07527035489834], [116.29009750800489, 41.07917249861875], [116.28389065953078, 41.084069632057954], [116.2852933088989, 41.09247805333278], [116.27658589140827, 41.09837488720064], [116.27568595173305, 41.10377864603926], [116.25158521576827, 41.11598134106192], [116.24439113080324, 41.12258876708344], [116.2394973672431, 41.1325993529795], [116.25009001143101, 41.14620598043404], [116.25209144463192, 41.165420842127766], [116.24879386171642, 41.169324537967505], [116.23730495535467, 41.1706309370162], [116.23331056695295, 41.172935715719646], [116.22791979938846, 41.17974588817867], [116.2272217661113, 41.185751226096826], [116.22991821947716, 41.192353666551064], [116.24200433045196, 41.2058551887422], [116.24200512070115, 41.211859697242815], [116.21984198504994, 41.23519661936974], [116.21016523077111, 41.25122141652951], [116.199495757511, 41.27985850492877], [116.19800110817117, 41.29016805343859], [116.19969724479945, 41.294968364242614], [116.20508367130594, 41.29706086295672], [116.20588268250893, 41.30456454664634], [116.21546094663121, 41.30905333133577], [116.21336659887513, 41.316761223841155], [116.2164606988183, 41.323361185600206], [116.21985400060719, 41.32585839741308], [116.20957685764151, 41.328073952766], [116.20828070483768, 41.33367943187169], [116.20478950152919, 41.335185853648234], [116.20389226125835, 41.33888959506229], [116.1974098080396, 41.34330320517925], [116.18963143308021, 41.34451781988115], [116.18903383344204, 41.34982213028911], [116.18115754793996, 41.35834184655852], [116.14805152386613, 41.375510346098004], [116.09952075277621, 41.377546707109246], [116.09402090999771, 41.379045545272305], [116.08361703427656, 41.387042515846176], [116.07600973791304, 41.389535355960994], [116.05457156978808, 41.39209977654466], [116.04534884606932, 41.39678126029039], [116.03823011715079, 41.4084695226485], [116.03662668201423, 41.418670605564685], [116.03201316469571, 41.4243609941028], [116.02930484369992, 41.42685469924253], [116.01726488974792, 41.42972113525788], [116.01084326661527, 41.43490442227882], [116.00833540505852, 41.4418002033586], [116.00923890753829, 41.444304144315424], [116.00643067667257, 41.45640134934986], [115.9958952560117, 41.46637414571816], [115.98606239473531, 41.468746399753734], [115.98295283809013, 41.47283939780894], [115.98385645383458, 41.478144262801266], [115.98837247144253, 41.48706100265802], [115.98707049173294, 41.50466444425534], [115.98175521335052, 41.51955513803614], [115.98015175236628, 41.5316551471765], [115.96501065986193, 41.55232337011781], [115.94857532857381, 41.56419297721397], [115.9406629256788, 41.568081354909715], [115.93095217642443, 41.57046993495361], [115.93015232622282, 41.576670985472695], [115.936259307405, 41.58378001781634], [115.9349583659347, 41.58777953762193], [115.93265619053041, 41.58917724704748], [115.93546026770883, 41.59798295727967], [115.9161557911841, 41.64477838964171], [115.92655964584856, 41.651286057237016], [115.94247750036352, 41.65820639634473], [115.9626206412874, 41.67374794364622], [115.97916873833321, 41.68209106570276], [116.02081599196028, 41.71751895620875], [116.04168328576395, 41.72437745438491], [116.06283644163808, 41.735925237011195], [116.07145273055521, 41.74654047904886], [116.0744577415988, 41.752245201141974], [116.0756603724887, 41.76004736104552], [116.08757377855049, 41.7786608935355], [116.10527439808436, 41.778767718152935], [116.11436904905631, 41.78886629742047], [116.11916378186389, 41.789763967828726], [116.13004888720346, 41.801855677553675], [116.12675501352783, 41.80545884155303], [116.13573900623635, 41.80884963476132], [116.13623842007672, 41.81194909287822], [116.13424312483997, 41.816951480822254], [116.12296407441872, 41.828562142347174], [116.11467487810675, 41.832766892230445], [116.11257724678747, 41.835367642950644], [116.1126776601662, 41.838967582843544], [116.11747388871632, 41.84746544196559], [116.11327877300351, 41.8508672102296], [116.11427810346107, 41.85296679793469], [116.12965827054508, 41.864055848269366], [116.14123524943417, 41.86614226604327], [116.16327827911859, 41.86380718620049], [116.16966048181561, 41.866995471646845], [116.17175504596106, 41.87159143337542], [116.1775381020844, 41.87108063172483], [116.18461659576346, 41.86466758469873], [116.19957464006873, 41.86394074417541], [116.20565922393698, 41.86643063563864], [116.20526047351628, 41.86823121387295], [116.21124655768442, 41.87292185864445], [116.210648782657, 41.87892250857721], [116.21903121580534, 41.886110649267145], [116.21414275749021, 41.89361679838855], [116.22112896322842, 41.900607315447466], [116.21773703021287, 41.90891108367869], [116.22202848576657, 41.91000568768901], [116.22701992181744, 41.9143998987595], [116.22692085791036, 41.919999628477896], [116.22871816800075, 41.92259765075373], [116.23630734770893, 41.925591026790606], [116.23620807691289, 41.929990778181654], [116.23161486235308, 41.932094286103435], [116.23041704695109, 41.93449517774981], [116.23401191921283, 41.936291963294046], [116.23571013777351, 41.940290350034054], [116.23970564818305, 41.94348743475647], [116.2671950522136, 41.952684408137365], [116.27580006399269, 41.95818901532997], [116.29051591821919, 41.96150329424007], [116.30133373028512, 41.967217599732166], [116.30474034891137, 41.97022259251536], [116.31285968910696, 41.99353382391212], [116.3166686168712, 41.99933995480465], [116.32318378755897, 42.00395141455936], [116.33360863418773, 42.00787078845376], [116.35465726798306, 42.007510107363345], [116.36608122472893, 42.011028625820565], [116.38020480859645, 42.01214748191533], [116.40022133699136, 41.99856437692223], [116.4156207531965, 41.99626539526453], [116.42081658506923, 41.9891640121449], [116.41771655603974, 41.97406689216054], [116.40671764628839, 41.96126958526588], [116.3932110041131, 41.95466490668377], [116.39261000989468, 41.95096481767154], [116.39961362746503, 41.94526913441531], [116.40881514693916, 41.94347122885476], [116.41991095884786, 41.94416858545823], [116.43399472862228, 41.9411575756355], [116.44746936426812, 41.94363846972739], [116.46033663837788, 41.94821324345435], [116.47130328830796, 41.954587025629785], [116.47887814533063, 41.962066652649774], [116.48346281736, 41.97165320386873], [116.48904277661546, 41.97803677495713], [116.50269021838436, 41.981796119408116], [116.51245150912031, 41.979467058093746], [116.51703327518017, 41.97625374339666], [116.54283633666127, 41.93818609962517], [116.55350441164502, 41.932162065968306], [116.56607463248935, 41.930438461990796], [116.58564676061452, 41.9327142677127], [116.59514205339754, 41.936808417478204], [116.60314204392175, 41.9375068396627], [116.6448982264053, 41.932040972358415], [116.64800571454597, 41.93304565488062], [116.6566291879495, 41.94455903662516], [116.66806152665315, 41.94947937878467], [116.6753828385923, 41.95029320549733], [116.68460949805358, 41.94781104699186], [116.69644344599419, 41.94853289499601], [116.70085525693132, 41.946440806777524], [116.70005383379811, 41.95193896246627], [116.73102433450877, 41.9545814984952], [116.73382873410661, 41.95318412978227], [116.74204265572114, 41.97148827648816], [116.74865060383128, 41.97929042418745], [116.74885123342143, 41.98259016509502], [116.75495611591862, 41.986090996718524], [116.77285930510476, 41.992385726362535], [116.79364206643703, 41.982267172875005], [116.80742227372556, 41.97994754528015], [116.82030018608062, 41.9839251669258], [116.82399362309039, 41.987118142987214], [116.8273875610712, 41.990711520659914], [116.83118170746015, 42.002103277982414], [116.83826852671463, 42.0073894430141], [116.84984637679088, 42.00636831637891], [116.8593292893918, 42.00125262355211], [116.87430909201984, 42.00483039961704], [116.88580128358812, 42.020316347470434], [116.88410391541356, 42.031716637385564], [116.88600485689189, 42.04751312116275], [116.8973058899126, 42.07990188056302], [116.89680788101685, 42.094500394912075], [116.89081143718064, 42.112401783540186], [116.88351673605423, 42.12290664528127], [116.87122921985556, 42.12602059536767], [116.86853383038495, 42.134423375423815], [116.86543862914085, 42.13812747910622], [116.8564555133009, 42.158239592214855], [116.83140265680089, 42.157585229281025], [116.79567003936906, 42.202240319919646], [116.80146248965937, 42.20453202419882], [116.80984918012027, 42.20361903672192], [116.82302473718617, 42.199396455795764], [116.86444843244001, 42.19912255456248], [116.88372649302549, 42.19539864889325], [116.89792166137299, 42.1954887988973], [116.90962563859523, 42.192787094354784], [116.91893540582306, 42.19658942952951], [116.9236438611403, 42.20959104280722], [116.92474866415724, 42.23178990811116], [116.91754094308979, 42.2495842023145], [116.91644208433371, 42.26718252462884], [116.90373707624198, 42.29947939000369], [116.90064022784394, 42.328679058505195], [116.89634104943087, 42.33678054860708], [116.89124455046189, 42.35518324113553], [116.89304588105901, 42.36848203348971], [116.90594990470221, 42.385777677340464], [116.89994850996109, 42.38967897345428], [116.91085407230946, 42.39317795392708], [116.91806133365151, 42.39328009977883], [116.91886262394789, 42.395380526383406], [116.91595940527377, 42.396979316698896], [116.9190635019838, 42.39988073446679], [116.92066628930426, 42.40458172849526], [116.92467223568872, 42.40398437508032], [116.93389018440284, 42.40679330610758], [116.93549427069286, 42.41049534800363], [116.93900252885298, 42.40989991582943], [116.94070724024276, 42.4128024349714], [116.9454200068768, 42.41280974922796], [116.95033524029922, 42.41731850057005], [116.9564551088351, 42.41683045585872], [116.96277813237164, 42.42064437897847], [116.96217606600828, 42.42174305712663], [116.97050827210515, 42.42276303280263], [116.97111114683995, 42.425964697565], [116.97332019200636, 42.4262703657975], [116.97362188395644, 42.42947130124696], [116.97663433639126, 42.42857918996155], [116.98014967098914, 42.43068881659971], [116.9791451107275, 42.42908598836976], [116.98105336991993, 42.42909122822673], [116.98075190348723, 42.427990342138436], [116.98256007440456, 42.429895456914245], [116.98476966287501, 42.428601614288745], [116.98607574770178, 42.43040542056662], [116.98858706368806, 42.43041264598204], [116.99622174205572, 42.42753497883092], [117.00214968193112, 42.429052857614884], [117.00235039733751, 42.427453386711925], [117.00355638074267, 42.42965713748799], [117.00717340850878, 42.42966808357228], [117.00596793157906, 42.431064504063485], [117.00817844032304, 42.431771230846216], [117.00817889940916, 42.43497139961355], [117.01330297491653, 42.43498687074477], [117.01179602266889, 42.43578237403662], [117.01591653669593, 42.44439525377958], [117.0143100098676, 42.45119087505906], [117.01963499752316, 42.45280686378643], [117.0234533450239, 42.45861848402623], [117.03269470688973, 42.46004481290363], [117.03781638232216, 42.45895854680096], [117.04293761548514, 42.46077185987553], [117.0446441727421, 42.45927598326108], [117.05347720440649, 42.458396432904486], [117.05367760997372, 42.4562967174317], [117.05939736737649, 42.45780868410284], [117.06010002375587, 42.46031024378131], [117.0622065324833, 42.45891415262613], [117.06521593004975, 42.46031969447625], [117.06962842492995, 42.45962696792887], [117.06802421831169, 42.461324522785205], [117.06892699422099, 42.463026113211065], [117.07193486094457, 42.46153062389162], [117.07333878528476, 42.46373282294665], [117.08616616246209, 42.46254735072521], [117.08486416853737, 42.46494638281723], [117.09057392855193, 42.46645100340343], [117.0870686038474, 42.468448574316184], [117.09077479112425, 42.47025144561634], [117.09187667160978, 42.472152296193016], [117.09017434814959, 42.47335130851082], [117.09878676187525, 42.483956448428614], [117.10238984087754, 42.48315713939295], [117.10229023865116, 42.48635743197256], [117.1123947552751, 42.48375634914338], [117.11139414898419, 42.48115638310109], [117.11459475434897, 42.48185541270439], [117.11679424313657, 42.47835413447094], [117.11839417131779, 42.47895336954189], [117.12139307884127, 42.47615130910644], [117.12189309815768, 42.47735108009754], [117.12459193890636, 42.47684905821605], [117.12649063999896, 42.474747318689055], [117.12739031809251, 42.476146659344366], [117.12908900034627, 42.47474497981568], [117.13378549029062, 42.47654031634155], [117.1349842907487, 42.476038923811444], [117.13308590897486, 42.475140957893515], [117.13458431606337, 42.473639168810166], [117.13708199305843, 42.4748363495356], [117.13708166609555, 42.47263615948406], [117.13917946599501, 42.47333361604667], [117.14257508086385, 42.471428968160545], [117.14746873041123, 42.47352213877355], [117.15755255908431, 42.47300594173502], [117.16014750472371, 42.469701202049706], [117.16194441010089, 42.470698138769905], [117.17551821708834, 42.46947320693408], [117.18110737439089, 42.471162876957635], [117.18280349246223, 42.467659413406], [117.19498036225477, 42.47053737976347], [117.19737574244209, 42.469133057204175], [117.20196773280654, 42.47012531536395], [117.20446387521268, 42.47272143267073], [117.20765857329974, 42.4720162966672], [117.20705917534909, 42.469617030746996], [117.20915611408826, 42.4712139225764], [117.21055381073987, 42.47001171409592], [117.21065388099328, 42.471511691346976], [117.21494795660628, 42.47300564404952], [117.21574734876741, 42.47620482526161], [117.22233954756456, 42.47769655784423], [117.2385271639815, 42.476681514692814], [117.24332548680624, 42.474478613720045], [117.2473255258943, 42.476677194297835], [117.25122581617418, 42.475376079460716], [117.25262636273811, 42.47667597526139], [117.2572281633969, 42.476275740921956], [117.25672807108134, 42.47737582188468], [117.25822894157874, 42.47787594698835], [117.25892904478377, 42.47577582609254], [117.26203141999909, 42.47757650423243], [117.2655342310556, 42.47657743435782], [117.27104036948538, 42.47848012841748], [117.27194190715686, 42.481480922802135], [117.27664845260888, 42.482784224914475], [117.27815053480998, 42.48168530064022], [117.28255805111259, 42.484089429573494], [117.28626441677329, 42.481993008479165], [117.28866915278219, 42.48269575676842], [117.29137437427227, 42.480898816132516], [117.29357921268534, 42.48200170671282], [117.3018979188462, 42.47881311069217], [117.30199786857868, 42.47681308200316], [117.30330123977802, 42.47791517171823], [117.30470445571318, 42.47591718015017], [117.30861444613473, 42.475423449464714], [117.30961677908769, 42.47332493423566], [117.31623495789384, 42.474536484493434], [117.3194437727141, 42.47314214741251], [117.31904245827107, 42.47194131446714], [117.32205105134196, 42.47204684351114], [117.32185031263978, 42.47094637923937], [117.32786778322969, 42.47115767604519], [117.328870464401, 42.469459437547776], [117.33147814268104, 42.46966442466636], [117.3312773155367, 42.4680639094437], [117.3331828999116, 42.46796754532721], [117.33699351462798, 42.46407453108874], [117.33940074104075, 42.465279226475715], [117.34000216983036, 42.46308020108822], [117.34632064876283, 42.46459224922976], [117.34732330955119, 42.463294013781756], [117.3568494370978, 42.46251109173477], [117.36206315168852, 42.464019984827885], [117.36968116524098, 42.462531658974534], [117.37399079673479, 42.46403780051633], [117.37769809748721, 42.462742459269606], [117.38320833862312, 42.46414884984934], [117.38390930286249, 42.46274946800203], [117.39772760215651, 42.464360263408096], [117.40393299346755, 42.46896297390698], [117.41203582818332, 42.469863632957576], [117.42043496139014, 42.4737615064377], [117.41873703438841, 42.48316311090154], [117.4200375537978, 42.489763189733445], [117.42433634793798, 42.49726155775681], [117.42433715117508, 42.5025621344151], [117.42153952054466, 42.50726432777792], [117.42333961867446, 42.514564162296644], [117.42044197876346, 42.52006642618078], [117.41454379482118, 42.52226876108984], [117.39403212695406, 42.51966376329671], [117.39943795474636, 42.52276710250851], [117.40184044046207, 42.52696857506814], [117.40184119909618, 42.53196924427262], [117.4042432730527, 42.53567043808185], [117.40344324685357, 42.53857064372635], [117.41454742380745, 42.54617205581994], [117.4199463334198, 42.5473704130453], [117.42554371070321, 42.55146775735943], [117.42944036852639, 42.551964721467115], [117.44012710627864, 42.558053674069996], [117.44212431147713, 42.562151537432825], [117.4415256646016, 42.56415271668449], [117.4500101059622, 42.57234058546578], [117.45170704834607, 42.57753843307947], [117.45140805645092, 42.57963934590693], [117.44592025553924, 42.58244921827627], [117.44222800405566, 42.58765577384174], [117.4628801046695, 42.59161822984258], [117.46587178840807, 42.594912026012246], [117.46716850915224, 42.5993098182459], [117.47065788473309, 42.60160181790972], [117.48092338847898, 42.604675692094084], [117.4918823179933, 42.60294440049554], [117.4972608524985, 42.59942791466974], [117.5152890559459, 42.599774053424866], [117.52305880792682, 42.601951658212805], [117.51837667143069, 42.598764719198265], [117.51997004103168, 42.596359578081575], [117.53740392632642, 42.592310112304226], [117.53491299161686, 42.59341691444124], [117.54109182712376, 42.59720155249295], [117.54378391067509, 42.60499637013105], [117.54657516463745, 42.60749014566878], [117.55764286341046, 42.611766837030316], [117.56472418136303, 42.60745282472826], [117.60687437397847, 42.60491827051943], [117.61747655152575, 42.59431995825421], [117.65082251732261, 42.59175772859014], [117.6739729138959, 42.58449801324293], [117.686703273768, 42.58792294610158], [117.6942198376329, 42.58493638530111], [117.7140596568568, 42.59007024045213], [117.73098381673896, 42.59969266105008], [117.73608829111842, 42.600197219969814], [117.78666335595886, 42.620694161565375], [117.79963645534116, 42.62107820678323], [117.8082143559403, 42.614763916716846], [117.8004322093988, 42.6049738047679], [117.79903479901613, 42.600474906696164], [117.80432020244743, 42.58736471101477], [117.80940641211738, 42.58205572480981], [117.81548933632143, 42.577844744644096], [117.82256899573919, 42.576331893546296], [117.82835151185232, 42.572820642385835], [117.85616633556943, 42.548565885600304], [117.87052674565334, 42.53074109473507], [117.88269802291234, 42.510023885927914], [117.92066139831906, 42.481411288298766], [117.94658494298008, 42.46473937768371], [117.96111298420853, 42.44696666826726], [117.97204105643154, 42.43859234678439], [118.00424419788936, 42.418783403273395], [118.01799054914399, 42.407024435178556], [118.02611659385967, 42.39734798892639], [118.03113134862365, 42.386961993948155], [118.03092960766938, 42.37946133236972], [118.02801938853494, 42.373753080427086], [118.01938941898968, 42.36632794480313], [118.01587645926985, 42.360417483292494], [118.01557370899135, 42.348716672936156], [118.0229971596724, 42.33543890299604], [118.03593668234252, 42.32117570642791], [118.04506196772188, 42.31399942382213], [118.06200067780254, 42.306736541421316], [118.06680850307211, 42.30054537219315], [118.0592925025707, 42.28823218963896], [118.04696179571597, 42.27810572981311], [118.03001057931387, 42.269261897536595], [118.01305282459576, 42.26511246276483], [117.98515520641008, 42.254530009070145], [117.97763071492454, 42.25000947606399], [117.97532288272966, 42.24410376428837], [117.97732813465926, 42.23840954762346], [117.98404837728148, 42.2319286078045], [118.00251053874698, 42.2278833519681], [118.02277948986529, 42.21884498340445], [118.04033221778643, 42.2012952219383], [118.05937884604072, 42.194039598908226], [118.09591638073582, 42.18618494662737], [118.10231460807722, 42.18328699852941], [118.1131055489643, 42.174286814699265], [118.11600132931608, 42.16738639717234], [118.11300306026762, 42.15668870927474], [118.09640739575975, 42.12529171036012], [118.09570654727275, 42.11939209524595], [118.09850522130041, 42.112093953577876], [118.10460235914194, 42.10739550915068], [118.14324039929531, 42.09676830389972], [118.15680329297206, 42.08894815642771], [118.16188780924038, 42.083439994567875], [118.16058953981596, 42.0692439196012], [118.15590254424266, 42.066352285564584], [118.14553054235967, 42.06816835822124], [118.14752442143741, 42.06106623145176], [118.14672590400234, 42.05716786856309], [118.12197577978728, 42.048196486757426], [118.12157573187922, 42.04379725725609], [118.12327251583748, 42.03949654030031], [118.13205623740441, 42.03518911352619], [118.14861757108687, 42.033567684561035], [118.19567829491804, 42.03268360769611], [118.21073771026273, 42.03705847856366], [118.22111487085033, 42.04784322262186], [118.22670529020616, 42.06073544528371], [118.2245108587002, 42.06943680695137], [118.21952249444702, 42.07684186358307], [118.21912429592801, 42.08324162566458], [118.23309839798921, 42.09242578230254], [118.24578182128485, 42.09491777387539], [118.25897255900225, 42.093116264157985], [118.2680708342298, 42.08791951233142], [118.26877128739852, 42.09041955375694], [118.27787420488039, 42.086425939109056], [118.27787328281589, 42.079926692816606], [118.28597856741315, 42.072135273048275], [118.28587801661675, 42.06893553481245], [118.29028224993735, 42.065940918428346], [118.29939400627654, 42.063753362668116], [118.30420054125712, 42.05666146303672], [118.30299821634546, 42.05405988827048], [118.30379907418816, 42.05096148546797], [118.2935829568894, 42.04264773177545], [118.29488408646607, 42.03864990285881], [118.28947677636302, 42.03374360971485], [118.2739640713094, 42.02892959328327], [118.24657136736332, 42.026825255426544], [118.24407371671015, 42.02502643898729], [118.24766950077975, 42.02102552683116], [118.26276026151902, 42.01282606490005], [118.26765998700672, 42.0116279292192], [118.28576988652263, 42.01224176060686], [118.29377846529992, 42.0091516519887], [118.29868526340316, 42.009458376126055], [118.30188970626301, 42.00646343428622], [118.30218942846065, 42.00116444114915], [118.30719695126771, 41.99567291904056], [118.3109031808256, 41.99307936724876], [118.32042115539907, 41.990296553054854], [118.31971910343621, 41.985795709623254], [118.31530995644692, 41.98248807926952], [118.31250377034125, 41.97638374482357], [118.31260252424701, 41.966284849070355], [118.31610875207936, 41.96309130423892], [118.30999616771378, 41.955181367547965], [118.30608905223905, 41.953275082834324], [118.30759109818251, 41.949477842798196], [118.312699861351, 41.94618674086969], [118.31299989970496, 41.94248755770882], [118.29376811458206, 41.93595837936133], [118.27535106291316, 41.9323397025749], [118.27394918166856, 41.92343935479778], [118.27134811411824, 41.92233779681693], [118.2775507465411, 41.92174212786581], [118.27644983380813, 41.91964140788406], [118.2863568297898, 41.91565088083516], [118.28815836086692, 41.913453036497735], [118.29556710357953, 41.911962433081584], [118.29746955741251, 41.910665147959165], [118.29676824611697, 41.908364303839434], [118.30027328172739, 41.90786936889355], [118.31078942614653, 41.89728674924046], [118.31920491810381, 41.8929018451249], [118.3310279221782, 41.88242451657396], [118.34124934830126, 41.88004416234853], [118.34676014688465, 41.874754733681186], [118.34505585131515, 41.86945173324112], [118.34144771044451, 41.86554504345054], [118.34395161016064, 41.85585002579784], [118.3418460140369, 41.847646196241016], [118.33833790387163, 41.842939575280724], [118.32631109684498, 41.833716670836566], [118.32210157437197, 41.827808785205605], [118.31719027154337, 41.81729972773606], [118.31438306458959, 41.80459450517634], [118.3097729631916, 41.79338623635461], [118.29875235882494, 41.775068138497055], [118.2887385813375, 41.76805463789797], [118.27722848683663, 41.76434310434967], [118.266325448744, 41.766536745429875], [118.25343056396026, 41.77613529964174], [118.24933426455296, 41.78123623618387], [118.24733687265378, 41.78723706245067], [118.24683926518229, 41.80093769303371], [118.24244521002704, 41.80973973876946], [118.23705288715584, 41.81394303306522], [118.22557303031302, 41.81755329152375], [118.20332571439344, 41.81568400820988], [118.18507905321975, 41.81711633465046], [118.1725172186014, 41.81553983443891], [118.16264593827425, 41.8092577659385], [118.15815820543764, 41.80416549450571], [118.14708569985054, 41.786282726485595], [118.13740282872548, 41.74459327029881], [118.13959659483244, 41.73558968307705], [118.14219003100031, 41.732185901080584], [118.15545440343146, 41.724564848556895], [118.15894404507482, 41.72115854448486], [118.16183477889815, 41.71485275514884], [118.16163285061272, 41.697250801566305], [118.16033607273701, 41.693452531135506], [118.16701455326397, 41.68053858768219], [118.16591750131566, 41.67824020774412], [118.17558750846143, 41.67302143062731], [118.19393129564389, 41.66698641913892], [118.20260592947321, 41.66177052138449], [118.21337674919093, 41.65285219693437], [118.22035947354195, 41.644241172479234], [118.22165541947658, 41.63513764476453], [118.21636502975974, 41.61984083059506], [118.21646382066837, 41.61283897715453], [118.22184979352798, 41.59782824895947], [118.22773714700605, 41.591119929849924], [118.23692097222607, 41.58431014087944], [118.2499056487056, 41.57930267354277], [118.27720221513695, 41.57560951452464], [118.28800976668555, 41.56661723955045], [118.30022546616547, 41.56643328120401], [118.30803895305286, 41.571847211211185], [118.31324826706688, 41.57105581405084], [118.31525161346114, 41.567858346817374], [118.31865835537934, 41.568664717336674], [118.3197598471189, 41.56366515802592], [118.30933887948856, 41.55484396936547], [118.30943819500827, 41.54864206527428], [118.30993839398958, 41.54364119792504], [118.31454537390286, 41.53264526863494], [118.3223590019121, 41.519954756117656], [118.3222580599754, 41.51465254437551], [118.30762795827147, 41.49772003720637], [118.30181693450389, 41.48720646924864], [118.27818999617436, 41.48297648778214], [118.27598848010189, 41.48097389426451], [118.27618810030172, 41.47747252231283], [118.27848885763622, 41.473372547260986], [118.29190079603754, 41.469985159953715], [118.30662135935688, 41.462503132170355], [118.33357307500977, 41.4529475523173], [118.34960451194308, 41.43817071571348], [118.35521449514926, 41.43047694572147], [118.35481215833558, 41.419270539215056], [118.35050186993735, 41.40625600353485], [118.35100249448004, 41.40355546623141], [118.35240482980595, 41.40035626765019], [118.36542784491436, 41.394474949706016], [118.36833175969582, 41.38887625366286], [118.36482539976714, 41.38416828721501], [118.35480612596596, 41.37604699232218], [118.35560332702917, 41.34492997198011], [118.35760630122414, 41.339129866587214], [118.37182804206003, 41.324342773017264], [118.39094671188815, 41.31255595602782], [118.39544890190338, 41.31155830177216], [118.4061503854366, 41.31326322247506], [118.41174893488214, 41.31636527373289], [118.41554723154701, 41.32066727929946], [118.41894633240905, 41.334074529083836], [118.436821553832, 41.3408637432985], [118.47969328808733, 41.347779986678724], [118.50718036353653, 41.34780004592528], [118.5255056908726, 41.35585084754402], [118.53427184852575, 41.357027272859156], [118.54592988490879, 41.352795218387506], [118.55739468493155, 41.35277020089154], [118.57475461946837, 41.356043710329814], [118.58603757312245, 41.35583195159888], [118.6040257458417, 41.350722135093186], [118.63595089047072, 41.34824205624461], [118.66912142531059, 41.35299900371601], [118.68315641238586, 41.35232535880892], [118.70139868318151, 41.33995113142364], [118.7227395059501, 41.332277854860926], [118.74816561011939, 41.326093813177245], [118.76126773425426, 41.32739571793521], [118.76966501535877, 41.33089521584198], [118.77286385721352, 41.337897870611734], [118.77626341695, 41.355006074726354], [118.80172797219039, 41.360881045590126], [118.8266748876083, 41.37034414813308], [118.82657528639784, 41.37154502861733], [118.82268458928597, 41.37255276522831], [118.8229840380798, 41.373652853447574], [118.83705033222917, 41.372425951163315], [118.84313626194911, 41.37541634562402], [118.8498209247338, 41.37640477764509], [118.85221545457104, 41.375700148641535], [118.85361180529387, 41.37149529895221], [118.84672547179105, 41.35749929267397], [118.85101393372521, 41.344383687800416], [118.87446439123464, 41.31452873918903], [118.88365100882277, 41.30791425841509], [118.89673939335118, 41.30250138301874], [118.94077429882569, 41.30642600995471], [118.94789086065273, 41.31013991253328], [118.95150091427644, 41.316750787720764], [118.95561257147624, 41.319860890967426], [118.95992513406199, 41.31916959944316], [118.97055870781585, 41.311389716024365], [118.98089587675499, 41.308515237927125], [119.0173431448465, 41.30862322289988], [119.04153416728418, 41.300885676721045], [119.05186761645194, 41.29930927052442], [119.06861156652576, 41.2978404670167], [119.08574106716172, 41.298462042868515], [119.09965179387116, 41.29586795833935], [119.13323347529105, 41.300555499302504], [119.15110150474831, 41.29872999486237], [119.16137891061416, 41.29981345015736], [119.18122968324892, 41.29487356120068], [119.2070673504378, 41.284321016276905], [119.21345474554037, 41.28641292352011], [119.21704874016523, 41.29141138831271], [119.21715079323072, 41.3076220284807], [119.21844883225397, 41.31012197658208], [119.2305310488444, 41.314611571911044], [119.24571706732402, 41.316502941908254], [119.24751395104269, 41.30089211436487], [119.25301101538138, 41.29408645091717], [119.2557093920086, 41.28548050549499], [119.2534084987296, 41.27637436845056], [119.2483092049723, 41.269070233675116], [119.245810542931, 41.2693712549576], [119.24101340174754, 41.2659710851303], [119.2436112459075, 41.264368662554205], [119.239214049519, 41.25956762352529], [119.23531765856387, 41.25806921800626], [119.22582982184487, 41.25867827837872], [119.22632881724563, 41.25667633269819], [119.22513062694789, 41.25697782492656], [119.22323292507825, 41.25247673704197], [119.22223374662617, 41.24687387958924], [119.21544545289426, 41.24628207498728], [119.21674146498712, 41.23457183563644], [119.21823850332613, 41.2324683376766], [119.21614162135944, 41.22776764242978], [119.21055194071454, 41.22467326975709], [119.20386593064124, 41.2241833176149], [119.17603291092722, 41.224933925812415], [119.17234165911538, 41.222038678043155], [119.17124366830899, 41.21703699481053], [119.17293919500636, 41.21493226648686], [119.18720295687761, 41.20910124190441], [119.19159179269225, 41.20579072411739], [119.19528219912573, 41.20017987569858], [119.19328556346547, 41.1901757677616], [119.18819680470449, 41.18227890312088], [119.18191173973585, 41.17788716029972], [119.16505238106383, 41.171713652713684], [119.14259687354433, 41.14733082495686], [119.13291152054711, 41.14063746902106], [119.10193059723066, 41.139552283162054], [119.0952274435294, 41.1381492432181], [119.08772027693931, 41.133440918413875], [119.08591639714484, 41.120428896499355], [119.08711467254722, 41.09801148821887], [119.0847108009969, 41.0909035573937], [119.08030397118614, 41.086195228112985], [119.06627594776276, 41.07957006893718], [119.0623664837568, 41.07966323278467], [119.05725326858636, 41.08225546845676], [119.05263982788752, 41.0814450299237], [119.0485266110472, 41.077632541870464], [119.04391037162422, 41.06921442900473], [119.0347777253266, 41.06558774911513], [119.03367406625262, 41.0685872686718], [119.03598302910204, 41.07219652071281], [119.03156644491074, 41.07038298276583], [119.01721007197933, 41.0696409286156], [119.01218999702805, 41.072228051950695], [119.00646652243172, 41.07231082986905], [118.99893601605798, 41.07519050169325], [118.99251052775007, 41.07927476553172], [118.9759466967051, 41.078227164561554], [118.97072855958851, 41.08101595243426], [118.96430592046404, 41.07189270157436], [118.95517768424494, 41.0662680121754], [118.95216866082947, 41.060156937349056], [118.94605265866306, 41.05484143898086], [118.94294555584625, 41.0542358941966], [118.94545012383686, 41.046233176183804], [118.94224205137323, 41.0391220544834], [118.94594989032551, 41.035625043436156], [118.94735240456735, 41.029422183385705], [118.95737792061585, 41.0204338682684], [118.96680689729867, 41.01765287784441], [119.00625763827878, 41.01265983843828], [119.01981239212815, 41.00939774249053], [119.02573502286526, 41.003610076526876], [119.02673839331064, 40.99970963029771], [119.02131623037899, 40.99338854105617], [119.01137504652556, 40.986052656966734], [119.00685420258037, 40.96882432078544], [118.99882133641361, 40.96910030429861], [118.98697308859465, 40.96316031154476], [118.98366022624491, 40.962950697445244], [118.98396108956524, 40.960749673535666], [118.98265633296772, 40.962547532769726], [118.98115052675912, 40.96184273639493], [118.98305759942885, 40.96054695588986], [118.97974487547793, 40.95903647171725], [118.97743666877706, 40.961632404915804], [118.97271957699567, 40.960719185698565], [118.97041171410994, 40.962014405340646], [118.96970909415361, 40.96041127869758], [118.9505512289476, 40.9597686637019], [118.94423623083068, 40.961459137113685], [118.94493816016802, 40.964062493543835], [118.94353511650975, 40.96486091389217], [118.93622067359695, 40.9665518992099], [118.93491816758738, 40.964948911098304], [118.92550497480059, 40.96864253547802], [118.92270228771714, 40.971542932169356], [118.92130043181875, 40.967738786596236], [118.90799261925028, 40.962329966266374], [118.90499136323623, 40.95402302785468], [118.90479103046582, 40.95142083748185], [118.90679069834961, 40.94861830710141], [118.9038906195486, 40.947817897761304], [118.90609008575022, 40.94421459786861], [118.89988945065386, 40.93260595226732], [118.90138832191423, 40.92710085101235], [118.89139320652481, 40.925904512393224], [118.89638814941846, 40.9115895869186], [118.89548807864878, 40.90738648794629], [118.8977866461508, 40.90508349708789], [118.89578738014382, 40.90328288967747], [118.89458707315845, 40.8956771327546], [118.89588569708044, 40.89077236059627], [118.89328634872254, 40.88376792395347], [118.89068801709874, 40.881868014904924], [118.89198644238223, 40.87746348414334], [118.89068684444204, 40.87286053526221], [118.88648947260718, 40.86375625536994], [118.87939712029244, 40.85835873472359], [118.87789865077723, 40.85435712887804], [118.87989561068287, 40.85185285396556], [118.87899649806741, 40.8494518739429], [118.87360425360608, 40.848257339554195], [118.86451935445469, 40.84276558687683], [118.86172476685017, 40.842769915331225], [118.86042632377057, 40.83486556344819], [118.85803097393993, 40.832967929703365], [118.85842946755213, 40.82776307087834], [118.85643329959784, 40.82516429822076], [118.85224214361916, 40.823570205054196], [118.85154260093798, 40.81526477984466], [118.85513308111904, 40.8023483095415], [118.86750879019097, 40.80413013679735], [118.87200000564837, 40.79591744719948], [118.88208498203753, 40.79150219032795], [118.88637905382518, 40.78279140304912], [118.88977583410502, 40.78238839943587], [118.89017577154976, 40.78448974267822], [118.8926738353362, 40.784287923871126], [118.89827009258924, 40.77928121580515], [118.90726916245447, 40.78268203163673], [118.91697231616874, 40.778180536230465], [118.91367026940686, 40.77697846183021], [118.91376963001342, 40.77167440754571], [118.90896751450877, 40.76797074725484], [118.90886680789652, 40.76266669612197], [118.90146642853692, 40.758764471703934], [118.90176587095338, 40.754961521890266], [118.91296747500587, 40.757863673685925], [118.91767011589913, 40.757465004920526], [118.93218587043542, 40.75137169780535], [118.94030057606597, 40.75238281037906], [118.95533657525301, 40.74920675741994], [118.96115298587301, 40.74421547798611], [118.9647629229006, 40.733515850341384], [118.96426089682703, 40.73031231988418], [118.96636758340823, 40.729316586336815], [118.96706888609415, 40.72161266676245], [118.98824438087927, 40.708360020576414], [118.99286204721342, 40.70367019948046], [118.9938654966364, 40.69937013267765], [118.99888596400332, 40.70088619193855], [119.00501048714865, 40.697502292285364], [119.00802279928276, 40.697511414143555], [119.01866476067059, 40.68873723661134], [119.02619506505633, 40.6935625644855], [119.03432574594844, 40.693785413890396], [119.04466107778043, 40.68810816231641], [119.04606530732876, 40.68530963151153], [119.05549379446578, 40.68302931084783], [119.05890222345475, 40.675731254312694], [119.05789898097747, 40.67182660775287], [119.06110711886232, 40.66913104596778], [119.06090622163384, 40.66632878200541], [119.064916202321, 40.66663629132571], [119.06962652803422, 40.66464272223098], [119.07644066938116, 40.67175711908617], [119.08295109415175, 40.67406600122652], [119.09126010184337, 40.672071261214164], [119.10156492869324, 40.66497038469651], [119.1157629489667, 40.666269007684505], [119.14462868081557, 40.680250107422964], [119.15969861472806, 40.690332928796806], [119.17187026680995, 40.69431367307295], [119.18254359300958, 40.69179192666985], [119.19112131090803, 40.68186923045948], [119.1921183007948, 40.67726427519964], [119.18563234676965, 40.664867766600665], [119.17954613562571, 40.65587315362144], [119.17126594148054, 40.65158582750691], [119.1511098227405, 40.63541060788214], [119.15559946266825, 40.629399465261166], [119.16078735802908, 40.6258883477497], [119.16078678844362, 40.6216857219355], [119.16527614454387, 40.62047695864856], [119.16487647985865, 40.61597489550666], [119.15609657845602, 40.61619038968628], [119.14132465567242, 40.60710741900377], [119.13313738125477, 40.605616570431415], [119.12864358606015, 40.60802263511693], [119.12215002117927, 40.60532639737121], [119.11245616847712, 40.60553154744744], [119.10985635066108, 40.60122965331386], [119.1056565377829, 40.599429087832505], [119.10625610118733, 40.59622715637503], [119.10005493830054, 40.595126016077785], [119.09375093058831, 40.590320940914005], [119.08424171069419, 40.59261553144285], [119.08554376885343, 40.59581858765202], [119.0847431639209, 40.598619544754946], [119.0796361907548, 40.600115258242745], [119.07993726804301, 40.60461829760989], [119.07693272771988, 40.607116264515824], [119.06981922220575, 40.60780675446103], [119.05437933883155, 40.59967332473451], [119.04284196240043, 40.59114148546352], [119.03360939529188, 40.59131743997261], [119.02909220545396, 40.58900356619313], [119.01935285977328, 40.57856936937711], [119.00800725985796, 40.580536465556584], [119.0012796690146, 40.579315419193435], [118.99153978760714, 40.574283483159064], [118.98943024695876, 40.56507213784311], [118.98611704236194, 40.5629613963981], [118.98009404710879, 40.56214401824512], [118.97708311221558, 40.56333648669558], [118.95801961622475, 40.559287932618986], [118.95922284832267, 40.5568892119181], [118.96815109951798, 40.55721010223312], [118.96815076120845, 40.554608683374695], [118.96524118457513, 40.554401547278786], [118.96544141667064, 40.55120028951462], [118.96804973695507, 40.54930557003243], [118.97206186466407, 40.53740933738372], [118.9692518013246, 40.534100515022224], [118.96503770654061, 40.5325895049727], [118.95791591608689, 40.53297367898849], [118.94829054583859, 40.53645665511271], [118.934561627392, 40.533334509951274], [118.93345959900563, 40.531832431874896], [118.92494782372289, 40.53212433016796], [118.91363919327634, 40.53592034401492], [118.91233888362633, 40.53792107126533], [118.90633774897549, 40.53952141251747], [118.90503796253559, 40.541322460551505], [118.89753971140998, 40.54132444113991], [118.89334233417583, 40.543727835722365], [118.88904517664285, 40.54002877379301], [118.8786564479083, 40.536636786801715], [118.87126692803987, 40.53124311014128], [118.86996874749923, 40.52844343847877], [118.86278215202613, 40.530755189072025], [118.8563947212727, 40.527964110524984], [118.8433239808093, 40.52898781830647], [118.83594210054436, 40.53490462786073], [118.82736219378978, 40.53331986728999], [118.8131927175534, 40.52063883592039], [118.80710524161007, 40.519048108377895], [118.80490886647029, 40.51334873617423], [118.80101612424919, 40.51215401998277], [118.79642228283524, 40.49695315191113], [118.79821875888994, 40.493749179393696], [118.79272732345831, 40.489354391010544], [118.78733503082697, 40.48785999669045], [118.7791439004455, 40.48106471311296], [118.76155470101467, 40.48137374540224], [118.75925455780703, 40.47787248300485], [118.75465421787489, 40.476371843696064], [118.74244897671058, 40.477268469629315], [118.72963560606448, 40.47515776089747], [118.71972134612332, 40.479948650544536], [118.71591572466502, 40.48814730855161], [118.70890275368669, 40.4927391003192], [118.70539537875936, 40.492333317508034], [118.69487029149917, 40.48151019498463], [118.6864494519882, 40.476992585826906], [118.68444394501677, 40.472486787145456], [118.68193779727886, 40.472782147857004], [118.68253880608422, 40.46908166572369], [118.67682444919694, 40.46747003580397], [118.67662294648751, 40.45966628776959], [118.67321425965665, 40.45755888036011], [118.66950414959187, 40.44954848941652], [118.6630890823525, 40.451837503584926], [118.64314594217466, 40.445701778302215], [118.63012444552535, 40.43878250500498], [118.62431672660546, 40.43167411382062], [118.62431605222115, 40.426372054203775], [118.62851959320463, 40.41667229467667], [118.64975068654579, 40.38218840731895], [118.65125237661624, 40.371087239484986], [118.64964826228803, 40.364782651121786], [118.64614014092199, 40.355774397546064], [118.64183156244114, 40.351366735809094], [118.6220019476762, 40.332939426155946], [118.61409587419746, 40.32943359576584], [118.60459132487783, 40.311126359226975], [118.60279129503628, 40.30962595508385], [118.5881996897888, 40.30963104848597], [118.580407575303, 40.29523421335776], [118.5748159212089, 40.28863912271179], [118.57012533526921, 40.291146133922034], [118.55845314738903, 40.290565956110264], [118.55436522695969, 40.29567537120675], [118.54090853370731, 40.29840708638432], [118.53861701017298, 40.30181372903144], [118.5397138327282, 40.30721223855584], [118.53842012872126, 40.32061895782733], [118.54041469933705, 40.333017191508084], [118.54609676307162, 40.342806042649], [118.54599958628748, 40.36231207065814], [118.54978770615514, 40.363903831679664], [118.55886119680466, 40.362184362953904], [118.56075701763497, 40.368482750944885], [118.56434834074946, 40.37047698806997], [118.56325213270222, 40.3793817650325], [118.55686976607761, 40.386696177697274], [118.56624715233376, 40.39598231139414], [118.56774438425927, 40.40068156254878], [118.5741317884988, 40.403573407408366], [118.57572952115845, 40.4083731123512], [118.57403324675523, 40.4135771730838], [118.57782688424129, 40.415573270328004], [118.55996538967503, 40.4178012466735], [118.55408247376603, 40.42391527245376], [118.53514348739799, 40.40985541423168], [118.5295641396155, 40.40756975915386], [118.50934522165795, 40.40472772263033], [118.48444782817398, 40.4094028175887], [118.47827215408309, 40.413321231606275], [118.46472061203428, 40.41555607040338], [118.4371937467543, 40.41330516900844], [118.40912686636602, 40.418424855084965], [118.40242906182763, 40.426627033326156], [118.40033020343695, 40.43633013667993], [118.39622946312457, 40.43822902095421], [118.37831462854099, 40.43211088181822], [118.36709879251892, 40.43029498581752], [118.36269239910867, 40.43679067700815], [118.35157143095873, 40.433170212647155], [118.3356387352127, 40.43183982939892], [118.33383473352356, 40.43003567121326], [118.33223035620505, 40.422229602241075], [118.32120793790166, 40.422909048468625], [118.31289176978414, 40.420993376502025], [118.28415220810916, 40.42705484538683], [118.27944999921648, 40.43785461416778], [118.26754641560717, 40.44584995453679], [118.26914764572516, 40.45345386147664], [118.26724784980757, 40.4569544360085], [118.25914942142492, 40.46195425103093], [118.24705747687764, 40.4661572234411], [118.24565861929727, 40.46465706357053], [118.24595759801946, 40.45915459452319], [118.2431599590222, 40.45485394333679], [118.23666792706405, 40.452656828683914], [118.22898024613578, 40.45266324586406], [118.22438829739454, 40.44856630788927], [118.2122144457981, 40.44377997506235], [118.19854868224154, 40.43279735053266], [118.18249494253331, 40.42972523161557], [118.18020111356226, 40.424527527297926], [118.1745183752115, 40.42613881223143], [118.163450944433, 40.42515880065456], [118.15985916431357, 40.40985943319223], [118.16394690396483, 40.40585074106436], [118.17311940069348, 40.40263273122502], [118.17381672406441, 40.39822987308377], [118.17112469187525, 40.39773472022371], [118.17052679316733, 40.40013667394258], [118.16584084833053, 40.40184588799364], [118.16504253247454, 40.39704564630848], [118.15905959976497, 40.396356012043704], [118.14848609148972, 40.38156831241609], [118.14030523855016, 40.37657836216767], [118.13591385973214, 40.368981440721406], [118.13511484232062, 40.36388078625258], [118.1283269205678, 40.35618557482178], [118.10245586560109, 40.355196400242505], [118.09675753621057, 40.356995571938896], [118.08425365006026, 40.35438668524624], [118.0815512921521, 40.35148315353618], [118.07994766409269, 40.33477665048818], [118.07684375206065, 40.32847125113224], [118.06943332114778, 40.32145893266033], [118.05199867920511, 40.31352367077611], [118.04477986811179, 40.30730525174526], [118.04227293066859, 40.305698633608024]]]]}}, {"type": "Feature", "properties": {"name": "沧州市"}, "geometry": {"type": "MultiPolygon", "coordinates": [[[[116.40139296976913, 38.701317376805086], [116.37686998873491, 38.69339475965394], [116.372462468379, 38.68628622332857], [116.37296176777815, 38.67388204586295], [116.37636562900995, 38.663182389259006], [116.38016814445704, 38.640578757900904], [116.38487239678801, 38.628879675581146], [116.38677453508514, 38.62988176286109], [116.38937692448397, 38.62898365054393], [116.38787525620937, 38.62678169144336], [116.39237910246747, 38.62638499756442], [116.39187842785348, 38.623983867554934], [116.38617325301992, 38.62437940809316], [116.38637330494393, 38.623079165912245], [116.39617993607786, 38.61228276748813], [116.40228199990416, 38.608283976170526], [116.42527261874196, 38.6001762069272], [116.433261817047, 38.59176635453177], [116.4323625893909, 38.587566134035306], [116.46080129119395, 38.58111722971511], [116.45401777709371, 38.56862801867734], [116.46149663460609, 38.55850981298366], [116.46109751953288, 38.55651020819095], [116.45451527024802, 38.55812439312354], [116.44373934717629, 38.55524275397829], [116.4432400995387, 38.55324304338887], [116.43685154334891, 38.552351759098244], [116.43645175013766, 38.54865138754876], [116.43934659128959, 38.54654711848439], [116.43714962387529, 38.54044863726985], [116.44174134590939, 38.539442112142524], [116.43934456752456, 38.52964340084925], [116.44134083057853, 38.52884041676035], [116.44213953130776, 38.53063961983911], [116.4435367656718, 38.530337438236444], [116.44513400224376, 38.534335769122244], [116.45870159339354, 38.535310526470596], [116.45630743571375, 38.53101459984894], [116.46239069038435, 38.5300013116361], [116.45909852133403, 38.518606234652694], [116.45580730948969, 38.51911319152505], [116.45540783465175, 38.514913184191286], [116.45790116618807, 38.51370783061126], [116.45730229273515, 38.50980835250217], [116.46119163213373, 38.50939992901798], [116.46029378079822, 38.50640135612701], [116.46248736073595, 38.504396128426734], [116.46498019781498, 38.50519054615747], [116.47086195283603, 38.50347598346329], [116.46996441626243, 38.50037768272962], [116.47165839530913, 38.49487250332227], [116.47893420056062, 38.49375323729027], [116.4823227016759, 38.49544421983949], [116.49049284943086, 38.49002006641596], [116.50782832247009, 38.48976838812322], [116.51470251617928, 38.48774748728611], [116.51549981116207, 38.48974543438643], [116.52526449911583, 38.48881681534467], [116.53802224883106, 38.49258263782076], [116.54380503130079, 38.49616874645358], [116.55687045066101, 38.49804014059909], [116.56505269098434, 38.49732502908939], [116.5693442915335, 38.49271746636924], [116.56654848352508, 38.48552066422321], [116.57163938508184, 38.48301261948959], [116.57163917971475, 38.48121234952226], [116.5682448521467, 38.480817278983054], [116.5688435574696, 38.47871605479105], [116.57403452499075, 38.47240786040564], [116.57762952059294, 38.47120331936103], [116.58722014807208, 38.4707943874124], [116.58532220468895, 38.47639659827023], [116.58742067119312, 38.47659505523551], [116.58822041970797, 38.478994855738506], [116.59651731252313, 38.47999103278978], [116.59551798683906, 38.48439200745593], [116.60281841389238, 38.48749122042122], [116.60251787182456, 38.48329057847387], [116.60731949959339, 38.48319094672777], [116.60751933434494, 38.480890639469585], [116.6107210700614, 38.47989132585959], [116.616225591706, 38.4801938038002], [116.61522435889705, 38.47759288950667], [116.61972899627627, 38.477695623965836], [116.61942823358002, 38.47399489165048], [116.6259366699741, 38.474400179985714], [116.62653794714139, 38.47790124060991], [116.62173136301668, 38.4774970584366], [116.62163194581386, 38.4836979001552], [116.61952948666696, 38.48399642141461], [116.62143209800514, 38.48719828751411], [116.61812853050739, 38.48909629383147], [116.61973048998064, 38.490797624723754], [116.62563813198467, 38.491002407151576], [116.63295104178724, 38.50161179174895], [116.61953172236842, 38.503599650327615], [116.62103415470624, 38.5095017887275], [116.62433839651516, 38.50930441028691], [116.62684261853359, 38.51490774340497], [116.63615834332728, 38.51421797946983], [116.63405394625624, 38.509814565869384], [116.64397383613311, 38.51022796548367], [116.6444746115756, 38.507428195491215], [116.65279390392232, 38.50704132623476], [116.6538970030468, 38.510443808184384], [116.65880943607111, 38.510652377444394], [116.65860920745388, 38.513152490508396], [116.6612162168003, 38.51515754013194], [116.66021410191094, 38.51955658880165], [116.66532760591537, 38.519165850368346], [116.6677349119259, 38.526071726322584], [116.67405279304577, 38.53058463165017], [116.67555795122966, 38.53908934494621], [116.68057210607108, 38.54089933604973], [116.68057250135195, 38.5443001052258], [116.67846697822782, 38.54719674640922], [116.6712467063677, 38.54498245735945], [116.67014398741428, 38.547680991004945], [116.66553155636024, 38.5486725739836], [116.66252390305615, 38.55196781481569], [116.65811237116968, 38.55175984361978], [116.65771188617398, 38.556460268430385], [116.65540634518146, 38.55905689243719], [116.65229805947475, 38.55375033722907], [116.64939121233647, 38.55464579916383], [116.65129627019184, 38.559250018828536], [116.64658513494125, 38.5581422333244], [116.64698648338181, 38.56194379675909], [116.64889082089276, 38.56144666800748], [116.64909173900024, 38.56534797248912], [116.66082084703795, 38.56436777092806], [116.66162320804422, 38.56656978251528], [116.66493198703861, 38.56637579562197], [116.66603515389352, 38.56807827978165], [116.67736622138142, 38.567099501637195], [116.67566215493594, 38.572897752088565], [116.67245336589419, 38.57379186719125], [116.67185208790978, 38.57709160537446], [116.67425905945048, 38.5797969224797], [116.6676412172446, 38.582885234902925], [116.67406007232977, 38.59330033541681], [116.68609350705975, 38.593323277926075], [116.69331441254485, 38.60373975457071], [116.68639587858739, 38.606527773437215], [116.694718977025, 38.61064441139081], [116.69933167196449, 38.61555411145667], [116.70063488605146, 38.614355980086344], [116.6998324147329, 38.610853504546554], [116.70865533312191, 38.619770839138134], [116.72098113102935, 38.61008509048388], [116.72679243016958, 38.61349284741934], [116.73971194711743, 38.61470418659384], [116.7432165598469, 38.61980777891041], [116.74191540846837, 38.62210784342204], [116.74752116906154, 38.62361081053744], [116.74592001806072, 38.62611104029183], [116.74682123868152, 38.62941247693392], [116.74411894801713, 38.6320122266902], [116.74872323324317, 38.632514141437184], [116.74922394205511, 38.63511516364348], [116.76103018240867, 38.63691638919633], [116.76122997837112, 38.63481563820352], [116.76613061694594, 38.63571461572332], [116.76913026213631, 38.63461298696816], [116.76922966518104, 38.62971129044493], [116.77062931829511, 38.62891032018101], [116.77023038582932, 38.637213330610635], [116.77362962213518, 38.63851182157635], [116.77592923268514, 38.6429117901894], [116.78102832073368, 38.65911349513331], [116.78022952871522, 38.66491635195102], [116.77383387056251, 38.67482494976561], [116.77113569086592, 38.68342991658695], [116.7713360242855, 38.686631078097605], [116.77453509981805, 38.68732940266899], [116.77453585038782, 38.69363194373717], [116.76843774283442, 38.696736617201445], [116.76843833882027, 38.701738681498874], [116.76363850898876, 38.7031409865683], [116.7639387070475, 38.70454148900395], [116.760437735419, 38.701641031557294], [116.75893730272175, 38.70174125385652], [116.75923763851792, 38.70374205775392], [116.75103337408783, 38.70314138154097], [116.7515341495171, 38.70674298869261], [116.76033817396403, 38.705542674619245], [116.76163895661917, 38.70954414109053], [116.76803933359717, 38.70974221627279], [116.76844009176246, 38.71644490515816], [116.77063974785169, 38.71654387475002], [116.77243980650452, 38.72084472948742], [116.77184041560268, 38.724546698045735], [116.76834114066313, 38.72514873982288], [116.7669416033112, 38.72815065025895], [116.76804165997318, 38.729250684476554], [116.76474213368691, 38.73275347286434], [116.76974206803864, 38.734552264459225], [116.76944234409426, 38.736453267575115], [116.77134199907694, 38.736752417079224], [116.77174257866724, 38.7424547846118], [116.7809384435771, 38.743548571559636], [116.78483529316902, 38.741343851488914], [116.79043008932257, 38.74123763375368], [116.78993033852439, 38.73903722184381], [116.79382611067392, 38.739032430973275], [116.79422584953961, 38.740732688872754], [116.7971223269901, 38.740728821351006], [116.79712293474924, 38.74583115910833], [116.79872102960988, 38.74712953136147], [116.80041873035238, 38.74692700206161], [116.79892052817185, 38.74512832599651], [116.80031854496963, 38.744225903614065], [116.80221591815241, 38.74432314860222], [116.80271557572867, 38.747423826523516], [116.83505907052793, 38.74396539505593], [116.83525851888427, 38.742464332384166], [116.83735457315845, 38.742260306734615], [116.84134730327852, 38.743453401407066], [116.86460858109577, 38.74191272613882], [116.86620684414315, 38.74561203937769], [116.87309857407728, 38.74660296695855], [116.87499561632357, 38.73849686640438], [116.87449519103818, 38.73049388637461], [116.8758937756709, 38.73049217219241], [116.87379503489674, 38.7228914064484], [116.87239658675271, 38.72309329546301], [116.87169710824959, 38.720793211899355], [116.87319539908285, 38.72049112305039], [116.8722960529403, 38.7175910312907], [116.87858964886573, 38.71668298225827], [116.87759016713308, 38.7134827403537], [116.88098726554674, 38.71317888883066], [116.87768879750898, 38.70257801962061], [116.88048580378218, 38.69737278241922], [116.87808747547605, 38.69437418227062], [116.87878670788429, 38.693072866908096], [116.88128476225032, 38.69377047548245], [116.88138345670856, 38.683266157166614], [116.88338196960312, 38.682663937493714], [116.88308200681057, 38.681263674107726], [116.90117765952995, 38.680952207738315], [116.90407831974588, 38.67895083545232], [116.90357841354493, 38.68135185270395], [116.92359775662399, 38.68816012113672], [116.92700310659583, 38.68736252936696], [116.92349666770896, 38.680156874926496], [116.93261271900181, 38.680565453308716], [116.93261358921566, 38.687968389964254], [116.93541948528264, 38.68817179939741], [116.93662191256381, 38.68627257052324], [116.95146098723137, 38.68649649074], [116.95236403129991, 38.68909926431789], [116.9569787261492, 38.690008946680095], [116.95306631697346, 38.69020107533535], [117.00045312993733, 38.69642757317], [116.99884559960867, 38.69302134837849], [117.02064171891014, 38.69068587523929], [117.02184822333705, 38.701193709245054], [117.04855550867774, 38.70736746374069], [117.05156592056984, 38.706674017460976], [117.04785239818708, 38.702463770651825], [117.04845425988523, 38.70016422215103], [117.04554314510143, 38.695255305504816], [117.04514092769303, 38.68925190125606], [117.05166461365536, 38.693368737365326], [117.05086107384035, 38.68706440286115], [117.05928867516701, 38.687582338262224], [117.0613949826147, 38.68708617078888], [117.06079293580477, 38.685084238599146], [117.0697175853552, 38.68389914266206], [117.06961700520408, 38.68129796145083], [117.0745289281572, 38.68150514110888], [117.06741032190894, 38.67389156756523], [117.06229366510661, 38.65507563236521], [117.06299473824282, 38.64727411491882], [117.0613897725149, 38.64517041429414], [117.05797926020269, 38.644363521384115], [117.05848052849996, 38.641963681810125], [117.06118895192326, 38.643369405881174], [117.06189062274888, 38.64006956996763], [117.06710529519349, 38.63997868101205], [117.06680406265832, 38.636577013744855], [117.07061396607993, 38.63658305226896], [117.07792727088355, 38.60828375079576], [117.09265190056065, 38.60729625089915], [117.09355219907147, 38.60079475271141], [117.10326127313839, 38.6012976526078], [117.10346078937789, 38.59639621348653], [117.09935754830903, 38.59529527785378], [117.09925724807958, 38.59359475906032], [117.10165921953788, 38.59379527732594], [117.10165891942049, 38.59139458467224], [117.10386044067322, 38.591594840024484], [117.10456038412042, 38.58779377523579], [117.11626313076212, 38.585790408713706], [117.11586367524431, 38.58999178677651], [117.12586084646243, 38.590585318888685], [117.12706098430836, 38.5970861548909], [117.12856004663126, 38.59708476993211], [117.12806055828788, 38.59858568305762], [117.1303589373438, 38.59828335802266], [117.1309587983803, 38.60078348768167], [117.14264689275015, 38.599568895652624], [117.1446444972588, 38.60056636662605], [117.14444528010962, 38.60476791837299], [117.15393201457098, 38.60745406569129], [117.15423189397201, 38.61025443546704], [117.15712722832113, 38.610149542283516], [117.1556304704734, 38.61665411756182], [117.15742778406504, 38.618551679640156], [117.16341755706232, 38.61844114524543], [117.16311783359035, 38.61644104355292], [117.1646151908525, 38.616438351169805], [117.16541410431647, 38.61913776785168], [117.16711105219291, 38.619134674389514], [117.17160268273767, 38.61802602181426], [117.17270032051422, 38.615423146797326], [117.18278186013004, 38.61900538328202], [117.19016818982693, 38.618991715526334], [117.18956967801091, 38.622193842354946], [117.19166587576335, 38.62219003048085], [117.192663476505, 38.61728665354439], [117.19515924274735, 38.61878268500687], [117.19555896542727, 38.62218307814316], [117.204044818012, 38.62216868105492], [117.20464426059709, 38.62526872512238], [117.20644146564656, 38.625065795571565], [117.2064411688873, 38.622665010921814], [117.21003643643267, 38.627160964998176], [117.20943770140433, 38.63046296404567], [117.21652829495798, 38.63085299742262], [117.21922639366824, 38.641153015136716], [117.22661945123565, 38.64454569186857], [117.2355133509296, 38.64373747202769], [117.23591225898298, 38.636434650132706], [117.23231403212588, 38.634836948128715], [117.23121433645585, 38.63153678909961], [117.2428095119041, 38.631928946848156], [117.23691036813688, 38.624730019922794], [117.24130891976213, 38.6247273160774], [117.24350793012556, 38.6199246654247], [117.25270862315742, 38.61942189182468], [117.25290852331355, 38.618121453170936], [117.26151255706661, 38.615321072516764], [117.26121200054344, 38.612520125393196], [117.26381349141607, 38.60861958814951], [117.26511464477638, 38.6090201446872], [117.2657145397052, 38.603818774915865], [117.26131092438341, 38.603217285008064], [117.26291160242472, 38.59911644863019], [117.25150541848886, 38.59601485703393], [117.24410363669548, 38.58561406016048], [117.24270381398824, 38.58551467447382], [117.24460311092625, 38.58171276420996], [117.26751422604487, 38.58741471817149], [117.26861497303267, 38.584414389447566], [117.24560277051035, 38.57941173760392], [117.25130187737325, 38.567607060870635], [117.25280226444067, 38.56750683144557], [117.25940397691686, 38.55690428517047], [117.26971350895464, 38.56300926368647], [117.2716149719257, 38.55740893872997], [117.2787247867705, 38.56031478756597], [117.29846196832962, 38.56313830951159], [117.29786179555296, 38.572439851015574], [117.30146995614129, 38.57284524970903], [117.30618102449657, 38.57225245628849], [117.31039059295017, 38.565357634992175], [117.3118934167173, 38.557358201726764], [117.31450001481126, 38.55636249668271], [117.32181974162874, 38.55847625982654], [117.33124647824201, 38.56539577054934], [117.35280495184546, 38.565736296988], [117.35380708396389, 38.56223719045642], [117.35691493617713, 38.56234263522219], [117.35721622516691, 38.56664424334896], [117.36443404545452, 38.57135732544624], [117.36112761311354, 38.581554762373955], [117.37535852869803, 38.583376192028844], [117.37545647723019, 38.56567160344986], [117.3984892802545, 38.57359403169296], [117.40569417583775, 38.57749722453907], [117.41569648672278, 38.58599882525465], [117.40769633338509, 38.58890058899577], [117.41649745399775, 38.59480109238657], [117.42209490668468, 38.59149757271672], [117.43917840616041, 38.60228423707802], [117.47877981242327, 38.61220463644237], [117.4817694010583, 38.60959567185818], [117.48416139657569, 38.611489609722646], [117.48725049087035, 38.61108073938782], [117.4852583863034, 38.61798858007973], [117.50189735749701, 38.616239269627535], [117.51016647963037, 38.61871521234208], [117.51245765437028, 38.617207863509826], [117.51166029659761, 38.6143093291754], [117.51584442660618, 38.613096464026], [117.51853460479495, 38.61478904306222], [117.52341612680284, 38.61077354699451], [117.52650506789588, 38.611765018960085], [117.52660504348825, 38.614465585184945], [117.52809976216271, 38.614961524039025], [117.53009234206678, 38.61195501645075], [117.52889599412462, 38.60735691848021], [117.53338026095685, 38.60664436692526], [117.53019100573026, 38.603952275128954], [117.5303900473908, 38.60185108918054], [117.53397754804278, 38.60124111616641], [117.54743471219257, 38.60410809285945], [117.54474368142613, 38.61081652903368], [117.54853250016288, 38.61250815276033], [117.55192351819396, 38.61850247550362], [117.5606007831695, 38.617584613304565], [117.56389271793518, 38.61437766743681], [117.6450843789703, 38.62728082634893], [117.65039160970898, 38.60768283858863], [117.65109132616918, 38.59448001979179], [117.6445766174358, 38.570663254400245], [117.64387235445068, 38.54545600564481], [117.64948178410759, 38.540863569731975], [117.69147094391096, 38.54004043475144], [117.6942766335332, 38.53874527842368], [117.69487743952527, 38.53524559635859], [117.69217156963131, 38.533140211801566], [117.65128363177315, 38.52816373394789], [117.64767653131666, 38.52485728297393], [117.65398656840583, 38.50926451330826], [117.68494932217506, 38.47771673612756], [117.7171088529543, 38.46846962032145], [117.72521887788012, 38.464579189105486], [117.73132424089457, 38.45808464431783], [117.73452574353034, 38.44928642564062], [117.73672433168349, 38.42558588383493], [117.7873884800869, 38.374473625006424], [117.81083668528069, 38.36774052826821], [117.85242293350449, 38.36856475934494], [117.94344717084272, 38.388238300310135], [117.956871369526, 38.385262983475045], [117.96398668196221, 38.37667852659085], [117.96328327270814, 38.362476675160195], [117.95436156235621, 38.34705739017547], [117.92262001313664, 38.3239145947328], [117.90162225222734, 38.30211122945051], [117.86687547785485, 38.27514466249543], [117.86088848104684, 38.263754838881944], [117.85350631166091, 38.25446806472744], [117.82967006963906, 38.236213925808606], [117.81291432208825, 38.227645237727366], [117.81201548944735, 38.21834793975302], [117.80143922579511, 38.20386672176253], [117.80223624606909, 38.19426691865097], [117.79914214514531, 38.18587269322087], [117.79534966108467, 38.18147857713879], [117.80173533206003, 38.17737024726136], [117.80742176921589, 38.17586168533679], [117.80772087061108, 38.17446142700805], [117.80003804482128, 38.16837418070057], [117.78736350033581, 38.169990062017064], [117.78277057815644, 38.16559545599773], [117.77787783945163, 38.16679947136384], [117.77378256540011, 38.16350291024307], [117.77308286408672, 38.15940403297265], [117.77807492825796, 38.14510302337132], [117.77717492279193, 38.13520548807758], [117.77497738247133, 38.13260753298893], [117.76718528744979, 38.13161189197453], [117.74939164469716, 38.12411431364222], [117.7367856201823, 38.10901073691761], [117.73538293172876, 38.09451249894665], [117.73358135664377, 38.092411440652235], [117.710651058135, 38.076686974675795], [117.70283725070274, 38.07647449210917], [117.6856025869447, 38.08014264904666], [117.67968953134917, 38.078831649367494], [117.67016788240495, 38.07271472363836], [117.65092823433302, 38.07298033231634], [117.6260907703333, 38.069448612734824], [117.61108122540372, 38.07353832030757], [117.5930843117386, 38.07203975753606], [117.58219416655818, 38.06564878592488], [117.57091182487669, 38.06426263274383], [117.56921488455886, 38.062565495911414], [117.56861546421865, 38.05746746476678], [117.56242880620611, 38.05777772136551], [117.56402454944015, 38.05237603120032], [117.56103103165174, 38.04908206841623], [117.56382450629057, 38.04827723025537], [117.5634249019779, 38.04407880304515], [117.56542048961867, 38.04397540630127], [117.56641804164273, 38.0412743221927], [117.5519518061354, 38.027404904361056], [117.54945732406486, 38.014713112607126], [117.53161152228667, 37.99316260353882], [117.52662565808025, 37.96548227987358], [117.51785467840685, 37.94221244619867], [117.49254609961034, 37.92189205556754], [117.47310844048475, 37.89165159149238], [117.44497496114616, 37.85481732085787], [117.42999560086861, 37.84823743169271], [117.41270382414748, 37.84444763519631], [117.40720311186769, 37.84574768371527], [117.3882886564109, 37.85543725621155], [117.37105940829159, 37.85501775623667], [117.35482305481385, 37.862290727006304], [117.34499774149053, 37.86397259715372], [117.32414067003182, 37.86173335458906], [117.30619319196158, 37.85170334652535], [117.29326407874724, 37.84878484756963], [117.27753583368425, 37.840669390549266], [117.27042662241304, 37.839064782363245], [117.21493464407507, 37.8444893807286], [117.19147197220231, 37.85062649896522], [117.1820888586086, 37.84844418363948], [117.17200666504726, 37.840964267806896], [117.16032732209301, 37.84038560984679], [117.0955623031725, 37.85043882550024], [117.07021664058584, 37.84791465888696], [117.05687830382467, 37.84229173390237], [117.05597561322641, 37.84368966302141], [117.04885149932173, 37.8410744453056], [117.05075776944695, 37.83847918782201], [117.04824893666066, 37.83727362639789], [117.04674394791778, 37.84016964506262], [117.04343175063276, 37.83886181151773], [117.04142398380186, 37.836557137872745], [117.04212639613905, 37.83465919234042], [117.03329189771065, 37.83323623082663], [117.01491461336433, 37.834683042622444], [116.98247510608486, 37.841785625414026], [116.95607722212343, 37.84032048586435], [116.92510315913665, 37.8464743353802], [116.88948240721648, 37.8448741588769], [116.85491839265528, 37.83581981834257], [116.84663238305647, 37.83533451649718], [116.83215954376392, 37.84186046737737], [116.82567154156663, 37.84217254811411], [116.82547224845733, 37.84517245211192], [116.8184846666791, 37.84428533179828], [116.81758672482425, 37.84858625757627], [116.81069838078612, 37.849398033261515], [116.8093008093557, 37.85110008380027], [116.80680432273898, 37.847904648422826], [116.80041351276792, 37.84771447143851], [116.8011124336977, 37.846613618661685], [116.79911488904898, 37.84461683230839], [116.79701766967048, 37.845419646611134], [116.79591880494651, 37.843521437127045], [116.79402111815735, 37.84412384933124], [116.79362117382901, 37.840624904910094], [116.79092409249974, 37.84042829393074], [116.79571837022006, 37.83762260973931], [116.79182224550583, 37.83262837190214], [116.79202138786695, 37.82702894242677], [116.7726333825322, 37.812049115549634], [116.76483329609731, 37.802553953653494], [116.7633332517051, 37.8032543017074], [116.76153268957734, 37.800855014153036], [116.75893223902592, 37.802855143382246], [116.7546301705409, 37.80065548378487], [116.75312937977833, 37.80105529193449], [116.75292967301624, 37.804654813486884], [116.75072769704427, 37.79995502366352], [116.75272887531496, 37.798755523678636], [116.75182805409953, 37.79655565156291], [116.75953138037968, 37.79375619053202], [116.7581303613827, 37.788856891435884], [116.76083111570776, 37.788456619772354], [116.75962883122803, 37.7712586309992], [116.75842847347492, 37.77145873178549], [116.75322477711002, 37.7603596717384], [116.74792071236986, 37.757758737585206], [116.74281595823989, 37.75855655521013], [116.7422155048855, 37.760256093099976], [116.7372094163733, 37.75965304162088], [116.73871164651848, 37.76235382450106], [116.73500680992352, 37.76305108650513], [116.73540766679548, 37.7656511568838], [116.72899810991038, 37.76744533415668], [116.72839685798598, 37.765244942907444], [116.72539167540535, 37.76554174158793], [116.72789593310972, 37.7645444995158], [116.72739491858846, 37.76314411220117], [116.72458994088682, 37.763041080007085], [116.72398841635797, 37.75934073004535], [116.7277951814081, 37.75944486028223], [116.72509012047695, 37.75664221009383], [116.72589117872558, 37.753343370154], [116.73220157134324, 37.753149610050265], [116.72699289408128, 37.75144470514219], [116.73029767449714, 37.74504850850971], [116.71536853611244, 37.7359315822973], [116.71426628011376, 37.73702996032649], [116.7123619774219, 37.73612727225824], [116.71125965498828, 37.73752554684253], [116.71206181485725, 37.74062652239186], [116.70905496259391, 37.74082196870619], [116.70905517803475, 37.74272183241403], [116.70755130721695, 37.7397196987798], [116.70454404999595, 37.739514873821975], [116.70474431270218, 37.73751533923671], [116.70735042403678, 37.73611962669039], [116.70344078825731, 37.73461338281873], [116.70514459747382, 37.73141638706369], [116.69582070660773, 37.72850060305099], [116.69552016780814, 37.73069993408424], [116.6850920045012, 37.7291807624721], [116.68609433670113, 37.72558286239209], [116.68408895769427, 37.72647901973115], [116.68148150099452, 37.72377420920272], [116.66844167182502, 37.68655064373852], [116.65931670404838, 37.67823395261482], [116.65731182033153, 37.68013039473964], [116.65199838264616, 37.67682133038242], [116.65280073380696, 37.680622649140396], [116.64839034801174, 37.680715451624394], [116.64839056984162, 37.68271543478284], [116.64658649861353, 37.68291260949848], [116.64568425656026, 37.68081124419616], [116.64398055430824, 37.68100868347739], [116.64207600756099, 37.67650593272623], [116.64397965718614, 37.67290870798251], [116.64778811900139, 37.673014524691794], [116.64427977596577, 37.6681091333979], [116.64638429894366, 37.6671123127288], [116.63636207721518, 37.653297951953064], [116.61292753779519, 37.62887663299925], [116.61522925732679, 37.62687760533253], [116.61222650917834, 37.62437609059175], [116.61002514488486, 37.6256754000446], [116.60392188741139, 37.62137408959427], [116.58582530821661, 37.61388014814994], [116.58013021388254, 37.610585013919554], [116.57553519428036, 37.60488972974505], [116.56325532374584, 37.599507525701945], [116.56215734649727, 37.59750927570854], [116.56555055980441, 37.597003403892536], [116.5664490213488, 37.59830206094959], [116.56904427282774, 37.59709790454628], [116.56245589208213, 37.589907994856894], [116.55028367875894, 37.582231514365596], [116.54699136544806, 37.571237664120936], [116.52525876441281, 37.560593051346494], [116.51429601138287, 37.54392253053657], [116.50423236874465, 37.53765166794875], [116.49107911468028, 37.524088340366], [116.48679420557585, 37.522000323196586], [116.47114650192863, 37.51944215131884], [116.461973292122, 37.51456306674103], [116.45259629290483, 37.501479798540835], [116.44550967468315, 37.47978723680829], [116.44001963519442, 37.474294174078445], [116.43313125130949, 37.47900402170125], [116.42004671537977, 37.49191779334729], [116.4121522933095, 37.50662377932667], [116.40815345069421, 37.51082496637251], [116.3946502644708, 37.51722219437423], [116.3892469877386, 37.524419885242246], [116.3843418890606, 37.52251519746178], [116.38043743882645, 37.524011435317284], [116.3819394404729, 37.52531330177342], [116.37793426620551, 37.52500876131531], [116.37753395849687, 37.52710867951651], [116.37483012119776, 37.52730536677742], [116.37683366054566, 37.533008911096886], [116.37382947219679, 37.534705413037656], [116.3809402360778, 37.54291535188509], [116.38534555545668, 37.545020151663415], [116.38474519859906, 37.54751998663356], [116.38284305703435, 37.54751810524807], [116.38224350973482, 37.55761902665368], [116.37903964613113, 37.55901571652339], [116.3810422444858, 37.55931799550447], [116.38144301377221, 37.56171876765143], [116.38534734884782, 37.56062252768744], [116.3855479741838, 37.56422321643934], [116.37363289733031, 37.5672101809072], [116.37513544050233, 37.56981246589792], [116.36982732147821, 37.57120549087658], [116.36622056704049, 37.56589949847826], [116.36201303620416, 37.56689305660352], [116.35900672398162, 37.5618874398401], [116.35720328326352, 37.56278452139861], [116.35880675719196, 37.56558761430369], [116.34938767580117, 37.56687127169664], [116.35079114987724, 37.57137440258578], [116.34828585626015, 37.57146985740052], [116.34878722096293, 37.574071102126645], [116.34738441721936, 37.575768734971675], [116.34307527104332, 37.5774609077702], [116.34257489292959, 37.58376069192783], [116.33726343500605, 37.58595084515043], [116.33616125564873, 37.588248984581405], [116.33566068082504, 37.592948508202355], [116.34127360756659, 37.5975596450215], [116.34147436770708, 37.60036028149849], [116.33375806845007, 37.6070461398644], [116.338368678557, 37.61055523058885], [116.34738831309166, 37.609872137855724], [116.34799034485796, 37.61637372462258], [116.35791027001872, 37.61169094940655], [116.36051536204668, 37.61199531434584], [116.36622693692381, 37.62140498613474], [116.3735383075039, 37.6156149732368], [116.38114914593636, 37.618224301676484], [116.38185041786359, 37.62182528532442], [116.37894737160575, 37.62732240495721], [116.38165116625012, 37.63042556913766], [116.38085133127893, 37.64042516897039], [116.37594513005614, 37.64391956290897], [116.37484385622189, 37.646818269869165], [116.37103818952195, 37.64871324638294], [116.37454399772511, 37.65191803342049], [116.37574629334173, 37.656519669283895], [116.38325595853031, 37.65552815918571], [116.38485833665064, 37.66062982640351], [116.37664871294665, 37.66632093349904], [116.37855157694321, 37.66842322520143], [116.38576043836991, 37.67053077068412], [116.38185662497591, 37.67562691711355], [116.38425951509664, 37.676529354696356], [116.3894641621372, 37.67193393292431], [116.39126577334933, 37.67283528536749], [116.38736346430093, 37.68273216665074], [116.39286877857326, 37.68833627171834], [116.39256960220364, 37.697335886985336], [116.39397067566786, 37.69813675890594], [116.39737226680914, 37.69473868560172], [116.40017349198548, 37.69493984391827], [116.40037380585626, 37.69703986361236], [116.39737295010389, 37.70063853160536], [116.39797346106293, 37.70253875039893], [116.40907640196464, 37.71034084896876], [116.42107300901593, 37.72623656968969], [116.41937522893176, 37.734836938953336], [116.42277258947817, 37.734535046559216], [116.42606898855435, 37.7305329437052], [116.42866620005648, 37.73143069020611], [116.42766775052489, 37.73483135650666], [116.42966558002628, 37.736529437269695], [116.4402493243181, 37.735516986378215], [116.44094857085523, 37.74001568398011], [116.43655668909734, 37.74462127162837], [116.43755558645233, 37.749219645427644], [116.43026645001541, 37.75052783118527], [116.43036651974182, 37.752227595626294], [116.44474271070453, 37.7529089302347], [116.44564102498673, 37.75430736049588], [116.44364557356045, 37.75861017576157], [116.44604094261827, 37.76080613919314], [116.4521270123232, 37.758595539520684], [116.45711463674718, 37.75958554971942], [116.45881046400541, 37.76238172632445], [116.45841210925124, 37.767382107317], [116.46230147638471, 37.76797353710662], [116.46439571626718, 37.770168531911054], [116.46220266845596, 37.77587297165297], [116.4629009389202, 37.778071162852406], [116.46659034206377, 37.77976237914998], [116.47665822213591, 37.77743714710465], [116.4794490033555, 37.778729498292364], [116.47705768763542, 37.78433534044864], [116.47964947179055, 37.78872785215363], [116.47825473948198, 37.79353107637438], [116.48054731808233, 37.796624467203394], [116.47705987831324, 37.80343307198741], [116.47137842583719, 37.80424774106051], [116.47566508511997, 37.808536118414374], [116.47995089533542, 37.81002441144808], [116.4764632545789, 37.81553307652184], [116.48722789246311, 37.830801123765326], [116.48613214216303, 37.83390379663036], [116.48164799959137, 37.8354161694686], [116.48414011641987, 37.8422081795396], [116.48095149008391, 37.8449166395253], [116.48603440772253, 37.85060149876397], [116.47826184511128, 37.855422296347136], [116.47925973030608, 37.866317786289514], [116.48224957052396, 37.86710943114537], [116.49301039402596, 37.860179728379244], [116.49480441200264, 37.865273584317826], [116.50307347982258, 37.86224938505177], [116.50765677047238, 37.86503512698589], [116.51632460912222, 37.86280957668838], [116.51931386135863, 37.863400664926885], [116.51154312694895, 37.87152235182006], [116.51951460326823, 37.876297870018284], [116.5175225418996, 37.88290256408076], [116.52111085115433, 37.89359011166146], [116.53207383791747, 37.90065783916922], [116.52988144940693, 37.9031633896109], [116.5299813839302, 37.90556266169894], [116.53765650711084, 37.90674185081075], [116.53945111012361, 37.908336938567395], [116.5372586945029, 37.91504129982925], [116.5435400492267, 37.91912469028449], [116.54294239036632, 37.924325134018346], [116.54433879366209, 37.92862089890137], [116.5507216306196, 37.932905320561815], [116.55022373157198, 37.93990502271179], [116.55690781940044, 37.94698952049101], [116.56409470859768, 37.96887173429446], [116.57078391868203, 37.98035882084376], [116.56858806577941, 37.98436122911296], [116.5701857843334, 37.98825802644672], [116.57028697158353, 38.00035532713947], [116.56879175615491, 38.02045329567818], [116.5520281325601, 38.02088419357143], [116.54833777514025, 38.019492688284124], [116.5431526479347, 38.02070468985336], [116.54225513712205, 38.019207210203625], [116.5263066472374, 38.01745010383701], [116.5258086612066, 38.019950988015076], [116.52092589512174, 38.0199650431422], [116.51803595815616, 38.01697414437296], [116.51136051028611, 38.01779382771421], [116.51215781669032, 38.01999097539409], [116.50787354554757, 38.0187041068911], [116.50697653739098, 38.015707439538424], [116.50468489681116, 38.01421465227832], [116.49940479582799, 38.01643003924097], [116.49820966620409, 38.020232807316624], [116.4941247829763, 38.020644853108465], [116.49292931300356, 38.02194809992942], [116.49362716234548, 38.02544530630461], [116.49073778219486, 38.02615362729463], [116.48774799489865, 38.02126331537944], [116.48824565528709, 38.016462899034195], [116.48625268134029, 38.015668778464246], [116.48515617282808, 38.01227261251425], [116.47818048452129, 38.014091524677504], [116.47987556981785, 38.02128540361168], [116.47339750549864, 38.02460192008716], [116.47220052676414, 38.01750648988256], [116.47020650756015, 38.01471210858253], [116.4423777274495, 38.0131689150112], [116.42320442413822, 38.01039029118938], [116.41391032003322, 38.01089434476929], [116.4039117162681, 38.014293797562864], [116.37689005145876, 38.0194727884094], [116.35715585778982, 38.01964344561259], [116.34984055843042, 38.018130853034684], [116.33380411196232, 38.00780285564873], [116.3126557315463, 37.980069474164324], [116.28400914804793, 37.96323212409413], [116.28220813510947, 37.970228857932426], [116.27210061399656, 37.97032070132603], [116.27199962587426, 37.962122341728964], [116.2685981152528, 37.96172050901329], [116.26759808573695, 37.96431948763036], [116.26239734746473, 37.965917242590145], [116.25279868399018, 37.962117174685986], [116.2495997543292, 37.957518614849064], [116.23301529585515, 37.95222832049188], [116.21494830883015, 37.96714519242033], [116.19379887993023, 37.969078622377125], [116.18472298534245, 37.96679568796443], [116.1807331692515, 37.96010454281038], [116.17614588083518, 37.96041310935781], [116.17524811858233, 37.95831523015599], [116.17415052258974, 37.952918400292035], [116.17933539998008, 37.94611003670694], [116.17674120996769, 37.934417273797486], [116.17025771277228, 37.92263175049783], [116.16397417747773, 37.917544273981164], [116.15988477514522, 37.91545196332968], [116.15539664954518, 37.91805917865555], [116.1459191953232, 37.91487485147499], [116.1268563717898, 37.91429805185205], [116.11157447522639, 37.911107997679714], [116.09708088439726, 37.91180772126248], [116.09718142165482, 37.9164068673642], [116.10008189746156, 37.92350623789355], [116.10638023353653, 37.92960539103786], [116.10677984444622, 37.92820563246336], [116.11017773337856, 37.92940481179228], [116.11297610278936, 37.93520280838219], [116.12016884746751, 37.93969824929245], [116.1216677160156, 37.946595832656776], [116.12646089585631, 37.94749181678072], [116.12706014452935, 37.949090952248575], [116.10668244519478, 37.94980129597193], [116.09468653777536, 37.960397079184375], [116.0779795441134, 37.98117917190764], [116.07217392856782, 37.991969297331245], [116.06847024806821, 38.00596073730068], [116.06356290716391, 38.01275102050316], [116.04853240671781, 38.02541735041926], [116.05555021694711, 38.03922989004219], [116.05985905577472, 38.03893859322197], [116.06376585443773, 38.03474671308596], [116.06897434649755, 38.03425552508848], [116.07468238185885, 38.03656329647317], [116.07668533265627, 38.041964726027516], [116.0715794465812, 38.045657058077005], [116.06977674297515, 38.04445461504234], [116.06577057862424, 38.04554791387829], [116.06396768199149, 38.047244433782446], [116.06517010682062, 38.05014592168951], [116.05635357982513, 38.05322860721747], [116.05665454536638, 38.05602863834997], [116.0595604199334, 38.0555345274176], [116.06096346160349, 38.05823664436726], [116.06156628673442, 38.07253481176186], [116.05314896026451, 38.07371758836194], [116.05395133820268, 38.0786183130428], [116.04984183188766, 38.07870921419777], [116.0501429052377, 38.081709287312144], [116.04372673258331, 38.081394154676005], [116.0437270027362, 38.0836936882622], [116.03750994255937, 38.08357785846686], [116.03971688984952, 38.08998231006304], [116.03570608490496, 38.09487080133711], [116.03660923954722, 38.09957227257348], [116.05465718278072, 38.11501258760514], [116.0596685952405, 38.12312119327741], [116.06097257793716, 38.135421393434406], [116.05666402945154, 38.136412745784156], [116.05756637558444, 38.14031386594525], [116.05576333638258, 38.146809015601264], [116.05355854438533, 38.14730426392625], [116.04273116120723, 38.14168005024399], [116.03561135526252, 38.14226152166371], [116.03069617061995, 38.137249008834296], [116.01645089931708, 38.137107771321126], [116.0083231276582, 38.130184574180134], [116.00019587237689, 38.12896020040198], [116.0011994640244, 38.131162821097405], [115.99939347358719, 38.131257354268634], [115.99257051402222, 38.12653784415686], [115.98655146141073, 38.12821995373025], [115.98203808577306, 38.13340617412599], [115.9797310831032, 38.13299984268686], [115.97902938384283, 38.13639729164754], [115.97842736194545, 38.13429603190941], [115.97652174430173, 38.13389095194568], [115.97622119546796, 38.1366896333279], [115.97752505422262, 38.13729303230612], [115.97602084635406, 38.138688733306154], [115.96729696702081, 38.13896634179508], [115.96689617170486, 38.1410649855729], [115.94444957532505, 38.14491823796455], [115.94274731765964, 38.14781500436131], [115.94405029576654, 38.156715520115945], [115.9411472845056, 38.167709143771766], [115.92303100705057, 38.16738919087844], [115.9198302911913, 38.16948682380764], [115.92102994481941, 38.16388845890759], [115.91582922522578, 38.163385963527816], [115.91262917114871, 38.15978558940647], [115.90653134713652, 38.158985110738335], [115.90453349213655, 38.167383849187964], [115.89953739309226, 38.16718501483749], [115.89324472455868, 38.171787162304504], [115.8964421036365, 38.18138394479006], [115.90143756304145, 38.18318187938084], [115.9049355772392, 38.18798051498959], [115.9052371651258, 38.20357817908821], [115.8940475264638, 38.20498163326682], [115.89444759670955, 38.20978074302665], [115.89005345641885, 38.21138328137725], [115.89035348380746, 38.21528254127479], [115.87667707931854, 38.21859508889832], [115.8782750389593, 38.22809202824945], [115.87418329649392, 38.228496867677755], [115.87109055439102, 38.234000228486316], [115.86699995685748, 38.235105833741414], [115.86720008798753, 38.24030493803233], [115.86221220600217, 38.241412349236626], [115.86181343736966, 38.24351274031221], [115.86321033548663, 38.24651022790011], [115.8675001954019, 38.2473037248018], [115.87029481906647, 38.25579890403091], [115.86530665867865, 38.2586057804539], [115.86331184914062, 38.26180850320716], [115.86011984280512, 38.262213504582164], [115.86002053265463, 38.26601330853886], [115.85613066663147, 38.26681966155913], [115.85283973217605, 38.26952506215398], [115.85283997435964, 38.27162487705328], [115.84306717326403, 38.27304235844629], [115.84117311898642, 38.27804545552139], [115.84177160638797, 38.27964421411186], [115.8448628807374, 38.279638505062636], [115.8447633574483, 38.2813385537393], [115.84246983723716, 38.281442776834524], [115.84316875490958, 38.2891409114252], [115.83708611952106, 38.28965222336986], [115.83788431495135, 38.29375044588421], [115.83579032708896, 38.29395436575101], [115.83608967989127, 38.295753685739875], [115.8382833959867, 38.295649573627344], [115.8388820244216, 38.29854826978936], [115.8422723359045, 38.29814197469121], [115.84436685146298, 38.30183788395096], [115.84825594669043, 38.30143082566019], [115.8501515266326, 38.30832705226479], [115.85603589811204, 38.309916755734626], [115.85613618994036, 38.31471635738582], [115.85384278087705, 38.319120082909144], [115.85194777935249, 38.31822341717114], [115.85035250691686, 38.32152610060084], [115.85414394596202, 38.336119021860185], [115.85593933616772, 38.33741592969461], [115.85155112867267, 38.33782349737678], [115.85165118171817, 38.340623266547816], [115.8492577874915, 38.341127503434436], [115.84995627353774, 38.34462620190105], [115.84756287192667, 38.34453049924439], [115.84736366974046, 38.34663083298264], [115.83499884112175, 38.34755377271613], [115.8339017390856, 38.34545586150522], [115.81066612385325, 38.346097915588494], [115.80029213158568, 38.35111413168601], [115.79680043078737, 38.35501903503007], [115.78931626219948, 38.35892847627016], [115.75915464450412, 38.36294794121667], [115.75855605499365, 38.37214809481693], [115.74485835693902, 38.37024552261261], [115.74415766111359, 38.36534514766933], [115.74155694709047, 38.36464379951834], [115.74005586941668, 38.359842888100715], [115.7373545832408, 38.35894108686593], [115.72354369701253, 38.360428005801296], [115.71673570462943, 38.362919385274736], [115.71543449639398, 38.36771762998249], [115.71132857288374, 38.36811168365046], [115.71132882088139, 38.37021171091513], [115.71463371763062, 38.370616539838544], [115.7161366655037, 38.37791877780647], [115.73305477968404, 38.38223803230766], [115.73705786844575, 38.3879413894577], [115.73755874783454, 38.39324194674389], [115.7313574287575, 38.41503805852702], [115.7220513294985, 38.43903004022434], [115.72465546833668, 38.44983420183009], [115.73076174699148, 38.45534116420118], [115.75177150150476, 38.48195666730552], [115.76226733169875, 38.486057135445996], [115.77645290154511, 38.48885081820947], [115.78404186870958, 38.49434516209998], [115.79741773373297, 38.51263244749175], [115.80669671287063, 38.51981998652925], [115.82175765322418, 38.527995708751696], [115.83292566011194, 38.52567446899747], [115.83571717400253, 38.52166841073339], [115.85366646365667, 38.51863505124004], [115.85416530146372, 38.52013448568468], [115.85596051810298, 38.52003140334129], [115.86962638298928, 38.51590941762711], [115.87192115243714, 38.514706075744776], [115.87142206969159, 38.51320645570781], [115.87351763999534, 38.514003865227124], [115.87431573946436, 38.51210249653233], [115.88080283750222, 38.510594736887185], [115.88489580893122, 38.51139088557813], [115.88749216836676, 38.51558945103478], [115.87431701392757, 38.52310463153537], [115.8746166679823, 38.525504743494025], [115.86164685541517, 38.52832377052771], [115.85905329163224, 38.52712769239435], [115.86434050827876, 38.53082011533401], [115.87890851159212, 38.52900040634949], [115.8842996495244, 38.53599639872041], [115.88959143463468, 38.53609202617083], [115.891588479399, 38.53439027306852], [115.89088929572345, 38.53329050434326], [115.8967818319075, 38.530886659318476], [115.89658151557371, 38.52628579273269], [115.90277564015405, 38.52458341861007], [115.90647354635513, 38.52728353756058], [115.92287204032615, 38.52658874993165], [115.9240729645727, 38.53029038482566], [115.9269744370575, 38.52969261871283], [115.92887605290719, 38.53269500299], [115.93327953363104, 38.53059922742083], [115.93267923904556, 38.532999049323365], [115.93728419038895, 38.53350482542952], [115.93948664098949, 38.530907307002906], [115.94168999988739, 38.53391118507273], [115.94128919018655, 38.5318101327776], [115.9447946333748, 38.533516006324014], [115.94439374678824, 38.53131488269674], [115.94649712258503, 38.531018332444155], [115.9462975171285, 38.53731934501061], [115.94790034352337, 38.53812230342851], [115.94820124110343, 38.54132354709173], [115.94479569796961, 38.54271803062304], [115.94499636442475, 38.54571904391984], [115.93988905387971, 38.547211486808706], [115.93958886490394, 38.549011474526644], [115.94149148498815, 38.54921431514821], [115.94049047582837, 38.55251360483853], [115.94359516902638, 38.554318788451994], [115.94519821422612, 38.558922516089], [115.95000664191525, 38.559831180446324], [115.94930554152845, 38.561430290019125], [115.95161023989134, 38.56473542179111], [115.95391481151299, 38.56473992485246], [115.95822483361401, 38.57175066771188], [115.97195954283798, 38.57338362853504], [115.96644615687421, 38.584973025122125], [115.9671494530267, 38.597678365215664], [115.97005840416463, 38.60828875660774], [115.96905635214578, 38.61378795377881], [115.96494628620152, 38.618879578790626], [115.96003454711077, 38.61996867574199], [115.95692856974904, 38.62856477766866], [115.95191813010798, 38.627654386324664], [115.95141751077561, 38.63065442534941], [115.95211871863603, 38.62935533608266], [115.96996084551922, 38.63149595746055], [115.96945979916573, 38.63409557531387], [115.97928800700453, 38.63612207927187], [115.98089340942225, 38.64092815639964], [115.97979119106586, 38.6504284490466], [115.97588037764412, 38.656720120093276], [115.97939218375272, 38.66913423201546], [115.97126867271515, 38.66801227524987], [115.97477967621815, 38.677825143223984], [115.96986594892556, 38.67741232118783], [115.9687628277958, 38.67600902427125], [115.96796120857098, 38.680308715958006], [115.96575551756536, 38.680503441946186], [115.9646529528077, 38.682401566968174], [115.96605737489789, 38.68980785450856], [115.96154630739493, 38.69049761138959], [115.96084616853972, 38.70350136114985], [115.96736228010069, 38.70291637169317], [115.96866638285172, 38.708621968498235], [115.97217604932654, 38.709631261606106], [115.96956939543053, 38.71372638465044], [115.96786482493056, 38.71342202858336], [115.96696297156534, 38.7177216716886], [115.96515817296458, 38.71621668896621], [115.96395541962987, 38.718414802738906], [115.9589435590314, 38.718803661750655], [115.95633807606832, 38.721199155873016], [115.9547354299648, 38.727598669466545], [115.95002675367432, 38.73269180701562], [115.94982678008002, 38.736092963562264], [115.95613963405671, 38.7382062901678], [115.9553381162553, 38.739805362662736], [115.95744294706296, 38.74231089002313], [115.95774419725898, 38.747313826047176], [115.96315704349979, 38.74912669787749], [115.96365868626704, 38.75262948924161], [115.96726795690486, 38.753538515311995], [115.96676706504779, 38.75703893936753], [115.97388635604509, 38.75655667108237], [115.97689559202283, 38.761266879933274], [115.9764947485892, 38.764067136327], [115.98120863591994, 38.76247925489251], [115.9865261033716, 38.77029804582185], [115.99023794323622, 38.7698085804752], [115.9894355271398, 38.771306959499874], [115.99314803695398, 38.774919626926675], [116.00107484962008, 38.7787452299023], [115.99786450581063, 38.78213723285905], [116.00047361504423, 38.78534667215553], [116.00378475027918, 38.7853566834502], [116.0024810973787, 38.79155583241451], [116.0073976094894, 38.79107047249184], [116.00729785661838, 38.79597263734844], [116.00579297168355, 38.79756888778121], [116.01271657460283, 38.80009109479051], [116.02265048669851, 38.80952542705975], [116.03027510401228, 38.81394949858105], [116.03508975838302, 38.815163325862024], [116.04551842993004, 38.812388550338554], [116.05143395061778, 38.81920584159508], [116.05213574511913, 38.820408027062925], [116.0416101633571, 38.830388360880654], [116.05484692180973, 38.86163614885101], [116.05655212428917, 38.873846514088186], [116.05645218994536, 38.87614760414133], [116.04773221511407, 38.8794302423502], [116.05274544550925, 38.888646838449375], [116.04482633729756, 38.892630809443645], [116.04783450076171, 38.89614001031819], [116.06126509501566, 38.90167163441049], [116.08049300623648, 38.90540236979963], [116.0818943125806, 38.90610424374151], [116.0813940979524, 38.907804717272846], [116.09170043776545, 38.91171532359076], [116.11898708484718, 38.910714091919836], [116.11718988359185, 38.91641843636108], [116.13176907722412, 38.921809854521435], [116.12987316537809, 38.927915413693206], [116.12677814601895, 38.92681770121189], [116.12927455610772, 38.930917782427564], [116.12737830508664, 38.93592254790848], [116.14284877297449, 38.93860605648396], [116.14654059278882, 38.9405018421516], [116.1470396924589, 38.94270240563438], [116.15063119952873, 38.94379750573366], [116.15053173687885, 38.94619909799024], [116.15821261244237, 38.9493882704289], [116.16230129949989, 38.945778935596245], [116.18613418424188, 38.93752980173262], [116.21416225159824, 38.923074548174085], [116.21286496422891, 38.92237596069531], [116.21216565508057, 38.915372852274615], [116.20977090723423, 38.914475843339375], [116.20598000021512, 38.91658290903048], [116.20478255288319, 38.91388323541746], [116.20837364839979, 38.910575679522054], [116.20837265434244, 38.90227085770503], [116.21156538627689, 38.90206597731156], [116.2103670129343, 38.89326266357644], [116.20777264601314, 38.89056504037772], [116.20817141742073, 38.88806299693955], [116.21206242957012, 38.886556347786374], [116.21435625530178, 38.8764473711475], [116.21345787942995, 38.873947215947176], [116.21754928695032, 38.873441392155975], [116.2181478137008, 38.87113932624322], [116.22473570469094, 38.87263234325246], [116.22613287929256, 38.86892877566077], [116.23801647609349, 38.87272082423572], [116.24251076671374, 38.864113481974066], [116.25480252973155, 38.86040833100468], [116.25340177086751, 38.84970250076247], [116.25510080771691, 38.84670079238522], [116.27680473973842, 38.8399057265093], [116.2786062348303, 38.84070764051981], [116.28100819741009, 38.83960919260325], [116.28060766463915, 38.83820806563565], [116.28471163263683, 38.83721158160008], [116.28170747907524, 38.82800363675223], [116.28731338167238, 38.82700897712679], [116.28931554936979, 38.824509986672], [116.28711239613091, 38.8207054200773], [116.27940475659133, 38.822598660936556], [116.27790290921011, 38.81739464427669], [116.29612367911513, 38.812712604804354], [116.31696194533204, 38.813246574786895], [116.3261816347607, 38.81186291671014], [116.32547982337927, 38.80966045182843], [116.32698315824908, 38.809763345615046], [116.3273842752195, 38.81166509045422], [116.3443217826485, 38.80779532537746], [116.37518006054128, 38.79744034890561], [116.37477897363317, 38.793437813240686], [116.37938540512836, 38.79234286235126], [116.38038706176694, 38.79514540282265], [116.38279004381718, 38.795047925011666], [116.39640161893077, 38.790756393294494], [116.41600143775388, 38.78145378179954], [116.42908906223782, 38.77134069543528], [116.43797426939706, 38.75642368043497], [116.44186454719178, 38.73410801053605], [116.43916863986325, 38.72700866933356], [116.42678470404658, 38.71341624672451], [116.41689295623824, 38.7152228644912], [116.41479329176839, 38.70972119240626], [116.40969482713113, 38.71072243178248], [116.40679416101243, 38.70381947851712], [116.4017934271377, 38.7041186630996], [116.40139296976913, 38.701317376805086]]]]}}, {"type": "Feature", "properties": {"name": "廊坊市"}, "geometry": {"type": "MultiPolygon", "coordinates": [[[[116.89290118104525, 39.71383429116071], [116.89270166561572, 39.71743490023624], [116.89050224649033, 39.71713630482357], [116.88870323845268, 39.71963795801818], [116.8934026350443, 39.726535669125234], [116.90550434075607, 39.72713164354524], [116.90570461932327, 39.728631817302684], [116.90850619761217, 39.728731789951695], [116.9082062167359, 39.7304319907556], [116.9226214422431, 39.73243733900597], [116.92232155882563, 39.736937685390735], [116.91881683827744, 39.736735613430156], [116.91861688623737, 39.739135799740126], [116.91701498564105, 39.739035049818995], [116.91661490516285, 39.74203523630083], [116.92041964463473, 39.742837202071506], [116.91781675794493, 39.745936207304936], [116.919118477053, 39.74703697004873], [116.91781713853085, 39.74903655764443], [116.9135130586838, 39.752735399045875], [116.91321331043332, 39.75703578570327], [116.90740890055807, 39.75623496638755], [116.90540829052469, 39.75973542758903], [116.90830992112494, 39.760135396701045], [116.90771010676386, 39.76463584712532], [116.9142155647783, 39.76773717003189], [116.91651740956816, 39.76333753141433], [116.91942074842389, 39.76243879598218], [116.92132346072056, 39.76394004504293], [116.91992189698047, 39.766539487055084], [116.92683273691478, 39.770144753531056], [116.92242662010376, 39.77694203406684], [116.92763553904203, 39.78164655675123], [116.94527537757247, 39.78246927838541], [116.94858435815443, 39.7795747059903], [116.95189434256399, 39.78028089476688], [116.95179381135596, 39.778480535130086], [116.95309786526116, 39.77858306626217], [116.95570633044669, 39.77968840103785], [116.95400169235455, 39.786485571962565], [116.95982103925016, 39.78719782657914], [116.95962053623714, 39.78869751922013], [116.95661090407444, 39.79269143233425], [116.94427410830848, 39.79416867169777], [116.94206860230975, 39.79646540432982], [116.94076600887674, 39.80216392277365], [116.9487878059589, 39.8026770693069], [116.9483868749244, 39.80457650493605], [116.934953803689, 39.813256960573604], [116.93485466131199, 39.82195747606721], [116.9318501918687, 39.83645499954474], [116.92333669955768, 39.84794807522665], [116.91632805654736, 39.85164443661883], [116.91432576364556, 39.84984363126202], [116.90872114371547, 39.849342594966245], [116.9081201470357, 39.84434226456198], [116.91332283236943, 39.833742336088626], [116.91102061572055, 39.831641716902254], [116.90611758608007, 39.832641541598505], [116.90051596923216, 39.83524271035634], [116.88951849379916, 39.846549153830665], [116.88422118819575, 39.84625356142002], [116.88452062853126, 39.84325309855758], [116.87962443211413, 39.8447581158668], [116.87782580441676, 39.842960014253215], [116.87203208683546, 39.84496729807403], [116.87143315542836, 39.84796827825331], [116.86314434642998, 39.849980389699894], [116.85845274010937, 39.86018847592696], [116.85316138542322, 39.85969739560256], [116.84537607551592, 39.86691168995732], [116.84288054305895, 39.865816216542214], [116.83110457210933, 39.879838972583], [116.82301979586055, 39.87985397856172], [116.8218223305894, 39.88245629327037], [116.81912724177091, 39.88246115726801], [116.81832972630312, 39.890862990709145], [116.81433674470178, 39.89076999103907], [116.81423632992566, 39.88606993720695], [116.81034289207743, 39.88607653072353], [116.81014234529417, 39.87907651503437], [116.80145602844127, 39.88209030874464], [116.79316740005795, 39.888001970693345], [116.79077061440873, 39.89260513202895], [116.78827551961413, 39.91160887604653], [116.78937765352354, 39.937208699109355], [116.79327369631388, 39.939104068856174], [116.79047712979893, 39.94200760995193], [116.79137627486679, 39.942806566051395], [116.78897942182054, 39.94810959471025], [116.783984581652, 39.953715121934735], [116.7843846015311, 39.95641483405785], [116.78188656774694, 39.957017243656345], [116.77948877864674, 39.96211954278586], [116.77928814311046, 39.95611946990168], [116.77618975025176, 39.9559218585639], [116.77089172512521, 39.95732522976672], [116.76679271007653, 39.961127248575245], [116.76559254565888, 39.95982762611035], [116.76339273240606, 39.96272838906704], [116.76419365511117, 39.96932843804301], [116.77249387318633, 39.97762514737507], [116.77289449621645, 39.983525149731705], [116.78149150594113, 39.99401910851571], [116.78189250065711, 40.00411917958874], [116.77659673412303, 40.0128239346203], [116.78169501238484, 40.022920217422396], [116.78149573146435, 40.027520619245486], [116.7835943075389, 40.028418700392066], [116.78389472935822, 40.0336186659155], [116.78759184078706, 40.03601494895654], [116.79238693626306, 40.036209356820166], [116.79628225426067, 40.03570429470273], [116.79568274674436, 40.03370499538491], [116.80636732616469, 40.02998918354563], [116.809462831465, 40.033384355831366], [116.81685008905784, 40.03217169351067], [116.81774865284113, 40.033470170926996], [116.82134196118756, 40.03206365392811], [116.82124185582717, 40.02976372087206], [116.8260329021782, 40.029454921130075], [116.82603315292954, 40.031455020057365], [116.82782982244538, 40.03195170853061], [116.82633376765557, 40.040854944954745], [116.82922829846507, 40.04094956228995], [116.82873008682056, 40.04765085215134], [116.83771321009769, 40.04963412207276], [116.83751392751705, 40.052334646092774], [116.85548153956832, 40.0530022277576], [116.85618077238071, 40.05610122181166], [116.86376865481901, 40.052988804820664], [116.86207091746766, 40.05119133938334], [116.86686403645768, 40.05048403041172], [116.87375469227285, 40.04297419263891], [116.87665159326501, 40.04217059099024], [116.88104784409114, 40.043265752584155], [116.88664464250685, 40.04726068128134], [116.8962418348249, 40.04705430949703], [116.89784166222839, 40.04565352712481], [116.8983419144105, 40.04745342550762], [116.90754503365416, 40.04845169258994], [116.91405073010709, 40.05385294741483], [116.92015767066708, 40.05365554629386], [116.9239621355487, 40.04575758193543], [116.93017319734365, 40.04856316102057], [116.93257863271975, 40.05406602854481], [116.9348832711566, 40.05226861854325], [116.93408200717006, 40.055967866213], [116.93638711768503, 40.056370731510846], [116.93768969833762, 40.05307225125647], [116.94480756106637, 40.05198278133738], [116.9449076338089, 40.05038285619383], [116.94220044897713, 40.05037856855876], [116.94470696295402, 40.04938247295197], [116.94360382500018, 40.04798062194803], [116.9448069475437, 40.04708251058071], [116.94921978686158, 40.049690256021776], [116.95052313618514, 40.04539241385295], [116.95102519401746, 40.04969358630194], [116.95132520768946, 40.04249376363125], [116.96798372478234, 40.05253067605541], [116.97039288128673, 40.05193662943409], [116.97099484277636, 40.04893798478574], [116.9754124907402, 40.04974948063493], [116.97701849465398, 40.045553534884576], [116.97852470545159, 40.04565761004498], [116.97601424798219, 40.04435078591697], [116.97671669236841, 40.04105248740699], [116.97490920987991, 40.03984762253931], [116.97731866338663, 40.037153902259064], [116.98444890545815, 40.039573751326756], [116.99238361253381, 40.039996749298204], [117.00644611999385, 40.033438616949155], [117.0069481032862, 40.03114002209827], [117.01759633140048, 40.03247211879865], [117.01739561452781, 40.03387159150738], [117.02050951477487, 40.03418082604601], [117.02091102096571, 40.03208190233397], [117.02392423547683, 40.03179068679551], [117.02723886421197, 40.03370031089214], [117.0281423816818, 40.03090273848907], [117.0312556690972, 40.03141149485956], [117.03025191196531, 40.03510888442742], [117.03487121527141, 40.035321587989564], [117.03336562007608, 40.04011774568014], [117.03959136225721, 40.04373449918762], [117.04501323631668, 40.05074849968661], [117.0498311480426, 40.05245998179165], [117.05785841844978, 40.05247727137893], [117.0575576074452, 40.05367673142348], [117.06006564462238, 40.05438173302765], [117.05846143969148, 40.06077895512415], [117.06177169083534, 40.06058533218546], [117.06177188910272, 40.062085421184655], [117.06768880592013, 40.06149575482073], [117.06869174358049, 40.06329748125231], [117.07711255635263, 40.0656095654459], [117.07611077335636, 40.069008510858666], [117.08763314568618, 40.07022046354441], [117.08753249324275, 40.066520156138466], [117.08943544314718, 40.066621565404795], [117.08973634015248, 40.070021982939906], [117.0917391657446, 40.07002325732715], [117.09214056868532, 40.07652390666523], [117.10395212750569, 40.076227539715], [117.10485289244805, 40.077827669420714], [117.10775434031967, 40.077727502498995], [117.11045519253274, 40.07712698800808], [117.10865422939538, 40.07422715078977], [117.11185538210471, 40.07612655431436], [117.11055491214634, 40.07482681460694], [117.11355525525848, 40.07332581565986], [117.12155439291632, 40.07372163761679], [117.12395328755228, 40.07231979815999], [117.12575262572, 40.073918446528], [117.13244753281677, 40.07021178312067], [117.13504478230348, 40.0670086815281], [117.14573220335369, 40.06549451756456], [117.16280576871317, 40.070666843417065], [117.16669958416345, 40.07716024019821], [117.1629068397708, 40.08006727637707], [117.1819702677802, 40.07443160664959], [117.18206987819254, 40.072931323309334], [117.18676084226838, 40.07212253549964], [117.18666085901697, 40.07082263772452], [117.19005483832429, 40.07341656601487], [117.19035461254173, 40.075916182100684], [117.19285013857974, 40.07681172744167], [117.1879598145808, 40.081420935201265], [117.19175340514757, 40.08631434876265], [117.1968438831694, 40.08370511853775], [117.19524645589696, 40.08170778658926], [117.19814039672343, 40.07450225308415], [117.2050284998146, 40.07139055996082], [117.20402978262909, 40.068992021987654], [117.20572702621988, 40.068589266485084], [117.20682553919184, 40.07028763691528], [117.21161862812345, 40.071580449475704], [117.2144154938782, 40.07677679334518], [117.21461540160341, 40.07807660140874], [117.21002175920337, 40.07798323001731], [117.21032166678384, 40.08058295545332], [117.21421667983853, 40.08377754230438], [117.21781197209279, 40.08267260980515], [117.22150673516367, 40.074967473383445], [117.22610184894056, 40.07236211593822], [117.22929844257807, 40.06675854134608], [117.21830909776511, 40.06537084563702], [117.2157125293106, 40.0670743893135], [117.2100200346178, 40.06488239859109], [117.20892183483913, 40.066284144592736], [117.19943727228338, 40.067799601852734], [117.1984383336472, 40.062801007639564], [117.19055265721141, 40.063915064940396], [117.18825646354458, 40.06031904984296], [117.19055166692652, 40.05641462196325], [117.18985268691908, 40.05431577499374], [117.19514233295692, 40.0491059682785], [117.19344520783342, 40.04770890928503], [117.19324497707156, 40.04320902337181], [117.19424106058017, 40.0272064246225], [117.20052948878251, 40.022895299155415], [117.19963038442965, 40.01809659534186], [117.20202578416479, 40.01379236425293], [117.20172595309502, 40.01129274880408], [117.20412210769116, 40.01188883265349], [117.20212448817993, 40.00519181096255], [117.20451911520088, 39.993987399267695], [117.19972661125755, 39.990695213198705], [117.1998260599897, 39.987794921687446], [117.19733037317297, 39.98779921201994], [117.19752940613313, 39.98309866991743], [117.19443469926902, 39.98160404347632], [117.19453432254268, 39.98010380445687], [117.18505171822055, 39.9786210337116], [117.18614809748702, 39.966918520050115], [117.18235445509345, 39.960425326496946], [117.18035829981474, 39.960629075438646], [117.17766404062746, 39.96503431141737], [117.17277325866934, 39.964243440003195], [117.16728388712568, 39.966953700959365], [117.17137592525715, 39.96444605008629], [117.17277213730077, 39.95574309875602], [117.17097522521061, 39.953446350063324], [117.16508594707352, 39.95215710101288], [117.15749843270383, 39.946270221806095], [117.15350525087811, 39.94867699290065], [117.1524068101234, 39.947478728106816], [117.16009363219275, 39.943365623738615], [117.16388614039066, 39.93725865667965], [117.16149015490406, 39.93546284862567], [117.15649890310807, 39.93727155182064], [117.15290431322825, 39.934477392638485], [117.15420141675654, 39.928075005369], [117.15639752152919, 39.92557123710563], [117.14231750977844, 39.92179279413875], [117.14900829715579, 39.92018295909635], [117.15200277150956, 39.91227790611107], [117.16528009559475, 39.91055501119804], [117.1640816525076, 39.90595696784571], [117.1570934451151, 39.90346909445348], [117.15469691792642, 39.90007296213075], [117.15559514645035, 39.89767135490067], [117.16487819658637, 39.890654821372394], [117.15878742367161, 39.87946503991152], [117.1593860587586, 39.876863870196566], [117.16427788100408, 39.880055379649924], [117.16906886648552, 39.87824655308286], [117.17106459352048, 39.874142647136026], [117.17306077415516, 39.873738908947544], [117.17695403431645, 39.8788318812725], [117.18084607786933, 39.874924373458555], [117.17296046380277, 39.869938894367905], [117.17485661375937, 39.868035246017115], [117.18134417955572, 39.867723056020694], [117.1848381159388, 39.87221676911733], [117.18773235245074, 39.8699112843992], [117.18723270016565, 39.865411961498985], [117.19342158763787, 39.867900833107505], [117.19961003500902, 39.86288973883932], [117.20609952115785, 39.86357909719023], [117.2167842177228, 39.86136334469292], [117.21878132923959, 39.85766053166625], [117.22647342991748, 39.85775158850532], [117.23416738409645, 39.85404428352738], [117.23586652105418, 39.8542429982417], [117.23726639161403, 39.85814223150077], [117.2432645210033, 39.85703870488536], [117.24616489230142, 39.86173776798526], [117.25386626305654, 39.86233612829797], [117.25796767931504, 39.85903596501789], [117.25836752527145, 39.85613583473787], [117.26637209819525, 39.84463713979301], [117.26196829219815, 39.843935700617514], [117.25966617080624, 39.83973499533778], [117.26146703098189, 39.8370351479977], [117.25816468198555, 39.835134517441595], [117.25986545274931, 39.83323460065413], [117.26256741824461, 39.83373519085272], [117.26356785926778, 39.83103528570435], [117.24236182861121, 39.83513779137667], [117.23296529216935, 39.83254391064541], [117.22706909803307, 39.828449125860224], [117.22647006095305, 39.83184997883144], [117.21887807510198, 39.83355891442999], [117.21478302028058, 39.832664294535526], [117.21378480773548, 39.83626592643261], [117.20709410567405, 39.8338757234447], [117.2062955974172, 39.83587711083409], [117.19860802455847, 39.834389716610396], [117.20150212578879, 39.82678429289249], [117.19691010198045, 39.827692201937836], [117.17365324651136, 39.825034837724566], [117.17365265653261, 39.82053451724779], [117.16896128769037, 39.81914313033093], [117.16556806535984, 39.82324963244021], [117.16536812577385, 39.82094982974902], [117.16277250741712, 39.81885434154323], [117.1681613511403, 39.80834378502409], [117.16356968052348, 39.80815210628244], [117.16396764032434, 39.798050575033], [117.16796039554684, 39.79824333759163], [117.16945784116535, 39.79994072156809], [117.17235216271582, 39.79803519234208], [117.17424896515477, 39.801031897700945], [117.17774232176426, 39.80112535440754], [117.17834085053117, 39.798624023949294], [117.1818342039331, 39.798817485953144], [117.18283200094928, 39.79651542591738], [117.18512765448479, 39.79661115265963], [117.18702240528893, 39.783806516183496], [117.20359167848865, 39.77297637936746], [117.20508932344137, 39.77327398413507], [117.20648670984578, 39.76997143742165], [117.21227758572861, 39.76506218559433], [117.20808313183764, 39.761168050493744], [117.20139373587573, 39.7610788094572], [117.19919681972567, 39.756282014997154], [117.19330730540095, 39.75709241904548], [117.19111080328466, 39.753195954265195], [117.17953262879895, 39.75321742369057], [117.17364353332893, 39.750828204238736], [117.16945146422282, 39.7512360429088], [117.16855263526098, 39.74743727281255], [117.17194511778818, 39.73842994044322], [117.16675501547361, 39.740339743694854], [117.16695432275147, 39.73783908159822], [117.16016639960702, 39.737651209218], [117.15966689159137, 39.73485174095843], [117.16096445282304, 39.733349286614505], [117.1597662357827, 39.731151111166845], [117.16176269082959, 39.73054753062916], [117.15966547765429, 39.724050382950416], [117.1653555205214, 39.72474035683482], [117.1637582382762, 39.72354308085546], [117.17064537242824, 39.7217302591682], [117.1714435485425, 39.71922844588476], [117.17274166612638, 39.723526594479736], [117.17523661097782, 39.721021600075275], [117.1756355776762, 39.718920573273984], [117.1700458911198, 39.71713075734549], [117.17074406259258, 39.7131289182018], [117.1755352327271, 39.714820207744516], [117.17713151306415, 39.70961649226889], [117.17473605895994, 39.70952097123782], [117.17493527556852, 39.70642015884231], [117.17703119497027, 39.705716127165736], [117.17503487732117, 39.70481974268314], [117.17772945863496, 39.70261436786147], [117.17593247819757, 39.699517285454235], [117.17633027186001, 39.68841484662901], [117.17413441808931, 39.68821893068655], [117.17652810771555, 39.67471225087132], [117.17253562610057, 39.67431965730655], [117.17303426752102, 39.67111818413794], [117.17103793253455, 39.670421782248255], [117.17113743274959, 39.6680211834483], [117.16624652330505, 39.668330237877726], [117.16634595013362, 39.66532953337088], [117.16514811188748, 39.66523169044823], [117.16724361578578, 39.66002695137432], [117.16953952958896, 39.66122294497313], [117.1704367867318, 39.65301978627389], [117.17283245691499, 39.65431557096706], [117.17283227469761, 39.65291531131816], [117.17572681631873, 39.6531099315957], [117.17672433193421, 39.648607213478904], [117.18411004844388, 39.646893044162894], [117.18430933284003, 39.64429217172945], [117.1794184023254, 39.642500978906675], [117.17921821137573, 39.6381004866902], [117.16434599166809, 39.63792801949856], [117.16105107346898, 39.632232737693], [117.15725751826582, 39.63213928986922], [117.15675805854343, 39.629939686288424], [117.16065112802859, 39.62733242804], [117.15865452135584, 39.62713586103132], [117.15905354405304, 39.624834688195484], [117.15266380948704, 39.62374517739482], [117.15206451193974, 39.6220457824487], [117.14657254617283, 39.622354346768844], [117.14257738387815, 39.61945945512963], [117.1315891517756, 39.62327369311796], [117.13058974458403, 39.62187442619823], [117.13358682802989, 39.61837047982129], [117.12839087497649, 39.61867588628086], [117.12739206827796, 39.62297772913675], [117.12769156992749, 39.62057694397525], [117.12579265285059, 39.620478593274015], [117.11919539515384, 39.62278384569619], [117.11889584665441, 39.62578465635409], [117.11579632385362, 39.62688650115001], [117.11489597210023, 39.62418632948328], [117.1140962905977, 39.62688722122644], [117.10979546734823, 39.62658844424819], [117.10979582076133, 39.629289006026085], [117.10739517394904, 39.63108975397125], [117.08507217180345, 39.63928274284321], [117.06352273275834, 39.6459548997306], [117.0220678678576, 39.655355029382584], [117.0220675998753, 39.65325464152552], [117.01754754862147, 39.65244115589278], [117.01784850534905, 39.64944148899289], [117.0141319767483, 39.649830462279176], [117.01372988420219, 39.647528820004524], [117.0105153646817, 39.646919023163925], [117.01061566476179, 39.645719096551], [116.99604976060209, 39.64267458252172], [116.9973553009035, 39.64037803676299], [116.99625032918094, 39.640074673098], [116.9946433770892, 39.64167019850251], [116.98319306435076, 39.63753616985471], [116.98068255983445, 39.637929246428534], [116.97937741047156, 39.64012608984965], [116.98108454998462, 39.64043085300716], [116.98078421513111, 39.647831449672246], [116.97676793915323, 39.65002092238926], [116.96903684364435, 39.64479995113279], [116.9637180541723, 39.65218856356512], [116.96131044515587, 39.65978445134069], [116.9635192043555, 39.66729081435158], [116.95168031327825, 39.671866534686444], [116.95148041691651, 39.677667123506424], [116.95749981765036, 39.6791794619954], [116.95097989455472, 39.68576748561272], [116.94907542002608, 39.6954654731726], [116.95439272985826, 39.70387684937515], [116.95870653903916, 39.70078538536387], [116.9569013730346, 39.70788256473519], [116.94366179254948, 39.7074580269174], [116.94195699845189, 39.70455496332047], [116.93834851788446, 39.70775020680827], [116.92281866773916, 39.707434169651115], [116.9228177970106, 39.7003331462028], [116.9254216903633, 39.69923492105297], [116.92562174674934, 39.697034755771476], [116.92141566962174, 39.69933208205586], [116.91871207935954, 39.6989305040196], [116.91951277763683, 39.69643054754093], [116.91721000297115, 39.696529444718685], [116.9185107683312, 39.69022908791526], [116.91190382947505, 39.68892661150378], [116.90890191531685, 39.69162663714943], [116.89909794689784, 39.69002783608995], [116.89839800312006, 39.69102824960152], [116.89579770687696, 39.68872903125862], [116.89369834686669, 39.69193064500412], [116.89929848421914, 39.69422840943736], [116.8981985883037, 39.69592907300449], [116.89939881488355, 39.696828766416814], [116.89639930485802, 39.7020307484869], [116.89249992493757, 39.70283298849592], [116.89409973717878, 39.70383218845184], [116.89230060916626, 39.70803385691308], [116.89300115985478, 39.713834230743984], [116.89290118104525, 39.71383429116071]]], [[[116.24698581641631, 39.517858190386356], [116.2506835403473, 39.51845746043484], [116.25378159756892, 39.51435580341766], [116.26077960306083, 39.510154970196815], [116.26387869381236, 39.50165302987113], [116.27338150807584, 39.4973563250077], [116.28158770874902, 39.4963626529804], [116.2859918375981, 39.49226578097894], [116.28849481969846, 39.49216857879722], [116.28919605835577, 39.49507038079621], [116.31153270953223, 39.490801983834515], [116.31353642500855, 39.488204579357394], [116.31303515003451, 39.48610298371282], [116.3187465122421, 39.48181169830653], [116.32024925867454, 39.477913087744234], [116.32596139661658, 39.47462258400141], [116.3266622850341, 39.46912194313341], [116.3311722323025, 39.46742991419431], [116.33167297355784, 39.464229708633226], [116.34189537065215, 39.45764679290831], [116.35061461856442, 39.457062751135766], [116.35161651874517, 39.45496377445563], [116.35632634231098, 39.45417177403309], [116.35722851622404, 39.45677429445067], [116.36915112407614, 39.45699328079868], [116.36915080053778, 39.45439230924142], [116.3739585134494, 39.452898388219985], [116.39398138925652, 39.451817670209415], [116.3995847681532, 39.454021335585516], [116.4059859913021, 39.45142200080344], [116.41518433578015, 39.451621322023904], [116.43176886809395, 39.448209087871184], [116.44055417208743, 39.44409675779257], [116.44334918920016, 39.44729386769247], [116.45651885398765, 39.449771183518166], [116.45671883520424, 39.45387232255821], [116.46080772547072, 39.45456389692872], [116.46220443360949, 39.46016288314433], [116.46011020849318, 39.45876698688639], [116.45472558142194, 39.46638096284182], [116.45492646151779, 39.47758457418064], [116.45313137126153, 39.48058913499338], [116.44993888738826, 39.47919458114802], [116.45023872235423, 39.483495540121766], [116.44245556101018, 39.484208653882746], [116.43976004620717, 39.47951089192492], [116.43446861931555, 39.47751688934714], [116.43347043744618, 39.48011892957862], [116.43177285005156, 39.48012074544586], [116.43147357153286, 39.482621924002146], [116.43616659152549, 39.48261665652256], [116.43347156159473, 39.48912203757797], [116.4273790363994, 39.4856267592429], [116.41858649478203, 39.483431605457405], [116.41778735634949, 39.486432977274845], [116.42018596442031, 39.48783236057971], [116.41978647342198, 39.48963317566132], [116.42198478820342, 39.489531948044025], [116.42408391223661, 39.497333231043456], [116.42907857761423, 39.49792943611986], [116.42488444273698, 39.507736074734495], [116.42098778535437, 39.507138357012224], [116.4199887987393, 39.50933958989376], [116.41479172580254, 39.50934159189393], [116.41359268635247, 39.51334315735783], [116.40899400401418, 39.515744432646365], [116.4078957409243, 39.529048514567286], [116.41169527966986, 39.52954848982261], [116.41309468394415, 39.52794778133921], [116.41179497922079, 39.52734781208497], [116.4173925454026, 39.5260459641879], [116.427683800899, 39.5264397333751], [116.43028033607332, 39.524036644622406], [116.4300800671646, 39.51983554097135], [116.43127845541729, 39.5195342694846], [116.42928079668458, 39.517635605353945], [116.43077805751724, 39.511032090358796], [116.4378674165512, 39.51182423466634], [116.43916476590694, 39.50872152080545], [116.4499428724135, 39.51120529724445], [116.44884618876834, 39.517509237074506], [116.44655130091654, 39.51761318995017], [116.44535425585408, 39.52081614756854], [116.44705067628642, 39.52131350572974], [116.44365862510024, 39.5278209694773], [116.45981961104044, 39.52779087095124], [116.45991960652742, 39.52999131878071], [116.46570272737198, 39.529578123911804], [116.4660016347578, 39.52807696611249], [116.47068710474265, 39.52886581104028], [116.47068760041945, 39.5328670096609], [116.47407654692381, 39.53285838351684], [116.47507357302294, 39.53565661956836], [116.47915986620369, 39.5373462376409], [116.48354427163603, 39.535933747133946], [116.48214969736009, 39.53973874438619], [116.48493980211663, 39.54023108473115], [116.48384423988294, 39.54433535051492], [116.48085513648049, 39.54684435862504], [116.48215087013753, 39.549241464008205], [116.4790618797284, 39.55085037753715], [116.47696968135729, 39.55585738294125], [116.47946093087783, 39.55435027084835], [116.4878311066921, 39.55472696808395], [116.48812982852316, 39.5532256942092], [116.49550262116293, 39.554704573037604], [116.49590071655531, 39.551402475297365], [116.49938760372966, 39.551892232629314], [116.49958671363446, 39.5507913294718], [116.51443063711375, 39.55224723262944], [116.51403325299054, 39.561450941944216], [116.51652396283845, 39.56164359782849], [116.51752086737635, 39.56664198881283], [116.52529265973826, 39.567619677822265], [116.52419693656752, 39.57052357259012], [116.52688741130288, 39.571016044947235], [116.52628976985291, 39.57301825551715], [116.53316611286299, 39.573999463318266], [116.5319706875952, 39.57840383281388], [116.526290412815, 39.578319612349624], [116.52559343838182, 39.58282272432023], [116.52858306315237, 39.58421464089792], [116.52908170294802, 39.58731401497591], [116.52718881886429, 39.59132029202937], [116.5288828573922, 39.59111549412434], [116.52808601848545, 39.594218466339655], [116.5308764284119, 39.5949108856201], [116.530278811412, 39.59761317153559], [116.53386670292988, 39.59820353969119], [116.53356793360099, 39.6001047876604], [116.53645835428789, 39.59989705700636], [116.53675712727696, 39.59779578191508], [116.54174133218064, 39.59748298887728], [116.54174112698462, 39.59578258748423], [116.54762360231248, 39.59456818877831], [116.54702577505478, 39.59847049736956], [116.54832209256219, 39.598367482331675], [116.54672711425762, 39.60247212532594], [116.5492201357102, 39.60286648843879], [116.54872171239239, 39.60446798559855], [116.55101516002996, 39.60216232699285], [116.5513141662696, 39.60056130007424], [116.54961872331774, 39.600264988464225], [116.55161291192468, 39.59675975688802], [116.5596932676581, 39.59904385633908], [116.55929435634258, 39.60054496174814], [116.56338545520238, 39.600737553026285], [116.56288671297405, 39.602538843841444], [116.56797674677506, 39.60283046416825], [116.56777728033893, 39.60423109716435], [116.57276905202492, 39.60632428858813], [116.57207046634433, 39.60892583276955], [116.57366803395337, 39.609323765917715], [116.57187116985605, 39.612126824172584], [116.57536597751123, 39.61282237402168], [116.57366892011854, 39.616725400433566], [116.57177192982503, 39.61712806046716], [116.57167253471947, 39.62082899723916], [116.58515593188721, 39.62071404238174], [116.58495655410826, 39.62451501092868], [116.5913523976602, 39.624710746043284], [116.58865379086215, 39.62411221195519], [116.59435107830166, 39.62300900335593], [116.59525053753228, 39.62040811343941], [116.59775037926109, 39.62230777535122], [116.59865010430477, 39.6204071709907], [116.5984503737864, 39.62260768102611], [116.59935000465693, 39.61960686947659], [116.60105004366017, 39.61900651558063], [116.60585147316459, 39.620706933317614], [116.6051515577143, 39.62360747927699], [116.60795278755987, 39.62370790932334], [116.6079530028546, 39.6255082879351], [116.61365687720622, 39.625710193333035], [116.61355619579098, 39.62070909088547], [116.61755984667114, 39.619911012410064], [116.61896074907165, 39.61481078996931], [116.62246501134322, 39.615113398969065], [116.62266445735573, 39.608312047989976], [116.62596899031799, 39.60791480298999], [116.62626881013293, 39.60271389555343], [116.63398134552476, 39.60062161975777], [116.64119562174568, 39.600931070446656], [116.64139663489489, 39.60583247863087], [116.64420273645557, 39.605936559129624], [116.64420255600824, 39.604436216845635], [116.64811163657922, 39.605742492635436], [116.6488129279921, 39.60274291616755], [116.6513189967337, 39.603147062033266], [116.65232109264903, 39.600148025249645], [116.65532871872142, 39.60095329908457], [116.65542944423656, 39.60485436979198], [116.65613076408638, 39.600954683099836], [116.66024143226656, 39.600661866879975], [116.66355043007952, 39.60186815287442], [116.66355074468734, 39.60446875115182], [116.67097141215879, 39.60648307784841], [116.68611354771151, 39.60231098372268], [116.6861133526279, 39.60071061299775], [116.68831964918158, 39.6018150143379], [116.68872048449587, 39.599515229448514], [116.69062603193183, 39.60171928356945], [116.69463690521961, 39.60092643332381], [116.69483728891868, 39.599626492353416], [116.69955021506418, 39.6026355284329], [116.70235674847996, 39.596538905873246], [116.70506361653197, 39.59664342501719], [116.70666704380902, 39.592144948236836], [116.71107726679486, 39.589151076467935], [116.72600883421529, 39.5914711560436], [116.72891428097479, 39.5939747949213], [116.7299158874895, 39.593275612386805], [116.7295155855215, 39.59627593665366], [116.73071724910652, 39.593576448417956], [116.73312113586248, 39.59417875613167], [116.73292113623441, 39.596679176921256], [116.7323204848447, 39.59897919101831], [116.73211987321727, 39.5965784479787], [116.73061777633846, 39.59917767899152], [116.73071759476777, 39.596377114567], [116.72861457962034, 39.600576049052314], [116.72450727893515, 39.601471845109], [116.72711209350447, 39.60177477483979], [116.72430699919195, 39.6022718015509], [116.72400670001299, 39.60447196229116], [116.71999872232364, 39.604067008333736], [116.7194980105962, 39.606666961031216], [116.70857406533968, 39.61155245119125], [116.71027820732469, 39.612155212303634], [116.70987758929526, 39.61485519570186], [116.70817356331001, 39.61535266211089], [116.70667073914782, 39.62225176615673], [116.71128185323325, 39.62265900633741], [116.71198317655734, 39.62015951879237], [116.71609231367954, 39.61926520715448], [116.72220546222941, 39.62277386966335], [116.72791612733347, 39.62298031303258], [116.72781618636844, 39.62488061076585], [116.73152246347391, 39.6252843079357], [116.73622939219577, 39.62408798146625], [116.73652934113015, 39.620287397577], [116.73883243366204, 39.62038903595831], [116.73943295065686, 39.61838899615732], [116.74363785554908, 39.61849138927717], [116.74393793864127, 39.6165911216846], [116.7500436717338, 39.61799364390934], [116.75084458031355, 39.62049437009975], [116.75334613073363, 39.619494585508114], [116.75474713631912, 39.621095066314346], [116.76064927153733, 39.61919442189147], [116.76864932059846, 39.614991094099146], [116.77624634588445, 39.608785247173266], [116.77644601727532, 39.606884672483226], [116.78024388096053, 39.60658158060488], [116.78094265855096, 39.60037954404256], [116.78533858295688, 39.59427389916077], [116.7911330845095, 39.594667519200215], [116.79153298936504, 39.597367675415455], [116.79672687104409, 39.597160932908515], [116.79542929783004, 39.603764212541165], [116.79882492006153, 39.603359469189925], [116.7960295390802, 39.61166519969086], [116.80811257109742, 39.6134476197582], [116.80701443602432, 39.6145496295366], [116.81839557985083, 39.61703085363732], [116.82099025244337, 39.611825046512465], [116.81909358742635, 39.6110282839487], [116.82198779895617, 39.606722088259495], [116.81809470898841, 39.60562884751378], [116.81999075934156, 39.60122444095256], [116.81420103417227, 39.601634751512265], [116.8135025504253, 39.604236552567755], [116.81460074159585, 39.60483479822479], [116.81300348503228, 39.6049375665824], [116.81669734597762, 39.60693161622884], [116.8157992791943, 39.609833846299594], [116.80591497351425, 39.60514926627451], [116.8112064479607, 39.604540514993275], [116.8120048952309, 39.60273875677713], [116.80960867297942, 39.60134243310656], [116.81430048032644, 39.59853385640819], [116.81120559648369, 39.59763891258899], [116.81050692230593, 39.5990404087532], [116.80880962815536, 39.59864311388021], [116.80920880062483, 39.59714210724695], [116.80651306265, 39.59714646093931], [116.8044164736196, 39.5989501688937], [116.80521495135037, 39.59634831627365], [116.80391679556638, 39.595550135384705], [116.80641231576749, 39.58984487218043], [116.80441541140017, 39.59034811980321], [116.80581297761158, 39.58774530690838], [116.81759220894796, 39.578123108879105], [116.81449756065966, 39.57762840193502], [116.8152958837615, 39.57522640266845], [116.81379847632924, 39.57532901923277], [116.81319916403427, 39.572629349767624], [116.80291498668942, 39.56904503117508], [116.80521118690186, 39.56584065689885], [116.80171628514913, 39.56564592699991], [116.79762125087026, 39.560950538516614], [116.79841976524199, 39.55734844543319], [116.7951238766316, 39.556952820545135], [116.79302583985933, 39.552954417567406], [116.79352488594392, 39.549852918085826], [116.79662117789564, 39.55004890120964], [116.79702040133354, 39.54784773629795], [116.80131454159832, 39.54694137557836], [116.80450876183508, 39.537633863329624], [116.80790356326115, 39.53782855134351], [116.80900103682912, 39.53152489926978], [116.81359319218632, 39.52961662395832], [116.82167900146416, 39.53070263516678], [116.8255716689971, 39.52959516186286], [116.82437445095368, 39.534098717373844], [116.82796791367258, 39.53559250221202], [116.82896582396711, 39.533890136700215], [116.83156022888657, 39.528283600122386], [116.82906496136184, 39.52838830262657], [116.8321573672414, 39.514178114975934], [116.82207593879471, 39.51169603060455], [116.82417201232718, 39.51119203298836], [116.81997971817933, 39.51139973214008], [116.82237419992455, 39.50199234633386], [116.82037800176249, 39.50329639571283], [116.82017820387357, 39.50199632983564], [116.81698390115781, 39.50190199665852], [116.81718337695688, 39.50050118333037], [116.82167528388938, 39.50039309234958], [116.82327201923498, 39.497689282660794], [116.82476825354841, 39.48958380363666], [116.82756282044359, 39.48787804332361], [116.82666396722226, 39.48347819788376], [116.82376932074403, 39.48318344069923], [116.82656393385055, 39.481677757663626], [116.81887822322574, 39.483092277954086], [116.8191774899312, 39.48149118546114], [116.81668191345196, 39.481395584142874], [116.81718069061893, 39.47859372353348], [116.80450126860066, 39.476714178717636], [116.80510009894509, 39.47451246864989], [116.79850943248702, 39.474522255340844], [116.79880882725908, 39.47282122725681], [116.79491378812442, 39.473126644683894], [116.79511324027528, 39.470625486961985], [116.79251612102927, 39.46952841881274], [116.79491318532457, 39.46822488440679], [116.7917168535376, 39.46832897142908], [116.79111733854518, 39.46702922785495], [116.79611151441168, 39.46652267664122], [116.79760905464042, 39.46191895209164], [116.80040537685213, 39.46231513293254], [116.801104125116, 39.46001326374327], [116.80409961489686, 39.45840816476446], [116.80399894016278, 39.451705808815255], [116.79830729786747, 39.455015417545496], [116.8020013719541, 39.447907388599795], [116.8042980294569, 39.44790390509208], [116.80329974632487, 39.44990619524051], [116.80589596308401, 39.45070247819959], [116.81338335643795, 39.44668861722098], [116.81308403584039, 39.44808966432201], [116.81667795521345, 39.44908380911286], [116.81587976980772, 39.45248649849396], [116.82166945363893, 39.452776271041714], [116.8344447805002, 39.446750244965735], [116.83274799430848, 39.44675343182111], [116.83304656082468, 39.43965012856505], [116.83843599805975, 39.436538803610006], [116.84612227820664, 39.440626188907906], [116.84672103855536, 39.43932459431063], [116.85041466835592, 39.44081855016562], [116.8532097307423, 39.4397132215499], [116.85311022778762, 39.44241444256127], [116.8613972030798, 39.444301386867245], [116.86868632266905, 39.437787919707446], [116.87428008038651, 39.44008134948517], [116.87477932535886, 39.43817998542104], [116.88177272435956, 39.4354710238438], [116.87687604293802, 39.428373574061396], [116.87018370130109, 39.43148335029467], [116.86888510121108, 39.429784477210845], [116.87048269740237, 39.426180821091144], [116.86668739319427, 39.425185784588], [116.8666871509274, 39.42318497592685], [116.86149422824461, 39.42099199704969], [116.85839859773677, 39.41789572627552], [116.85789901044254, 39.41479527320655], [116.85021170006407, 39.4135079442838], [116.8494133435714, 39.41551019283132], [116.84601929727502, 39.414615943867766], [116.84691736029788, 39.41201323316489], [116.84412236398138, 39.41141808703438], [116.84511983502574, 39.405613825065906], [116.84002901042393, 39.40372243312708], [116.83982893381243, 39.40002123141643], [116.84102645472946, 39.39801814475151], [116.84352189588466, 39.3985137391259], [116.84441999280048, 39.3964111847769], [116.8422239506755, 39.39571493299718], [116.84262301759141, 39.3941135031466], [116.84561763992652, 39.395008388393485], [116.84401993457305, 39.38990910086745], [116.84811091983777, 39.37659576405778], [116.84651412108497, 39.37939990510297], [116.84292061838082, 39.3789062683727], [116.84351905399315, 39.37510346021342], [116.82405549873924, 39.374539507509574], [116.82655001623768, 39.36763176673406], [116.83044263664206, 39.3671242756205], [116.83283780369443, 39.364618636500865], [116.84082306032772, 39.367004777984846], [116.84261955671467, 39.36560080427607], [116.83832735389426, 39.36390801331551], [116.83942499067426, 39.361404808612455], [116.82904427400335, 39.3589231128018], [116.82844509669535, 39.356423067720854], [116.82944292580441, 39.35402008119306], [116.83103998500884, 39.354617371599645], [116.83513046065258, 39.33990271573116], [116.84880545084454, 39.34167831622439], [116.8529985624745, 39.34477239554014], [116.8550945372522, 39.340466732676994], [116.8624838113925, 39.34705779823444], [116.86348270504408, 39.34985757566362], [116.86747730507855, 39.350451899942215], [116.86567988634434, 39.35195524034181], [116.86448219615825, 39.35735956684047], [116.86607973039946, 39.35515614863055], [116.87656788618447, 39.35844366223778], [116.8777665501024, 39.35674147294504], [116.88046428630906, 39.357238728953355], [116.88196269725546, 39.353635497095816], [116.87856546746913, 39.353739163887575], [116.87866480049848, 39.348936792052825], [116.87576746659705, 39.348439929253196], [116.87826433612588, 39.34213400618753], [116.87956336274931, 39.34343318577221], [116.88166129329126, 39.34012939339999], [116.88745789114293, 39.34162479709954], [116.89205584388222, 39.338720065340226], [116.89545532317082, 39.339118317106376], [116.89575463958644, 39.33361550853102], [116.89295496121991, 39.33311679724761], [116.8950529759011, 39.319308830600534], [116.89295280720442, 39.31520796218516], [116.88795440615154, 39.31461115711894], [116.89005255461703, 39.30630538485602], [116.88915270140627, 39.30470523009069], [116.88615409256523, 39.3045075425501], [116.88565456266558, 39.30610879074906], [116.87376412142109, 39.30342026690365], [116.87206587497313, 39.302321903924174], [116.87276467587643, 39.29891924711238], [116.86836987490351, 39.298424969196404], [116.86906841431365, 39.293621507724865], [116.8724644102511, 39.293917060765146], [116.87276380929198, 39.29171553035874], [116.87825832813951, 39.29220910453427], [116.88055540545228, 39.28410236622118], [116.88215263516103, 39.27119389482497], [116.87745641349575, 39.27019843392376], [116.8846491695995, 39.256283471510564], [116.88165102294678, 39.25468549935017], [116.8824488898144, 39.24177761210263], [116.88534699992466, 39.24167483041646], [116.88734568093625, 39.239571961910464], [116.89074453735579, 39.24147045587258], [116.89174329570106, 39.23356539568456], [116.8977424260761, 39.23206137319501], [116.89634197546977, 39.22835991376643], [116.89864199444968, 39.22795872356627], [116.8984415939714, 39.22475699875435], [116.89374187584188, 39.225359576893204], [116.89294175062994, 39.22305874972494], [116.8904423101478, 39.22205981347926], [116.8894432685372, 39.22706335009318], [116.8873442662741, 39.22776537526651], [116.88614472793881, 39.226465650245956], [116.88524576316176, 39.23086890805026], [116.88204794338057, 39.23147228023903], [116.88044910995006, 39.23097365088719], [116.88224710261414, 39.225668824861444], [116.88104797732858, 39.22546993391335], [116.88144669975631, 39.21736494173868], [116.87754995940287, 39.21716907716023], [116.87755012725178, 39.21856987149331], [116.86166927697582, 39.216590650476455], [116.86296614098379, 39.2062827393231], [116.86666103748735, 39.20647728425616], [116.86905744277749, 39.20227143685547], [116.87015377856896, 39.18295870891956], [116.8689544032097, 39.17585620695867], [116.87155109195066, 39.17435176852527], [116.87035208826522, 39.170851322781125], [116.872149529938, 39.167046663904436], [116.87244806601758, 39.157640688275166], [116.86935142733499, 39.15514338181137], [116.87264773423338, 39.156739891284644], [116.8759439946811, 39.15453444677214], [116.8999334947101, 39.15551625563449], [116.91634311985955, 39.15111420793111], [116.91764447600164, 39.150214224662406], [116.91694340050263, 39.147912538909125], [116.91984679439116, 39.147013420614975], [116.9192456589011, 39.14391123521498], [116.92054731813144, 39.14371183997497], [116.92114757782147, 39.13910943360052], [116.92485307205258, 39.139412194084684], [116.92965958794659, 39.12480763391066], [116.92435048093817, 39.12430268344422], [116.92565211877113, 39.120701521623566], [116.93196349031538, 39.12040736953075], [116.92945864232091, 39.12000452200187], [116.92515003188925, 39.10999460505893], [116.91894139970529, 39.11139140139583], [116.91513748239055, 39.114491658982125], [116.91854093273977, 39.111591321021976], [116.91693908631085, 39.111790705718654], [116.91543652501201, 39.103885296315745], [116.91183317314325, 39.10388429941716], [116.90772882005909, 39.09177645486177], [116.90252657925198, 39.092477389404685], [116.90002511333905, 39.08507350110539], [116.89642493651476, 39.08567527020088], [116.89242455484475, 39.07807277025075], [116.88862587518769, 39.07867578312292], [116.88732572692732, 39.07247299665711], [116.88362795109694, 39.07337681914577], [116.87573419000833, 39.0706837038784], [116.87952958197869, 39.061273543066974], [116.87573296299387, 39.06037735551119], [116.87753065298867, 39.05547220756383], [116.86614351263005, 39.054286516504376], [116.86634289934456, 39.051384433265824], [116.84797181338163, 39.05021413329987], [116.84807197124447, 39.05301568084416], [116.84597570583712, 39.05291941659182], [116.84607522698455, 39.05041769251413], [116.8373912288064, 39.05033371963132], [116.82790873211898, 39.047649834148864], [116.82850780348701, 39.04924970401552], [116.82491448316073, 39.04915631632662], [116.82521425337684, 39.051857428778966], [116.81942489440246, 39.05256842087304], [116.81872592490049, 39.05076856239622], [116.81832677878977, 39.05197001544015], [116.80864310956217, 39.05178647972842], [116.80854354544485, 39.054088061300554], [116.80215332093277, 39.05529880349144], [116.79845812877836, 39.05330293426388], [116.79376395763911, 39.05360943413008], [116.7935638735728, 39.051008085923904], [116.79076671710632, 39.04911037294369], [116.78936848585987, 39.05191374451647], [116.79186589356387, 39.05201082958909], [116.78836966843247, 39.05361593191513], [116.79096706285904, 39.053712970777], [116.79096741340598, 39.05661475936981], [116.79785935509929, 39.05700605454717], [116.79815909962117, 39.058106314911825], [116.80205369203557, 39.057200124538376], [116.80315259979719, 39.06120093677938], [116.79326564216619, 39.06281574402233], [116.79276589182253, 39.06021477088902], [116.78757112423521, 39.05942039806281], [116.78547241877777, 39.054719739911796], [116.78737069227218, 39.054317472166254], [116.78477246917305, 39.05031774195036], [116.7807755388641, 39.05132214656279], [116.7789762259958, 39.0478215191336], [116.76668045676705, 39.05153122781415], [116.76238008640345, 39.05103221253478], [116.75727693204911, 39.03732439435856], [116.75767686428973, 39.03542320877074], [116.7603778073704, 39.035823202440824], [116.7613777609067, 39.03342155904173], [116.7653781558497, 39.03251997342079], [116.76487677993978, 39.02131323478285], [116.76087601309439, 39.019913328718985], [116.76087530021319, 39.01400969900223], [116.76227558295179, 39.01390937140715], [116.76057402922443, 39.004103665532625], [116.75837338374684, 39.00440409326376], [116.75647146355006, 38.99489833471435], [116.75467079008185, 38.99669936983258], [116.75376970790076, 38.99189635363638], [116.75146829638153, 38.9922962558705], [116.74636289220312, 38.981688316047375], [116.74125753267307, 38.981485756063925], [116.74065647758617, 38.97858364121542], [116.73454811340227, 38.97627795940287], [116.73134215561298, 38.96736979531023], [116.72893822116379, 38.967467556550496], [116.72853632800663, 38.95736105516918], [116.72432718119697, 38.943848428690735], [116.72212247711423, 38.93974339295658], [116.71611013981726, 38.94003579845353], [116.71590883343669, 38.932731179853], [116.71400465032157, 38.93272850323641], [116.71390026039487, 38.89780792401826], [116.72822869335425, 38.89792565986239], [116.72902472150008, 38.853301302100704], [116.75195180965366, 38.85231434711224], [116.74924817935027, 38.83840616932669], [116.74974785020015, 38.832403076154584], [116.75335015185368, 38.83110305884542], [116.75525140565902, 38.83280412876497], [116.75715220095324, 38.832103777174446], [116.75505039259154, 38.8252000680169], [116.75214871790871, 38.82539985266867], [116.75054644937175, 38.8156944322008], [116.74444019572437, 38.807888302063795], [116.74994485434416, 38.80608930856829], [116.74674146046118, 38.79998519413311], [116.75204554007985, 38.799386315834774], [116.75174499343825, 38.79648478940525], [116.74734163770988, 38.796983882579454], [116.74323624537229, 38.78527627162669], [116.74874136441714, 38.78477820367152], [116.74824056930368, 38.78157646634924], [116.75724612513434, 38.780977455465035], [116.75103934873412, 38.753263575453495], [116.7530408920851, 38.75516480526834], [116.76484487425978, 38.75566395694309], [116.7654445165413, 38.75246226161746], [116.76874421049396, 38.75126038898046], [116.76954357004959, 38.74685796885679], [116.7717431399722, 38.74715694580786], [116.77134199907694, 38.736752417079224], [116.76944234409426, 38.736453267575115], [116.76974206803864, 38.734552264459225], [116.76474213368691, 38.73275347286434], [116.76804165997318, 38.729250684476554], [116.7669416033112, 38.72815065025895], [116.76834114066313, 38.72514873982288], [116.77184041560268, 38.724546698045735], [116.77243980650452, 38.72084472948742], [116.77063974785169, 38.71654387475002], [116.76844009176246, 38.71644490515816], [116.76803933359717, 38.70974221627279], [116.76163895661917, 38.70954414109053], [116.76033817396403, 38.705542674619245], [116.7515341495171, 38.70674298869261], [116.75103337408783, 38.70314138154097], [116.75923763851792, 38.70374205775392], [116.75893730272175, 38.70174125385652], [116.760437735419, 38.701641031557294], [116.7639387070475, 38.70454148900395], [116.76363850898876, 38.7031409865683], [116.76843833882027, 38.701738681498874], [116.76843774283442, 38.696736617201445], [116.77453585038782, 38.69363194373717], [116.77453509981805, 38.68732940266899], [116.7713360242855, 38.686631078097605], [116.77113569086592, 38.68342991658695], [116.77383387056251, 38.67482494976561], [116.78022952871522, 38.66491635195102], [116.78002823862207, 38.65301214602482], [116.77362962213518, 38.63851182157635], [116.77023038582932, 38.637213330610635], [116.77062931829511, 38.62891032018101], [116.76922966518104, 38.62971129044493], [116.76913026213631, 38.63461298696816], [116.76613061694594, 38.63571461572332], [116.76122997837112, 38.63481563820352], [116.76103018240867, 38.63691638919633], [116.74922394205511, 38.63511516364348], [116.74872323324317, 38.632514141437184], [116.74411894801713, 38.6320122266902], [116.74682123868152, 38.62941247693392], [116.74592001806072, 38.62611104029183], [116.74752116906154, 38.62361081053744], [116.74191540846837, 38.62210784342204], [116.7432165598469, 38.61980777891041], [116.73971194711743, 38.61470418659384], [116.72679243016958, 38.61349284741934], [116.72098113102935, 38.61008509048388], [116.70865533312191, 38.619770839138134], [116.6998324147329, 38.610853504546554], [116.70063488605146, 38.614355980086344], [116.69873008889729, 38.615353001411776], [116.694718977025, 38.61064441139081], [116.68639587858739, 38.606527773437215], [116.69331441254485, 38.60373975457071], [116.68609350705975, 38.593323277926075], [116.67406007232977, 38.59330033541681], [116.6676412172446, 38.582885234902925], [116.67425905945048, 38.5797969224797], [116.67185208790978, 38.57709160537446], [116.67245336589419, 38.57379186719125], [116.67566215493594, 38.572897752088565], [116.67736622138142, 38.567099501637195], [116.66603515389352, 38.56807827978165], [116.66493198703861, 38.56637579562197], [116.66162320804422, 38.56656978251528], [116.66082084703795, 38.56436777092806], [116.64909173900024, 38.56534797248912], [116.64889082089276, 38.56144666800748], [116.64698648338181, 38.56194379675909], [116.64658513494125, 38.5581422333244], [116.65129627019184, 38.559250018828536], [116.64939121233647, 38.55464579916383], [116.65229805947475, 38.55375033722907], [116.65540634518146, 38.55905689243719], [116.65771188617398, 38.556460268430385], [116.65811237116968, 38.55175984361978], [116.66252390305615, 38.55196781481569], [116.66553155636024, 38.5486725739836], [116.67014398741428, 38.547680991004945], [116.6712467063677, 38.54498245735945], [116.67846697822782, 38.54719674640922], [116.68057250135195, 38.5443001052258], [116.68057210607108, 38.54089933604973], [116.67555795122966, 38.53908934494621], [116.67405279304577, 38.53058463165017], [116.6677349119259, 38.526071726322584], [116.66532760591537, 38.519165850368346], [116.66021410191094, 38.51955658880165], [116.6612162168003, 38.51515754013194], [116.65860920745388, 38.513152490508396], [116.65880943607111, 38.510652377444394], [116.6538970030468, 38.510443808184384], [116.65279390392232, 38.50704132623476], [116.6444746115756, 38.507428195491215], [116.64397383613311, 38.51022796548367], [116.63405394625624, 38.509814565869384], [116.63615834332728, 38.51421797946983], [116.62684261853359, 38.51490774340497], [116.62433839651516, 38.50930441028691], [116.62103415470624, 38.5095017887275], [116.61953172236842, 38.503599650327615], [116.63295104178724, 38.50161179174895], [116.62563813198467, 38.491002407151576], [116.61973048998064, 38.490797624723754], [116.61812853050739, 38.48909629383147], [116.62143209800514, 38.48719828751411], [116.61952948666696, 38.48399642141461], [116.62163194581386, 38.4836979001552], [116.62173136301668, 38.4774970584366], [116.62653794714139, 38.47790124060991], [116.6259366699741, 38.474400179985714], [116.61942823358002, 38.47399489165048], [116.61972899627627, 38.477695623965836], [116.61522435889705, 38.47759288950667], [116.616225591706, 38.4801938038002], [116.6107210700614, 38.47989132585959], [116.60751933434494, 38.480890639469585], [116.60731949959339, 38.48319094672777], [116.60251787182456, 38.48329057847387], [116.60281841389238, 38.48749122042122], [116.59551798683906, 38.48439200745593], [116.59651731252313, 38.47999103278978], [116.58822041970797, 38.478994855738506], [116.58742067119312, 38.47659505523551], [116.58532220468895, 38.47639659827023], [116.58722014807208, 38.4707943874124], [116.57533257981648, 38.47150609162161], [116.5688435574696, 38.47871605479105], [116.5682448521467, 38.480817278983054], [116.57163917971475, 38.48121234952226], [116.57163938508184, 38.48301261948959], [116.56654848352508, 38.48552066422321], [116.5693442915335, 38.49271746636924], [116.56505269098434, 38.49732502908939], [116.55687045066101, 38.49804014059909], [116.54380503130079, 38.49616874645358], [116.53802224883106, 38.49258263782076], [116.52526449911583, 38.48881681534467], [116.51549981116207, 38.48974543438643], [116.51470251617928, 38.48774748728611], [116.50782832247009, 38.48976838812322], [116.49049284943086, 38.49002006641596], [116.4823227016759, 38.49544421983949], [116.47893420056062, 38.49375323729027], [116.47165839530913, 38.49487250332227], [116.46996441626243, 38.50037768272962], [116.47086195283603, 38.50347598346329], [116.46498019781498, 38.50519054615747], [116.46248736073595, 38.504396128426734], [116.46029378079822, 38.50640135612701], [116.46119163213373, 38.50939992901798], [116.45730229273515, 38.50980835250217], [116.45790116618807, 38.51370783061126], [116.45540783465175, 38.514913184191286], [116.45580730948969, 38.51911319152505], [116.45909852133403, 38.518606234652694], [116.46239069038435, 38.5300013116361], [116.45630743571375, 38.53101459984894], [116.45870159339354, 38.535310526470596], [116.44513400224376, 38.534335769122244], [116.44134083057853, 38.52884041676035], [116.43934456752456, 38.52964340084925], [116.43914519549074, 38.53194415800484], [116.44174134590939, 38.539442112142524], [116.43714962387529, 38.54044863726985], [116.43934659128959, 38.54654711848439], [116.43645175013766, 38.54865138754876], [116.43824931993744, 38.55335019282819], [116.4432400995387, 38.55324304338887], [116.44373934717629, 38.55524275397829], [116.45451527024802, 38.55812439312354], [116.46109751953288, 38.55651020819095], [116.46149663460609, 38.55850981298366], [116.45401777709371, 38.56862801867734], [116.46080129119395, 38.58111722971511], [116.4323625893909, 38.587566134035306], [116.433261817047, 38.59176635453177], [116.42527261874196, 38.6001762069272], [116.40228199990416, 38.608283976170526], [116.38807464261122, 38.62007967947656], [116.38617325301992, 38.62437940809316], [116.39187842785348, 38.623983867554934], [116.39237910246747, 38.62638499756442], [116.38787525620937, 38.62678169144336], [116.38937692448397, 38.62898365054393], [116.38487239678801, 38.628879675581146], [116.38367129350104, 38.63097920100951], [116.38016814445704, 38.640578757900904], [116.37636562900995, 38.663182389259006], [116.37296176777815, 38.67388204586295], [116.372462468379, 38.68628622332857], [116.37686998873491, 38.69339475965394], [116.40139296976913, 38.701317376805086], [116.4017934271377, 38.7041186630996], [116.40679416101243, 38.70381947851712], [116.40969482713113, 38.71072243178248], [116.41479329176839, 38.70972119240626], [116.41689295623824, 38.7152228644912], [116.42678470404658, 38.71341624672451], [116.43916863986325, 38.72700866933356], [116.44186454719178, 38.73410801053605], [116.43797426939706, 38.75642368043497], [116.42908906223782, 38.77134069543528], [116.41600143775388, 38.78145378179954], [116.39640161893077, 38.790756393294494], [116.38279004381718, 38.795047925011666], [116.38038706176694, 38.79514540282265], [116.37938540512836, 38.79234286235126], [116.37477897363317, 38.793437813240686], [116.37518006054128, 38.79744034890561], [116.3443217826485, 38.80779532537746], [116.3273842752195, 38.81166509045422], [116.32698315824908, 38.809763345615046], [116.32547982337927, 38.80966045182843], [116.3261816347607, 38.81186291671014], [116.31696194533204, 38.813246574786895], [116.29612367911513, 38.812712604804354], [116.27790290921011, 38.81739464427669], [116.27940475659133, 38.822598660936556], [116.28711239613091, 38.8207054200773], [116.28931554936979, 38.824509986672], [116.28731338167238, 38.82700897712679], [116.28170747907524, 38.82800363675223], [116.28471163263683, 38.83721158160008], [116.28060766463915, 38.83820806563565], [116.28100819741009, 38.83960919260325], [116.2786062348303, 38.84070764051981], [116.27680473973842, 38.8399057265093], [116.25510080771691, 38.84670079238522], [116.25340177086751, 38.84970250076247], [116.25480252973155, 38.86040833100468], [116.24251076671374, 38.864113481974066], [116.23801647609349, 38.87272082423572], [116.22613287929256, 38.86892877566077], [116.22473570469094, 38.87263234325246], [116.2181478137008, 38.87113932624322], [116.21754928695032, 38.873441392155975], [116.21345787942995, 38.873947215947176], [116.21435625530178, 38.8764473711475], [116.21206242957012, 38.886556347786374], [116.20817141742073, 38.88806299693955], [116.21156538627689, 38.90206597731156], [116.20837265434244, 38.90227085770503], [116.20837364839979, 38.910575679522054], [116.20478255288319, 38.91388323541746], [116.20598000021512, 38.91658290903048], [116.20977090723423, 38.914475843339375], [116.21216565508057, 38.915372852274615], [116.21286496422891, 38.92237596069531], [116.2362248796484, 38.92535238017904], [116.23822267475808, 38.92675186388609], [116.2381231583579, 38.92985376004193], [116.23322940201797, 38.930557728952344], [116.23402981241252, 38.94306452349983], [116.24122148279663, 38.94366015473222], [116.24132212245277, 38.94986381171017], [116.2496155968501, 38.95026097008984], [116.24971508547259, 38.94645867280177], [116.25141414102207, 38.94625824596585], [116.25131284540309, 38.93495152575722], [116.24311832721507, 38.932352493750486], [116.24361747508718, 38.928950256005], [116.25891021184644, 38.9329502743406], [116.26211058711709, 38.937353514996566], [116.26651116161216, 38.93695476816213], [116.27871852069693, 38.943366416771326], [116.28522484521187, 38.94367287304041], [116.297341845954, 38.949591551390384], [116.29714342236807, 38.96540077900766], [116.30345514386521, 38.975516304075505], [116.30706165806974, 38.97522190091859], [116.31297259896144, 38.97082924528013], [116.31106859816823, 38.9690248632373], [116.31227084690096, 38.96792626944172], [116.32219105727557, 38.96364155077088], [116.32279270143067, 38.9664443628051], [116.33211433302534, 38.974066626589256], [116.33401918462845, 38.97867306601991], [116.33712614315975, 38.97817870780965], [116.33943157293604, 38.980084261391184], [116.34143667193834, 38.984991052120016], [116.3376285205086, 38.98848593915182], [116.33983384331732, 38.991391913339875], [116.32750701437853, 38.999073079481384], [116.323798420465, 38.99576406460635], [116.32199457268857, 38.996461126926114], [116.32419978199087, 38.999767264483054], [116.31999065246059, 38.99975944274254], [116.31608176609942, 38.99434904533893], [116.31237435072524, 38.99544318045147], [116.31097129567607, 38.99313935678751], [116.30556119972489, 38.99453122169974], [116.30776581830062, 38.998937509376546], [116.305261300455, 38.99993404361313], [116.30666420092173, 39.00263796597508], [116.30195593156216, 39.0039313142515], [116.30255742676702, 39.00773456887679], [116.29975273347925, 39.00823063643315], [116.30536383647551, 39.01954623591929], [116.31508243057326, 39.017061179719775], [116.31187626357922, 39.01965716072264], [116.31628527599956, 39.02006517056811], [116.31728764404727, 39.02236838883483], [116.3076685494959, 39.02325226423908], [116.31197802743057, 39.03266533679541], [116.32570712730427, 39.03319062074605], [116.32660948933353, 39.03619417404035], [116.330217565141, 39.03630109682252], [116.3312195411759, 39.0340015941075], [116.33683298216232, 39.04031621789162], [116.32460532264497, 39.03839174857213], [116.3226026248464, 39.052396626498336], [116.32440919793866, 39.07411336684629], [116.32070247821893, 39.08531334337677], [116.31128464267488, 39.099104975208355], [116.30517364258174, 39.104097881529924], [116.29706000852326, 39.10498618812256], [116.29736075628361, 39.10728801680647], [116.29405591981777, 39.108684326184736], [116.28544495637844, 39.10987466747178], [116.28554526071659, 39.111475750307804], [116.26903480017725, 39.12827267994825], [116.26833584878412, 39.13907884502948], [116.22776375600418, 39.14879556107131], [116.21728407631508, 39.158313336222186], [116.21379274355604, 39.16952470492395], [116.2129954787012, 39.17783071657358], [116.21549298592375, 39.20134091676327], [116.21260007095032, 39.20854908046175], [116.20382109067113, 39.21316514655247], [116.19793593326652, 39.21297489998435], [116.1930493545282, 39.21728594443059], [116.19215252464559, 39.22349106251768], [116.20252775037973, 39.241583209863585], [116.2071179902978, 39.25298211199356], [116.20243027583352, 39.260293600396636], [116.20203178383466, 39.264496525265756], [116.20951549696743, 39.278392086838444], [116.21051615454844, 39.30250311369515], [116.21490810089328, 39.31550341650141], [116.21471044876621, 39.33131149139451], [116.20433683411635, 39.35243715860633], [116.19845233407503, 39.35794954244878], [116.19316645343362, 39.35935947163942], [116.19157069788595, 39.35886211049367], [116.19087215171132, 39.355261699590656], [116.18628443062886, 39.35256885482532], [116.1813981283232, 39.35297815950643], [116.18179734085638, 39.35567867460059], [116.18040133715782, 39.35628157381899], [116.1749168109021, 39.35649197332993], [116.148686790207, 39.355937696660945], [116.14669115709931, 39.35283927857835], [116.14200186728748, 39.353046111959515], [116.14050554747904, 39.35644972976762], [116.13571585999277, 39.359957412993104], [116.13451766794903, 39.3557568668029], [116.13152338032755, 39.35686069194102], [116.1336199905977, 39.3606601667843], [116.13132440044961, 39.36216335761109], [116.13012703990411, 39.366366519488714], [116.12783070647131, 39.36466796729418], [116.1238370596892, 39.36607203210541], [116.12303963206675, 39.377477803870526], [116.12883157346, 39.384876106421515], [116.13092798583801, 39.38517414058564], [116.13801638832317, 39.4012729485837], [116.13921458163972, 39.40677374213509], [116.138319444221, 39.43068467247086], [116.14021563703868, 39.43218280559413], [116.14729949750931, 39.43117234331897], [116.1472001459096, 39.43447379945246], [116.14550415948919, 39.43477644037489], [116.1465021931711, 39.437676102664824], [116.14131404033014, 39.4383837715106], [116.15069392957648, 39.45237529388914], [116.15229099211741, 39.46067582876861], [116.15747910666009, 39.472271388489325], [116.16735250980001, 39.473454238963065], [116.17094326199076, 39.479649791673566], [116.17762446307279, 39.479837347248946], [116.17762521911291, 39.485939462397155], [116.18081623131864, 39.48603350053045], [116.18091619819852, 39.48803399868706], [116.18600192788658, 39.48782443330822], [116.18660124168251, 39.49572599465714], [116.18819704678644, 39.49752365038074], [116.19567680194541, 39.49761020428166], [116.19727326700432, 39.50300919576452], [116.21004195058067, 39.50418886638313], [116.20944380510996, 39.5080910262795], [116.21104018702042, 39.508288716520816], [116.21064133596356, 39.51028994575639], [116.21263721499861, 39.51308793546445], [116.22690942232468, 39.51277022024077], [116.22680933135932, 39.51066965416779], [116.23030367172159, 39.50986601163328], [116.22880517075468, 39.50316524777093], [116.23599533354187, 39.506260211047675], [116.23979163336163, 39.51225966783327], [116.24908386207535, 39.513456223593224], [116.24868439596774, 39.51575704743275], [116.24698581641631, 39.517858190386356]]]]}}, {"type": "Feature", "properties": {"name": "衡水市"}, "geometry": {"type": "MultiPolygon", "coordinates": [[[[115.20059138834362, 37.62478295893206], [115.20308730096198, 37.631279162101556], [115.20897722925099, 37.63787015517398], [115.22705173251927, 37.64774731046301], [115.22635338833952, 37.65504821944246], [115.22945000255734, 37.65564515602759], [115.22954960906026, 37.65314500670374], [115.23294630471645, 37.65334201127176], [115.23294584342736, 37.64934190828331], [115.24483798151815, 37.64813454359381], [115.25203613528898, 37.64563254835724], [115.26113771194345, 37.64633294873853], [115.2643384668522, 37.64033361347911], [115.27414547776179, 37.63743854199298], [115.2805526404563, 37.63814371928478], [115.28415717777142, 37.63644715101037], [115.28806222486675, 37.63075114752879], [115.3005842611897, 37.63156784272043], [115.30348991557734, 37.63037222090848], [115.30479317889802, 37.6354745178594], [115.30038449608244, 37.63696779493347], [115.3004850273392, 37.63986806437336], [115.3028905063541, 37.64597193796103], [115.30549591231963, 37.646476059193816], [115.30649843370459, 37.65007778273094], [115.30459465596354, 37.65177477259124], [115.3068002425936, 37.66017848755007], [115.3230373190141, 37.66090712227087], [115.33206157499644, 37.68082426473499], [115.33176111935765, 37.683223666475705], [115.32594761367113, 37.68901252977574], [115.32183776722712, 37.68940483152777], [115.3221389878551, 37.693705301546515], [115.32324192230485, 37.69620729385542], [115.32745201540855, 37.695415238151355], [115.32785362389666, 37.70081584934209], [115.33757789936553, 37.70493428389912], [115.33988458579515, 37.71403831521992], [115.3453981980178, 37.716948576629754], [115.35261467838481, 37.714261891277225], [115.38727498254923, 37.70831048047442], [115.39728401548335, 37.713217148355], [115.40058565328219, 37.713018548079525], [115.40068649157587, 37.71971826818824], [115.39298218483707, 37.72321418217502], [115.39248234327289, 37.72801357495324], [115.37896733313072, 37.73330069390023], [115.37546197100652, 37.73329642710256], [115.37476051974492, 37.73059569878355], [115.3634402814094, 37.73427909442192], [115.36133622854621, 37.73627557670556], [115.36193772710045, 37.73847640276773], [115.35552432702733, 37.7408654521625], [115.3556254111058, 37.748165075138786], [115.35071443180685, 37.749056289895094], [115.3517180189129, 37.759957169044355], [115.35362218437892, 37.75866067931143], [115.35753137224843, 37.763367041229344], [115.36143945432366, 37.76177370595716], [115.36254191593015, 37.76347533111087], [115.36745114827121, 37.76008325279328], [115.3669504957401, 37.7625822739916], [115.36975575129281, 37.762986356683236], [115.37075827083831, 37.76908719458447], [115.37286190151866, 37.76889011030064], [115.37406424953033, 37.771691430325575], [115.37787021642526, 37.77129624952604], [115.37747016934303, 37.77599528565319], [115.37096035988017, 37.78368594410074], [115.35853607587455, 37.78486652767262], [115.35743456535266, 37.792163815995025], [115.35603157178788, 37.79276133401052], [115.3578368904311, 37.80446298073957], [115.35593299797893, 37.80665942981666], [115.35884044157577, 37.816263106118384], [115.36024369685997, 37.8186651128793], [115.3644521709921, 37.81767202452725], [115.36645648492032, 37.821074635717174], [115.36766030482586, 37.83397456376372], [115.36615809464895, 37.83947146622802], [115.36816217174808, 37.84177411440228], [115.369265267326, 37.85067431551316], [115.37247093895638, 37.85057882818577], [115.37367329649297, 37.85328000395388], [115.37798015899656, 37.85348539862168], [115.3776792881901, 37.849985604241446], [115.38148467857107, 37.84939004817135], [115.38138512776717, 37.85428914743413], [115.39640031531336, 37.85450132644326], [115.39419927397368, 37.858599396907344], [115.3975014774348, 37.858601205754], [115.39830246444834, 37.86310082549735], [115.39610263455607, 37.87549760671872], [115.38248925082593, 37.87648655172948], [115.3807870390674, 37.87718459844345], [115.38128795437716, 37.879084810734845], [115.3665638079769, 37.880965161792936], [115.36666500151705, 37.889363797275685], [115.36886919265291, 37.88976699512622], [115.369270823682, 37.8972661925073], [115.37157487674297, 37.896669564575426], [115.37177648067357, 37.907167863698234], [115.38239269596865, 37.906380963052705], [115.3899015559804, 37.90858743061971], [115.39260439886495, 37.91198874730795], [115.39060267743737, 37.912387238536965], [115.39210470660244, 37.91808722202209], [115.39670825599724, 37.919189794930936], [115.39770965795174, 37.92588897177835], [115.40001019629406, 37.92059099433752], [115.4115115752031, 37.91939275349737], [115.41651010785323, 37.92109127253059], [115.41980923399828, 37.92958822187917], [115.41990929879081, 37.93068795360061], [115.41841013873355, 37.92978882392397], [115.41781128592032, 37.936487731281446], [115.41971015314671, 37.9366868499243], [115.41911144188741, 37.944185615730106], [115.42850302393872, 37.9446792152713], [115.43818841635661, 37.940169501626606], [115.43848759743003, 37.937669612252506], [115.44846721415504, 37.93525480404156], [115.44886650418943, 37.936953766052234], [115.45485190853384, 37.937442481033855], [115.45744586610328, 37.944535781174636], [115.46013832360671, 37.94403016499561], [115.46382845531872, 37.95162037699447], [115.46691890705493, 37.95091328410201], [115.4691121869218, 37.95280758264072], [115.47000962556595, 37.95560479309172], [115.46313136026458, 37.95852054730495], [115.46263392026995, 37.96761978395942], [115.46432948027828, 37.97281482944528], [115.46223602324096, 37.975419047282415], [115.45126584103464, 37.97864084870671], [115.4519649999569, 37.98583803147826], [115.45036884438734, 37.98574099318382], [115.45126720559034, 37.99003844148164], [115.45485845599215, 37.992231100159536], [115.47041287272576, 37.993795794464255], [115.46851925256418, 37.996099972876415], [115.46951642465528, 37.999196871387994], [115.46064364324535, 38.00051727210422], [115.46064395384639, 38.003116719411736], [115.45186739989342, 38.00383440003483], [115.45146821843184, 38.002535419278885], [115.44448388271765, 38.00194753141908], [115.44468372037618, 38.004046769733314], [115.44238838048025, 38.00425025168256], [115.44388550897321, 38.00524776516698], [115.44338716781081, 38.010647384370294], [115.44378655245013, 38.01224643000779], [115.44757843600583, 38.012040315439734], [115.44837696038019, 38.01473837045969], [115.45436246237989, 38.014927258620354], [115.45765411586092, 38.01811991676453], [115.4567575167768, 38.02622004961161], [115.45346615542105, 38.026626517498926], [115.45416502357767, 38.032024014366115], [115.45815428088909, 38.03091615286579], [115.46373829733814, 38.03160373833285], [115.46473545469085, 38.03300114286321], [115.46623153227547, 38.03859645045579], [115.46523516491548, 38.043297802627706], [115.46832675765198, 38.053688246745814], [115.47081873206199, 38.053882058163516], [115.47301270251728, 38.06427433718567], [115.46882649201709, 38.064784716237895], [115.46952452279854, 38.067082526228596], [115.48068650579675, 38.068353116634505], [115.4837761518037, 38.07564305043203], [115.48786093354204, 38.07543150224103], [115.48975473342398, 38.08352439006064], [115.48706516145576, 38.08583166587996], [115.48068869516761, 38.08674935311441], [115.4794935074616, 38.0912517096785], [115.4747102865099, 38.09206428082402], [115.47431209787753, 38.095864557386385], [115.46075432085368, 38.09209788402211], [115.45846017817246, 38.0870038445499], [115.4556677651015, 38.08730954089984], [115.45357270609125, 38.08331448274704], [115.4504802572994, 38.082820381575516], [115.43571009534449, 38.08604209187808], [115.43261522550338, 38.090044791142866], [115.42382564859273, 38.09195204114957], [115.42252695560732, 38.093452573576805], [115.42322665175868, 38.09585165498967], [115.4151318543872, 38.09645526654074], [115.41363178211782, 38.09145663416488], [115.40583264420036, 38.09285665724714], [115.39883023820434, 38.09175490977963], [115.39772914424445, 38.08765523938568], [115.38952292647885, 38.089449653069565], [115.39092535276727, 38.09844893026252], [115.38842296677618, 38.099046835346925], [115.3887234953122, 38.10084672831288], [115.38521967228412, 38.10144349353928], [115.38562058140334, 38.1050431631807], [115.37931248053121, 38.10673622354048], [115.38231806808258, 38.118437274925505], [115.38011535805924, 38.12103437759622], [115.3748072751129, 38.12132789323087], [115.37450753001495, 38.12752633412317], [115.37210347310045, 38.12762310383788], [115.37120323121734, 38.13871980726726], [115.35316656017854, 38.14049053686142], [115.35386905045065, 38.14799043420016], [115.35146362284321, 38.14848605648275], [115.35316872355322, 38.15848735800996], [115.35086357971998, 38.159683020836155], [115.34895993405368, 38.16627843884193], [115.34796090369001, 38.193972198086875], [115.34866293025523, 38.197073026234314], [115.35688221132747, 38.20168698051695], [115.35868690399873, 38.20808913767507], [115.35718402798395, 38.21128614068769], [115.3535762785034, 38.2136795284012], [115.3431519965968, 38.21566014034772], [115.34335279432493, 38.218260170844545], [115.34014504865658, 38.21875403458264], [115.34064656205433, 38.22115467187332], [115.32992017424887, 38.221334159699836], [115.33092595354971, 38.248932782518864], [115.3361388108538, 38.248842764545266], [115.3362386376265, 38.245343339266014], [115.34666408353915, 38.24606297419016], [115.35588569598575, 38.248879264724174], [115.35919362055999, 38.25478428164627], [115.36590766854405, 38.257194816379595], [115.36560775910155, 38.2627938044738], [115.3628022612061, 38.2637893036928], [115.36250271111021, 38.2725880202899], [115.3682139586832, 38.27269682383285], [115.36801404278559, 38.27649620417827], [115.37091961538589, 38.27850022786451], [115.37332376381075, 38.27820354608794], [115.37542797705167, 38.28420581786811], [115.37853280200773, 38.28420962737054], [115.37993464442097, 38.28251137914693], [115.3939503692641, 38.2836237343858], [115.39995440983623, 38.28642655693635], [115.40085551885596, 38.29232646372212], [115.39615309115621, 38.293024336430875], [115.39585378114647, 38.300323703988596], [115.38944836479008, 38.29991939711262], [115.3878489964382, 38.318717097678025], [115.38424484022528, 38.318913759691085], [115.38354431117524, 38.321812941460834], [115.38815048818486, 38.32831699705558], [115.39715812937284, 38.32912305645324], [115.39875854432572, 38.32512393468243], [115.40886050914244, 38.320926305866024], [115.41276036991576, 38.32452583852844], [115.41396131093244, 38.335125277145075], [115.42725221630279, 38.33871823216393], [115.4287501891872, 38.336217004025904], [115.44272741138175, 38.33190036071409], [115.46835972213323, 38.32804941889601], [115.47085199337387, 38.33094318392266], [115.4767321893006, 38.33202798710541], [115.48928585889043, 38.32869316524027], [115.49008313238944, 38.33129077897359], [115.4886889569073, 38.33559469794786], [115.48111699562084, 38.335216055135675], [115.48430619942673, 38.34240703988492], [115.48928735753269, 38.34119285400064], [115.48958601562157, 38.3394920221012], [115.496957520555, 38.339770359433984], [115.5012411055358, 38.3436574932203], [115.50263691549605, 38.35485320187427], [115.50064486672404, 38.355359178208694], [115.50094455623658, 38.362658292401974], [115.5021399169023, 38.36345471076423], [115.50761797612252, 38.36203822623504], [115.50652220457447, 38.3609415184496], [115.52285752625173, 38.35789301016175], [115.52126052434329, 38.33119802045901], [115.52225652037976, 38.329895163311164], [115.52524515008501, 38.33058653933574], [115.52574280871353, 38.32678523782105], [115.52355116078752, 38.32669152104212], [115.52245471295879, 38.32109489134073], [115.52275338488913, 38.319594086202265], [115.52544311852571, 38.31978634885307], [115.5221555347668, 38.31829587190234], [115.5257415943149, 38.316485636617706], [115.5433785924527, 38.31673861174893], [115.54387740612076, 38.32063723418731], [115.54527258507692, 38.31833396528704], [115.553646909075, 38.318715061857034], [115.55683959776012, 38.33340799542043], [115.56112843171576, 38.335399711069826], [115.56262462502691, 38.33509701136825], [115.56172659577085, 38.33269868682603], [115.56761244181011, 38.3315887224309], [115.56950775108282, 38.32688594767025], [115.58168568156997, 38.32687086588054], [115.58278426287836, 38.32836977750645], [115.58208654299736, 38.339370150522065], [115.5794905850151, 38.339972764084244], [115.57949086329563, 38.34237272116494], [115.58428365883664, 38.340968133523376], [115.58528263051018, 38.343367261683134], [115.59157539589782, 38.3408630985261], [115.59187494702314, 38.33936297136505], [115.59707088394262, 38.33856093297654], [115.59637071731483, 38.333261263320146], [115.60726656607518, 38.3309605877094], [115.60766619964134, 38.32796075047728], [115.61066635801316, 38.32826149726181], [115.61166681657652, 38.33096175256119], [115.6147674601367, 38.32976309614188], [115.61876941839685, 38.33176530428169], [115.62267180724739, 38.33136813039515], [115.62277214530064, 38.33366814790266], [115.62467363430684, 38.333969727596454], [115.62777628822435, 38.333372616067784], [115.6275757755335, 38.33057249782866], [115.6509074990628, 38.32660371065822], [115.65180948176392, 38.330005084629256], [115.65501525840286, 38.32981048514069], [115.65752017641779, 38.33181476907242], [115.65601845574795, 38.34131193475355], [115.67074773095142, 38.342138819066065], [115.67225133802295, 38.34644161102633], [115.67585900004143, 38.347948479757314], [115.69710166796308, 38.346688252887915], [115.70291268652694, 38.350498251868224], [115.70581767384843, 38.35050304451306], [115.70621908720435, 38.35680366518741], [115.70932408602643, 38.35640857157568], [115.709324758619, 38.36210858228753], [115.71283018307491, 38.36271386214939], [115.71132857288374, 38.36811168365046], [115.71543449639398, 38.36771762998249], [115.71673570462943, 38.362919385274736], [115.72354369701253, 38.360428005801296], [115.7373545832408, 38.35894108686593], [115.74005586941668, 38.359842888100715], [115.74155694709047, 38.36464379951834], [115.74415766111359, 38.36534514766933], [115.74485835693902, 38.37024552261261], [115.75465756469646, 38.37094807417016], [115.75555743925972, 38.37254815124571], [115.75925552560815, 38.37084801379536], [115.75915464450412, 38.36294794121667], [115.78931626219948, 38.35892847627016], [115.79680043078737, 38.35501903503007], [115.80029213158568, 38.35111413168601], [115.81066612385325, 38.346097915588494], [115.8339017390856, 38.34545586150522], [115.83499884112175, 38.34755377271613], [115.84736366974046, 38.34663083298264], [115.84756287192667, 38.34453049924439], [115.84995627353774, 38.34462620190105], [115.8492577874915, 38.341127503434436], [115.85165118171817, 38.340623266547816], [115.85155112867267, 38.33782349737678], [115.85593933616772, 38.33741592969461], [115.85414394596202, 38.336119021860185], [115.85035250691686, 38.32152610060084], [115.85194777935249, 38.31822341717114], [115.85384278087705, 38.319120082909144], [115.85613618994036, 38.31471635738582], [115.85603589811204, 38.309916755734626], [115.8501515266326, 38.30832705226479], [115.84825594669043, 38.30143082566019], [115.84436685146298, 38.30183788395096], [115.8422723359045, 38.29814197469121], [115.8388820244216, 38.29854826978936], [115.8382833959867, 38.295649573627344], [115.83608967989127, 38.295753685739875], [115.83579032708896, 38.29395436575101], [115.83788431495135, 38.29375044588421], [115.83708611952106, 38.28965222336986], [115.84316875490958, 38.2891409114252], [115.84246983723716, 38.281442776834524], [115.8447633574483, 38.2813385537393], [115.8448628807374, 38.279638505062636], [115.84177160638797, 38.27964421411186], [115.84117311898642, 38.27804545552139], [115.84306717326403, 38.27304235844629], [115.85283997435964, 38.27162487705328], [115.85283973217605, 38.26952506215398], [115.85613066663147, 38.26681966155913], [115.86002053265463, 38.26601330853886], [115.86011984280512, 38.262213504582164], [115.86331184914062, 38.26180850320716], [115.86530665867865, 38.2586057804539], [115.87029481906647, 38.25579890403091], [115.8675001954019, 38.2473037248018], [115.86321033548663, 38.24651022790011], [115.86181343736966, 38.24351274031221], [115.86221220600217, 38.241412349236626], [115.86720008798753, 38.24030493803233], [115.86699995685748, 38.235105833741414], [115.87109055439102, 38.234000228486316], [115.87418329649392, 38.228496867677755], [115.8782750389593, 38.22809202824945], [115.87667707931854, 38.21859508889832], [115.89035348380746, 38.21528254127479], [115.89005345641885, 38.21138328137725], [115.89444759670955, 38.20978074302665], [115.8940475264638, 38.20498163326682], [115.9052371651258, 38.20357817908821], [115.9049355772392, 38.18798051498959], [115.90143756304145, 38.18318187938084], [115.8964421036365, 38.18138394479006], [115.89324472455868, 38.171787162304504], [115.89953739309226, 38.16718501483749], [115.90453349213655, 38.167383849187964], [115.90653134713652, 38.158985110738335], [115.91262917114871, 38.15978558940647], [115.91582922522578, 38.163385963527816], [115.92102994481941, 38.16388845890759], [115.9198302911913, 38.16948682380764], [115.92303100705057, 38.16738919087844], [115.9411472845056, 38.167709143771766], [115.94405029576654, 38.156715520115945], [115.94274731765964, 38.14781500436131], [115.94444957532505, 38.14491823796455], [115.96689617170486, 38.1410649855729], [115.96729696702081, 38.13896634179508], [115.97602084635406, 38.138688733306154], [115.97752505422262, 38.13729303230612], [115.97622119546796, 38.1366896333279], [115.97652174430173, 38.13389095194568], [115.97842736194545, 38.13429603190941], [115.97902938384283, 38.13639729164754], [115.9797310831032, 38.13299984268686], [115.98203808577306, 38.13340617412599], [115.98655146141073, 38.12821995373025], [115.99257051402222, 38.12653784415686], [115.99939347358719, 38.131257354268634], [116.0011994640244, 38.131162821097405], [116.00019587237689, 38.12896020040198], [116.0083231276582, 38.130184574180134], [116.01645089931708, 38.137107771321126], [116.03069617061995, 38.137249008834296], [116.03561135526252, 38.14226152166371], [116.04273116120723, 38.14168005024399], [116.05355854438533, 38.14730426392625], [116.05576333638258, 38.146809015601264], [116.05756637558444, 38.14031386594525], [116.05666402945154, 38.136412745784156], [116.06097257793716, 38.135421393434406], [116.0596685952405, 38.12312119327741], [116.05465718278072, 38.11501258760514], [116.03660923954722, 38.09957227257348], [116.03570608490496, 38.09487080133711], [116.03971688984952, 38.08998231006304], [116.03750994255937, 38.08357785846686], [116.0437270027362, 38.0836936882622], [116.04372673258331, 38.081394154676005], [116.0501429052377, 38.081709287312144], [116.04984183188766, 38.07870921419777], [116.05395133820268, 38.0786183130428], [116.05314896026451, 38.07371758836194], [116.06156628673442, 38.07253481176186], [116.06096346160349, 38.05823664436726], [116.0595604199334, 38.0555345274176], [116.05665454536638, 38.05602863834997], [116.05635357982513, 38.05322860721747], [116.06517010682062, 38.05014592168951], [116.06396768199149, 38.047244433782446], [116.06577057862424, 38.04554791387829], [116.06977674297515, 38.04445461504234], [116.0715794465812, 38.045657058077005], [116.07668533265627, 38.041964726027516], [116.07468238185885, 38.03656329647317], [116.06897434649755, 38.03425552508848], [116.06376585443773, 38.03474671308596], [116.05985905577472, 38.03893859322197], [116.05555021694711, 38.03922989004219], [116.04853240671781, 38.02541735041926], [116.06356290716391, 38.01275102050316], [116.06847024806821, 38.00596073730068], [116.07217392856782, 37.991969297331245], [116.0779795441134, 37.98117917190764], [116.09468653777536, 37.960397079184375], [116.10668244519478, 37.94980129597193], [116.12706014452935, 37.949090952248575], [116.12646089585631, 37.94749181678072], [116.1216677160156, 37.946595832656776], [116.12016884746751, 37.93969824929245], [116.11297610278936, 37.93520280838219], [116.11017773337856, 37.92940481179228], [116.10677984444622, 37.92820563246336], [116.10638023353653, 37.92960539103786], [116.10008189746156, 37.92350623789355], [116.09718142165482, 37.9164068673642], [116.09708088439726, 37.91180772126248], [116.11157447522639, 37.911107997679714], [116.1268563717898, 37.91429805185205], [116.1459191953232, 37.91487485147499], [116.15539664954518, 37.91805917865555], [116.15988477514522, 37.91545196332968], [116.16397417747773, 37.917544273981164], [116.17025771277228, 37.92263175049783], [116.17674120996769, 37.934417273797486], [116.17933539998008, 37.94611003670694], [116.17415052258974, 37.952918400292035], [116.17524811858233, 37.95831523015599], [116.17614588083518, 37.96041310935781], [116.1807331692515, 37.96010454281038], [116.18472298534245, 37.96679568796443], [116.19379887993023, 37.969078622377125], [116.21494830883015, 37.96714519242033], [116.23301529585515, 37.95222832049188], [116.2495997543292, 37.957518614849064], [116.25279868399018, 37.962117174685986], [116.26239734746473, 37.965917242590145], [116.26759808573695, 37.96431948763036], [116.2685981152528, 37.96172050901329], [116.27199962587426, 37.962122341728964], [116.27210061399656, 37.97032070132603], [116.28220813510947, 37.970228857932426], [116.28400914804793, 37.96323212409413], [116.3126557315463, 37.980069474164324], [116.33380411196232, 38.00780285564873], [116.34984055843042, 38.018130853034684], [116.35715585778982, 38.01964344561259], [116.37689005145876, 38.0194727884094], [116.4039117162681, 38.014293797562864], [116.41391032003322, 38.01089434476929], [116.42320442413822, 38.01039029118938], [116.4423777274495, 38.0131689150112], [116.47020650756015, 38.01471210858253], [116.47220052676414, 38.01750648988256], [116.47339750549864, 38.02460192008716], [116.47987556981785, 38.02128540361168], [116.47818048452129, 38.014091524677504], [116.48515617282808, 38.01227261251425], [116.48625268134029, 38.015668778464246], [116.48824565528709, 38.016462899034195], [116.48774799489865, 38.02126331537944], [116.49073778219486, 38.02615362729463], [116.49362716234548, 38.02544530630461], [116.49292931300356, 38.02194809992942], [116.4941247829763, 38.020644853108465], [116.49820966620409, 38.020232807316624], [116.49940479582799, 38.01643003924097], [116.50468489681116, 38.01421465227832], [116.50697653739098, 38.015707439538424], [116.50787354554757, 38.0187041068911], [116.51215781669032, 38.01999097539409], [116.51136051028611, 38.01779382771421], [116.51803595815616, 38.01697414437296], [116.52092589512174, 38.0199650431422], [116.5258086612066, 38.019950988015076], [116.5263066472374, 38.01745010383701], [116.54225513712205, 38.019207210203625], [116.5431526479347, 38.02070468985336], [116.54833777514025, 38.019492688284124], [116.5520281325601, 38.02088419357143], [116.56879175615491, 38.02045329567818], [116.57028697158353, 38.00035532713947], [116.5701857843334, 37.98825802644672], [116.56858806577941, 37.98436122911296], [116.57078391868203, 37.98035882084376], [116.56409470859768, 37.96887173429446], [116.55690781940044, 37.94698952049101], [116.55022373157198, 37.93990502271179], [116.5507216306196, 37.932905320561815], [116.54433879366209, 37.92862089890137], [116.54294239036632, 37.924325134018346], [116.5435400492267, 37.91912469028449], [116.5372586945029, 37.91504129982925], [116.53945111012361, 37.908336938567395], [116.53765650711084, 37.90674185081075], [116.5299813839302, 37.90556266169894], [116.52988144940693, 37.9031633896109], [116.53207383791747, 37.90065783916922], [116.52111085115433, 37.89359011166146], [116.5175225418996, 37.88290256408076], [116.51951460326823, 37.876297870018284], [116.51154312694895, 37.87152235182006], [116.51931386135863, 37.863400664926885], [116.51632460912222, 37.86280957668838], [116.50765677047238, 37.86503512698589], [116.50307347982258, 37.86224938505177], [116.49480441200264, 37.865273584317826], [116.49301039402596, 37.860179728379244], [116.48224957052396, 37.86710943114537], [116.47925973030608, 37.866317786289514], [116.47826184511128, 37.855422296347136], [116.48603440772253, 37.85060149876397], [116.48095149008391, 37.8449166395253], [116.48414011641987, 37.8422081795396], [116.48164799959137, 37.8354161694686], [116.48613214216303, 37.83390379663036], [116.48722789246311, 37.830801123765326], [116.4764632545789, 37.81553307652184], [116.47995089533542, 37.81002441144808], [116.47566508511997, 37.808536118414374], [116.47137842583719, 37.80424774106051], [116.47705987831324, 37.80343307198741], [116.48054731808233, 37.796624467203394], [116.47825473948198, 37.79353107637438], [116.47964947179055, 37.78872785215363], [116.47705768763542, 37.78433534044864], [116.4794490033555, 37.778729498292364], [116.47665822213591, 37.77743714710465], [116.46659034206377, 37.77976237914998], [116.4629009389202, 37.778071162852406], [116.46220266845596, 37.77587297165297], [116.46439571626718, 37.770168531911054], [116.46230147638471, 37.76797353710662], [116.45841210925124, 37.767382107317], [116.45881046400541, 37.76238172632445], [116.45711463674718, 37.75958554971942], [116.4521270123232, 37.758595539520684], [116.44604094261827, 37.76080613919314], [116.44364557356045, 37.75861017576157], [116.44564102498673, 37.75430736049588], [116.44474271070453, 37.7529089302347], [116.43036651974182, 37.752227595626294], [116.43026645001541, 37.75052783118527], [116.43755558645233, 37.749219645427644], [116.43655668909734, 37.74462127162837], [116.44094857085523, 37.74001568398011], [116.4402493243181, 37.735516986378215], [116.42966558002628, 37.736529437269695], [116.42766775052489, 37.73483135650666], [116.42866620005648, 37.73143069020611], [116.42606898855435, 37.7305329437052], [116.42277258947817, 37.734535046559216], [116.41937522893176, 37.734836938953336], [116.42107300901593, 37.72623656968969], [116.40907640196464, 37.71034084896876], [116.39797346106293, 37.70253875039893], [116.39737295010389, 37.70063853160536], [116.40037380585626, 37.69703986361236], [116.40017349198548, 37.69493984391827], [116.39737226680914, 37.69473868560172], [116.39397067566786, 37.69813675890594], [116.39256960220364, 37.697335886985336], [116.39286877857326, 37.68833627171834], [116.38736346430093, 37.68273216665074], [116.39126577334933, 37.67283528536749], [116.3894641621372, 37.67193393292431], [116.38305815229569, 37.6765281599814], [116.38175633041524, 37.674126812037876], [116.38526017612901, 37.67283031279846], [116.38576043836991, 37.67053077068412], [116.3766487706286, 37.66682093800034], [116.37855108072422, 37.664123184976326], [116.38415769428435, 37.66172916727322], [116.38455780164237, 37.658829508171365], [116.38265519033864, 37.65492753380361], [116.37524551801442, 37.6561190296433], [116.37454399772511, 37.65191803342049], [116.37103810891394, 37.648013225024016], [116.37484385622189, 37.646818269869165], [116.37594513005614, 37.64391956290897], [116.38085133127893, 37.64042516897039], [116.38165116625012, 37.63042556913766], [116.37894737160575, 37.62732240495721], [116.38185011825165, 37.61922511725477], [116.3735383075039, 37.6156149732368], [116.36622693692381, 37.62140498613474], [116.36051536204668, 37.61199531434584], [116.35791027001872, 37.61169094940655], [116.34799034485796, 37.61637372462258], [116.34738831309166, 37.609872137855724], [116.338368678557, 37.61055523058885], [116.33415908163545, 37.608146996058096], [116.33395838706322, 37.605946433121424], [116.34027188005057, 37.60175812672068], [116.34187507717228, 37.59886090304949], [116.33566068082504, 37.592948508202355], [116.33616125564873, 37.588248984581405], [116.33726343500605, 37.58595084515043], [116.34277524057153, 37.58296098008351], [116.33325420435874, 37.58284283374291], [116.32503586472545, 37.58002687597246], [116.33966774931605, 37.57715442377354], [116.34056952104623, 37.57525590645601], [116.33515707790286, 37.57104505852851], [116.32653825175133, 37.57232878021118], [116.3116064310602, 37.56510063287909], [116.30549560231461, 37.57039113247056], [116.30409273331401, 37.56698844918761], [116.30629595154898, 37.56069111796394], [116.29788161882516, 37.55977807872319], [116.30118634544007, 37.55438216641408], [116.29407509143452, 37.55237171138934], [116.29367426267258, 37.55007082413951], [116.29717902338506, 37.54637504570227], [116.29507460532609, 37.535170238931606], [116.29186989197665, 37.53336569550105], [116.29707630352074, 37.5235708921188], [116.28606186950692, 37.52595743883968], [116.28205730603524, 37.52245261937936], [116.28926488862099, 37.51895977286204], [116.28656078682444, 37.51125508305394], [116.29497165893447, 37.51026531014673], [116.30238355951784, 37.51167637789693], [116.30418653976777, 37.51047894636529], [116.29396969682244, 37.50566298493216], [116.29006393760118, 37.501457077755276], [116.29256691416356, 37.49835953422658], [116.29867599167399, 37.49856798579105], [116.2967724494186, 37.49336407259328], [116.28956201065748, 37.48995383530689], [116.29506936773012, 37.488560584309], [116.2964710837173, 37.48526172483003], [116.2773485381527, 37.48013904442419], [116.28375349162019, 37.4733432196876], [116.28435363530647, 37.469042714313375], [116.28225135602608, 37.467640211608995], [116.27364500808727, 37.47073385480881], [116.27364520947378, 37.47253432606951], [116.26214236533414, 37.47953064228227], [116.26404296567958, 37.48343217794774], [116.25324502100095, 37.48923217322911], [116.24924671686769, 37.486832198243285], [116.24894738805656, 37.491233315207424], [116.24704873264983, 37.492234067064686], [116.24604905937996, 37.488733567201535], [116.24514995985338, 37.49063434367273], [116.24105288580547, 37.48443471725815], [116.24225146412192, 37.481933493158984], [116.24085263473216, 37.48043383552667], [116.23026567815894, 37.48044151077455], [116.22996558139744, 37.47564056939927], [116.23316102828977, 37.47523770676577], [116.23276114162199, 37.47143704690615], [116.23535755120582, 37.46953452525087], [116.2341585351237, 37.4647341432954], [116.2354568562065, 37.46443308485212], [116.23565616196831, 37.46043184259332], [116.2412499709265, 37.460128272365736], [116.24134967280483, 37.45832771878006], [116.24934328033878, 37.4566242740623], [116.2482437052584, 37.454423916556685], [116.24944296517477, 37.45432359946899], [116.24974200041142, 37.44722147592953], [116.2467439205566, 37.44732229433453], [116.24674371940286, 37.445521761510136], [116.24364624667938, 37.446423196552054], [116.24234695319554, 37.442422597199474], [116.2399492469484, 37.442023738116355], [116.2398488806853, 37.43782251505879], [116.23605306760173, 37.43712473410407], [116.23545395773932, 37.43852559589457], [116.23445479121533, 37.434725167136854], [116.23305666139444, 37.4350263636112], [116.23315546479414, 37.42552326345249], [116.23485344379407, 37.42722248792338], [116.23735039385993, 37.42692062581562], [116.23725031908091, 37.42522014233273], [116.24724095854023, 37.423914871390934], [116.24704087310582, 37.421914276847055], [116.24963922050237, 37.42181356987328], [116.25283776160117, 37.42281341834566], [116.25573719326897, 37.42661455430779], [116.26073639006684, 37.426114969019324], [116.26113658377282, 37.4279156359544], [116.26333662714993, 37.42741606134678], [116.26483701865436, 37.429117109977454], [116.26733738288193, 37.42721752663617], [116.2738406770756, 37.43092244857708], [116.27674220099385, 37.4274234873961], [116.26803699495628, 37.4218160973099], [116.27173824660424, 37.41941733903811], [116.27584081776524, 37.420720601217596], [116.28074462015852, 37.41992448829635], [116.27604014069034, 37.41341830497542], [116.27974302538036, 37.41352142404364], [116.28244485201058, 37.40772197120249], [116.29025348534098, 37.40582996582575], [116.29095412828022, 37.403429988201545], [116.27874058163873, 37.39911550585754], [116.2780390295704, 37.3902116590419], [116.26733328933116, 37.39050481244551], [116.26843293501749, 37.384202975427016], [116.26473217286609, 37.38580199346196], [116.26313166862097, 37.383100442809095], [116.25923158036777, 37.382099177366435], [116.25493161746684, 37.37449593072396], [116.24073949811468, 37.36189482925049], [116.22955372576219, 37.36430406934262], [116.21677612187335, 37.36431851422572], [116.20939208019522, 37.36713007852559], [116.19702179405327, 37.36735031359961], [116.17258953230964, 37.385602437908915], [116.16790198782721, 37.382910129819905], [116.13627707434134, 37.37475731006079], [116.12120181704412, 37.37497196393318], [116.11261060886004, 37.36967437934434], [116.09091759222449, 37.37457369378677], [116.08651565406173, 37.373970367054774], [116.07790830220829, 37.368759765184215], [116.0596811252986, 37.369331477273754], [116.05717589914836, 37.3675258094951], [116.06138381154436, 37.3644327413471], [116.0579764847642, 37.358323679100174], [116.05086096284674, 37.35830860273953], [116.04935794562613, 37.36300712018918], [116.04635071770954, 37.36430061772637], [116.04594909246893, 37.35889745550637], [116.04043464269766, 37.359083882946095], [116.0371252518763, 37.35717450937983], [116.02990451333282, 37.36055627246665], [116.02538974270067, 37.35244011505622], [116.0194707563058, 37.350321972277584], [116.00622755858247, 37.351782828517685], [116.017062507491, 37.346113045855965], [116.0152563849641, 37.343906710224395], [115.99278246706193, 37.34233839328526], [115.98947157990541, 37.33942739837002], [115.9815469410316, 37.337904080989524], [115.98164693100784, 37.33510313062956], [115.99067404129649, 37.32722551417874], [115.98455459940392, 37.32460663331029], [115.97833595129624, 37.324489250755065], [115.97853610444649, 37.32058801724448], [115.9817453326339, 37.317995687420584], [115.9895697800577, 37.32041918785486], [115.99047229950199, 37.31732040183633], [115.98746231496919, 37.31290958544382], [115.98706047175192, 37.307605927790775], [115.98274678209579, 37.30379181795814], [115.98124186379621, 37.30028592195481], [115.97813260552248, 37.299577021963366], [115.97652754872881, 37.29577083703916], [115.97933557490335, 37.29457787765643], [115.97381907842761, 37.28836000783025], [115.98204158837157, 37.2760761317517], [115.98093756074951, 37.26956970863851], [115.9743183553035, 37.26915157333611], [115.97271371648579, 37.26744649842068], [115.97451838679169, 37.264349599586964], [115.9792316022723, 37.26136071286276], [115.97862942863458, 37.25765710704859], [115.97150892025884, 37.25373616428344], [115.96970374421896, 37.250629921055676], [115.97602075051641, 37.24724447652901], [115.97702321399697, 37.24354515527636], [115.97511739535581, 37.240038141424044], [115.96659384784898, 37.233913106935574], [115.96328597600547, 37.23670680948276], [115.96188252537263, 37.23570302868104], [115.96298465966152, 37.231303110166905], [115.95887437629877, 37.224189889779254], [115.9533627923917, 37.22437853668523], [115.95145940021001, 37.227076356150285], [115.94705164421721, 37.22816892804224], [115.93243171397272, 37.219943268240065], [115.92632761303753, 37.22393949290438], [115.9258263182438, 37.21463376362549], [115.91722290298176, 37.207324039994745], [115.91542286955872, 37.207223252320354], [115.91482325121838, 37.21042490000755], [115.91092372456319, 37.20832270348345], [115.91172317367516, 37.20522104236079], [115.9093235915551, 37.20221893463733], [115.91362234160754, 37.20091898100768], [115.91372203381029, 37.198217418042496], [115.9104217505723, 37.18881111499037], [115.91592022087256, 37.183009077252144], [115.9112206333484, 37.18070635917105], [115.91811990994898, 37.179107674005884], [115.91781968246664, 37.177306434635085], [115.9047218051953, 37.16459626310143], [115.9106188469314, 37.16269520622187], [115.90911919198236, 37.16109403442633], [115.90332265862614, 37.16389602195895], [115.89912586366842, 37.1619959212542], [115.90042441474856, 37.15929382444796], [115.89792657190348, 37.15799387025153], [115.89293225448344, 37.15919710420827], [115.88564179718001, 37.15239821865866], [115.88504129077356, 37.138990238882144], [115.89113115785267, 37.127978380791454], [115.88853342668666, 37.11577228590726], [115.89312711016532, 37.11416811406084], [115.89382606944703, 37.11236652669572], [115.8869353179878, 37.11137066445514], [115.88503769612767, 37.1059687287001], [115.88873194190751, 37.10476487206506], [115.88843179798236, 37.09946157522601], [115.88453795919702, 37.10096585816229], [115.88413877624562, 37.1024672243388], [115.87695051593305, 37.091567495188464], [115.87066313946286, 37.08837329764085], [115.8740554567102, 37.083765754543315], [115.87325616092288, 37.07506086601224], [115.87066126335513, 37.07116163120134], [115.8608840762429, 37.071476320313366], [115.8605845979828, 37.06947543220861], [115.86327764820035, 37.06606886862093], [115.86317748421173, 37.06236648313508], [115.85958601078472, 37.05967031552089], [115.84423053184206, 37.09382031689654], [115.83316296049529, 37.106449410039296], [115.79236820708752, 37.12442895599939], [115.78019084348433, 37.1343483141229], [115.77589782947884, 37.14205665796863], [115.76721249386364, 37.18488812859634], [115.77130909249114, 37.19209047664192], [115.76791314778166, 37.19659482731915], [115.76221944604978, 37.210504820651906], [115.76811532035732, 37.21760697035899], [115.753024604423, 37.21760931433091], [115.739124478843, 37.22620877210571], [115.71931007622916, 37.244299401734146], [115.71650720179414, 37.2504990421992], [115.70438966051688, 37.25768455772526], [115.70218646726289, 37.26288362948081], [115.69557450546338, 37.263072212855484], [115.69216776472808, 37.26086487651661], [115.69036369473878, 37.255858900893735], [115.68395084350153, 37.255246535200214], [115.68164663534994, 37.25944437852382], [115.67844197631337, 37.27634703192755], [115.67122740196251, 37.27793407216056], [115.63866947039858, 37.277579220606306], [115.63035973767046, 37.28027056413049], [115.6366680351361, 37.28858213841975], [115.63606797654212, 37.29498453132391], [115.62916051695808, 37.298378266910156], [115.60565038338423, 37.302466450369124], [115.59845333578131, 37.307469216639056], [115.59645511180419, 37.312972320695586], [115.60245274198496, 37.31727331320638], [115.61045296700696, 37.326378584994956], [115.61155395271702, 37.33388230339945], [115.59425856642768, 37.33028100241442], [115.59275891485944, 37.32257817843925], [115.58296915844377, 37.316582169462166], [115.5609127968922, 37.3182135208198], [115.5415704521018, 37.32425855767149], [115.53529229122951, 37.327476189347266], [115.53210430614268, 37.33338741019347], [115.53180642117718, 37.342592248455944], [115.52971469381264, 37.34850053803604], [115.51258238255959, 37.369658966749725], [115.4815028777102, 37.38215526750433], [115.43482848039119, 37.388853783350385], [115.42683950676903, 37.39406360740702], [115.41405060933603, 37.41167651843858], [115.39735046026874, 37.42877999102766], [115.36270429119871, 37.44024551320368], [115.3512806192743, 37.44902861019201], [115.3508800172086, 37.45172867012761], [115.35338617749505, 37.45583432270934], [115.36681492954088, 37.462358280913236], [115.38464297287855, 37.46258069046136], [115.38714541165378, 37.45888198466483], [115.38944778433266, 37.45878388534927], [115.38964877904935, 37.46558590722824], [115.39445288838236, 37.465689274208565], [115.39595357770271, 37.46268931827308], [115.40585748402913, 37.46279268089987], [115.40745723530107, 37.45959194710427], [115.41115728740101, 37.46219257625743], [115.41325670441158, 37.46139203737043], [115.4135568141359, 37.46309244154182], [115.41825474867811, 37.46329100452644], [115.41875362812034, 37.45628884612717], [115.43154171147926, 37.461280853380586], [115.43134278999233, 37.46818292366458], [115.43014434780297, 37.468184104559164], [115.4313430250947, 37.47018345279392], [115.43553610934885, 37.463176943509616], [115.4382319888858, 37.46587429001675], [115.43663466732144, 37.46587633392883], [115.43703426932767, 37.46807642193767], [115.43493761603013, 37.46807897283526], [115.43473822741703, 37.47067989294118], [115.44072852026629, 37.47437311497283], [115.43394018086825, 37.47708245948698], [115.43453969461103, 37.48058265644572], [115.43134491840333, 37.486287513960015], [115.42944735939314, 37.486389378238215], [115.4288468484251, 37.475887318857154], [115.41695711327057, 37.47739522434853], [115.4156581802304, 37.481296637995], [115.4214548821384, 37.48269445264409], [115.42165497539511, 37.484794852303736], [115.42355358543426, 37.48639406400348], [115.4272499146831, 37.486391307942206], [115.42784945712656, 37.4881912349771], [115.42265458279465, 37.48829509698248], [115.42075572097069, 37.48539549825279], [115.41935671325889, 37.48569627646873], [115.41925707175052, 37.48819692445746], [115.41425953899173, 37.488198701880755], [115.41615931276544, 37.49279924224561], [115.42285515691074, 37.49459644774102], [115.42305543435195, 37.49839718491854], [115.41985791597584, 37.49869906681409], [115.4187583139862, 37.496098995933245], [115.41575979811283, 37.49539996974417], [115.4092614244033, 37.49540104562334], [115.4089617480313, 37.49800164056791], [115.40426139535519, 37.49830126516506], [115.4047620371675, 37.502902378062906], [115.40666237199443, 37.503602784336955], [115.4061628792073, 37.50830374108425], [115.4082633012165, 37.51100445020279], [115.42375576303007, 37.506398481483636], [115.4323460168607, 37.50719122690899], [115.43234529882686, 37.50108990317215], [115.42825027077896, 37.49899338803494], [115.42795033240016, 37.496593106306705], [115.43064671979211, 37.4937899819296], [115.43524052658313, 37.496785695652825], [115.44242773129012, 37.49517570481622], [115.43763681674811, 37.498283072589984], [115.43883507157696, 37.50098210087508], [115.44212894723556, 37.50057736755023], [115.44242802493523, 37.497676273529486], [115.44472332463147, 37.49697257980235], [115.45390214406882, 37.49705634379675], [115.45460082910041, 37.501055869352285], [115.46148197091618, 37.50044129465976], [115.46148222806757, 37.50264177977196], [115.44741849985657, 37.50506994587193], [115.44861626988306, 37.508968715996204], [115.44193042519773, 37.50987966646792], [115.44213036918926, 37.51267995238394], [115.43823664195722, 37.505483877731656], [115.43474222525862, 37.504688032123134], [115.43434325430621, 37.50828926247192], [115.43723859218159, 37.50768563816387], [115.43733884902451, 37.51128626615591], [115.43564174825676, 37.51248861575334], [115.43164752912297, 37.511892939955096], [115.4317477235854, 37.51469341018227], [115.42895132026418, 37.514896156127534], [115.4289516619622, 37.51779673743235], [115.42345730265804, 37.51720091207763], [115.4237575194574, 37.5213015186329], [115.4208599029132, 37.52150331278372], [115.42175950557616, 37.52390326899597], [115.41636292231146, 37.524205804031425], [115.4148646492762, 37.53340794889253], [115.41206591448471, 37.53690914291653], [115.38415170661085, 37.54199763203732], [115.37844433089285, 37.54499193541273], [115.38004711268482, 37.548994418283925], [115.37704307038837, 37.55219138309288], [115.37383795814677, 37.552187310322154], [115.37093395539239, 37.56038456389146], [115.36562402607866, 37.55957664917456], [115.36451927586008, 37.537471471597506], [115.36792475357477, 37.52847505011105], [115.36712281471878, 37.52477316681191], [115.3603092276565, 37.52466239849027], [115.34968727829342, 37.537646225892374], [115.3365567361555, 37.54492278890052], [115.33164545089944, 37.551114370537945], [115.3206197811732, 37.55949483800918], [115.31330343332142, 37.56468240935455], [115.28865692181635, 37.576747266218995], [115.25322838052146, 37.57842742129146], [115.24323038053828, 37.57622989661122], [115.23083859653768, 37.56903744778496], [115.22354589526135, 37.5601436446385], [115.2214490006392, 37.56304648452801], [115.20796963667425, 37.55676412564632], [115.19928681936447, 37.56307915084508], [115.19369798559669, 37.56098862531455], [115.19439686670033, 37.56388778242114], [115.20617427693536, 37.56876858280685], [115.20667388318834, 37.5732683687927], [115.20178368178938, 37.57837689471315], [115.2018837887109, 37.58097702941889], [115.19948861816377, 37.58208118464579], [115.19789133116439, 37.57788344003779], [115.19569599011336, 37.57948745614766], [115.19439921563803, 37.58419028018784], [115.19569695062609, 37.58778837322556], [115.19270376853274, 37.592894217334845], [115.18781426197938, 37.59350318292016], [115.1867171347171, 37.59780561902565], [115.17923373262383, 37.59971978325816], [115.17883480850996, 37.60142068464466], [115.18542052147053, 37.60270846238075], [115.1857202183485, 37.60570815806412], [115.18941226707916, 37.605901363421026], [115.18991146625116, 37.608200636359115], [115.19789496465955, 37.60928650673606], [115.20627930279372, 37.61387296379781], [115.20637975574974, 37.61937318218946], [115.20059138834362, 37.62478295893206]]]]}}]}