{"type": "FeatureCollection", "features": [{"type": "Feature", "geometry": {"type": "Point", "coordinates": [114.53915, 36.625849]}, "properties": {"name": "牛洼堡遗址", "level": "省级", "era": "史前至先秦", "lon": 114.043888, "lat": 36.594541, "elev": 295, "city": "邯郸市", "img": "", "wgs_lon": 114.043888, "wgs_lat": 36.594541, "gcj_lon": 114.53915, "gcj_lat": 36.625849, "geo_addr": "河北省邯郸市", "coord_src": "geocode"}}, {"type": "Feature", "geometry": {"type": "Point", "coordinates": [114.054233, 36.523741]}, "properties": {"name": "吕仙祠（黄粱梦）", "level": "省级", "era": "宋元至明清", "lon": 114.047922, "lat": 36.523487, "elev": 512, "city": "邯郸市", "img": "", "wgs_lon": 114.047922, "wgs_lat": 36.523487, "gcj_lon": 114.054233, "gcj_lat": 36.523741, "geo_addr": "河北省邯郸市武安市吕仙祠", "coord_src": "geocode"}}, {"type": "Feature", "geometry": {"type": "Point", "coordinates": [114.53915, 36.625849]}, "properties": {"name": "娲媓宫", "level": "省级", "era": "宋元至明清", "lon": 113.601555, "lat": 36.63253, "elev": 497, "city": "邯郸市", "img": "", "wgs_lon": 113.601555, "wgs_lat": 36.63253, "gcj_lon": 114.53915, "gcj_lat": 36.625849, "geo_addr": "河北省邯郸市", "coord_src": "geocode"}}, {"type": "Feature", "geometry": {"type": "Point", "coordinates": [113.62222679278926, 36.579334530140585]}, "properties": {"name": "八路军一二九师司令部、政治部旧址", "level": "省级", "era": "近代以来", "lon": 113.615988, "lat": 36.579368, "elev": 624, "city": "邯郸市", "img": "", "wgs_lon": 113.615988, "wgs_lat": 36.579368, "gcj_lon": 113.62222679278926, "gcj_lat": 36.579334530140585, "geo_addr": "", "coord_src": "fallback_local", "gcj_note": "tries_exhausted"}}, {"type": "Feature", "geometry": {"type": "Point", "coordinates": [113.842641, 36.42693]}, "properties": {"name": "晋冀鲁豫军区西达兵工厂旧址", "level": "省级", "era": "近代以来", "lon": 113.827637, "lat": 36.431597, "elev": 342, "city": "邯郸市", "img": "", "wgs_lon": 113.827637, "wgs_lat": 36.431597, "gcj_lon": 113.842641, "gcj_lat": 36.42693, "geo_addr": "河北省邯郸市涉县西达镇", "coord_src": "geocode"}}, {"type": "Feature", "geometry": {"type": "Point", "coordinates": [114.53915, 36.625849]}, "properties": {"name": "晋冀鲁豫军区旧址", "level": "省级", "era": "近代以来", "lon": 113.937856, "lat": 36.639901, "elev": 408, "city": "邯郸市", "img": "", "wgs_lon": 113.937856, "wgs_lat": 36.639901, "gcj_lon": 114.53915, "gcj_lat": 36.625849, "geo_addr": "河北省邯郸市", "coord_src": "geocode"}}, {"type": "Feature", "geometry": {"type": "Point", "coordinates": [113.600103, 36.616776]}, "properties": {"name": "玉泉寺大殿", "level": "省级", "era": "宋元至明清", "lon": 113.593858, "lat": 36.616796, "elev": 494, "city": "邯郸市", "img": "", "wgs_lon": 113.59389, "wgs_lat": 36.616417, "gcj_lon": 113.600103, "gcj_lat": 36.616776, "geo_addr": "河北省邯郸市涉县玉泉寺大殿", "coord_src": "geocode"}}, {"type": "Feature", "geometry": {"type": "Point", "coordinates": [117.193638, 39.143448]}, "properties": {"name": "成汤庙山门、戏楼", "level": "省级", "era": "宋元至明清", "lon": 113.740209, "lat": 36.611404, "elev": 558, "city": "天津城区", "img": "", "wgs_lon": 113.740209, "wgs_lat": 36.611404, "gcj_lon": 117.193638, "gcj_lat": 39.143448, "geo_addr": "天津市南开区戏楼", "coord_src": "geocode", "gcj_note": "api_error:30001:ENGINE_RESPONSE_DATA_ERROR"}}, {"type": "Feature", "geometry": {"type": "Point", "coordinates": [113.800434, 36.697105]}, "properties": {"name": "西戌昭福寺", "level": "省级", "era": "宋元至明清", "lon": 113.794109, "lat": 36.696922, "elev": 624, "city": "邯郸市", "img": "", "wgs_lon": 113.794109, "wgs_lat": 36.696922, "gcj_lon": 113.800434, "gcj_lat": 36.697105, "geo_addr": "河北省邯郸市涉县西戌镇昭福寺", "coord_src": "geocode"}}, {"type": "Feature", "geometry": {"type": "Point", "coordinates": [113.74699, 36.477695]}, "properties": {"name": "固新洞阳观", "level": "省级", "era": "宋元至明清", "lon": 113.740613, "lat": 36.4776, "elev": 398, "city": "邯郸市", "img": "", "wgs_lon": 113.740613, "wgs_lat": 36.4776, "gcj_lon": 113.74699, "gcj_lat": 36.477695, "geo_addr": "河北省邯郸市涉县固新镇", "coord_src": "geocode"}}, {"type": "Feature", "geometry": {"type": "Point", "coordinates": [114.068246, 36.557741]}, "properties": {"name": "天青寺大殿", "level": "省级", "era": "宋元至明清", "lon": 114.06191, "lat": 36.557443, "elev": 293, "city": "邯郸市", "img": "", "wgs_lon": 114.06, "wgs_lat": 36.558611, "gcj_lon": 114.068246, "gcj_lat": 36.557741, "geo_addr": "河北省邯郸市武安市天青寺(公交站)", "coord_src": "geocode"}}, {"type": "Feature", "geometry": {"type": "Point", "coordinates": [114.53915, 36.625849]}, "properties": {"name": "林旺石窟", "level": "省级", "era": "秦汉至隋唐", "lon": 113.807987, "lat": 36.442867, "elev": 365, "city": "邯郸市", "img": "", "wgs_lon": 113.807987, "wgs_lat": 36.442867, "gcj_lon": 114.53915, "gcj_lat": 36.625849, "geo_addr": "河北省邯郸市", "coord_src": "geocode"}}, {"type": "Feature", "geometry": {"type": "Point", "coordinates": [113.928586, 36.397705]}, "properties": {"name": "老爷山石佛龛", "level": "省级", "era": "宋元至明清", "lon": 113.922566, "lat": 36.397814, "elev": 788, "city": "邯郸市", "img": "", "wgs_lon": 113.922566, "wgs_lat": 36.397814, "gcj_lon": 113.928586, "gcj_lat": 36.397705, "geo_addr": "河北省邯郸市磁县老爷山", "coord_src": "geocode"}}, {"type": "Feature", "geometry": {"type": "Point", "coordinates": [114.53915, 36.625849]}, "properties": {"name": "涂氏先茔", "level": "省级", "era": "宋元至明清", "lon": 113.816967, "lat": 36.34025, "elev": 345, "city": "邯郸市", "img": "", "wgs_lon": 113.816967, "wgs_lat": 36.34025, "gcj_lon": 114.53915, "gcj_lat": 36.625849, "geo_addr": "河北省邯郸市", "coord_src": "geocode"}}, {"type": "Feature", "geometry": {"type": "Point", "coordinates": [113.664854, 36.574101]}, "properties": {"name": "背牛顶太清观", "level": "省级", "era": "宋元至明清", "lon": 113.658564, "lat": 36.574078, "elev": 452, "city": "邯郸市", "img": "", "wgs_lon": 113.658564, "wgs_lat": 36.574078, "gcj_lon": 113.664854, "gcj_lat": 36.574101, "geo_addr": "河北省邯郸市涉县太清观", "coord_src": "geocode"}}, {"type": "Feature", "geometry": {"type": "Point", "coordinates": [113.921426, 36.602186]}, "properties": {"name": "安子岭古村落及山寨", "level": "省级", "era": "宋元至明清", "lon": 113.915384, "lat": 36.602204, "elev": 564, "city": "邯郸市", "img": "", "wgs_lon": 113.915384, "wgs_lat": 36.602204, "gcj_lon": 113.921426, "gcj_lat": 36.602186, "geo_addr": "河北省邯郸市武安市安子岭古村落", "coord_src": "geocode"}}, {"type": "Feature", "geometry": {"type": "Point", "coordinates": [113.924456, 36.4021]}, "properties": {"name": "炉峰山碑刻", "level": "省级", "era": "宋元至明清", "lon": 113.918436, "lat": 36.402211, "elev": 1026, "city": "邯郸市", "img": "", "wgs_lon": 113.918436, "wgs_lat": 36.402211, "gcj_lon": 113.924456, "gcj_lat": 36.4021, "geo_addr": "河北省邯郸市磁县炉峰山", "coord_src": "geocode"}}, {"type": "Feature", "geometry": {"type": "Point", "coordinates": [113.62658, 36.617234]}, "properties": {"name": "晋冀鲁豫边区政府旧址", "level": "省级", "era": "近代以来", "lon": 113.620335, "lat": 36.617243, "elev": 482, "city": "邯郸市", "img": "", "wgs_lon": 113.62025, "wgs_lat": 36.617722, "gcj_lon": 113.62658, "gcj_lat": 36.617234, "geo_addr": "河北省邯郸市涉县晋冀鲁豫边区政府旧址", "coord_src": "geocode"}}, {"type": "Feature", "geometry": {"type": "Point", "coordinates": [115.046696, 36.550237]}, "properties": {"name": "原曲大庙", "level": "省级", "era": "宋元至明清", "lon": 113.738287, "lat": 36.480328, "elev": 394, "city": "邯郸市", "img": "", "wgs_lon": 113.738287, "wgs_lat": 36.480328, "gcj_lon": 115.046696, "gcj_lat": 36.550237, "geo_addr": "河北省邯郸市广平县大庙村", "coord_src": "geocode"}}, {"type": "Feature", "geometry": {"type": "Point", "coordinates": [114.030124, 36.854022]}, "properties": {"name": "曲里千佛洞石窟", "level": "国家级", "era": "宋元至明清", "lon": 113.513337, "lat": 36.670775, "elev": 989, "city": "邯郸市", "img": "", "wgs_lon": 113.513337, "wgs_lat": 36.670775, "gcj_lon": 114.030124, "gcj_lat": 36.854022, "geo_addr": "河北省邯郸市武安市千佛洞石窟", "coord_src": "geocode"}}, {"type": "Feature", "geometry": {"type": "Point", "coordinates": [113.692157, 36.586073]}, "properties": {"name": "涉县清泉寺", "level": "国家级", "era": "宋元至明清", "lon": 113.699834, "lat": 36.5015, "elev": 654, "city": "邯郸市", "img": "", "wgs_lon": 113.699834, "wgs_lat": 36.5015, "gcj_lon": 113.692157, "gcj_lat": 36.586073, "geo_addr": "河北省邯郸市涉县", "coord_src": "geocode", "gcj_note": "api_error:10021:CUQPS_HAS_EXCEEDED_THE_LIMIT"}}, {"type": "Feature", "geometry": {"type": "Point", "coordinates": [113.62658, 36.617234]}, "properties": {"name": "晋冀鲁豫边区政府旧址", "level": "国家级", "era": "近代以来", "lon": 113.62025, "lat": 36.617722, "elev": 485, "city": "邯郸市", "img": "", "wgs_lon": 113.62025, "wgs_lat": 36.617722, "gcj_lon": 113.62658, "gcj_lat": 36.617234, "geo_addr": "河北省邯郸市涉县晋冀鲁豫边区政府旧址", "coord_src": "geocode"}}, {"type": "Feature", "geometry": {"type": "Point", "coordinates": [114.53915, 36.625849]}, "properties": {"name": "法华洞石窟", "level": "国家级", "era": "史前至先秦", "lon": 113.98, "lat": 36.670278, "elev": 488, "city": "邯郸市", "img": "", "wgs_lon": 113.98, "wgs_lat": 36.670278, "gcj_lon": 114.53915, "gcj_lat": 36.625849, "geo_addr": "河北省邯郸市", "coord_src": "geocode"}}, {"type": "Feature", "geometry": {"type": "Point", "coordinates": [114.068246, 36.557741]}, "properties": {"name": "天青寺大殿", "level": "国家级", "era": "宋元至明清", "lon": 114.06, "lat": 36.558611, "elev": 296, "city": "邯郸市", "img": "", "wgs_lon": 114.06, "wgs_lat": 36.558611, "gcj_lon": 114.068246, "gcj_lat": 36.557741, "geo_addr": "河北省邯郸市武安市天青寺(公交站)", "coord_src": "geocode"}}, {"type": "Feature", "geometry": {"type": "Point", "coordinates": [114.53915, 36.625849]}, "properties": {"name": "九江圣母庙", "level": "国家级", "era": "宋元至明清", "lon": 113.852694, "lat": 36.626444, "elev": 561, "city": "邯郸市", "img": "", "wgs_lon": 113.852694, "wgs_lat": 36.626444, "gcj_lon": 114.53915, "gcj_lat": 36.625849, "geo_addr": "河北省邯郸市", "coord_src": "geocode"}}, {"type": "Feature", "geometry": {"type": "Point", "coordinates": [113.596487, 36.629056]}, "properties": {"name": "常乐龙王庙正殿", "level": "国家级", "era": "宋元至明清", "lon": 113.583057, "lat": 36.621944, "elev": 527, "city": "邯郸市", "img": "", "wgs_lon": 113.583057, "wgs_lat": 36.621944, "gcj_lon": 113.596487, "gcj_lat": 36.629056, "geo_addr": "河北省邯郸市涉县常乐村", "coord_src": "geocode"}}, {"type": "Feature", "geometry": {"type": "Point", "coordinates": [113.600103, 36.616776]}, "properties": {"name": "玉泉寺大殿", "level": "国家级", "era": "宋元至明清", "lon": 113.59389, "lat": 36.616417, "elev": 495, "city": "邯郸市", "img": "", "wgs_lon": 113.59389, "wgs_lat": 36.616417, "gcj_lon": 113.600103, "gcj_lat": 36.616776, "geo_addr": "河北省邯郸市涉县玉泉寺大殿", "coord_src": "geocode"}}, {"type": "Feature", "geometry": {"type": "Point", "coordinates": [114.590108, 36.668723]}, "properties": {"name": "固镇古城遗址", "level": "国家级", "era": "史前至先秦", "lon": 113.971389, "lat": 36.6475, "elev": 369, "city": "邯郸市", "img": "", "wgs_lon": 113.971389, "wgs_lat": 36.6475, "gcj_lon": 114.590108, "gcj_lat": 36.668723, "geo_addr": "河北省邯郸市丛台区固镇村", "coord_src": "geocode"}}, {"type": "Feature", "geometry": {"type": "Point", "coordinates": [113.77273087497134, 36.353959792116136]}, "properties": {"name": "红旗渠", "level": "国家级", "era": "近代以来", "lon": 113.766389, "lat": 36.353917, "elev": 423, "city": "", "img": "", "wgs_lon": 113.766389, "wgs_lat": 36.353917, "gcj_lon": 113.77273087497134, "gcj_lat": 36.353959792116136, "geo_addr": "新疆维吾尔自治区塔城地区沙湾市红旗渠", "coord_src": "fallback_local", "gcj_note": "API误匹配新疆, 回退本地转换"}}, {"type": "Feature", "geometry": {"type": "Point", "coordinates": [113.91104724815216, 36.619988282544384]}, "properties": {"name": "中共晋冀鲁豫中央局和军区旧址", "level": "国家级", "era": "近代以来", "lon": 113.905, "lat": 36.62, "elev": 529, "city": "邯郸市", "img": "", "wgs_lon": 113.905, "wgs_lat": 36.62, "gcj_lon": 113.91104724815216, "gcj_lat": 36.619988282544384, "geo_addr": "", "coord_src": "fallback_local", "gcj_note": "tries_exhausted"}}, {"type": "Feature", "geometry": {"type": "Point", "coordinates": [117.136941, 39.027463]}, "properties": {"name": "成汤庙山门", "level": "国家级", "era": "宋元至明清", "lon": 113.74025, "lat": 36.611417, "elev": 558, "city": "天津城区", "img": "", "wgs_lon": 113.74025, "wgs_lat": 36.611417, "gcj_lon": 117.136941, "gcj_lat": 39.027463, "geo_addr": "天津市西青区山门", "coord_src": "geocode"}}, {"type": "Feature", "geometry": {"type": "Point", "coordinates": [113.618874, 36.639939]}, "properties": {"name": "娲皇宫及石刻", "level": "国家级", "era": "史前至先秦", "lon": 113.614028, "lat": 36.642528, "elev": 579, "city": "邯郸市", "img": "", "wgs_lon": 113.614028, "wgs_lat": 36.642528, "gcj_lon": 113.618874, "gcj_lat": 36.639939, "geo_addr": "河北省邯郸市涉县娲皇宫", "coord_src": "geocode"}}, {"type": "Feature", "geometry": {"type": "Point", "coordinates": [114.385827, 36.375861]}, "properties": {"name": "磁州窑遗址", "level": "国家级", "era": "史前至先秦", "lon": 114.076667, "lat": 36.304722, "elev": 163, "city": "邯郸市", "img": "", "wgs_lon": 114.37971, "wgs_lat": 36.375619, "gcj_lon": 114.385827, "gcj_lat": 36.375861, "geo_addr": "河北省邯郸市磁县磁州窑", "coord_src": "geocode"}}, {"type": "Feature", "geometry": {"type": "Point", "coordinates": [114.107482, 36.577329]}, "properties": {"name": "磁山遗址", "level": "国家级", "era": "史前至先秦", "lon": 114.066944, "lat": 36.58361, "elev": 302, "city": "邯郸市", "img": "", "wgs_lon": 114.10114, "wgs_lat": 36.576991, "gcj_lon": 114.107482, "gcj_lat": 36.577329, "geo_addr": "河北省邯郸市武安市磁山", "coord_src": "geocode"}}, {"type": "Feature", "geometry": {"type": "Point", "coordinates": [114.107482, 36.577329]}, "properties": {"name": "磁山遗址", "level": "省级", "era": "史前至先秦", "lon": 114.10114, "lat": 36.576991, "elev": 256, "city": "邯郸市", "img": "", "wgs_lon": 114.10114, "wgs_lat": 36.576991, "gcj_lon": 114.107482, "gcj_lat": 36.577329, "geo_addr": "河北省邯郸市武安市磁山", "coord_src": "geocode"}}, {"type": "Feature", "geometry": {"type": "Point", "coordinates": [114.27942, 36.263675]}, "properties": {"name": "下七垣遗址", "level": "省级", "era": "史前至先秦", "lon": 114.273456, "lat": 36.263635, "elev": 104, "city": "邯郸市", "img": "", "wgs_lon": 114.273456, "wgs_lat": 36.263635, "gcj_lon": 114.27942, "gcj_lat": 36.263675, "geo_addr": "河北省邯郸市磁县下七垣村", "coord_src": "geocode"}}, {"type": "Feature", "geometry": {"type": "Point", "coordinates": [114.53915, 36.625849]}, "properties": {"name": "午汲古城", "level": "省级", "era": "史前至先秦", "lon": 114.144436, "lat": 36.661646, "elev": 216, "city": "邯郸市", "img": "", "wgs_lon": 114.144436, "wgs_lat": 36.661646, "gcj_lon": 114.53915, "gcj_lat": 36.625849, "geo_addr": "河北省邯郸市", "coord_src": "geocode"}}, {"type": "Feature", "geometry": {"type": "Point", "coordinates": [114.467811, 36.609965]}, "properties": {"name": "王郎城址", "level": "省级", "era": "秦汉至隋唐", "lon": 114.461789, "lat": 36.609679, "elev": 65, "city": "邯郸市", "img": "", "wgs_lon": 114.461789, "wgs_lat": 36.609679, "gcj_lon": 114.467811, "gcj_lat": 36.609965, "geo_addr": "河北省邯郸市复兴区王郎村", "coord_src": "geocode"}}, {"type": "Feature", "geometry": {"type": "Point", "coordinates": [114.53915, 36.625849]}, "properties": {"name": "插箭岭遗址", "level": "省级", "era": "史前至先秦", "lon": 114.467818, "lat": 36.62389, "elev": 65, "city": "邯郸市", "img": "", "wgs_lon": 114.467818, "wgs_lat": 36.62389, "gcj_lon": 114.53915, "gcj_lat": 36.625849, "geo_addr": "河北省邯郸市", "coord_src": "geocode"}}, {"type": "Feature", "geometry": {"type": "Point", "coordinates": [114.53915, 36.625849]}, "properties": {"name": "邺城遗址", "level": "省级", "era": "秦汉至隋唐", "lon": 114.411698, "lat": 36.260991, "elev": 77, "city": "邯郸市", "img": "", "wgs_lon": 114.414167, "wgs_lat": 36.275389, "gcj_lon": 114.53915, "gcj_lat": 36.625849, "geo_addr": "河北省邯郸市", "coord_src": "geocode"}}, {"type": "Feature", "geometry": {"type": "Point", "coordinates": [114.385827, 36.375861]}, "properties": {"name": "磁州窑遗址", "level": "省级", "era": "宋元至明清", "lon": 114.37971, "lat": 36.375619, "elev": 67, "city": "邯郸市", "img": "", "wgs_lon": 114.37971, "wgs_lat": 36.375619, "gcj_lon": 114.385827, "gcj_lat": 36.375861, "geo_addr": "河北省邯郸市磁县磁州窑", "coord_src": "geocode"}}, {"type": "Feature", "geometry": {"type": "Point", "coordinates": [114.43324, 36.68459]}, "properties": {"name": "三陵墓群", "level": "省级", "era": "秦汉至隋唐", "lon": 114.427117, "lat": 36.684197, "elev": 93, "city": "邯郸市", "img": "", "wgs_lon": 114.427117, "wgs_lat": 36.684197, "gcj_lon": 114.43324, "gcj_lat": 36.68459, "geo_addr": "河北省邯郸市丛台区三陵乡", "coord_src": "geocode"}}, {"type": "Feature", "geometry": {"type": "Point", "coordinates": [114.322435, 36.308709]}, "properties": {"name": "磁县北朝墓群", "level": "省级", "era": "宋元至明清", "lon": 114.316417, "lat": 36.308593, "elev": 127, "city": "邯郸市", "img": "", "wgs_lon": 114.315833, "wgs_lat": 36.307778, "gcj_lon": 114.322435, "gcj_lat": 36.308709, "geo_addr": "河北省邯郸市磁县北朝墓群", "coord_src": "geocode"}}, {"type": "Feature", "geometry": {"type": "Point", "coordinates": [114.492875, 36.636434]}, "properties": {"name": "武灵丛台", "level": "省级", "era": "宋元至明清", "lon": 114.486945, "lat": 36.636201, "elev": 57, "city": "邯郸市", "img": "", "wgs_lon": 114.486945, "wgs_lat": 36.636201, "gcj_lon": 114.492875, "gcj_lat": 36.636434, "geo_addr": "河北省邯郸市丛台区", "coord_src": "geocode"}}, {"type": "Feature", "geometry": {"type": "Point", "coordinates": [114.206433, 36.696125]}, "properties": {"name": "武安舍利塔", "level": "省级", "era": "宋元至明清", "lon": 114.20033, "lat": 36.695857, "elev": 196, "city": "邯郸市", "img": "", "wgs_lon": 114.203333, "wgs_lat": 36.695556, "gcj_lon": 114.206433, "gcj_lat": 36.696125, "geo_addr": "河北省邯郸市武安市舍利塔", "coord_src": "geocode"}}, {"type": "Feature", "geometry": {"type": "Point", "coordinates": [114.53915, 36.625849]}, "properties": {"name": "古地道", "level": "省级", "era": "宋元至明清", "lon": 114.206515, "lat": 36.419184, "elev": 134, "city": "邯郸市", "img": "", "wgs_lon": 114.206515, "wgs_lat": 36.419184, "gcj_lon": 114.53915, "gcj_lat": 36.625849, "geo_addr": "河北省邯郸市", "coord_src": "geocode"}}, {"type": "Feature", "geometry": {"type": "Point", "coordinates": [114.384064, 36.359506]}, "properties": {"name": "城隍庙大殿", "level": "省级", "era": "宋元至明清", "lon": 114.37795, "lat": 36.359271, "elev": 74, "city": "邯郸市", "img": "", "wgs_lon": 114.37795, "wgs_lat": 36.359271, "gcj_lon": 114.384064, "gcj_lat": 36.359506, "geo_addr": "河北省邯郸市磁县城隍庙大殿", "coord_src": "geocode"}}, {"type": "Feature", "geometry": {"type": "Point", "coordinates": [114.559644, 36.560203]}, "properties": {"name": "景忠山碧霞元君庙", "level": "省级", "era": "宋元至明清", "lon": 114.553968, "lat": 36.560192, "elev": 56, "city": "邯郸市", "img": "", "wgs_lon": 114.553968, "wgs_lat": 36.560192, "gcj_lon": 114.559644, "gcj_lat": 36.560203, "geo_addr": "河北省邯郸市邯山区碧霞元君庙", "coord_src": "geocode"}}, {"type": "Feature", "geometry": {"type": "Point", "coordinates": [114.53915, 36.625849]}, "properties": {"name": "响堂山石窟", "level": "省级", "era": "宋元至明清", "lon": 114.154923, "lat": 36.5335, "elev": 526, "city": "邯郸市", "img": "", "wgs_lon": 114.154889, "wgs_lat": 36.533528, "gcj_lon": 114.53915, "gcj_lat": 36.625849, "geo_addr": "河北省邯郸市", "coord_src": "geocode"}}, {"type": "Feature", "geometry": {"type": "Point", "coordinates": [114.214542, 36.528377]}, "properties": {"name": "寺后坡石窟", "level": "省级", "era": "秦汉至隋唐", "lon": 114.208478, "lat": 36.528216, "elev": 295, "city": "邯郸市", "img": "", "wgs_lon": 114.208478, "wgs_lat": 36.528216, "gcj_lon": 114.214542, "gcj_lat": 36.528377, "geo_addr": "河北省邯郸市峰峰矿区寺后坡村", "coord_src": "geocode"}}, {"type": "Feature", "geometry": {"type": "Point", "coordinates": [114.53915, 36.625849]}, "properties": {"name": "左权墓", "level": "省级", "era": "近代以来", "lon": 114.48131, "lat": 36.600145, "elev": 59, "city": "邯郸市", "img": "", "wgs_lon": 114.48131, "wgs_lat": 36.600145, "gcj_lon": 114.53915, "gcj_lat": 36.625849, "geo_addr": "河北省邯郸市", "coord_src": "geocode"}}, {"type": "Feature", "geometry": {"type": "Point", "coordinates": [114.149395, 36.618454]}, "properties": {"name": "西万年遗址", "level": "省级", "era": "史前至先秦", "lon": 114.14313, "lat": 36.618132, "elev": 221, "city": "邯郸市", "img": "", "wgs_lon": 114.14313, "wgs_lat": 36.618132, "gcj_lon": 114.149395, "gcj_lat": 36.618454, "geo_addr": "河北省邯郸市武安市西万年村", "coord_src": "geocode"}}, {"type": "Feature", "geometry": {"type": "Point", "coordinates": [114.414936, 36.622016]}, "properties": {"name": "涧沟遗址", "level": "省级", "era": "史前至先秦", "lon": 114.408795, "lat": 36.621648, "elev": 85, "city": "邯郸市", "img": "", "wgs_lon": 114.477306, "wgs_lat": 36.627306, "gcj_lon": 114.414936, "gcj_lat": 36.622016, "geo_addr": "河北省邯郸市复兴区涧沟村", "coord_src": "geocode"}}, {"type": "Feature", "geometry": {"type": "Point", "coordinates": [114.53915, 36.625849]}, "properties": {"name": "龟台遗址", "level": "省级", "era": "史前至先秦", "lon": 114.390225, "lat": 36.641508, "elev": 90, "city": "邯郸市", "img": "", "wgs_lon": 114.390225, "wgs_lat": 36.641508, "gcj_lon": 114.53915, "gcj_lat": 36.625849, "geo_addr": "河北省邯郸市", "coord_src": "geocode"}}, {"type": "Feature", "geometry": {"type": "Point", "coordinates": [114.206385, 36.655514]}, "properties": {"name": "东大河遗址", "level": "省级", "era": "史前至先秦", "lon": 114.200286, "lat": 36.655271, "elev": 196, "city": "邯郸市", "img": "", "wgs_lon": 114.200286, "wgs_lat": 36.655271, "gcj_lon": 114.206385, "gcj_lat": 36.655514, "geo_addr": "河北省邯郸市武安市东大河村", "coord_src": "geocode"}}, {"type": "Feature", "geometry": {"type": "Point", "coordinates": [114.159617, 36.619693]}, "properties": {"name": "东万年遗址", "level": "省级", "era": "史前至先秦", "lon": 114.153381, "lat": 36.619387, "elev": 221, "city": "邯郸市", "img": "", "wgs_lon": 114.153381, "wgs_lat": 36.619387, "gcj_lon": 114.159617, "gcj_lat": 36.619693, "geo_addr": "河北省邯郸市武安市东万年村", "coord_src": "geocode"}}, {"type": "Feature", "geometry": {"type": "Point", "coordinates": [114.16016, 36.660139]}, "properties": {"name": "沿平寺石塔", "level": "省级", "era": "秦汉至隋唐", "lon": 114.153921, "lat": 36.65981, "elev": 200, "city": "邯郸市", "img": "", "wgs_lon": 114.153921, "wgs_lat": 36.65981, "gcj_lon": 114.16016, "gcj_lat": 36.660139, "geo_addr": "河北省邯郸市武安市沿平村", "coord_src": "geocode"}}, {"type": "Feature", "geometry": {"type": "Point", "coordinates": [114.206433, 36.696125]}, "properties": {"name": "金山寺舍利塔", "level": "省级", "era": "宋元至明清", "lon": 114.20033, "lat": 36.695857, "elev": 196, "city": "邯郸市", "img": "", "wgs_lon": 114.20033, "wgs_lat": 36.695857, "gcj_lon": 114.206433, "gcj_lat": 36.696125, "geo_addr": "河北省邯郸市武安市舍利塔", "coord_src": "geocode"}}, {"type": "Feature", "geometry": {"type": "Point", "coordinates": [114.200745, 36.424896]}, "properties": {"name": "峰峰玉皇阁", "level": "省级", "era": "宋元至明清", "lon": 114.194656, "lat": 36.424761, "elev": 134, "city": "邯郸市", "img": "", "wgs_lon": 114.194656, "wgs_lat": 36.424761, "gcj_lon": 114.200745, "gcj_lat": 36.424896, "geo_addr": "河北省邯郸市峰峰矿区峰峰镇玉皇阁(公交站)", "coord_src": "geocode"}}, {"type": "Feature", "geometry": {"type": "Point", "coordinates": [114.202798, 36.695295]}, "properties": {"name": "武安城隍庙", "level": "省级", "era": "宋元至明清", "lon": 114.196685, "lat": 36.695022, "elev": 201, "city": "邯郸市", "img": "", "wgs_lon": 114.196685, "wgs_lat": 36.695022, "gcj_lon": 114.202798, "gcj_lat": 36.695295, "geo_addr": "河北省邯郸市武安市城隍庙", "coord_src": "geocode"}}, {"type": "Feature", "geometry": {"type": "Point", "coordinates": [114.442268, 36.469859]}, "properties": {"name": "邯郸起义指挥部旧址", "level": "省级", "era": "近代以来", "lon": 114.436187, "lat": 36.469593, "elev": 68, "city": "邯郸市", "img": "", "wgs_lon": 114.436187, "wgs_lat": 36.469593, "gcj_lon": 114.442268, "gcj_lat": 36.469859, "geo_addr": "河北省邯郸市邯山区邯郸起义指挥部旧址", "coord_src": "geocode"}}, {"type": "Feature", "geometry": {"type": "Point", "coordinates": [114.554787, 36.347847]}, "properties": {"name": "南岗塔", "level": "省级", "era": "宋元至明清", "lon": 114.54912, "lat": 36.347918, "elev": 68, "city": "邯郸市", "img": "", "wgs_lon": 114.54912, "wgs_lat": 36.347918, "gcj_lon": 114.554787, "gcj_lat": 36.347847, "geo_addr": "河北省邯郸市临漳县南岗", "coord_src": "geocode"}}, {"type": "Feature", "geometry": {"type": "Point", "coordinates": [114.388775, 36.361834]}, "properties": {"name": "磁县崔府君庙", "level": "省级", "era": "宋元至明清", "lon": 114.382658, "lat": 36.361594, "elev": 74, "city": "邯郸市", "img": "", "wgs_lon": 114.382658, "wgs_lat": 36.361594, "gcj_lon": 114.388775, "gcj_lat": 36.361834, "geo_addr": "河北省邯郸市磁县崔府君庙", "coord_src": "geocode"}}, {"type": "Feature", "geometry": {"type": "Point", "coordinates": [114.405438, 36.650815]}, "properties": {"name": "圣井岗龙神庙", "level": "省级", "era": "宋元至明清", "lon": 114.399288, "lat": 36.650429, "elev": 97, "city": "邯郸市", "img": "", "wgs_lon": 114.399288, "wgs_lat": 36.650429, "gcj_lon": 114.405438, "gcj_lat": 36.650815, "geo_addr": "河北省邯郸市复兴区圣井岗龙神庙", "coord_src": "geocode"}}, {"type": "Feature", "geometry": {"type": "Point", "coordinates": [114.313793, 36.621817]}, "properties": {"name": "禅房寺", "level": "省级", "era": "宋元至明清", "lon": 114.307754, "lat": 36.621578, "elev": 203, "city": "邯郸市", "img": "", "wgs_lon": 114.307754, "wgs_lat": 36.621578, "gcj_lon": 114.313793, "gcj_lat": 36.621817, "geo_addr": "河北省邯郸市复兴区禅房寺", "coord_src": "geocode"}}, {"type": "Feature", "geometry": {"type": "Point", "coordinates": [114.53915, 36.625849]}, "properties": {"name": "邯郸展览馆建筑群", "level": "省级", "era": "近代以来", "lon": 114.533404, "lat": 36.625756, "elev": 54, "city": "邯郸市", "img": "", "wgs_lon": 114.533404, "wgs_lat": 36.625756, "gcj_lon": 114.53915, "gcj_lat": 36.625849, "geo_addr": "河北省邯郸市", "coord_src": "geocode"}}, {"type": "Feature", "geometry": {"type": "Point", "coordinates": [114.333205, 36.393879]}, "properties": {"name": "东武仕遗址", "level": "省级", "era": "宋元至明清", "lon": 114.327159, "lat": 36.393713, "elev": 102, "city": "邯郸市", "img": "", "wgs_lon": 114.327159, "wgs_lat": 36.393713, "gcj_lon": 114.333205, "gcj_lat": 36.393879, "geo_addr": "河北省邯郸市磁县东武仕村", "coord_src": "geocode"}}, {"type": "Feature", "geometry": {"type": "Point", "coordinates": [114.53915, 36.625849]}, "properties": {"name": "乐毅墓", "level": "省级", "era": "史前至先秦", "lon": 114.616529, "lat": 36.578939, "elev": 56, "city": "邯郸市", "img": "", "wgs_lon": 114.616529, "wgs_lat": 36.578939, "gcj_lon": 114.53915, "gcj_lat": 36.625849, "geo_addr": "河北省邯郸市", "coord_src": "geocode"}}, {"type": "Feature", "geometry": {"type": "Point", "coordinates": [114.387847, 36.371789]}, "properties": {"name": "七里河御路石桥", "level": "省级", "era": "宋元至明清", "lon": 114.38173, "lat": 36.371547, "elev": 72, "city": "邯郸市", "img": "", "wgs_lon": 114.38173, "wgs_lat": 36.371547, "gcj_lon": 114.387847, "gcj_lat": 36.371789, "geo_addr": "河北省邯郸市磁县御路", "coord_src": "geocode"}}, {"type": "Feature", "geometry": {"type": "Point", "coordinates": [114.382514, 36.347147]}, "properties": {"name": "磁县滏阳桥", "level": "省级", "era": "近代以来", "lon": 114.376403, "lat": 36.346918, "elev": 73, "city": "邯郸市", "img": "", "wgs_lon": 114.376403, "wgs_lat": 36.346918, "gcj_lon": 114.382514, "gcj_lat": 36.347147, "geo_addr": "河北省邯郸市磁县滏阳桥", "coord_src": "geocode"}}, {"type": "Feature", "geometry": {"type": "Point", "coordinates": [114.2011, 36.612238]}, "properties": {"name": "伯延历史建筑群", "level": "省级", "era": "近代以来", "lon": 114.194991, "lat": 36.612012, "elev": 273, "city": "邯郸市", "img": "", "wgs_lon": 114.194991, "wgs_lat": 36.612012, "gcj_lon": 114.2011, "gcj_lat": 36.612238, "geo_addr": "河北省邯郸市武安市伯延镇", "coord_src": "geocode"}}, {"type": "Feature", "geometry": {"type": "Point", "coordinates": [114.266125, 36.582802]}, "properties": {"name": "淑村朱家庄园", "level": "省级", "era": "近代以来", "lon": 114.260127, "lat": 36.582641, "elev": 252, "city": "邯郸市", "img": "", "wgs_lon": 114.260127, "wgs_lat": 36.582641, "gcj_lon": 114.266125, "gcj_lat": 36.582802, "geo_addr": "河北省邯郸市武安市淑村", "coord_src": "geocode"}}, {"type": "Feature", "geometry": {"type": "Point", "coordinates": [114.203685, 36.69759]}, "properties": {"name": "武安古城墙", "level": "省级", "era": "宋元至明清", "lon": 114.197574, "lat": 36.697317, "elev": 202, "city": "邯郸市", "img": "", "wgs_lon": 114.197574, "wgs_lat": 36.697317, "gcj_lon": 114.203685, "gcj_lat": 36.69759, "geo_addr": "河北省邯郸市武安市", "coord_src": "geocode"}}, {"type": "Feature", "geometry": {"type": "Point", "coordinates": [114.53915, 36.625849]}, "properties": {"name": "大智寺", "level": "省级", "era": "宋元至明清", "lon": 114.113523, "lat": 36.596964, "elev": 258, "city": "邯郸市", "img": "", "wgs_lon": 114.113523, "wgs_lat": 36.596964, "gcj_lon": 114.53915, "gcj_lat": 36.625849, "geo_addr": "河北省邯郸市", "coord_src": "geocode"}}, {"type": "Feature", "geometry": {"type": "Point", "coordinates": [114.53915, 36.625849]}, "properties": {"name": "张氏节孝坊", "level": "省级", "era": "宋元至明清", "lon": 114.245762, "lat": 36.600383, "elev": 275, "city": "邯郸市", "img": "", "wgs_lon": 114.245762, "wgs_lat": 36.600383, "gcj_lon": 114.53915, "gcj_lat": 36.625849, "geo_addr": "河北省邯郸市", "coord_src": "geocode"}}, {"type": "Feature", "geometry": {"type": "Point", "coordinates": [114.53915, 36.625849]}, "properties": {"name": "风月关", "level": "省级", "era": "宋元至明清", "lon": 114.194727, "lat": 36.417083, "elev": 143, "city": "邯郸市", "img": "", "wgs_lon": 114.194727, "wgs_lat": 36.417083, "gcj_lon": 114.53915, "gcj_lat": 36.625849, "geo_addr": "河北省邯郸市", "coord_src": "geocode"}}, {"type": "Feature", "geometry": {"type": "Point", "coordinates": [114.48555, 36.595083]}, "properties": {"name": "冀东二十五县烈士陵园与抗战胜利纪念楼", "level": "省级", "era": "近代以来", "lon": 114.479595, "lat": 36.594852, "elev": 63, "city": "邯郸市", "img": "", "wgs_lon": 114.479595, "wgs_lat": 36.594852, "gcj_lon": 114.48555, "gcj_lat": 36.595083, "geo_addr": "河北省邯郸市邯山区晋冀鲁豫革命纪念园胜利社区", "coord_src": "geocode"}}, {"type": "Feature", "geometry": {"type": "Point", "coordinates": [114.125288, 36.625861]}, "properties": {"name": "大贺庄影壁", "level": "省级", "era": "近代以来", "lon": 114.118966, "lat": 36.625505, "elev": 250, "city": "邯郸市", "img": "", "wgs_lon": 114.118966, "wgs_lat": 36.625505, "gcj_lon": 114.125288, "gcj_lat": 36.625861, "geo_addr": "河北省邯郸市武安市大贺庄", "coord_src": "geocode"}}, {"type": "Feature", "geometry": {"type": "Point", "coordinates": [114.486241, 36.599937]}, "properties": {"name": "晋冀鲁豫烈士陵园", "level": "省级", "era": "近代以来", "lon": 114.480289, "lat": 36.599706, "elev": 62, "city": "邯郸市", "img": "", "wgs_lon": 114.480289, "wgs_lat": 36.599706, "gcj_lon": 114.486241, "gcj_lat": 36.599937, "geo_addr": "河北省邯郸市邯山区晋冀鲁豫烈士陵园(南门)", "coord_src": "geocode"}}, {"type": "Feature", "geometry": {"type": "Point", "coordinates": [114.554771, 36.404106]}, "properties": {"name": "邯郸战役革命烈士墓群", "level": "省级", "era": "近代以来", "lon": 114.549098, "lat": 36.404157, "elev": 62, "city": "邯郸市", "img": "", "wgs_lon": 114.549098, "wgs_lat": 36.404157, "gcj_lon": 114.554771, "gcj_lat": 36.404106, "geo_addr": "河北省邯郸市成安县邯郸战役革命烈士墓群", "coord_src": "geocode"}}, {"type": "Feature", "geometry": {"type": "Point", "coordinates": [114.207773, 36.647212]}, "properties": {"name": "北安庄塔", "level": "省级", "era": "宋元至明清", "lon": 114.201679, "lat": 36.646976, "elev": 200, "city": "邯郸市", "img": "", "wgs_lon": 114.201679, "wgs_lat": 36.646976, "gcj_lon": 114.207773, "gcj_lat": 36.647212, "geo_addr": "河北省邯郸市武安市北安庄", "coord_src": "geocode"}}, {"type": "Feature", "geometry": {"type": "Point", "coordinates": [114.388779, 36.445975]}, "properties": {"name": "蔚县夏源南堡关帝庙", "level": "省级", "era": "宋元至明清", "lon": 114.382653, "lat": 36.445703, "elev": 68, "city": "邯郸市", "img": "", "wgs_lon": 114.382653, "wgs_lat": 36.445703, "gcj_lon": 114.388779, "gcj_lat": 36.445975, "geo_addr": "河北省邯郸市邯山区南堡乡关帝庙", "coord_src": "geocode"}}, {"type": "Feature", "geometry": {"type": "Point", "coordinates": [114.119409, 36.460045]}, "properties": {"name": "山底抗日地道遗址", "level": "省级", "era": "近代以来", "lon": 114.113095, "lat": 36.459769, "elev": 227, "city": "邯郸市", "img": "", "wgs_lon": 114.113095, "wgs_lat": 36.459769, "gcj_lon": 114.119409, "gcj_lat": 36.460045, "geo_addr": "河北省邯郸市峰峰矿区山底村", "coord_src": "geocode"}}, {"type": "Feature", "geometry": {"type": "Point", "coordinates": [114.129665, 36.537445]}, "properties": {"name": "通二矿旧址", "level": "省级", "era": "宋元至明清", "lon": 114.123361, "lat": 36.537141, "elev": 258, "city": "邯郸市", "img": "", "wgs_lon": 114.123361, "wgs_lat": 36.537141, "gcj_lon": 114.129665, "gcj_lat": 36.537445, "geo_addr": "河北省邯郸市峰峰矿区通二矿(公交站)", "coord_src": "geocode"}}, {"type": "Feature", "geometry": {"type": "Point", "coordinates": [114.53915, 36.625849]}, "properties": {"name": "左权将军墓", "level": "国家级", "era": "近代以来", "lon": 114.481389, "lat": 36.600833, "elev": 63, "city": "邯郸市", "img": "", "wgs_lon": 114.481389, "wgs_lat": 36.600833, "gcj_lon": 114.53915, "gcj_lat": 36.625849, "geo_addr": "河北省邯郸市", "coord_src": "geocode"}}, {"type": "Feature", "geometry": {"type": "Point", "coordinates": [114.206433, 36.696125]}, "properties": {"name": "武安舍利塔", "level": "国家级", "era": "宋元至明清", "lon": 114.203333, "lat": 36.695556, "elev": 190, "city": "邯郸市", "img": "", "wgs_lon": 114.203333, "wgs_lat": 36.695556, "gcj_lon": 114.206433, "gcj_lat": 36.696125, "geo_addr": "河北省邯郸市武安市舍利塔", "coord_src": "geocode"}}, {"type": "Feature", "geometry": {"type": "Point", "coordinates": [114.462008, 36.554324]}, "properties": {"name": "北张庄墓群", "level": "国家级", "era": "史前至先秦", "lon": 114.463056, "lat": 36.556111, "elev": 67, "city": "邯郸市", "img": "", "wgs_lon": 114.463056, "wgs_lat": 36.556111, "gcj_lon": 114.462008, "gcj_lat": 36.554324, "geo_addr": "河北省邯郸市邯山区北张庄", "coord_src": "geocode"}}, {"type": "Feature", "geometry": {"type": "Point", "coordinates": [114.207517, 36.533221]}, "properties": {"name": "水浴寺石窟", "level": "国家级", "era": "宋元至明清", "lon": 114.201139, "lat": 36.533167, "elev": 332, "city": "邯郸市", "img": "", "wgs_lon": 114.201139, "wgs_lat": 36.533167, "gcj_lon": 114.207517, "gcj_lat": 36.533221, "geo_addr": "河北省邯郸市峰峰矿区水浴寺石窟", "coord_src": "geocode"}}, {"type": "Feature", "geometry": {"type": "Point", "coordinates": [114.53915, 36.625849]}, "properties": {"name": "朱山石刻", "level": "国家级", "era": "史前至先秦", "lon": 114.427917, "lat": 36.711417, "elev": 127, "city": "邯郸市", "img": "", "wgs_lon": 114.427917, "wgs_lat": 36.711417, "gcj_lon": 114.53915, "gcj_lat": 36.625849, "geo_addr": "河北省邯郸市", "coord_src": "geocode"}}, {"type": "Feature", "geometry": {"type": "Point", "coordinates": [114.492789, 36.680812]}, "properties": {"name": "黄粱梦吕仙祠", "level": "国家级", "era": "宋元至明清", "lon": 114.487222, "lat": 36.680833, "elev": 56, "city": "邯郸市", "img": "", "wgs_lon": 114.487222, "wgs_lat": 36.680833, "gcj_lon": 114.492789, "gcj_lat": 36.680812, "geo_addr": "河北省邯郸市丛台区黄粱梦吕仙祠", "coord_src": "geocode"}}, {"type": "Feature", "geometry": {"type": "Point", "coordinates": [114.403811, 36.622323]}, "properties": {"name": "林村墓群", "level": "国家级", "era": "史前至先秦", "lon": 114.401135, "lat": 36.631059, "elev": 94, "city": "邯郸市", "img": "", "wgs_lon": 114.401135, "wgs_lat": 36.631059, "gcj_lon": 114.403811, "gcj_lat": 36.622323, "geo_addr": "河北省邯郸市复兴区林村", "coord_src": "geocode"}}, {"type": "Feature", "geometry": {"type": "Point", "coordinates": [114.414936, 36.622016]}, "properties": {"name": "涧沟遗址", "level": "国家级", "era": "史前至先秦", "lon": 114.477306, "lat": 36.627306, "elev": 62, "city": "邯郸市", "img": "", "wgs_lon": 114.477306, "wgs_lat": 36.627306, "gcj_lon": 114.414936, "gcj_lat": 36.622016, "geo_addr": "河北省邯郸市复兴区涧沟村", "coord_src": "geocode"}}, {"type": "Feature", "geometry": {"type": "Point", "coordinates": [114.377132, 36.503387]}, "properties": {"name": "南城村遗址", "level": "国家级", "era": "史前至先秦", "lon": 114.381944, "lat": 36.506667, "elev": 78, "city": "邯郸市", "img": "", "wgs_lon": 114.381944, "wgs_lat": 36.506667, "gcj_lon": 114.377132, "gcj_lat": 36.503387, "geo_addr": "河北省邯郸市复兴区南城村", "coord_src": "geocode"}}, {"type": "Feature", "geometry": {"type": "Point", "coordinates": [115.145293, 36.259052]}, "properties": {"name": "纸坊玉皇阁", "level": "国家级", "era": "宋元至明清", "lon": 114.194917, "lat": 36.425111, "elev": 136, "city": "邯郸市", "img": "", "wgs_lon": 114.194917, "wgs_lat": 36.425111, "gcj_lon": 115.145293, "gcj_lat": 36.259052, "geo_addr": "河北省邯郸市大名县纸坊村", "coord_src": "geocode"}}, {"type": "Feature", "geometry": {"type": "Point", "coordinates": [114.536626, 36.74188]}, "properties": {"name": "永年城", "level": "国家级", "era": "宋元至明清", "lon": 114.336111, "lat": 36.513889, "elev": 126, "city": "邯郸市", "img": "", "wgs_lon": 114.336111, "wgs_lat": 36.513889, "gcj_lon": 114.536626, "gcj_lat": 36.74188, "geo_addr": "河北省邯郸市永年区", "coord_src": "geocode"}}, {"type": "Feature", "geometry": {"type": "Point", "coordinates": [114.350207, 36.290945]}, "properties": {"name": "讲武城遗址", "level": "国家级", "era": "史前至先秦", "lon": 114.342778, "lat": 36.276667, "elev": 87, "city": "邯郸市", "img": "", "wgs_lon": 114.342778, "wgs_lat": 36.276667, "gcj_lon": 114.350207, "gcj_lat": 36.290945, "geo_addr": "河北省邯郸市磁县讲武城镇", "coord_src": "geocode"}}, {"type": "Feature", "geometry": {"type": "Point", "coordinates": [114.425016, 36.707861]}, "properties": {"name": "赵王陵", "level": "国家级", "era": "史前至先秦", "lon": 114.385889, "lat": 36.702556, "elev": 174, "city": "邯郸市", "img": "", "wgs_lon": 114.385889, "wgs_lat": 36.702556, "gcj_lon": 114.425016, "gcj_lat": 36.707861, "geo_addr": "河北省邯郸市丛台区赵王陵", "coord_src": "geocode"}}, {"type": "Feature", "geometry": {"type": "Point", "coordinates": [114.322435, 36.308709]}, "properties": {"name": "磁县北朝墓群", "level": "国家级", "era": "史前至先秦", "lon": 114.315833, "lat": 36.307778, "elev": 117, "city": "邯郸市", "img": "", "wgs_lon": 114.315833, "wgs_lat": 36.307778, "gcj_lon": 114.322435, "gcj_lat": 36.308709, "geo_addr": "河北省邯郸市磁县北朝墓群", "coord_src": "geocode"}}, {"type": "Feature", "geometry": {"type": "Point", "coordinates": [114.53915, 36.625849]}, "properties": {"name": "邺城遗址", "level": "国家级", "era": "秦汉至隋唐", "lon": 114.414167, "lat": 36.275389, "elev": 76, "city": "邯郸市", "img": "", "wgs_lon": 114.414167, "wgs_lat": 36.275389, "gcj_lon": 114.53915, "gcj_lat": 36.625849, "geo_addr": "河北省邯郸市", "coord_src": "geocode"}}, {"type": "Feature", "geometry": {"type": "Point", "coordinates": [114.658111, 36.793141]}, "properties": {"name": "赵邯郸故城", "level": "国家级", "era": "史前至先秦", "lon": 114.423333, "lat": 36.563889, "elev": 107, "city": "邯郸市", "img": "", "wgs_lon": 114.423333, "wgs_lat": 36.563889, "gcj_lon": 114.658111, "gcj_lat": 36.793141, "geo_addr": "河北省邯郸市永年区故城村", "coord_src": "geocode"}}, {"type": "Feature", "geometry": {"type": "Point", "coordinates": [114.53915, 36.625849]}, "properties": {"name": "响堂山石窟", "level": "国家级", "era": "宋元至明清", "lon": 114.154889, "lat": 36.533528, "elev": 526, "city": "邯郸市", "img": "", "wgs_lon": 114.154889, "wgs_lat": 36.533528, "gcj_lon": 114.53915, "gcj_lat": 36.625849, "geo_addr": "河北省邯郸市", "coord_src": "geocode"}}, {"type": "Feature", "geometry": {"type": "Point", "coordinates": [114.914584, 36.195819]}, "properties": {"name": "马头古墓", "level": "省级", "era": "秦汉至隋唐", "lon": 114.909002, "lat": 36.195979, "elev": 54, "city": "邯郸市", "img": "", "wgs_lon": 114.909002, "wgs_lat": 36.195979, "gcj_lon": 114.914584, "gcj_lat": 36.195819, "geo_addr": "河北省邯郸市魏县马头", "coord_src": "geocode", "gcj_note": "api_error:10021:CUQPS_HAS_EXCEEDED_THE_LIMIT"}}, {"type": "Feature", "geometry": {"type": "Point", "coordinates": [115.18096, 36.37878]}, "properties": {"name": "万堤古墓", "level": "省级", "era": "秦汉至隋唐", "lon": 115.174969, "lat": 36.378608, "elev": 47, "city": "邯郸市", "img": "", "wgs_lon": 115.174969, "wgs_lat": 36.378608, "gcj_lon": 115.18096, "gcj_lat": 36.37878, "geo_addr": "河北省邯郸市大名县万堤镇", "coord_src": "geocode"}}, {"type": "Feature", "geometry": {"type": "Point", "coordinates": [114.822916, 36.518121]}, "properties": {"name": "平原君赵胜墓", "level": "省级", "era": "史前至先秦", "lon": 114.817177, "lat": 36.518058, "elev": 52, "city": "邯郸市", "img": "", "wgs_lon": 114.817177, "wgs_lat": 36.518058, "gcj_lon": 114.822916, "gcj_lat": 36.518121, "geo_addr": "河北省邯郸市肥乡区平原君赵胜墓", "coord_src": "geocode", "gcj_note": "api_error:10021:CUQPS_HAS_EXCEEDED_THE_LIMIT"}}, {"type": "Feature", "geometry": {"type": "Point", "coordinates": [114.763134, 36.70456]}, "properties": {"name": "弘济桥", "level": "省级", "era": "宋元至明清", "lon": 114.758193, "lat": 36.703973, "elev": 47, "city": "邯郸市", "img": "", "wgs_lon": 114.758, "wgs_lat": 36.703917, "gcj_lon": 114.763134, "gcj_lat": 36.70456, "geo_addr": "河北省邯郸市永年区弘济桥(西门)", "coord_src": "geocode"}}, {"type": "Feature", "geometry": {"type": "Point", "coordinates": [115.188888, 36.286241]}, "properties": {"name": "狄仁杰祠堂碑", "level": "省级", "era": "秦汉至隋唐", "lon": 115.182924, "lat": 36.286114, "elev": 45, "city": "邯郸市", "img": "", "wgs_lon": 115.183057, "wgs_lat": 36.286112, "gcj_lon": 115.188888, "gcj_lat": 36.286241, "geo_addr": "河北省邯郸市大名县狄仁杰祠堂碑", "coord_src": "geocode", "gcj_note": "api_error:10021:CUQPS_HAS_EXCEEDED_THE_LIMIT"}}, {"type": "Feature", "geometry": {"type": "Point", "coordinates": [114.53915, 36.625849]}, "properties": {"name": "罗让碑", "level": "省级", "era": "秦汉至隋唐", "lon": 115.170341, "lat": 36.338812, "elev": 46, "city": "邯郸市", "img": "", "wgs_lon": 115.170341, "wgs_lat": 36.338812, "gcj_lon": 114.53915, "gcj_lat": 36.625849, "geo_addr": "河北省邯郸市", "coord_src": "geocode", "gcj_note": "api_error:10021:CUQPS_HAS_EXCEEDED_THE_LIMIT"}}, {"type": "Feature", "geometry": {"type": "Point", "coordinates": [115.092632, 36.270744]}, "properties": {"name": "马文操神道碑", "level": "省级", "era": "宋元至明清", "lon": 115.086554, "lat": 36.270515, "elev": 47, "city": "邯郸市", "img": "", "wgs_lon": 115.086554, "wgs_lat": 36.270515, "gcj_lon": 115.092632, "gcj_lat": 36.270744, "geo_addr": "河北省邯郸市大名县马文操神道碑", "coord_src": "geocode"}}, {"type": "Feature", "geometry": {"type": "Point", "coordinates": [114.53915, 36.625849]}, "properties": {"name": "朱熹写经碑", "level": "省级", "era": "宋元至明清", "lon": 115.186685, "lat": 36.287796, "elev": 44, "city": "邯郸市", "img": "", "wgs_lon": 115.186685, "wgs_lat": 36.287796, "gcj_lon": 114.53915, "gcj_lat": 36.625849, "geo_addr": "河北省邯郸市", "coord_src": "geocode", "gcj_note": "api_error:10021:CUQPS_HAS_EXCEEDED_THE_LIMIT"}}, {"type": "Feature", "geometry": {"type": "Point", "coordinates": [115.192633, 36.287636]}, "properties": {"name": "五礼记碑", "level": "省级", "era": "宋元至明清", "lon": 115.186676, "lat": 36.287515, "elev": 45, "city": "邯郸市", "img": "", "wgs_lon": 115.186676, "wgs_lat": 36.287515, "gcj_lon": 115.192633, "gcj_lat": 36.287636, "geo_addr": "河北省邯郸市大名县五礼记碑", "coord_src": "geocode"}}, {"type": "Feature", "geometry": {"type": "Point", "coordinates": [115.147985, 36.286406]}, "properties": {"name": "大名天主教堂", "level": "省级", "era": "近代以来", "lon": 115.141937, "lat": 36.286206, "elev": 51, "city": "邯郸市", "img": "", "wgs_lon": 115.141937, "wgs_lat": 36.286206, "gcj_lon": 115.147985, "gcj_lat": 36.286406, "geo_addr": "河北省邯郸市大名县", "coord_src": "geocode", "gcj_note": "api_error:10021:CUQPS_HAS_EXCEEDED_THE_LIMIT"}}, {"type": "Feature", "geometry": {"type": "Point", "coordinates": [115.059865, 36.186377]}, "properties": {"name": "于家村古村落", "level": "省级", "era": "宋元至明清", "lon": 115.053853, "lat": 36.186211, "elev": 51, "city": "邯郸市", "img": "", "wgs_lon": 115.053853, "wgs_lat": 36.186211, "gcj_lon": 115.059865, "gcj_lat": 36.186377, "geo_addr": "河北省邯郸市魏县于家村", "coord_src": "geocode"}}, {"type": "Feature", "geometry": {"type": "Point", "coordinates": [114.722014, 36.576408]}, "properties": {"name": "文昌阁", "level": "省级", "era": "宋元至明清", "lon": 114.716207, "lat": 36.576264, "elev": 48, "city": "邯郸市", "img": "", "wgs_lon": 114.716207, "wgs_lat": 36.576264, "gcj_lon": 114.722014, "gcj_lat": 36.576408, "geo_addr": "河北省邯郸市肥乡区文昌阁", "coord_src": "geocode", "gcj_note": "api_error:10021:CUQPS_HAS_EXCEEDED_THE_LIMIT"}}, {"type": "Feature", "geometry": {"type": "Point", "coordinates": [114.73507406593845, 36.701268587127814]}, "properties": {"name": "杨露禅、武禹襄故居", "level": "省级", "era": "宋元至明清", "lon": 114.729238, "lat": 36.701038, "elev": 47, "city": "邯郸市", "img": "", "wgs_lon": 114.729238, "wgs_lat": 36.701038, "gcj_lon": 114.73507406593845, "gcj_lat": 36.701268587127814, "geo_addr": "", "coord_src": "fallback_local", "gcj_note": "tries_exhausted"}}, {"type": "Feature", "geometry": {"type": "Point", "coordinates": [114.939217, 36.35926]}, "properties": {"name": "魏县刘氏家族墓地", "level": "省级", "era": "宋元至明清", "lon": 114.933588, "lat": 36.35935, "elev": 55, "city": "邯郸市", "img": "", "wgs_lon": 114.933588, "wgs_lat": 36.35935, "gcj_lon": 114.939217, "gcj_lat": 36.35926, "geo_addr": "河北省邯郸市魏县", "coord_src": "geocode", "gcj_note": "api_error:10021:CUQPS_HAS_EXCEEDED_THE_LIMIT"}}, {"type": "Feature", "geometry": {"type": "Point", "coordinates": [114.73067456563703, 36.701925224436835]}, "properties": {"name": "武汝清故居(武家大院)", "level": "省级", "era": "宋元至明清", "lon": 114.724843, "lat": 36.701698, "elev": 49, "city": "邯郸市", "img": "", "wgs_lon": 114.724843, "wgs_lat": 36.701698, "gcj_lon": 114.73067456563703, "gcj_lat": 36.701925224436835, "geo_addr": "", "coord_src": "fallback_local", "gcj_note": "tries_exhausted"}}, {"type": "Feature", "geometry": {"type": "Point", "coordinates": [115.144639, 36.286152]}, "properties": {"name": "大名古城墙", "level": "省级", "era": "宋元至明清", "lon": 115.138585, "lat": 36.285947, "elev": 49, "city": "邯郸市", "img": "", "wgs_lon": 115.138585, "wgs_lat": 36.285947, "gcj_lon": 115.144639, "gcj_lat": 36.286152, "geo_addr": "河北省邯郸市大名县古城墙", "coord_src": "geocode", "gcj_note": "api_error:10021:CUQPS_HAS_EXCEEDED_THE_LIMIT"}}, {"type": "Feature", "geometry": {"type": "Point", "coordinates": [115.124251, 36.471131]}, "properties": {"name": "沙圪塔诫碑", "level": "省级", "era": "宋元至明清", "lon": 115.118151, "lat": 36.470834, "elev": 47, "city": "邯郸市", "img": "", "wgs_lon": 115.118151, "wgs_lat": 36.470834, "gcj_lon": 115.124251, "gcj_lat": 36.471131, "geo_addr": "河北省邯郸市大名县沙圪塔", "coord_src": "geocode"}}, {"type": "Feature", "geometry": {"type": "Point", "coordinates": [115.14798507695876, 36.286406398287596]}, "properties": {"name": "宣圣会医院旧址", "level": "省级", "era": "近代以来", "lon": 115.141937, "lat": 36.286206, "elev": 51, "city": "邯郸市", "img": "", "wgs_lon": 115.141937, "wgs_lat": 36.286206, "gcj_lon": 115.14798507695876, "gcj_lat": 36.286406398287596, "geo_addr": "", "coord_src": "fallback_local", "gcj_note": "tries_exhausted"}}, {"type": "Feature", "geometry": {"type": "Point", "coordinates": [115.188888, 36.286241]}, "properties": {"name": "狄仁杰祠堂碑", "level": "国家级", "era": "宋元至明清", "lon": 115.183057, "lat": 36.286112, "elev": 45, "city": "邯郸市", "img": "", "wgs_lon": 115.183057, "wgs_lat": 36.286112, "gcj_lon": 115.188888, "gcj_lat": 36.286241, "geo_addr": "河北省邯郸市大名县狄仁杰祠堂碑", "coord_src": "geocode", "gcj_note": "api_error:10021:CUQPS_HAS_EXCEEDED_THE_LIMIT"}}, {"type": "Feature", "geometry": {"type": "Point", "coordinates": [115.147985, 36.286406]}, "properties": {"name": "大名天主堂", "level": "国家级", "era": "宋元至明清", "lon": 115.148445, "lat": 36.278723, "elev": 52, "city": "邯郸市", "img": "", "wgs_lon": 115.148445, "wgs_lat": 36.278723, "gcj_lon": 115.147985, "gcj_lat": 36.286406, "geo_addr": "河北省邯郸市大名县", "coord_src": "geocode"}}, {"type": "Feature", "geometry": {"type": "Point", "coordinates": [114.50627, 36.65473]}, "properties": {"name": "滏阳河西八闸", "level": "国家级", "era": "宋元至明清", "lon": 114.666528, "lat": 36.678083, "elev": 50, "city": "邯郸市", "img": "", "wgs_lon": 114.666528, "wgs_lat": 36.678083, "gcj_lon": 114.50627, "gcj_lat": 36.65473, "geo_addr": "河北省邯郸市丛台区滏阳河", "coord_src": "geocode", "gcj_note": "api_error:10021:CUQPS_HAS_EXCEEDED_THE_LIMIT"}}, {"type": "Feature", "geometry": {"type": "Point", "coordinates": [114.763134, 36.70456]}, "properties": {"name": "弘济桥", "level": "国家级", "era": "宋元至明清", "lon": 114.758, "lat": 36.703917, "elev": 47, "city": "邯郸市", "img": "", "wgs_lon": 114.758, "wgs_lat": 36.703917, "gcj_lon": 114.763134, "gcj_lat": 36.70456, "geo_addr": "河北省邯郸市永年区弘济桥(西门)", "coord_src": "geocode"}}, {"type": "Feature", "geometry": {"type": "Point", "coordinates": [115.242206, 36.320667]}, "properties": {"name": "大名府故城", "level": "国家级", "era": "秦汉至隋唐", "lon": 115.210834, "lat": 36.313057, "elev": 39, "city": "邯郸市", "img": "", "wgs_lon": 115.210834, "wgs_lat": 36.313057, "gcj_lon": 115.242206, "gcj_lat": 36.320667, "geo_addr": "河北省邯郸市大名县大名府故城", "coord_src": "geocode", "gcj_note": "api_error:10021:CUQPS_HAS_EXCEEDED_THE_LIMIT"}}, {"type": "Feature", "geometry": {"type": "Point", "coordinates": [115.415469, 36.152719]}, "properties": {"name": "念头遗址", "level": "省级", "era": "史前至先秦", "lon": 115.409363, "lat": 36.152512, "elev": 47, "city": "邯郸市", "img": "", "wgs_lon": 115.409363, "wgs_lat": 36.152512, "gcj_lon": 115.415469, "gcj_lat": 36.152719, "geo_addr": "河北省邯郸市大名县念头乡", "coord_src": "geocode"}}, {"type": "Feature", "geometry": {"type": "Point", "coordinates": [115.303474, 36.31094]}, "properties": {"name": "郭彬墓", "level": "省级", "era": "宋元至明清", "lon": 115.297532, "lat": 36.310837, "elev": 42, "city": "邯郸市", "img": "", "wgs_lon": 115.297532, "wgs_lat": 36.310837, "gcj_lon": 115.303474, "gcj_lat": 36.31094, "geo_addr": "河北省邯郸市大名县郭彬墓", "coord_src": "geocode", "gcj_note": "api_error:10021:CUQPS_HAS_EXCEEDED_THE_LIMIT"}}, {"type": "Feature", "geometry": {"type": "Point", "coordinates": [115.303516, 36.53242]}, "properties": {"name": "王占元宗祠", "level": "省级", "era": "近代以来", "lon": 115.29755, "lat": 36.532227, "elev": 47, "city": "", "img": "", "wgs_lon": 115.29755, "wgs_lat": 36.532227, "gcj_lon": 115.303516, "gcj_lat": 36.53242, "geo_addr": "河北省邯郸市馆陶县王占元宗祠", "coord_src": "geocode"}}, {"type": "Feature", "geometry": {"type": "Point", "coordinates": [114.030124, 36.854022]}, "properties": {"name": "千佛洞石窟", "level": "省级", "era": "宋元至明清", "lon": 114.02383, "lat": 36.853624, "elev": 676, "city": "邯郸市", "img": "", "wgs_lon": 114.02383, "wgs_lat": 36.853624, "gcj_lon": 114.030124, "gcj_lat": 36.854022, "geo_addr": "河北省邯郸市武安市千佛洞石窟", "coord_src": "geocode", "gcj_note": "api_error:10021:CUQPS_HAS_EXCEEDED_THE_LIMIT"}}, {"type": "Feature", "geometry": {"type": "Point", "coordinates": [113.96042642972552, 36.87659078918691]}, "properties": {"name": "定晋岩禅果寺碑刻", "level": "省级", "era": "宋元至明清", "lon": 113.954316, "lat": 36.876373, "elev": 545, "city": "邯郸市", "img": "", "wgs_lon": 113.954316, "wgs_lat": 36.876373, "gcj_lon": 113.96042642972552, "gcj_lat": 36.87659078918691, "geo_addr": "", "coord_src": "fallback_local", "gcj_note": "tries_exhausted"}}, {"type": "Feature", "geometry": {"type": "Point", "coordinates": [113.895367, 36.933586]}, "properties": {"name": "前阳坡遗址", "level": "省级", "era": "史前至先秦", "lon": 113.889268, "lat": 36.933385, "elev": 748, "city": "邯郸市", "img": "", "wgs_lon": 113.889268, "wgs_lat": 36.933385, "gcj_lon": 113.895367, "gcj_lat": 36.933586, "geo_addr": "河北省邯郸市武安市前阳坡", "coord_src": "geocode", "gcj_note": "api_error:10021:CUQPS_HAS_EXCEEDED_THE_LIMIT"}}, {"type": "Feature", "geometry": {"type": "Point", "coordinates": [114.53915, 36.625849]}, "properties": {"name": "佛岩脑石佛龛", "level": "省级", "era": "宋元至明清", "lon": 113.830803, "lat": 36.756767, "elev": 540, "city": "邯郸市", "img": "", "wgs_lon": 113.830803, "wgs_lat": 36.756767, "gcj_lon": 114.53915, "gcj_lat": 36.625849, "geo_addr": "河北省邯郸市", "coord_src": "geocode", "gcj_note": "api_error:10021:CUQPS_HAS_EXCEEDED_THE_LIMIT"}}, {"type": "Feature", "geometry": {"type": "Point", "coordinates": [113.947673, 37.169616]}, "properties": {"name": "前南峪抗日军政大学旧址", "level": "省级", "era": "近代以来", "lon": 113.941551, "lat": 37.169222, "elev": 493, "city": "邢台市", "img": "", "wgs_lon": 113.941551, "wgs_lat": 37.169222, "gcj_lon": 113.947673, "gcj_lat": 37.169616, "geo_addr": "河北省邢台市信都区前南峪", "coord_src": "geocode"}}, {"type": "Feature", "geometry": {"type": "Point", "coordinates": [114.53915, 36.625849]}, "properties": {"name": "净明寺", "level": "省级", "era": "宋元至明清", "lon": 113.853966, "lat": 36.785439, "elev": 618, "city": "邯郸市", "img": "", "wgs_lon": 113.853966, "wgs_lat": 36.785439, "gcj_lon": 114.53915, "gcj_lat": 36.625849, "geo_addr": "河北省邯郸市", "coord_src": "geocode", "gcj_note": "api_error:10021:CUQPS_HAS_EXCEEDED_THE_LIMIT"}}, {"type": "Feature", "geometry": {"type": "Point", "coordinates": [114.016278, 36.796127]}, "properties": {"name": "贺进十字阁", "level": "省级", "era": "宋元至明清", "lon": 114.010029, "lat": 36.79581, "elev": 418, "city": "邯郸市", "img": "", "wgs_lon": 114.010029, "wgs_lat": 36.79581, "gcj_lon": 114.016278, "gcj_lat": 36.796127, "geo_addr": "河北省邯郸市武安市贺进镇", "coord_src": "geocode"}}, {"type": "Feature", "geometry": {"type": "Point", "coordinates": [114.53915, 36.625849]}, "properties": {"name": "郭家庄园", "level": "省级", "era": "宋元至明清", "lon": 113.849052, "lat": 36.813736, "elev": 616, "city": "邯郸市", "img": "", "wgs_lon": 113.849052, "wgs_lat": 36.813736, "gcj_lon": 114.53915, "gcj_lat": 36.625849, "geo_addr": "河北省邯郸市", "coord_src": "geocode", "gcj_note": "api_error:10021:CUQPS_HAS_EXCEEDED_THE_LIMIT"}}, {"type": "Feature", "geometry": {"type": "Point", "coordinates": [113.851878, 37.112177]}, "properties": {"name": "英谈古寨", "level": "省级", "era": "宋元至明清", "lon": 113.845658, "lat": 37.111798, "elev": 650, "city": "邢台市", "img": "", "wgs_lon": 113.845658, "wgs_lat": 37.111798, "gcj_lon": 113.851878, "gcj_lat": 37.112177, "geo_addr": "河北省邢台市信都区英谈古寨", "coord_src": "geocode"}}, {"type": "Feature", "geometry": {"type": "Point", "coordinates": [114.53915, 36.625849]}, "properties": {"name": "瑞云庵石刻", "level": "省级", "era": "宋元至明清", "lon": 113.960948, "lat": 36.845794, "elev": 528, "city": "邯郸市", "img": "", "wgs_lon": 113.960948, "wgs_lat": 36.845794, "gcj_lon": 114.53915, "gcj_lat": 36.625849, "geo_addr": "河北省邯郸市", "coord_src": "geocode", "gcj_note": "api_error:10021:CUQPS_HAS_EXCEEDED_THE_LIMIT"}}, {"type": "Feature", "geometry": {"type": "Point", "coordinates": [114.01068861859738, 36.87325488371041]}, "properties": {"name": "慧果寺石刻", "level": "省级", "era": "宋元至明清", "lon": 114.004447, "lat": 36.8729, "elev": 650, "city": "邯郸市", "img": "", "wgs_lon": 114.004447, "wgs_lat": 36.8729, "gcj_lon": 114.01068861859738, "gcj_lat": 36.87325488371041, "geo_addr": "", "coord_src": "fallback_local", "gcj_note": "tries_exhausted"}}, {"type": "Feature", "geometry": {"type": "Point", "coordinates": [114.53915, 36.625849]}, "properties": {"name": "禅果寺遗址", "level": "国家级", "era": "宋元至明清", "lon": 113.938056, "lat": 36.94, "elev": 713, "city": "邯郸市", "img": "", "wgs_lon": 113.938056, "wgs_lat": 36.94, "gcj_lon": 114.53915, "gcj_lat": 36.625849, "geo_addr": "河北省邯郸市", "coord_src": "geocode", "gcj_note": "api_error:10021:CUQPS_HAS_EXCEEDED_THE_LIMIT"}}, {"type": "Feature", "geometry": {"type": "Point", "coordinates": [114.484674, 37.061596]}, "properties": {"name": "曹演庄遗址", "level": "省级", "era": "史前至先秦", "lon": 114.478664, "lat": 37.061048, "elev": 79, "city": "邢台市", "img": "", "wgs_lon": 114.478664, "wgs_lat": 37.061048, "gcj_lon": 114.484674, "gcj_lat": 37.061596, "geo_addr": "河北省邢台市信都区曹演庄", "coord_src": "geocode"}}, {"type": "Feature", "geometry": {"type": "Point", "coordinates": [114.61374, 36.781128]}, "properties": {"name": "讲武城址", "level": "省级", "era": "秦汉至隋唐", "lon": 114.608102, "lat": 36.781022, "elev": 54, "city": "邯郸市", "img": "", "wgs_lon": 114.608102, "wgs_lat": 36.781022, "gcj_lon": 114.61374, "gcj_lat": 36.781128, "geo_addr": "河北省邯郸市永年区讲武乡", "coord_src": "geocode", "gcj_note": "api_error:10021:CUQPS_HAS_EXCEEDED_THE_LIMIT"}}, {"type": "Feature", "geometry": {"type": "Point", "coordinates": [114.53915, 36.625849]}, "properties": {"name": "方头固冢", "level": "省级", "era": "秦汉至隋唐", "lon": 114.583544, "lat": 36.770129, "elev": 57, "city": "邯郸市", "img": "", "wgs_lon": 114.583544, "wgs_lat": 36.770129, "gcj_lon": 114.53915, "gcj_lat": 36.625849, "geo_addr": "河北省邯郸市", "coord_src": "geocode", "gcj_note": "api_error:30001:ENGINE_RESPONSE_DATA_ERROR"}}, {"type": "Feature", "geometry": {"type": "Point", "coordinates": [114.288821, 36.880974]}, "properties": {"name": "温窑陵台", "level": "省级", "era": "史前至先秦", "lon": 114.282783, "lat": 36.880602, "elev": 173, "city": "邢台市", "img": "", "wgs_lon": 114.282783, "wgs_lat": 36.880602, "gcj_lon": 114.288821, "gcj_lat": 36.880974, "geo_addr": "河北省邢台市沙河市温窑村", "coord_src": "geocode", "gcj_note": "api_error:10021:CUQPS_HAS_EXCEEDED_THE_LIMIT"}}, {"type": "Feature", "geometry": {"type": "Point", "coordinates": [114.507451, 37.066821]}, "properties": {"name": "邢台道德经幢", "level": "省级", "era": "秦汉至隋唐", "lon": 114.501533, "lat": 37.066337, "elev": 72, "city": "邢台市", "img": "", "wgs_lon": 114.501389, "wgs_lat": 37.066111, "gcj_lon": 114.507451, "gcj_lat": 37.066821, "geo_addr": "河北省邢台市襄都区道德经幢", "coord_src": "geocode"}}, {"type": "Feature", "geometry": {"type": "Point", "coordinates": [114.536626, 36.74188]}, "properties": {"name": "永年城", "level": "省级", "era": "宋元至明清", "lon": 114.530858, "lat": 36.741708, "elev": 55, "city": "邯郸市", "img": "", "wgs_lon": 114.336111, "wgs_lat": 36.513889, "gcj_lon": 114.536626, "gcj_lat": 36.74188, "geo_addr": "河北省邯郸市永年区", "coord_src": "geocode"}}, {"type": "Feature", "geometry": {"type": "Point", "coordinates": [114.49742, 37.060227]}, "properties": {"name": "宋璟碑", "level": "省级", "era": "秦汉至隋唐", "lon": 114.47479, "lat": 36.973626, "elev": 82, "city": "邢台市", "img": "", "wgs_lon": 114.473889, "wgs_lat": 36.970833, "gcj_lon": 114.49742, "gcj_lat": 37.060227, "geo_addr": "河北省邢台市", "coord_src": "geocode", "gcj_note": "api_error:30001:ENGINE_RESPONSE_DATA_ERROR"}}, {"type": "Feature", "geometry": {"type": "Point", "coordinates": [114.20128378738642, 36.81168246211281]}, "properties": {"name": "古嵷山寺重起为铭记碑", "level": "省级", "era": "秦汉至隋唐", "lon": 114.195153, "lat": 36.811329, "elev": 224, "city": "邯郸市", "img": "", "wgs_lon": 114.195153, "wgs_lat": 36.811329, "gcj_lon": 114.20128378738642, "gcj_lat": 36.81168246211281, "geo_addr": "", "coord_src": "fallback_local", "gcj_note": "tries_exhausted"}}, {"type": "Feature", "geometry": {"type": "Point", "coordinates": [114.53915, 36.625849]}, "properties": {"name": "朱山石刻", "level": "省级", "era": "宋元至明清", "lon": 114.481417, "lat": 36.772571, "elev": 65, "city": "邯郸市", "img": "", "wgs_lon": 114.427917, "wgs_lat": 36.711417, "gcj_lon": 114.53915, "gcj_lat": 36.625849, "geo_addr": "河北省邯郸市", "coord_src": "geocode"}}, {"type": "Feature", "geometry": {"type": "Point", "coordinates": [114.53915, 36.625849]}, "properties": {"name": "古炼铁炉", "level": "省级", "era": "宋元至明清", "lon": 114.175696, "lat": 36.817531, "elev": 248, "city": "邯郸市", "img": "", "wgs_lon": 114.175696, "wgs_lat": 36.817531, "gcj_lon": 114.53915, "gcj_lat": 36.625849, "geo_addr": "河北省邯郸市", "coord_src": "geocode", "gcj_note": "api_error:30001:ENGINE_RESPONSE_DATA_ERROR"}}, {"type": "Feature", "geometry": {"type": "Point", "coordinates": [114.4389, 36.801553]}, "properties": {"name": "石北口遗址", "level": "省级", "era": "史前至先秦", "lon": 114.432775, "lat": 36.80109, "elev": 77, "city": "邯郸市", "img": "", "wgs_lon": 114.697472, "wgs_lat": 36.799667, "gcj_lon": 114.4389, "gcj_lat": 36.801553, "geo_addr": "河北省邯郸市永年区石北口遗址", "coord_src": "geocode", "gcj_note": "api_error:10021:CUQPS_HAS_EXCEEDED_THE_LIMIT"}}, {"type": "Feature", "geometry": {"type": "Point", "coordinates": [114.53915, 36.625849]}, "properties": {"name": "易阳城址", "level": "省级", "era": "史前至先秦", "lon": 114.43694, "lat": 36.829521, "elev": 78, "city": "邯郸市", "img": "", "wgs_lon": 114.43694, "wgs_lat": 36.829521, "gcj_lon": 114.53915, "gcj_lat": 36.625849, "geo_addr": "河北省邯郸市", "coord_src": "geocode", "gcj_note": "api_error:30001:ENGINE_RESPONSE_DATA_ERROR"}}, {"type": "Feature", "geometry": {"type": "Point", "coordinates": [114.617418, 36.973071]}, "properties": {"name": "左村汉墓", "level": "省级", "era": "秦汉至隋唐", "lon": 114.611758, "lat": 36.972827, "elev": 54, "city": "邢台市", "img": "", "wgs_lon": 114.611758, "wgs_lat": 36.972827, "gcj_lon": 114.617418, "gcj_lat": 36.973071, "geo_addr": "河北省邢台市南和区左村", "coord_src": "geocode", "gcj_note": "api_error:10021:CUQPS_HAS_EXCEEDED_THE_LIMIT"}}, {"type": "Feature", "geometry": {"type": "Point", "coordinates": [114.52987, 37.095397]}, "properties": {"name": "张家屯辽墓", "level": "省级", "era": "宋元至明清", "lon": 114.524039, "lat": 37.094959, "elev": 68, "city": "邢台市", "img": "", "wgs_lon": 114.524039, "wgs_lat": 37.094959, "gcj_lon": 114.52987, "gcj_lat": 37.095397, "geo_addr": "河北省邢台市襄都区张家屯", "coord_src": "geocode"}}, {"type": "Feature", "geometry": {"type": "Point", "coordinates": [114.098736, 36.758881]}, "properties": {"name": "西营井经幢", "level": "省级", "era": "宋元至明清", "lon": 114.092367, "lat": 36.758433, "elev": 323, "city": "邯郸市", "img": "", "wgs_lon": 114.092367, "wgs_lat": 36.758433, "gcj_lon": 114.098736, "gcj_lat": 36.758881, "geo_addr": "河北省邯郸市武安市西营井村", "coord_src": "geocode", "gcj_note": "api_error:10021:CUQPS_HAS_EXCEEDED_THE_LIMIT"}}, {"type": "Feature", "geometry": {"type": "Point", "coordinates": [114.474178, 37.087572]}, "properties": {"name": "顺德府文庙大成殿", "level": "省级", "era": "宋元至明清", "lon": 114.468125, "lat": 37.086978, "elev": 72, "city": "邢台市", "img": "", "wgs_lon": 114.468125, "wgs_lat": 37.086978, "gcj_lon": 114.474178, "gcj_lat": 37.087572, "geo_addr": "河北省邢台市信都区顺德府文庙大成殿", "coord_src": "geocode", "gcj_note": "api_error:10021:CUQPS_HAS_EXCEEDED_THE_LIMIT"}}, {"type": "Feature", "geometry": {"type": "Point", "coordinates": [114.50076, 37.073418]}, "properties": {"name": "邢台天宁寺", "level": "省级", "era": "宋元至明清", "lon": 114.494805, "lat": 37.073087, "elev": 74, "city": "邢台市", "img": "", "wgs_lon": 114.494805, "wgs_lat": 37.073087, "gcj_lon": 114.50076, "gcj_lat": 37.073418, "geo_addr": "河北省邢台市襄都区天宁寺", "coord_src": "geocode"}}, {"type": "Feature", "geometry": {"type": "Point", "coordinates": [114.49742, 37.060227]}, "properties": {"name": "田麻痒庄园", "level": "省级", "era": "近代以来", "lon": 114.382065, "lat": 37.127915, "elev": 145, "city": "邢台市", "img": "", "wgs_lon": 114.382065, "wgs_lat": 37.127915, "gcj_lon": 114.49742, "gcj_lat": 37.060227, "geo_addr": "河北省邢台市", "coord_src": "geocode", "gcj_note": "api_error:10021:CUQPS_HAS_EXCEEDED_THE_LIMIT"}}, {"type": "Feature", "geometry": {"type": "Point", "coordinates": [114.25644, 36.72789]}, "properties": {"name": "安二庄遗址", "level": "省级", "era": "史前至先秦", "lon": 114.250422, "lat": 36.727644, "elev": 179, "city": "邯郸市", "img": "", "wgs_lon": 114.250422, "wgs_lat": 36.727644, "gcj_lon": 114.25644, "gcj_lat": 36.72789, "geo_addr": "河北省邯郸市武安市安二庄", "coord_src": "geocode"}}, {"type": "Feature", "geometry": {"type": "Point", "coordinates": [114.49742, 37.060227]}, "properties": {"name": "邢侯墓地", "level": "省级", "era": "史前至先秦", "lon": 114.440823, "lat": 37.05056, "elev": 91, "city": "邢台市", "img": "", "wgs_lon": 114.440823, "wgs_lat": 37.05056, "gcj_lon": 114.49742, "gcj_lat": 37.060227, "geo_addr": "河北省邢台市", "coord_src": "geocode", "gcj_note": "api_error:10021:CUQPS_HAS_EXCEEDED_THE_LIMIT"}}, {"type": "Feature", "geometry": {"type": "Point", "coordinates": [114.428615, 36.801922]}, "properties": {"name": "昭惠王祠遗址", "level": "省级", "era": "秦汉至隋唐", "lon": 114.42247, "lat": 36.801447, "elev": 91, "city": "邯郸市", "img": "", "wgs_lon": 114.42247, "wgs_lat": 36.801447, "gcj_lon": 114.428615, "gcj_lat": 36.801922, "geo_addr": "河北省邯郸市永年区昭惠王祠", "coord_src": "geocode"}}, {"type": "Feature", "geometry": {"type": "Point", "coordinates": [114.312416, 36.845399]}, "properties": {"name": "紫罗古墓群", "level": "省级", "era": "秦汉至隋唐", "lon": 114.306354, "lat": 36.845017, "elev": 140, "city": "邯郸市", "img": "", "wgs_lon": 114.306354, "wgs_lat": 36.845017, "gcj_lon": 114.312416, "gcj_lat": 36.845399, "geo_addr": "河北省邯郸市武安市紫罗村", "coord_src": "geocode", "gcj_note": "api_error:10021:CUQPS_HAS_EXCEEDED_THE_LIMIT"}}, {"type": "Feature", "geometry": {"type": "Point", "coordinates": [114.508298, 37.063635]}, "properties": {"name": "邢台火神庙", "level": "省级", "era": "宋元至明清", "lon": 114.502384, "lat": 37.063156, "elev": 69, "city": "邢台市", "img": "", "wgs_lon": 114.502384, "wgs_lat": 37.063156, "gcj_lon": 114.508298, "gcj_lat": 37.063635, "geo_addr": "河北省邢台市襄都区火神庙", "coord_src": "geocode"}}, {"type": "Feature", "geometry": {"type": "Point", "coordinates": [114.134125, 36.885341]}, "properties": {"name": "济渎岩摩崖石刻", "level": "省级", "era": "宋元至明清", "lon": 114.127791, "lat": 36.884822, "elev": 371, "city": "邢台市", "img": "", "wgs_lon": 114.127791, "wgs_lat": 36.884822, "gcj_lon": 114.134125, "gcj_lat": 36.885341, "geo_addr": "河北省邢台市沙河市摩崖石刻", "coord_src": "geocode", "gcj_note": "api_error:10021:CUQPS_HAS_EXCEEDED_THE_LIMIT"}}, {"type": "Feature", "geometry": {"type": "Point", "coordinates": [114.477838, 37.07237]}, "properties": {"name": "水闸屯侵华日军碉堡", "level": "省级", "era": "近代以来", "lon": 114.471801, "lat": 37.071796, "elev": 82, "city": "邢台市", "img": "", "wgs_lon": 114.471801, "wgs_lat": 37.071796, "gcj_lon": 114.477838, "gcj_lat": 37.07237, "geo_addr": "河北省邢台市信都区侵华日军碉堡", "coord_src": "geocode"}}, {"type": "Feature", "geometry": {"type": "Point", "coordinates": [114.52987, 37.095397]}, "properties": {"name": "张家屯遗址", "level": "省级", "era": "史前至先秦", "lon": 114.524039, "lat": 37.094959, "elev": 68, "city": "邢台市", "img": "", "wgs_lon": 114.524039, "wgs_lat": 37.094959, "gcj_lon": 114.52987, "gcj_lat": 37.095397, "geo_addr": "河北省邢台市襄都区张家屯", "coord_src": "geocode", "gcj_note": "api_error:10021:CUQPS_HAS_EXCEEDED_THE_LIMIT"}}, {"type": "Feature", "geometry": {"type": "Point", "coordinates": [114.547707, 36.766891]}, "properties": {"name": "东洞桑树地遗址", "level": "省级", "era": "史前至先秦", "lon": 114.541974, "lat": 36.76673, "elev": 58, "city": "邯郸市", "img": "", "wgs_lon": 114.541974, "wgs_lat": 36.76673, "gcj_lon": 114.547707, "gcj_lat": 36.766891, "geo_addr": "河北省邯郸市永年区东洞", "coord_src": "geocode", "gcj_note": "api_error:10021:CUQPS_HAS_EXCEEDED_THE_LIMIT"}}, {"type": "Feature", "geometry": {"type": "Point", "coordinates": [114.512226, 37.287612]}, "properties": {"name": "内丘宋代家族墓地", "level": "省级", "era": "宋元至明清", "lon": 114.506303, "lat": 37.287009, "elev": 81, "city": "邢台市", "img": "", "wgs_lon": 114.506303, "wgs_lat": 37.287009, "gcj_lon": 114.512226, "gcj_lat": 37.287612, "geo_addr": "河北省邢台市内丘县", "coord_src": "geocode"}}, {"type": "Feature", "geometry": {"type": "Point", "coordinates": [114.536626, 36.74188]}, "properties": {"name": "永年赵氏家族墓地", "level": "省级", "era": "宋元至明清", "lon": 114.530858, "lat": 36.741708, "elev": 55, "city": "邯郸市", "img": "", "wgs_lon": 114.530858, "wgs_lat": 36.741708, "gcj_lon": 114.536626, "gcj_lat": 36.74188, "geo_addr": "河北省邯郸市永年区", "coord_src": "geocode", "gcj_note": "api_error:10021:CUQPS_HAS_EXCEEDED_THE_LIMIT"}}, {"type": "Feature", "geometry": {"type": "Point", "coordinates": [114.536626, 36.74188]}, "properties": {"name": "永年徐氏家族墓地", "level": "省级", "era": "宋元至明清", "lon": 114.530858, "lat": 36.741708, "elev": 55, "city": "邯郸市", "img": "", "wgs_lon": 114.530858, "wgs_lat": 36.741708, "gcj_lon": 114.536626, "gcj_lat": 36.74188, "geo_addr": "河北省邯郸市永年区", "coord_src": "geocode"}}, {"type": "Feature", "geometry": {"type": "Point", "coordinates": [114.465616, 37.103156]}, "properties": {"name": "玉峰塔", "level": "省级", "era": "宋元至明清", "lon": 114.459531, "lat": 37.102531, "elev": 78, "city": "邢台市", "img": "", "wgs_lon": 114.459531, "wgs_lat": 37.102531, "gcj_lon": 114.465616, "gcj_lat": 37.103156, "geo_addr": "河北省邢台市信都区玉峰", "coord_src": "geocode", "gcj_note": "api_error:10021:CUQPS_HAS_EXCEEDED_THE_LIMIT"}}, {"type": "Feature", "geometry": {"type": "Point", "coordinates": [114.134125, 36.885341]}, "properties": {"name": "正沟街摩崖石刻", "level": "省级", "era": "宋元至明清", "lon": 114.127791, "lat": 36.884822, "elev": 371, "city": "邢台市", "img": "", "wgs_lon": 114.127791, "wgs_lat": 36.884822, "gcj_lon": 114.134125, "gcj_lat": 36.885341, "geo_addr": "河北省邢台市沙河市摩崖石刻", "coord_src": "geocode"}}, {"type": "Feature", "geometry": {"type": "Point", "coordinates": [114.50852178750002, 37.0875709577058]}, "properties": {"name": "直隶第四初级师范学校旧址", "level": "省级", "era": "近代以来", "lon": 114.502606, "lat": 37.087076, "elev": 71, "city": "邢台市", "img": "", "wgs_lon": 114.502606, "wgs_lat": 37.087076, "gcj_lon": 114.50852178750002, "gcj_lat": 37.0875709577058, "geo_addr": "", "coord_src": "fallback_local", "gcj_note": "tries_exhausted"}}, {"type": "Feature", "geometry": {"type": "Point", "coordinates": [114.477838, 37.07237]}, "properties": {"name": "侵华日军碉堡", "level": "省级", "era": "近代以来", "lon": 114.471801, "lat": 37.071796, "elev": 82, "city": "邢台市", "img": "", "wgs_lon": 114.471801, "wgs_lat": 37.071796, "gcj_lon": 114.477838, "gcj_lat": 37.07237, "geo_addr": "河北省邢台市信都区侵华日军碉堡", "coord_src": "geocode"}}, {"type": "Feature", "geometry": {"type": "Point", "coordinates": [114.496788, 36.808254]}, "properties": {"name": "河北铺进士府", "level": "省级", "era": "宋元至明清", "lon": 114.490855, "lat": 36.807921, "elev": 68, "city": "邯郸市", "img": "", "wgs_lon": 114.490855, "wgs_lat": 36.807921, "gcj_lon": 114.496788, "gcj_lat": 36.808254, "geo_addr": "河北省邯郸市永年区河北铺村", "coord_src": "geocode", "gcj_note": "api_error:10021:CUQPS_HAS_EXCEEDED_THE_LIMIT"}}, {"type": "Feature", "geometry": {"type": "Point", "coordinates": [114.507904, 37.066543]}, "properties": {"name": "顺德府仁慈医院旧址", "level": "省级", "era": "宋元至明清", "lon": 114.501988, "lat": 37.066061, "elev": 74, "city": "邢台市", "img": "", "wgs_lon": 114.501988, "wgs_lat": 37.066061, "gcj_lon": 114.507904, "gcj_lat": 37.066543, "geo_addr": "河北省邢台市襄都区顺德府", "coord_src": "geocode"}}, {"type": "Feature", "geometry": {"type": "Point", "coordinates": [114.454345, 37.067425]}, "properties": {"name": "太行行署礼堂旧址", "level": "省级", "era": "近代以来", "lon": 114.448229, "lat": 37.066799, "elev": 87, "city": "邢台市", "img": "", "wgs_lon": 114.448229, "wgs_lat": 37.066799, "gcj_lon": 114.454345, "gcj_lat": 37.067425, "geo_addr": "河北省邢台市信都区太行街道", "coord_src": "geocode", "gcj_note": "api_error:10021:CUQPS_HAS_EXCEEDED_THE_LIMIT"}}, {"type": "Feature", "geometry": {"type": "Point", "coordinates": [114.507955, 37.066445]}, "properties": {"name": "邢台清风楼", "level": "国家级", "era": "宋元至明清", "lon": 114.502028, "lat": 37.065989, "elev": 74, "city": "邢台市", "img": "", "wgs_lon": 114.502028, "wgs_lat": 37.065989, "gcj_lon": 114.507955, "gcj_lat": 37.066445, "geo_addr": "河北省邢台市襄都区清风楼", "coord_src": "geocode", "gcj_note": "api_error:10021:CUQPS_HAS_EXCEEDED_THE_LIMIT"}}, {"type": "Feature", "geometry": {"type": "Point", "coordinates": [114.507451, 37.066821]}, "properties": {"name": "邢台道德经幢", "level": "国家级", "era": "宋元至明清", "lon": 114.501389, "lat": 37.066111, "elev": 74, "city": "邢台市", "img": "", "wgs_lon": 114.501389, "wgs_lat": 37.066111, "gcj_lon": 114.507451, "gcj_lat": 37.066821, "geo_addr": "河北省邢台市襄都区道德经幢", "coord_src": "geocode"}}, {"type": "Feature", "geometry": {"type": "Point", "coordinates": [114.50076, 37.073418]}, "properties": {"name": "天宁寺前殿", "level": "国家级", "era": "宋元至明清", "lon": 114.494722, "lat": 37.0725, "elev": 73, "city": "邢台市", "img": "", "wgs_lon": 114.494722, "wgs_lat": 37.0725, "gcj_lon": 114.50076, "gcj_lat": 37.073418, "geo_addr": "河北省邢台市襄都区天宁寺", "coord_src": "geocode", "gcj_note": "api_error:10021:CUQPS_HAS_EXCEEDED_THE_LIMIT"}}, {"type": "Feature", "geometry": {"type": "Point", "coordinates": [114.304165, 37.063431]}, "properties": {"name": "南贾乡石塔", "level": "国家级", "era": "宋元至明清", "lon": 114.298056, "lat": 37.062833, "elev": 190, "city": "邢台市", "img": "", "wgs_lon": 114.298056, "wgs_lat": 37.062833, "gcj_lon": 114.304165, "gcj_lat": 37.063431, "geo_addr": "河北省邢台市信都区南贾乡石塔", "coord_src": "geocode"}}, {"type": "Feature", "geometry": {"type": "Point", "coordinates": [114.49742, 37.060227]}, "properties": {"name": "鹿城岗城址", "level": "国家级", "era": "史前至先秦", "lon": 114.474222, "lat": 37.121361, "elev": 90, "city": "邢台市", "img": "", "wgs_lon": 114.474222, "wgs_lat": 37.121361, "gcj_lon": 114.49742, "gcj_lat": 37.060227, "geo_addr": "河北省邢台市", "coord_src": "geocode", "gcj_note": "api_error:10021:CUQPS_HAS_EXCEEDED_THE_LIMIT"}}, {"type": "Feature", "geometry": {"type": "Point", "coordinates": [114.49742, 37.060227]}, "properties": {"name": "宋璟碑", "level": "国家级", "era": "宋元至明清", "lon": 114.473889, "lat": 36.970833, "elev": 80, "city": "邢台市", "img": "", "wgs_lon": 114.473889, "wgs_lat": 36.970833, "gcj_lon": 114.49742, "gcj_lat": 37.060227, "geo_addr": "河北省邢台市", "coord_src": "geocode", "gcj_note": "api_error:30001:ENGINE_RESPONSE_DATA_ERROR"}}, {"type": "Feature", "geometry": {"type": "Point", "coordinates": [115.408569, 37.070352]}, "properties": {"name": "邢台开元寺", "level": "国家级", "era": "宋元至明清", "lon": 114.506111, "lat": 37.072222, "elev": 70, "city": "邢台市", "img": "", "wgs_lon": 114.506111, "wgs_lat": 37.072222, "gcj_lon": 115.408569, "gcj_lat": 37.070352, "geo_addr": "河北省邢台市威县开元寺", "coord_src": "geocode", "gcj_note": "api_error:10021:CUQPS_HAS_EXCEEDED_THE_LIMIT"}}, {"type": "Feature", "geometry": {"type": "Point", "coordinates": [114.49742, 37.060227]}, "properties": {"name": "邢国墓地", "level": "国家级", "era": "史前至先秦", "lon": 114.439722, "lat": 37.053333, "elev": 90, "city": "邢台市", "img": "", "wgs_lon": 114.439722, "wgs_lat": 37.053333, "gcj_lon": 114.49742, "gcj_lat": 37.060227, "geo_addr": "河北省邢台市", "coord_src": "geocode", "gcj_note": "api_error:30001:ENGINE_RESPONSE_DATA_ERROR"}}, {"type": "Feature", "geometry": {"type": "Point", "coordinates": [114.49742, 37.060227]}, "properties": {"name": "东先贤遗址", "level": "国家级", "era": "史前至先秦", "lon": 114.417444, "lat": 37.043861, "elev": 97, "city": "邢台市", "img": "", "wgs_lon": 114.417444, "wgs_lat": 37.043861, "gcj_lon": 114.49742, "gcj_lat": 37.060227, "geo_addr": "河北省邢台市", "coord_src": "geocode", "gcj_note": "api_error:10021:CUQPS_HAS_EXCEEDED_THE_LIMIT"}}, {"type": "Feature", "geometry": {"type": "Point", "coordinates": [114.790935, 36.80922]}, "properties": {"name": "双塔庵东西双塔", "level": "省级", "era": "宋元至明清", "lon": 114.785103, "lat": 36.808931, "elev": 47, "city": "邯郸市", "img": "", "wgs_lon": 114.785103, "wgs_lat": 36.808931, "gcj_lon": 114.790935, "gcj_lat": 36.80922, "geo_addr": "河北省邯郸市鸡泽县双塔镇西双塔村", "coord_src": "geocode", "gcj_note": "api_error:10021:CUQPS_HAS_EXCEEDED_THE_LIMIT"}}, {"type": "Feature", "geometry": {"type": "Point", "coordinates": [114.892426, 36.984213]}, "properties": {"name": "北柴村造像碑", "level": "省级", "era": "宋元至明清", "lon": 114.88676, "lat": 36.983954, "elev": 40, "city": "邢台市", "img": "", "wgs_lon": 114.88676, "wgs_lat": 36.983954, "gcj_lon": 114.892426, "gcj_lat": 36.984213, "geo_addr": "河北省邢台市平乡县北柴村", "coord_src": "geocode"}}, {"type": "Feature", "geometry": {"type": "Point", "coordinates": [114.683683, 37.005626]}, "properties": {"name": "南和造像碑", "level": "省级", "era": "宋元至明清", "lon": 114.677905, "lat": 37.005259, "elev": 47, "city": "邢台市", "img": "", "wgs_lon": 114.677905, "wgs_lat": 37.005259, "gcj_lon": 114.683683, "gcj_lat": 37.005626, "geo_addr": "河北省邢台市南和区", "coord_src": "geocode", "gcj_note": "api_error:10021:CUQPS_HAS_EXCEEDED_THE_LIMIT"}}, {"type": "Feature", "geometry": {"type": "Point", "coordinates": [114.49742, 37.060227]}, "properties": {"name": "朱正色墓", "level": "省级", "era": "宋元至明清", "lon": 114.740707, "lat": 37.031568, "elev": 38, "city": "邢台市", "img": "", "wgs_lon": 114.740707, "wgs_lat": 37.031568, "gcj_lon": 114.49742, "gcj_lat": 37.060227, "geo_addr": "河北省邢台市", "coord_src": "geocode", "gcj_note": "api_error:30001:ENGINE_RESPONSE_DATA_ERROR"}}, {"type": "Feature", "geometry": {"type": "Point", "coordinates": [114.49742, 37.060227]}, "properties": {"name": "邹氏墓群", "level": "省级", "era": "宋元至明清", "lon": 114.949851, "lat": 37.02893, "elev": 33, "city": "邢台市", "img": "", "wgs_lon": 114.949851, "wgs_lat": 37.02893, "gcj_lon": 114.49742, "gcj_lat": 37.060227, "geo_addr": "河北省邢台市", "coord_src": "geocode", "gcj_note": "api_error:10021:CUQPS_HAS_EXCEEDED_THE_LIMIT"}}, {"type": "Feature", "geometry": {"type": "Point", "coordinates": [114.53915, 36.625849]}, "properties": {"name": "崇庆寺", "level": "省级", "era": "宋元至明清", "lon": 114.75415, "lat": 36.919427, "elev": 44, "city": "邯郸市", "img": "", "wgs_lon": 114.75415, "wgs_lat": 36.919427, "gcj_lon": 114.53915, "gcj_lat": 36.625849, "geo_addr": "河北省邯郸市", "coord_src": "geocode", "gcj_note": "api_error:30001:ENGINE_RESPONSE_DATA_ERROR"}}, {"type": "Feature", "geometry": {"type": "Point", "coordinates": [114.750834, 37.068305]}, "properties": {"name": "白佛村石造像", "level": "省级", "era": "宋元至明清", "lon": 114.744947, "lat": 37.06781, "elev": 34, "city": "邢台市", "img": "", "wgs_lon": 114.744947, "wgs_lat": 37.06781, "gcj_lon": 114.750834, "gcj_lat": 37.068305, "geo_addr": "河北省邢台市南和区白佛村", "coord_src": "geocode", "gcj_note": "api_error:10021:CUQPS_HAS_EXCEEDED_THE_LIMIT"}}, {"type": "Feature", "geometry": {"type": "Point", "coordinates": [115.126666, 37.099642]}, "properties": {"name": "沙丘平台遗址", "level": "省级", "era": "史前至先秦", "lon": 115.120497, "lat": 37.098944, "elev": 33, "city": "邢台市", "img": "", "wgs_lon": 115.120497, "wgs_lat": 37.098944, "gcj_lon": 115.126666, "gcj_lat": 37.099642, "geo_addr": "河北省邢台市广宗县沙丘平台遗址", "coord_src": "geocode"}}, {"type": "Feature", "geometry": {"type": "Point", "coordinates": [114.91022768014507, 37.034767996964995]}, "properties": {"name": "小架梅花拳创始人张从富墓", "level": "省级", "era": "宋元至明清", "lon": 114.904559, "lat": 37.034478, "elev": 36, "city": "邢台市", "img": "", "wgs_lon": 114.904559, "wgs_lat": 37.034478, "gcj_lon": 114.91022768014507, "gcj_lat": 37.034767996964995, "geo_addr": "", "coord_src": "fallback_local", "gcj_note": "tries_exhausted"}}, {"type": "Feature", "geometry": {"type": "Point", "coordinates": [115.142766, 37.074795]}, "properties": {"name": "广宗官署正堂", "level": "省级", "era": "宋元至明清", "lon": 115.13662, "lat": 37.074133, "elev": 35, "city": "邢台市", "img": "", "wgs_lon": 115.13662, "wgs_lat": 37.074133, "gcj_lon": 115.142766, "gcj_lat": 37.074795, "geo_addr": "河北省邢台市广宗县", "coord_src": "geocode"}}, {"type": "Feature", "geometry": {"type": "Point", "coordinates": [115.155479, 37.016312]}, "properties": {"name": "板厂峪砖窑群遗址", "level": "省级", "era": "宋元至明清", "lon": 115.149363, "lat": 37.01571, "elev": 32, "city": "邢台市", "img": "", "wgs_lon": 115.149363, "wgs_lat": 37.01571, "gcj_lon": 115.155479, "gcj_lat": 37.016312, "geo_addr": "河北省邢台市广宗县砖窑村", "coord_src": "geocode", "gcj_note": "api_error:10021:CUQPS_HAS_EXCEEDED_THE_LIMIT"}}, {"type": "Feature", "geometry": {"type": "Point", "coordinates": [114.9173605383899, 36.981149181664954]}, "properties": {"name": "钜鹿郡城遗址", "level": "省级", "era": "秦汉至隋唐", "lon": 114.911694, "lat": 36.980895, "elev": 40, "city": "邢台市", "img": "", "wgs_lon": 114.911694, "wgs_lat": 36.980895, "gcj_lon": 114.9173605383899, "gcj_lat": 36.981149181664954, "geo_addr": "", "coord_src": "fallback_local", "gcj_note": "tries_exhausted"}}, {"type": "Feature", "geometry": {"type": "Point", "coordinates": [115.026589, 37.091371]}, "properties": {"name": "王固遗址", "level": "省级", "era": "史前至先秦", "lon": 115.020584, "lat": 37.090794, "elev": 36, "city": "邢台市", "img": "", "wgs_lon": 115.020584, "wgs_lat": 37.090794, "gcj_lon": 115.026589, "gcj_lat": 37.091371, "geo_addr": "河北省邢台市平乡县王固村", "coord_src": "geocode"}}, {"type": "Feature", "geometry": {"type": "Point", "coordinates": [115.142766, 37.074795]}, "properties": {"name": "广宗王刘如意墓", "level": "省级", "era": "秦汉至隋唐", "lon": 115.13662, "lat": 37.074133, "elev": 35, "city": "邢台市", "img": "", "wgs_lon": 115.13662, "wgs_lat": 37.074133, "gcj_lon": 115.142766, "gcj_lat": 37.074795, "geo_addr": "河北省邢台市广宗县", "coord_src": "geocode", "gcj_note": "api_error:10021:CUQPS_HAS_EXCEEDED_THE_LIMIT"}}, {"type": "Feature", "geometry": {"type": "Point", "coordinates": [114.49742, 37.060227]}, "properties": {"name": "游雅墓", "level": "省级", "era": "宋元至明清", "lon": 114.695724, "lat": 37.132429, "elev": 39, "city": "邢台市", "img": "", "wgs_lon": 114.695724, "wgs_lat": 37.132429, "gcj_lon": 114.49742, "gcj_lat": 37.060227, "geo_addr": "河北省邢台市", "coord_src": "geocode", "gcj_note": "api_error:30001:ENGINE_RESPONSE_DATA_ERROR"}}, {"type": "Feature", "geometry": {"type": "Point", "coordinates": [114.53915, 36.625849]}, "properties": {"name": "胡瓒墓", "level": "省级", "era": "宋元至明清", "lon": 114.664186, "lat": 36.746541, "elev": 51, "city": "邯郸市", "img": "", "wgs_lon": 114.664186, "wgs_lat": 36.746541, "gcj_lon": 114.53915, "gcj_lat": 36.625849, "geo_addr": "河北省邯郸市", "coord_src": "geocode", "gcj_note": "api_error:10021:CUQPS_HAS_EXCEEDED_THE_LIMIT"}}, {"type": "Feature", "geometry": {"type": "Point", "coordinates": [114.957549, 36.766347]}, "properties": {"name": "曲周段氏家族墓地", "level": "省级", "era": "宋元至明清", "lon": 114.951833, "lat": 36.766192, "elev": 41, "city": "邯郸市", "img": "", "wgs_lon": 114.951833, "wgs_lat": 36.766192, "gcj_lon": 114.957549, "gcj_lat": 36.766347, "geo_addr": "河北省邯郸市曲周县", "coord_src": "geocode"}}, {"type": "Feature", "geometry": {"type": "Point", "coordinates": [115.095405, 36.946076]}, "properties": {"name": "宝峰寺", "level": "省级", "era": "宋元至明清", "lon": 115.089249, "lat": 36.945477, "elev": 35, "city": "邯郸市", "img": "", "wgs_lon": 115.089249, "wgs_lat": 36.945477, "gcj_lon": 115.095405, "gcj_lat": 36.946076, "geo_addr": "河北省邯郸市曲周县宝峰寺", "coord_src": "geocode", "gcj_note": "api_error:10021:CUQPS_HAS_EXCEEDED_THE_LIMIT"}}, {"type": "Feature", "geometry": {"type": "Point", "coordinates": [115.077291, 37.0828]}, "properties": {"name": "兴固寺", "level": "省级", "era": "宋元至明清", "lon": 115.071142, "lat": 37.08212, "elev": 36, "city": "邢台市", "img": "", "wgs_lon": 115.071142, "wgs_lat": 37.08212, "gcj_lon": 115.077291, "gcj_lat": 37.0828, "geo_addr": "河北省邢台市平乡县兴固寺", "coord_src": "geocode"}}, {"type": "Feature", "geometry": {"type": "Point", "coordinates": [115.21268, 37.166461]}, "properties": {"name": "宋氏祠堂", "level": "省级", "era": "近代以来", "lon": 115.206663, "lat": 37.165859, "elev": 32, "city": "邢台市", "img": "", "wgs_lon": 115.206663, "wgs_lat": 37.165859, "gcj_lon": 115.21268, "gcj_lat": 37.166461, "geo_addr": "河北省邢台市广宗县宋氏祠堂", "coord_src": "geocode", "gcj_note": "api_error:10021:CUQPS_HAS_EXCEEDED_THE_LIMIT"}}, {"type": "Feature", "geometry": {"type": "Point", "coordinates": [115.03008, 37.063771]}, "properties": {"name": "平乡文庙大成殿", "level": "国家级", "era": "宋元至明清", "lon": 114.912, "lat": 36.982, "elev": 39, "city": "邢台市", "img": "", "wgs_lon": 114.912, "wgs_lat": 36.982, "gcj_lon": 115.03008, "gcj_lat": 37.063771, "geo_addr": "河北省邢台市平乡县", "coord_src": "geocode", "gcj_note": "api_error:10021:CUQPS_HAS_EXCEEDED_THE_LIMIT"}}, {"type": "Feature", "geometry": {"type": "Point", "coordinates": [114.49742, 37.060227]}, "properties": {"name": "庆林寺塔", "level": "国家级", "era": "宋元至明清", "lon": 115.0, "lat": 37.18, "elev": 31, "city": "邢台市", "img": "", "wgs_lon": 115.0, "wgs_lat": 37.18, "gcj_lon": 114.49742, "gcj_lat": 37.060227, "geo_addr": "河北省邢台市", "coord_src": "geocode", "gcj_note": "api_error:30001:ENGINE_RESPONSE_DATA_ERROR"}}, {"type": "Feature", "geometry": {"type": "Point", "coordinates": [114.4389, 36.801553]}, "properties": {"name": "石北口遗址", "level": "国家级", "era": "史前至先秦", "lon": 114.697472, "lat": 36.799667, "elev": 47, "city": "邯郸市", "img": "", "wgs_lon": 114.697472, "wgs_lat": 36.799667, "gcj_lon": 114.4389, "gcj_lat": 36.801553, "geo_addr": "河北省邯郸市永年区石北口遗址", "coord_src": "geocode", "gcj_note": "api_error:10021:CUQPS_HAS_EXCEEDED_THE_LIMIT"}}, {"type": "Feature", "geometry": {"type": "Point", "coordinates": [115.693416, 36.976109]}, "properties": {"name": "冢子村古墓", "level": "省级", "era": "秦汉至隋唐", "lon": 115.687578, "lat": 36.975725, "elev": 33, "city": "邢台市", "img": "", "wgs_lon": 115.687578, "wgs_lat": 36.975725, "gcj_lon": 115.693416, "gcj_lat": 36.976109, "geo_addr": "河北省邢台市清河县冢子村", "coord_src": "geocode"}}, {"type": "Feature", "geometry": {"type": "Point", "coordinates": [114.49742, 37.060227]}, "properties": {"name": "韩厥墓", "level": "省级", "era": "史前至先秦", "lon": 115.47989, "lat": 37.205601, "elev": 32, "city": "邢台市", "img": "", "wgs_lon": 115.47989, "wgs_lat": 37.205601, "gcj_lon": 114.49742, "gcj_lat": 37.060227, "geo_addr": "河北省邢台市", "coord_src": "geocode", "gcj_note": "api_error:10021:CUQPS_HAS_EXCEEDED_THE_LIMIT"}}, {"type": "Feature", "geometry": {"type": "Point", "coordinates": [115.408569, 37.070352]}, "properties": {"name": "开元寺", "level": "省级", "era": "宋元至明清", "lon": 115.402357, "lat": 37.069658, "elev": 33, "city": "邢台市", "img": "", "wgs_lon": 115.402357, "wgs_lat": 37.069658, "gcj_lon": 115.408569, "gcj_lat": 37.070352, "geo_addr": "河北省邢台市威县开元寺", "coord_src": "geocode"}}, {"type": "Feature", "geometry": {"type": "Point", "coordinates": [114.49742, 37.060227]}, "properties": {"name": "贝州城址", "level": "省级", "era": "宋元至明清", "lon": 115.629782, "lat": 37.073389, "elev": 31, "city": "邢台市", "img": "", "wgs_lon": 115.629782, "wgs_lat": 37.073389, "gcj_lon": 114.49742, "gcj_lat": 37.060227, "geo_addr": "河北省邢台市", "coord_src": "geocode", "gcj_note": "api_error:10021:CUQPS_HAS_EXCEEDED_THE_LIMIT"}}, {"type": "Feature", "geometry": {"type": "Point", "coordinates": [115.266829, 36.975164]}, "properties": {"name": "威县弥勒经幢", "level": "省级", "era": "宋元至明清", "lon": 115.260865, "lat": 36.974722, "elev": 37, "city": "邢台市", "img": "", "wgs_lon": 115.260865, "wgs_lat": 36.974722, "gcj_lon": 115.266829, "gcj_lat": 36.975164, "geo_addr": "河北省邢台市威县", "coord_src": "geocode"}}, {"type": "Feature", "geometry": {"type": "Point", "coordinates": [115.60799231162251, 37.103690337103764]}, "properties": {"name": "金河寺悬空庵塔群", "level": "省级", "era": "宋元至明清", "lon": 115.602264, "lat": 37.103339, "elev": 35, "city": "邢台市", "img": "", "wgs_lon": 115.602264, "wgs_lat": 37.103339, "gcj_lon": 115.60799231162251, "gcj_lat": 37.103690337103764, "geo_addr": "", "coord_src": "fallback_local", "gcj_note": "tries_exhausted"}}, {"type": "Feature", "geometry": {"type": "Point", "coordinates": [115.310979, 37.263423]}, "properties": {"name": "张庄天主教堂", "level": "省级", "era": "宋元至明清", "lon": 115.304915, "lat": 37.262746, "elev": 33, "city": "邢台市", "img": "", "wgs_lon": 115.304915, "wgs_lat": 37.262746, "gcj_lon": 115.310979, "gcj_lat": 37.263423, "geo_addr": "河北省邢台市威县张庄天主教堂", "coord_src": "geocode"}}, {"type": "Feature", "geometry": {"type": "Point", "coordinates": [115.474368, 36.837011]}, "properties": {"name": "赵王庙石刻", "level": "省级", "era": "秦汉至隋唐", "lon": 115.468303, "lat": 36.836575, "elev": 38, "city": "邢台市", "img": "", "wgs_lon": 115.468303, "wgs_lat": 36.836575, "gcj_lon": 115.474368, "gcj_lat": 36.837011, "geo_addr": "河北省邢台市临西县王庙村", "coord_src": "geocode", "gcj_note": "api_error:10021:CUQPS_HAS_EXCEEDED_THE_LIMIT"}}, {"type": "Feature", "geometry": {"type": "Point", "coordinates": [114.49742, 37.060227]}, "properties": {"name": "义和拳议事厅", "level": "省级", "era": "宋元至明清", "lon": 115.412413, "lat": 36.947681, "elev": 37, "city": "邢台市", "img": "", "wgs_lon": 115.412413, "wgs_lat": 36.947681, "gcj_lon": 114.49742, "gcj_lat": 37.060227, "geo_addr": "河北省邢台市", "coord_src": "geocode", "gcj_note": "api_error:10021:CUQPS_HAS_EXCEEDED_THE_LIMIT"}}, {"type": "Feature", "geometry": {"type": "Point", "coordinates": [115.679253, 37.220575]}, "properties": {"name": "后底阁遗址", "level": "省级", "era": "秦汉至隋唐", "lon": 115.673416, "lat": 37.220057, "elev": 32, "city": "邢台市", "img": "", "wgs_lon": 115.673416, "wgs_lat": 37.220057, "gcj_lon": 115.679253, "gcj_lat": 37.220575, "geo_addr": "河北省邢台市南宫市后底阁村", "coord_src": "geocode", "gcj_note": "api_error:10021:CUQPS_HAS_EXCEEDED_THE_LIMIT"}}, {"type": "Feature", "geometry": {"type": "Point", "coordinates": [114.49742, 37.060227]}, "properties": {"name": "王浚墓", "level": "省级", "era": "宋元至明清", "lon": 115.285751, "lat": 36.984897, "elev": 36, "city": "邢台市", "img": "", "wgs_lon": 115.285751, "wgs_lat": 36.984897, "gcj_lon": 114.49742, "gcj_lat": 37.060227, "geo_addr": "河北省邢台市", "coord_src": "geocode", "gcj_note": "api_error:10021:CUQPS_HAS_EXCEEDED_THE_LIMIT"}}, {"type": "Feature", "geometry": {"type": "Point", "coordinates": [115.711912, 36.891882]}, "properties": {"name": "八里圈清真寺", "level": "省级", "era": "宋元至明清", "lon": 115.704927, "lat": 36.891425, "elev": 35, "city": "邢台市", "img": "", "wgs_lon": 115.704927, "wgs_lat": 36.891425, "gcj_lon": 115.711912, "gcj_lat": 36.891882, "geo_addr": "河北省邢台市临西县八里圈村", "coord_src": "geocode"}}, {"type": "Feature", "geometry": {"type": "Point", "coordinates": [114.49742, 37.060227]}, "properties": {"name": "贝州故城遗址", "level": "国家级", "era": "宋元至明清", "lon": 115.630069, "lat": 37.080536, "elev": 31, "city": "邢台市", "img": "", "wgs_lon": 115.630069, "wgs_lat": 37.080536, "gcj_lon": 114.49742, "gcj_lat": 37.060227, "geo_addr": "河北省邢台市", "coord_src": "geocode", "gcj_note": "api_error:10021:CUQPS_HAS_EXCEEDED_THE_LIMIT"}}, {"type": "Feature", "geometry": {"type": "Point", "coordinates": [115.501264, 36.84997]}, "properties": {"name": "临清古城遗址", "level": "国家级", "era": "史前至先秦", "lon": 115.490557, "lat": 36.841251, "elev": 33, "city": "邢台市", "img": "", "wgs_lon": 115.490557, "wgs_lat": 36.841251, "gcj_lon": 115.501264, "gcj_lat": 36.84997, "geo_addr": "河北省邢台市临西县临清古城遗址", "coord_src": "geocode"}}, {"type": "Feature", "geometry": {"type": "Point", "coordinates": [115.668987, 37.739367]}, "properties": {"name": "后底阁遗址", "level": "国家级", "era": "史前至先秦", "lon": 115.678333, "lat": 37.258611, "elev": 28, "city": "衡水市", "img": "", "wgs_lon": 115.678333, "wgs_lat": 37.258611, "gcj_lon": 115.668987, "gcj_lat": 37.739367, "geo_addr": "河北省衡水市", "coord_src": "geocode", "gcj_note": "api_error:10021:CUQPS_HAS_EXCEEDED_THE_LIMIT"}}, {"type": "Feature", "geometry": {"type": "Point", "coordinates": [114.49742, 37.060227]}, "properties": {"name": "义和拳议事厅旧址", "level": "国家级", "era": "近代以来", "lon": 115.399445, "lat": 36.953611, "elev": 37, "city": "邢台市", "img": "", "wgs_lon": 115.399445, "wgs_lat": 36.953611, "gcj_lon": 114.49742, "gcj_lat": 37.060227, "geo_addr": "河北省邢台市", "coord_src": "geocode", "gcj_note": "api_error:30001:ENGINE_RESPONSE_DATA_ERROR"}}, {"type": "Feature", "geometry": {"type": "Point", "coordinates": [115.847107, 37.115275]}, "properties": {"name": "要庄遗址", "level": "省级", "era": "史前至先秦", "lon": 115.841382, "lat": 37.114846, "elev": 30, "city": "衡水市", "img": "", "wgs_lon": 115.841382, "wgs_lat": 37.114846, "gcj_lon": 115.847107, "gcj_lat": 37.115275, "geo_addr": "河北省衡水市故城县要庄", "coord_src": "geocode", "gcj_note": "api_error:10021:CUQPS_HAS_EXCEEDED_THE_LIMIT"}}, {"type": "Feature", "geometry": {"type": "Point", "coordinates": [115.872199, 37.157786]}, "properties": {"name": "察哈尔民主政府旧址（天主教堂）", "level": "省级", "era": "近代以来", "lon": 115.866532, "lat": 37.15737, "elev": 31, "city": "衡水市", "img": "", "wgs_lon": 115.866532, "wgs_lat": 37.15737, "gcj_lon": 115.872199, "gcj_lat": 37.157786, "geo_addr": "河北省衡水市故城县民主村", "coord_src": "geocode"}}, {"type": "Feature", "geometry": {"type": "Point", "coordinates": [115.896656, 37.221699]}, "properties": {"name": "陈庄歼灭战旧址", "level": "省级", "era": "近代以来", "lon": 115.891021, "lat": 37.221267, "elev": 33, "city": "衡水市", "img": "", "wgs_lon": 115.891021, "wgs_lat": 37.221267, "gcj_lon": 115.896656, "gcj_lat": 37.221699, "geo_addr": "河北省衡水市故城县陈庄", "coord_src": "geocode", "gcj_note": "api_error:10021:CUQPS_HAS_EXCEEDED_THE_LIMIT"}}, {"type": "Feature", "geometry": {"type": "Point", "coordinates": [113.91594, 37.302582]}, "properties": {"name": "溃水堤遗址", "level": "省级", "era": "宋元至明清", "lon": 113.909819, "lat": 37.302149, "elev": 763, "city": "邢台市", "img": "", "wgs_lon": 113.909819, "wgs_lat": 37.302149, "gcj_lon": 113.91594, "gcj_lat": 37.302582, "geo_addr": "河北省邢台市信都区水堤", "coord_src": "geocode", "gcj_note": "api_error:10021:CUQPS_HAS_EXCEEDED_THE_LIMIT"}}, {"type": "Feature", "geometry": {"type": "Point", "coordinates": [114.49742, 37.060227]}, "properties": {"name": "柏人城址", "level": "省级", "era": "史前至先秦", "lon": 114.619196, "lat": 37.352134, "elev": 53, "city": "邢台市", "img": "", "wgs_lon": 114.619196, "wgs_lat": 37.352134, "gcj_lon": 114.49742, "gcj_lat": 37.060227, "geo_addr": "河北省邢台市", "coord_src": "geocode", "gcj_note": "api_error:30001:ENGINE_RESPONSE_DATA_ERROR"}}, {"type": "Feature", "geometry": {"type": "Point", "coordinates": [114.498651, 37.444512]}, "properties": {"name": "临城瓷窑址", "level": "省级", "era": "宋元至明清", "lon": 114.492654, "lat": 37.443806, "elev": 87, "city": "邢台市", "img": "", "wgs_lon": 114.492654, "wgs_lat": 37.443806, "gcj_lon": 114.498651, "gcj_lat": 37.444512, "geo_addr": "河北省邢台市临城县", "coord_src": "geocode", "gcj_note": "api_error:10021:CUQPS_HAS_EXCEEDED_THE_LIMIT"}}, {"type": "Feature", "geometry": {"type": "Point", "coordinates": [114.519597, 37.734255]}, "properties": {"name": "东韩台古墓", "level": "省级", "era": "秦汉至隋唐", "lon": 114.513654, "lat": 37.733581, "elev": 67, "city": "石家庄市", "img": "", "wgs_lon": 114.513654, "wgs_lat": 37.733581, "gcj_lon": 114.519597, "gcj_lat": 37.734255, "geo_addr": "河北省石家庄市元氏县东韩台村", "coord_src": "geocode"}}, {"type": "Feature", "geometry": {"type": "Point", "coordinates": [114.514976, 38.042007]}, "properties": {"name": "李氏墓群", "level": "省级", "era": "秦汉至隋唐", "lon": 114.491765, "lat": 37.627184, "elev": 77, "city": "石家庄市", "img": "", "wgs_lon": 114.491765, "wgs_lat": 37.627184, "gcj_lon": 114.514976, "gcj_lat": 38.042007, "geo_addr": "河北省石家庄市", "coord_src": "geocode", "gcj_note": "api_error:10021:CUQPS_HAS_EXCEEDED_THE_LIMIT"}}, {"type": "Feature", "geometry": {"type": "Point", "coordinates": [114.414346, 37.628008]}, "properties": {"name": "治平寺石塔", "level": "省级", "era": "秦汉至隋唐", "lon": 114.408089, "lat": 37.62711, "elev": 96, "city": "石家庄市", "img": "", "wgs_lon": 114.408083, "wgs_lat": 37.626944, "gcj_lon": 114.414346, "gcj_lat": 37.628008, "geo_addr": "河北省石家庄市赞皇县治平寺", "coord_src": "geocode", "gcj_note": "api_error:10021:CUQPS_HAS_EXCEEDED_THE_LIMIT"}}, {"type": "Feature", "geometry": {"type": "Point", "coordinates": [114.507567, 37.438572]}, "properties": {"name": "普利寺塔", "level": "省级", "era": "宋元至明清", "lon": 114.501596, "lat": 37.437857, "elev": 89, "city": "邢台市", "img": "", "wgs_lon": 114.516944, "wgs_lat": 37.437972, "gcj_lon": 114.507567, "gcj_lat": 37.438572, "geo_addr": "河北省邢台市临城县普利寺塔", "coord_src": "geocode"}}, {"type": "Feature", "geometry": {"type": "Point", "coordinates": [114.516018, 37.746311]}, "properties": {"name": "开化寺塔", "level": "省级", "era": "宋元至明清", "lon": 114.510059, "lat": 37.745627, "elev": 70, "city": "石家庄市", "img": "", "wgs_lon": 114.510083, "wgs_lat": 37.745639, "gcj_lon": 114.516018, "gcj_lat": 37.746311, "geo_addr": "河北省石家庄市元氏县开化寺塔", "coord_src": "geocode", "gcj_note": "api_error:10021:CUQPS_HAS_EXCEEDED_THE_LIMIT"}}, {"type": "Feature", "geometry": {"type": "Point", "coordinates": [114.273085, 37.311143]}, "properties": {"name": "扁鹊庙", "level": "省级", "era": "宋元至明清", "lon": 114.267006, "lat": 37.310509, "elev": 334, "city": "邢台市", "img": "", "wgs_lon": 114.266667, "wgs_lat": 37.316667, "gcj_lon": 114.273085, "gcj_lat": 37.311143, "geo_addr": "河北省邢台市内丘县扁鹊庙", "coord_src": "geocode", "gcj_note": "api_error:10021:CUQPS_HAS_EXCEEDED_THE_LIMIT"}}, {"type": "Feature", "geometry": {"type": "Point", "coordinates": [114.145929, 37.831807]}, "properties": {"name": "福庆寺", "level": "省级", "era": "宋元至明清", "lon": 114.139513, "lat": 37.830959, "elev": 477, "city": "石家庄市", "img": "", "wgs_lon": 114.136444, "wgs_lat": 37.829444, "gcj_lon": 114.145929, "gcj_lat": 37.831807, "geo_addr": "河北省石家庄市井陉县福庆寺", "coord_src": "geocode"}}, {"type": "Feature", "geometry": {"type": "Point", "coordinates": [114.378691, 37.661131]}, "properties": {"name": "万坡顶遗址", "level": "省级", "era": "史前至先秦", "lon": 114.372433, "lat": 37.660249, "elev": 132, "city": "石家庄市", "img": "", "wgs_lon": 114.372433, "wgs_lat": 37.660249, "gcj_lon": 114.378691, "gcj_lat": 37.661131, "geo_addr": "河北省石家庄市赞皇县万坡顶遗址", "coord_src": "geocode", "gcj_note": "api_error:10021:CUQPS_HAS_EXCEEDED_THE_LIMIT"}}, {"type": "Feature", "geometry": {"type": "Point", "coordinates": [114.43506340542085, 37.442498040576844]}, "properties": {"name": "柏畅城遗址", "level": "省级", "era": "史前至先秦", "lon": 114.428857, "lat": 37.441647, "elev": 99, "city": "邢台市", "img": "", "wgs_lon": 114.428857, "wgs_lat": 37.441647, "gcj_lon": 114.43506340542085, "gcj_lat": 37.442498040576844, "geo_addr": "", "coord_src": "fallback_local", "gcj_note": "tries_exhausted"}}, {"type": "Feature", "geometry": {"type": "Point", "coordinates": [114.633503, 37.647757]}, "properties": {"name": "高邑赵村古墓", "level": "省级", "era": "秦汉至隋唐", "lon": 114.627754, "lat": 37.647204, "elev": 51, "city": "石家庄市", "img": "", "wgs_lon": 114.627754, "wgs_lat": 37.647204, "gcj_lon": 114.633503, "gcj_lat": 37.647757, "geo_addr": "河北省石家庄市高邑县赵村", "coord_src": "geocode"}}, {"type": "Feature", "geometry": {"type": "Point", "coordinates": [114.208692, 37.307808]}, "properties": {"name": "灵霄山寨", "level": "省级", "era": "史前至先秦", "lon": 114.202525, "lat": 37.307143, "elev": 1057, "city": "邢台市", "img": "", "wgs_lon": 114.202525, "wgs_lat": 37.307143, "gcj_lon": 114.208692, "gcj_lat": 37.307808, "geo_addr": "河北省邢台市信都区灵霄山", "coord_src": "geocode", "gcj_note": "api_error:10021:CUQPS_HAS_EXCEEDED_THE_LIMIT"}}, {"type": "Feature", "geometry": {"type": "Point", "coordinates": [114.374435, 37.293949]}, "properties": {"name": "王交台牛王庙", "level": "省级", "era": "宋元至明清", "lon": 114.368224, "lat": 37.293165, "elev": 154, "city": "邢台市", "img": "", "wgs_lon": 114.368224, "wgs_lat": 37.293165, "gcj_lon": 114.374435, "gcj_lat": 37.293949, "geo_addr": "河北省邢台市内丘县王交台村", "coord_src": "geocode"}}, {"type": "Feature", "geometry": {"type": "Point", "coordinates": [114.622336, 37.606062]}, "properties": {"name": "赵南星祠堂", "level": "省级", "era": "宋元至明清", "lon": 114.616604, "lat": 37.605523, "elev": 51, "city": "石家庄市", "img": "", "wgs_lon": 114.616604, "wgs_lat": 37.605523, "gcj_lon": 114.622336, "gcj_lat": 37.606062, "geo_addr": "河北省石家庄市高邑县赵南星祠堂", "coord_src": "geocode", "gcj_note": "api_error:10021:CUQPS_HAS_EXCEEDED_THE_LIMIT"}}, {"type": "Feature", "geometry": {"type": "Point", "coordinates": [114.541903, 37.455729]}, "properties": {"name": "补要村遗址", "level": "省级", "era": "史前至先秦", "lon": 114.536075, "lat": 37.455143, "elev": 86, "city": "邢台市", "img": "", "wgs_lon": 114.543194, "wgs_lat": 37.455472, "gcj_lon": 114.541903, "gcj_lat": 37.455729, "geo_addr": "河北省邢台市临城县补要村", "coord_src": "geocode", "gcj_note": "api_error:10021:CUQPS_HAS_EXCEEDED_THE_LIMIT"}}, {"type": "Feature", "geometry": {"type": "Point", "coordinates": [114.498651, 37.444512]}, "properties": {"name": "临城煤矿遗址", "level": "省级", "era": "宋元至明清", "lon": 114.492654, "lat": 37.443806, "elev": 87, "city": "邢台市", "img": "", "wgs_lon": 114.492654, "wgs_lat": 37.443806, "gcj_lon": 114.498651, "gcj_lat": 37.444512, "geo_addr": "河北省邢台市临城县", "coord_src": "geocode", "gcj_note": "api_error:10021:CUQPS_HAS_EXCEEDED_THE_LIMIT"}}, {"type": "Feature", "geometry": {"type": "Point", "coordinates": [114.49742, 37.060227]}, "properties": {"name": "王伯大墓", "level": "省级", "era": "宋元至明清", "lon": 114.506487, "lat": 37.433263, "elev": 84, "city": "邢台市", "img": "", "wgs_lon": 114.506487, "wgs_lat": 37.433263, "gcj_lon": 114.49742, "gcj_lat": 37.060227, "geo_addr": "河北省邢台市", "coord_src": "geocode", "gcj_note": "api_error:30001:ENGINE_RESPONSE_DATA_ERROR"}}, {"type": "Feature", "geometry": {"type": "Point", "coordinates": [114.49742, 37.060227]}, "properties": {"name": "潘氏贞节坊", "level": "省级", "era": "宋元至明清", "lon": 114.481428, "lat": 37.41881, "elev": 90, "city": "邢台市", "img": "", "wgs_lon": 114.481428, "wgs_lat": 37.41881, "gcj_lon": 114.49742, "gcj_lat": 37.060227, "geo_addr": "河北省邢台市", "coord_src": "geocode", "gcj_note": "api_error:10021:CUQPS_HAS_EXCEEDED_THE_LIMIT"}}, {"type": "Feature", "geometry": {"type": "Point", "coordinates": [114.50273286133155, 37.43605341215414]}, "properties": {"name": "息波亭及护城石堤", "level": "省级", "era": "宋元至明清", "lon": 114.496754, "lat": 37.435362, "elev": 81, "city": "邢台市", "img": "", "wgs_lon": 114.496754, "wgs_lat": 37.435362, "gcj_lon": 114.50273286133155, "gcj_lat": 37.43605341215414, "geo_addr": "", "coord_src": "fallback_local", "gcj_note": "tries_exhausted"}}, {"type": "Feature", "geometry": {"type": "Point", "coordinates": [114.418755, 37.747609]}, "properties": {"name": "东苏阳遗址", "level": "省级", "era": "史前至先秦", "lon": 114.412488, "lat": 37.746714, "elev": 99, "city": "石家庄市", "img": "", "wgs_lon": 114.412488, "wgs_lat": 37.746714, "gcj_lon": 114.418755, "gcj_lat": 37.747609, "geo_addr": "河北省石家庄市元氏县东苏阳村", "coord_src": "geocode"}}, {"type": "Feature", "geometry": {"type": "Point", "coordinates": [114.510343, 37.74027]}, "properties": {"name": "西韩台遗址", "level": "省级", "era": "史前至先秦", "lon": 114.504361, "lat": 37.739568, "elev": 67, "city": "石家庄市", "img": "", "wgs_lon": 114.504361, "wgs_lat": 37.739568, "gcj_lon": 114.510343, "gcj_lat": 37.74027, "geo_addr": "河北省石家庄市元氏县西韩台村", "coord_src": "geocode", "gcj_note": "api_error:10021:CUQPS_HAS_EXCEEDED_THE_LIMIT"}}, {"type": "Feature", "geometry": {"type": "Point", "coordinates": [114.514976, 38.042007]}, "properties": {"name": "风铃阁", "level": "省级", "era": "宋元至明清", "lon": 114.519585, "lat": 37.766677, "elev": 65, "city": "石家庄市", "img": "", "wgs_lon": 114.519585, "wgs_lat": 37.766677, "gcj_lon": 114.514976, "gcj_lat": 38.042007, "geo_addr": "河北省石家庄市", "coord_src": "geocode", "gcj_note": "api_error:30001:ENGINE_RESPONSE_DATA_ERROR"}}, {"type": "Feature", "geometry": {"type": "Point", "coordinates": [114.516018, 37.746311]}, "properties": {"name": "开化寺塔", "level": "国家级", "era": "宋元至明清", "lon": 114.510083, "lat": 37.745639, "elev": 70, "city": "石家庄市", "img": "", "wgs_lon": 114.510083, "wgs_lat": 37.745639, "gcj_lon": 114.516018, "gcj_lat": 37.746311, "geo_addr": "河北省石家庄市元氏县开化寺塔", "coord_src": "geocode", "gcj_note": "api_error:10021:CUQPS_HAS_EXCEEDED_THE_LIMIT"}}, {"type": "Feature", "geometry": {"type": "Point", "coordinates": [114.386114, 37.666549]}, "properties": {"name": "赞皇李氏墓群", "level": "国家级", "era": "史前至先秦", "lon": 114.491389, "lat": 37.627611, "elev": 77, "city": "石家庄市", "img": "", "wgs_lon": 114.491389, "wgs_lat": 37.627611, "gcj_lon": 114.386114, "gcj_lat": 37.666549, "geo_addr": "河北省石家庄市赞皇县", "coord_src": "geocode"}}, {"type": "Feature", "geometry": {"type": "Point", "coordinates": [114.49742, 37.060227]}, "properties": {"name": "柏人城遗址", "level": "国家级", "era": "史前至先秦", "lon": 114.640806, "lat": 37.346583, "elev": 49, "city": "邢台市", "img": "", "wgs_lon": 114.640806, "wgs_lat": 37.346583, "gcj_lon": 114.49742, "gcj_lat": 37.060227, "geo_addr": "河北省邢台市", "coord_src": "geocode", "gcj_note": "api_error:10021:CUQPS_HAS_EXCEEDED_THE_LIMIT"}}, {"type": "Feature", "geometry": {"type": "Point", "coordinates": [114.517141, 37.708505]}, "properties": {"name": "西张村遗址", "level": "国家级", "era": "史前至先秦", "lon": 114.520917, "lat": 37.707333, "elev": 64, "city": "石家庄市", "img": "", "wgs_lon": 114.520917, "wgs_lat": 37.707333, "gcj_lon": 114.517141, "gcj_lat": 37.708505, "geo_addr": "河北省石家庄市元氏县西张村", "coord_src": "geocode"}}, {"type": "Feature", "geometry": {"type": "Point", "coordinates": [114.541903, 37.455729]}, "properties": {"name": "补要村遗址", "level": "国家级", "era": "史前至先秦", "lon": 114.543194, "lat": 37.455472, "elev": 77, "city": "邢台市", "img": "", "wgs_lon": 114.543194, "wgs_lat": 37.455472, "gcj_lon": 114.541903, "gcj_lat": 37.455729, "geo_addr": "河北省邢台市临城县补要村", "coord_src": "geocode", "gcj_note": "api_error:10021:CUQPS_HAS_EXCEEDED_THE_LIMIT"}}, {"type": "Feature", "geometry": {"type": "Point", "coordinates": [114.145929, 37.831807]}, "properties": {"name": "福庆寺", "level": "国家级", "era": "宋元至明清", "lon": 114.136444, "lat": 37.829444, "elev": 596, "city": "石家庄市", "img": "", "wgs_lon": 114.136444, "wgs_lat": 37.829444, "gcj_lon": 114.145929, "gcj_lat": 37.831807, "geo_addr": "河北省石家庄市井陉县福庆寺", "coord_src": "geocode"}}, {"type": "Feature", "geometry": {"type": "Point", "coordinates": [114.273085, 37.311143]}, "properties": {"name": "扁鹊庙", "level": "国家级", "era": "宋元至明清", "lon": 114.266667, "lat": 37.316667, "elev": 330, "city": "邢台市", "img": "", "wgs_lon": 114.266667, "wgs_lat": 37.316667, "gcj_lon": 114.273085, "gcj_lat": 37.311143, "geo_addr": "河北省邢台市内丘县扁鹊庙", "coord_src": "geocode", "gcj_note": "api_error:10021:CUQPS_HAS_EXCEEDED_THE_LIMIT"}}, {"type": "Feature", "geometry": {"type": "Point", "coordinates": [114.477157, 37.826847]}, "properties": {"name": "常山郡故城", "level": "国家级", "era": "秦汉至隋唐", "lon": 114.443194, "lat": 37.813472, "elev": 84, "city": "石家庄市", "img": "", "wgs_lon": 114.443194, "wgs_lat": 37.813472, "gcj_lon": 114.477157, "gcj_lat": 37.826847, "geo_addr": "河北省石家庄市元氏县常山郡故城", "coord_src": "geocode", "gcj_note": "api_error:10021:CUQPS_HAS_EXCEEDED_THE_LIMIT"}}, {"type": "Feature", "geometry": {"type": "Point", "coordinates": [114.507567, 37.438572]}, "properties": {"name": "普利寺塔", "level": "国家级", "era": "宋元至明清", "lon": 114.516944, "lat": 37.437972, "elev": 131, "city": "邢台市", "img": "", "wgs_lon": 114.516944, "wgs_lat": 37.437972, "gcj_lon": 114.507567, "gcj_lat": 37.438572, "geo_addr": "河北省邢台市临城县普利寺塔", "coord_src": "geocode"}}, {"type": "Feature", "geometry": {"type": "Point", "coordinates": [114.414346, 37.628008]}, "properties": {"name": "治平寺石塔", "level": "国家级", "era": "宋元至明清", "lon": 114.408083, "lat": 37.626944, "elev": 96, "city": "石家庄市", "img": "", "wgs_lon": 114.408083, "wgs_lat": 37.626944, "gcj_lon": 114.414346, "gcj_lat": 37.628008, "geo_addr": "河北省石家庄市赞皇县治平寺", "coord_src": "geocode", "gcj_note": "api_error:10021:CUQPS_HAS_EXCEEDED_THE_LIMIT"}}, {"type": "Feature", "geometry": {"type": "Point", "coordinates": [114.517409, 37.291655]}, "properties": {"name": "邢窑遗址", "level": "国家级", "era": "史前至先秦", "lon": 114.467611, "lat": 37.490944, "elev": 125, "city": "邢台市", "img": "", "wgs_lon": 114.467611, "wgs_lat": 37.490944, "gcj_lon": 114.517409, "gcj_lat": 37.291655, "geo_addr": "河北省邢台市内丘县邢窑", "coord_src": "geocode"}}, {"type": "Feature", "geometry": {"type": "Point", "coordinates": [114.904605, 37.843692]}, "properties": {"name": "古宋城址", "level": "省级", "era": "秦汉至隋唐", "lon": 114.898847, "lat": 37.843166, "elev": 41, "city": "石家庄市", "img": "", "wgs_lon": 114.896667, "wgs_lat": 37.840833, "gcj_lon": 114.904605, "gcj_lat": 37.843692, "geo_addr": "河北省石家庄市赵县古宋城址", "coord_src": "geocode"}}, {"type": "Feature", "geometry": {"type": "Point", "coordinates": [114.885728, 37.830145]}, "properties": {"name": "各子墓群", "level": "省级", "era": "秦汉至隋唐", "lon": 114.879963, "lat": 37.829607, "elev": 42, "city": "石家庄市", "img": "", "wgs_lon": 114.879963, "wgs_lat": 37.829607, "gcj_lon": 114.885728, "gcj_lat": 37.830145, "geo_addr": "河北省石家庄市赵县各子", "coord_src": "geocode"}}, {"type": "Feature", "geometry": {"type": "Point", "coordinates": [114.837772, 37.55111]}, "properties": {"name": "塔底村古墓", "level": "省级", "era": "史前至先秦", "lon": 114.831953, "lat": 37.550496, "elev": 32, "city": "邢台市", "img": "", "wgs_lon": 114.831953, "wgs_lat": 37.550496, "gcj_lon": 114.837772, "gcj_lat": 37.55111, "geo_addr": "河北省邢台市宁晋县塔底村", "coord_src": "geocode", "gcj_note": "api_error:10021:CUQPS_HAS_EXCEEDED_THE_LIMIT"}}, {"type": "Feature", "geometry": {"type": "Point", "coordinates": [114.774646, 37.748131]}, "properties": {"name": "天户陀罗尼经幢", "level": "省级", "era": "秦汉至隋唐", "lon": 114.768691, "lat": 37.747418, "elev": 42, "city": "石家庄市", "img": "", "wgs_lon": 114.768691, "wgs_lat": 37.747418, "gcj_lon": 114.774646, "gcj_lat": 37.748131, "geo_addr": "河北省石家庄市赵县陀罗尼经幢", "coord_src": "geocode"}}, {"type": "Feature", "geometry": {"type": "Point", "coordinates": [114.774646, 37.748131]}, "properties": {"name": "赵州陀罗尼经幢", "level": "省级", "era": "宋元至明清", "lon": 114.768691, "lat": 37.747418, "elev": 42, "city": "石家庄市", "img": "", "wgs_lon": 114.768611, "wgs_lat": 37.747222, "gcj_lon": 114.774646, "gcj_lat": 37.748131, "geo_addr": "河北省石家庄市赵县赵州镇陀罗尼经幢", "coord_src": "geocode"}}, {"type": "Feature", "geometry": {"type": "Point", "coordinates": [114.778302, 37.745007]}, "properties": {"name": "石塔", "level": "省级", "era": "宋元至明清", "lon": 114.77235, "lat": 37.744296, "elev": 45, "city": "石家庄市", "img": "", "wgs_lon": 114.77235, "wgs_lat": 37.744296, "gcj_lon": 114.778302, "gcj_lat": 37.745007, "geo_addr": "河北省石家庄市赵县石塔村", "coord_src": "geocode"}}, {"type": "Feature", "geometry": {"type": "Point", "coordinates": [114.784157, 37.748129]}, "properties": {"name": "柏林寺塔", "level": "省级", "era": "宋元至明清", "lon": 114.778211, "lat": 37.747424, "elev": 45, "city": "石家庄市", "img": "", "wgs_lon": 114.778056, "wgs_lat": 37.747222, "gcj_lon": 114.784157, "gcj_lat": 37.748129, "geo_addr": "河北省石家庄市赵县柏林寺塔", "coord_src": "geocode", "gcj_note": "api_error:10021:CUQPS_HAS_EXCEEDED_THE_LIMIT"}}, {"type": "Feature", "geometry": {"type": "Point", "coordinates": [114.770509, 37.351232]}, "properties": {"name": "隆尧碑刻群", "level": "省级", "era": "秦汉至隋唐", "lon": 114.764595, "lat": 37.35058, "elev": 37, "city": "邢台市", "img": "", "wgs_lon": 114.764595, "wgs_lat": 37.35058, "gcj_lon": 114.770509, "gcj_lat": 37.351232, "geo_addr": "河北省邢台市隆尧县", "coord_src": "geocode", "gcj_note": "api_error:10021:CUQPS_HAS_EXCEEDED_THE_LIMIT"}}, {"type": "Feature", "geometry": {"type": "Point", "coordinates": [114.77748, 37.74811]}, "properties": {"name": "大观圣作之碑", "level": "省级", "era": "宋元至明清", "lon": 114.771527, "lat": 37.747399, "elev": 41, "city": "石家庄市", "img": "", "wgs_lon": 114.771111, "wgs_lat": 37.7475, "gcj_lon": 114.77748, "gcj_lat": 37.74811, "geo_addr": "河北省石家庄市赵县大观圣作之碑", "coord_src": "geocode", "gcj_note": "api_error:10021:CUQPS_HAS_EXCEEDED_THE_LIMIT"}}, {"type": "Feature", "geometry": {"type": "Point", "coordinates": [114.49742, 37.060227]}, "properties": {"name": "贾母贞节碑", "level": "省级", "era": "宋元至明清", "lon": 114.666171, "lat": 37.444494, "elev": 47, "city": "邢台市", "img": "", "wgs_lon": 114.666171, "wgs_lat": 37.444494, "gcj_lon": 114.49742, "gcj_lat": 37.060227, "geo_addr": "河北省邢台市", "coord_src": "geocode", "gcj_note": "api_error:10021:CUQPS_HAS_EXCEEDED_THE_LIMIT"}}, {"type": "Feature", "geometry": {"type": "Point", "coordinates": [114.705633, 37.333114]}, "properties": {"name": "尧山城址", "level": "省级", "era": "宋元至明清", "lon": 114.699772, "lat": 37.332511, "elev": 39, "city": "邢台市", "img": "", "wgs_lon": 114.699772, "wgs_lat": 37.332511, "gcj_lon": 114.705633, "gcj_lat": 37.333114, "geo_addr": "河北省邢台市隆尧县尧山", "coord_src": "geocode"}}, {"type": "Feature", "geometry": {"type": "Point", "coordinates": [114.868263, 37.715326]}, "properties": {"name": "许家郭汉墓", "level": "省级", "era": "秦汉至隋唐", "lon": 114.862488, "lat": 37.714756, "elev": 35, "city": "石家庄市", "img": "", "wgs_lon": 114.862488, "wgs_lat": 37.714756, "gcj_lon": 114.868263, "gcj_lat": 37.715326, "geo_addr": "河北省石家庄市赵县许家郭村", "coord_src": "geocode", "gcj_note": "api_error:10021:CUQPS_HAS_EXCEEDED_THE_LIMIT"}}, {"type": "Feature", "geometry": {"type": "Point", "coordinates": [114.49742, 37.060227]}, "properties": {"name": "曹鼐墓", "level": "省级", "era": "宋元至明清", "lon": 114.929622, "lat": 37.592157, "elev": 30, "city": "邢台市", "img": "", "wgs_lon": 114.929622, "wgs_lat": 37.592157, "gcj_lon": 114.49742, "gcj_lat": 37.060227, "geo_addr": "河北省邢台市", "coord_src": "geocode", "gcj_note": "api_error:30001:ENGINE_RESPONSE_DATA_ERROR"}}, {"type": "Feature", "geometry": {"type": "Point", "coordinates": [114.778302, 37.745007]}, "properties": {"name": "西堤北石塔（震雹塔）", "level": "省级", "era": "宋元至明清", "lon": 114.77235, "lat": 37.744296, "elev": 45, "city": "石家庄市", "img": "", "wgs_lon": 114.77235, "wgs_lat": 37.744296, "gcj_lon": 114.778302, "gcj_lat": 37.745007, "geo_addr": "河北省石家庄市赵县石塔村", "coord_src": "geocode", "gcj_note": "api_error:10021:CUQPS_HAS_EXCEEDED_THE_LIMIT"}}, {"type": "Feature", "geometry": {"type": "Point", "coordinates": [114.49742, 37.060227]}, "properties": {"name": "任敖墓", "level": "省级", "era": "秦汉至隋唐", "lon": 114.798455, "lat": 37.354383, "elev": 34, "city": "邢台市", "img": "", "wgs_lon": 114.798455, "wgs_lat": 37.354383, "gcj_lon": 114.49742, "gcj_lat": 37.060227, "geo_addr": "河北省邢台市", "coord_src": "geocode", "gcj_note": "api_error:30001:ENGINE_RESPONSE_DATA_ERROR"}}, {"type": "Feature", "geometry": {"type": "Point", "coordinates": [114.670768, 37.704436]}, "properties": {"name": "李宪墓", "level": "省级", "era": "秦汉至隋唐", "lon": 114.664943, "lat": 37.703823, "elev": 44, "city": "石家庄市", "img": "", "wgs_lon": 114.664943, "wgs_lat": 37.703823, "gcj_lon": 114.670768, "gcj_lat": 37.704436, "geo_addr": "河北省石家庄市赵县李宪墓", "coord_src": "geocode", "gcj_note": "api_error:10021:CUQPS_HAS_EXCEEDED_THE_LIMIT"}}, {"type": "Feature", "geometry": {"type": "Point", "coordinates": [114.77748, 37.74811]}, "properties": {"name": "平乡大观圣作之碑", "level": "省级", "era": "宋元至明清", "lon": 114.771527, "lat": 37.747399, "elev": 41, "city": "石家庄市", "img": "", "wgs_lon": 114.771527, "wgs_lat": 37.747399, "gcj_lon": 114.77748, "gcj_lat": 37.74811, "geo_addr": "河北省石家庄市赵县大观圣作之碑", "coord_src": "geocode"}}, {"type": "Feature", "geometry": {"type": "Point", "coordinates": [114.780602, 37.753211]}, "properties": {"name": "柏林后土祠及石刻", "level": "省级", "era": "宋元至明清", "lon": 114.774652, "lat": 37.752503, "elev": 47, "city": "石家庄市", "img": "", "wgs_lon": 114.774652, "wgs_lat": 37.752503, "gcj_lon": 114.780602, "gcj_lat": 37.753211, "geo_addr": "河北省石家庄市赵县柏林", "coord_src": "geocode", "gcj_note": "api_error:10021:CUQPS_HAS_EXCEEDED_THE_LIMIT"}}, {"type": "Feature", "geometry": {"type": "Point", "coordinates": [114.771389, 37.701345]}, "properties": {"name": "眭家营遗址", "level": "省级", "era": "史前至先秦", "lon": 114.765436, "lat": 37.700627, "elev": 41, "city": "石家庄市", "img": "", "wgs_lon": 114.765436, "wgs_lat": 37.700627, "gcj_lon": 114.771389, "gcj_lat": 37.701345, "geo_addr": "河北省石家庄市赵县眭家营村", "coord_src": "geocode", "gcj_note": "api_error:10021:CUQPS_HAS_EXCEEDED_THE_LIMIT"}}, {"type": "Feature", "geometry": {"type": "Point", "coordinates": [114.904605, 37.843692]}, "properties": {"name": "古宋城址", "level": "国家级", "era": "史前至先秦", "lon": 114.896667, "lat": 37.840833, "elev": 41, "city": "石家庄市", "img": "", "wgs_lon": 114.896667, "wgs_lat": 37.840833, "gcj_lon": 114.904605, "gcj_lat": 37.843692, "geo_addr": "河北省石家庄市赵县古宋城址", "coord_src": "geocode"}}, {"type": "Feature", "geometry": {"type": "Point", "coordinates": [114.784157, 37.748129]}, "properties": {"name": "柏林寺塔", "level": "国家级", "era": "宋元至明清", "lon": 114.778056, "lat": 37.747222, "elev": 44, "city": "石家庄市", "img": "", "wgs_lon": 114.778056, "wgs_lat": 37.747222, "gcj_lon": 114.784157, "gcj_lat": 37.748129, "geo_addr": "河北省石家庄市赵县柏林寺塔", "coord_src": "geocode", "gcj_note": "api_error:10021:CUQPS_HAS_EXCEEDED_THE_LIMIT"}}, {"type": "Feature", "geometry": {"type": "Point", "coordinates": [114.771386, 37.293905]}, "properties": {"name": "隆尧唐祖陵", "level": "国家级", "era": "秦汉至隋唐", "lon": 114.765417, "lat": 37.293306, "elev": 33, "city": "邢台市", "img": "", "wgs_lon": 114.765417, "wgs_lat": 37.293306, "gcj_lon": 114.771386, "gcj_lat": 37.293905, "geo_addr": "河北省邢台市隆尧县隆尧唐祖陵", "coord_src": "geocode"}}, {"type": "Feature", "geometry": {"type": "Point", "coordinates": [114.77748, 37.74811]}, "properties": {"name": "大观圣作之碑", "level": "国家级", "era": "宋元至明清", "lon": 114.771111, "lat": 37.7475, "elev": 43, "city": "石家庄市", "img": "", "wgs_lon": 114.771111, "wgs_lat": 37.7475, "gcj_lon": 114.77748, "gcj_lat": 37.74811, "geo_addr": "河北省石家庄市赵县大观圣作之碑", "coord_src": "geocode", "gcj_note": "api_error:10021:CUQPS_HAS_EXCEEDED_THE_LIMIT"}}, {"type": "Feature", "geometry": {"type": "Point", "coordinates": [114.774646, 37.748131]}, "properties": {"name": "赵州陀罗尼经幢", "level": "国家级", "era": "宋元至明清", "lon": 114.768611, "lat": 37.747222, "elev": 43, "city": "石家庄市", "img": "", "wgs_lon": 114.768611, "wgs_lat": 37.747222, "gcj_lon": 114.774646, "gcj_lat": 37.748131, "geo_addr": "河北省石家庄市赵县赵州镇陀罗尼经幢", "coord_src": "geocode"}}, {"type": "Feature", "geometry": {"type": "Point", "coordinates": [114.166692, 38.013873]}, "properties": {"name": "永通桥", "level": "国家级", "era": "宋元至明清", "lon": 114.759722, "lat": 37.754167, "elev": 40, "city": "石家庄市", "img": "", "wgs_lon": 114.160315, "wgs_lat": 38.013095, "gcj_lon": 114.166692, "gcj_lat": 38.013873, "geo_addr": "河北省石家庄市井陉县永通桥", "coord_src": "geocode", "gcj_note": "api_error:10021:CUQPS_HAS_EXCEEDED_THE_LIMIT"}}, {"type": "Feature", "geometry": {"type": "Point", "coordinates": [114.514976, 38.042007]}, "properties": {"name": "安济桥", "level": "国家级", "era": "秦汉至隋唐", "lon": 114.763056, "lat": 37.72, "elev": 42, "city": "石家庄市", "img": "", "wgs_lon": 114.763056, "wgs_lat": 37.72, "gcj_lon": 114.514976, "gcj_lat": 38.042007, "geo_addr": "河北省石家庄市", "coord_src": "geocode", "gcj_note": "api_error:30001:ENGINE_RESPONSE_DATA_ERROR"}}, {"type": "Feature", "geometry": {"type": "Point", "coordinates": [115.574263, 37.594812]}, "properties": {"name": "后冢", "level": "省级", "era": "秦汉至隋唐", "lon": 115.568449, "lat": 37.594242, "elev": 25, "city": "衡水市", "img": "", "wgs_lon": 115.568449, "wgs_lat": 37.594242, "gcj_lon": 115.574263, "gcj_lat": 37.594812, "geo_addr": "河北省衡水市冀州区后冢村", "coord_src": "geocode", "gcj_note": "api_error:10021:CUQPS_HAS_EXCEEDED_THE_LIMIT"}}, {"type": "Feature", "geometry": {"type": "Point", "coordinates": [115.704428, 37.726727]}, "properties": {"name": "安济桥", "level": "省级", "era": "秦汉至隋唐", "lon": 115.698353, "lat": 37.726013, "elev": 25, "city": "衡水市", "img": "", "wgs_lon": 115.698353, "wgs_lat": 37.726013, "gcj_lon": 115.704428, "gcj_lat": 37.726727, "geo_addr": "河北省衡水市桃城区衡水安济桥", "coord_src": "geocode"}}, {"type": "Feature", "geometry": {"type": "Point", "coordinates": [115.641712, 37.717648]}, "properties": {"name": "宝云塔", "level": "省级", "era": "宋元至明清", "lon": 115.635889, "lat": 37.717065, "elev": 23, "city": "衡水市", "img": "", "wgs_lon": 115.635833, "wgs_lat": 37.717222, "gcj_lon": 115.641712, "gcj_lat": 37.717648, "geo_addr": "河北省衡水市桃城区宝云塔", "coord_src": "geocode", "gcj_note": "api_error:10021:CUQPS_HAS_EXCEEDED_THE_LIMIT"}}, {"type": "Feature", "geometry": {"type": "Point", "coordinates": [115.364323, 37.374682]}, "properties": {"name": "普彤塔", "level": "省级", "era": "宋元至明清", "lon": 115.358123, "lat": 37.373857, "elev": 29, "city": "邢台市", "img": "", "wgs_lon": 115.355278, "wgs_lat": 37.368611, "gcj_lon": 115.364323, "gcj_lat": 37.374682, "geo_addr": "河北省邢台市南宫市普彤塔", "coord_src": "geocode", "gcj_note": "api_error:10021:CUQPS_HAS_EXCEEDED_THE_LIMIT"}}, {"type": "Feature", "geometry": {"type": "Point", "coordinates": [115.687562, 37.714895]}, "properties": {"name": "滏阳河西八闸", "level": "省级", "era": "宋元至明清", "lon": 115.681652, "lat": 37.71423, "elev": 24, "city": "衡水市", "img": "", "wgs_lon": 115.681652, "wgs_lat": 37.71423, "gcj_lon": 115.687562, "gcj_lat": 37.714895, "geo_addr": "河北省衡水市桃城区滏阳河", "coord_src": "geocode"}}, {"type": "Feature", "geometry": {"type": "Point", "coordinates": [114.49742, 37.060227]}, "properties": {"name": "宋君碑", "level": "省级", "era": "秦汉至隋唐", "lon": 115.377596, "lat": 37.360915, "elev": 33, "city": "邢台市", "img": "", "wgs_lon": 115.377596, "wgs_lat": 37.360915, "gcj_lon": 114.49742, "gcj_lat": 37.060227, "geo_addr": "河北省邢台市", "coord_src": "geocode", "gcj_note": "api_error:10021:CUQPS_HAS_EXCEEDED_THE_LIMIT"}}, {"type": "Feature", "geometry": {"type": "Point", "coordinates": [115.40866, 37.358907]}, "properties": {"name": "重修南宫县学碑", "level": "省级", "era": "宋元至明清", "lon": 115.402415, "lat": 37.35805, "elev": 28, "city": "邢台市", "img": "", "wgs_lon": 115.402415, "wgs_lat": 37.35805, "gcj_lon": 115.40866, "gcj_lat": 37.358907, "geo_addr": "河北省邢台市南宫市", "coord_src": "geocode"}}, {"type": "Feature", "geometry": {"type": "Point", "coordinates": [115.687114, 37.725961]}, "properties": {"name": "宋村遗址", "level": "省级", "era": "史前至先秦", "lon": 115.681204, "lat": 37.725297, "elev": 24, "city": "衡水市", "img": "", "wgs_lon": 115.681204, "wgs_lat": 37.725297, "gcj_lon": 115.687114, "gcj_lat": 37.725961, "geo_addr": "河北省衡水市桃城区宋村", "coord_src": "geocode", "gcj_note": "api_error:10021:CUQPS_HAS_EXCEEDED_THE_LIMIT"}}, {"type": "Feature", "geometry": {"type": "Point", "coordinates": [115.579392, 37.550922]}, "properties": {"name": "冀州城址", "level": "省级", "era": "秦汉至隋唐", "lon": 115.573591, "lat": 37.550363, "elev": 25, "city": "衡水市", "img": "", "wgs_lon": 115.573591, "wgs_lat": 37.550363, "gcj_lon": 115.579392, "gcj_lat": 37.550922, "geo_addr": "河北省衡水市冀州区", "coord_src": "geocode"}}, {"type": "Feature", "geometry": {"type": "Point", "coordinates": [115.377578, 37.793444]}, "properties": {"name": "大屯墓群", "level": "省级", "era": "史前至先秦", "lon": 115.371306, "lat": 37.792551, "elev": 29, "city": "衡水市", "img": "", "wgs_lon": 115.371306, "wgs_lat": 37.792551, "gcj_lon": 115.377578, "gcj_lat": 37.793444, "geo_addr": "河北省衡水市深州市大屯", "coord_src": "geocode", "gcj_note": "api_error:10021:CUQPS_HAS_EXCEEDED_THE_LIMIT"}}, {"type": "Feature", "geometry": {"type": "Point", "coordinates": [115.542326, 37.507865]}, "properties": {"name": "双冢汉墓", "level": "省级", "era": "秦汉至隋唐", "lon": 115.536437, "lat": 37.507247, "elev": 26, "city": "衡水市", "img": "", "wgs_lon": 115.536437, "wgs_lat": 37.507247, "gcj_lon": 115.542326, "gcj_lat": 37.507865, "geo_addr": "河北省衡水市冀州区双冢村", "coord_src": "geocode"}}, {"type": "Feature", "geometry": {"type": "Point", "coordinates": [115.542196, 37.565581]}, "properties": {"name": "西元头汉墓", "level": "省级", "era": "秦汉至隋唐", "lon": 115.5363, "lat": 37.564953, "elev": 26, "city": "衡水市", "img": "", "wgs_lon": 115.5363, "wgs_lat": 37.564953, "gcj_lon": 115.542196, "gcj_lat": 37.565581, "geo_addr": "河北省衡水市冀州区西元头村", "coord_src": "geocode", "gcj_note": "api_error:10021:CUQPS_HAS_EXCEEDED_THE_LIMIT"}}, {"type": "Feature", "geometry": {"type": "Point", "coordinates": [115.704428, 37.726727]}, "properties": {"name": "衡水安济桥", "level": "省级", "era": "宋元至明清", "lon": 115.698353, "lat": 37.726013, "elev": 25, "city": "衡水市", "img": "", "wgs_lon": 115.698333, "wgs_lat": 37.725833, "gcj_lon": 115.704428, "gcj_lat": 37.726727, "geo_addr": "河北省衡水市桃城区衡水安济桥", "coord_src": "geocode", "gcj_note": "api_error:10021:CUQPS_HAS_EXCEEDED_THE_LIMIT"}}, {"type": "Feature", "geometry": {"type": "Point", "coordinates": [115.652353, 37.64626]}, "properties": {"name": "北田村遗址", "level": "省级", "era": "史前至先秦", "lon": 115.646521, "lat": 37.64566, "elev": 23, "city": "衡水市", "img": "", "wgs_lon": 115.646521, "wgs_lat": 37.64566, "gcj_lon": 115.652353, "gcj_lat": 37.64626, "geo_addr": "河北省衡水市桃城区北田村", "coord_src": "geocode", "gcj_note": "api_error:10021:CUQPS_HAS_EXCEEDED_THE_LIMIT"}}, {"type": "Feature", "geometry": {"type": "Point", "coordinates": [115.586365, 37.495603]}, "properties": {"name": "白家庄摩崖造像", "level": "省级", "era": "宋元至明清", "lon": 115.58058, "lat": 37.495061, "elev": 26, "city": "衡水市", "img": "", "wgs_lon": 115.58058, "wgs_lat": 37.495061, "gcj_lon": 115.586365, "gcj_lat": 37.495603, "geo_addr": "河北省衡水市冀州区白家庄", "coord_src": "geocode", "gcj_note": "api_error:10021:CUQPS_HAS_EXCEEDED_THE_LIMIT"}}, {"type": "Feature", "geometry": {"type": "Point", "coordinates": [115.38414176501325, 37.36348153121943]}, "properties": {"name": "八路军“一二九师”东进纵队司令部旧址", "level": "省级", "era": "近代以来", "lon": 115.377911, "lat": 37.362635, "elev": 31, "city": "邢台市", "img": "", "wgs_lon": 115.377911, "wgs_lat": 37.362635, "gcj_lon": 115.38414176501325, "gcj_lat": 37.36348153121943, "geo_addr": "", "coord_src": "fallback_local", "gcj_note": "tries_exhausted"}}, {"type": "Feature", "geometry": {"type": "Point", "coordinates": [115.698086, 37.73477]}, "properties": {"name": "中国人民银行总行旧址", "level": "省级", "era": "近代以来", "lon": 115.692153, "lat": 37.734087, "elev": 24, "city": "衡水市", "img": "", "wgs_lon": 115.692153, "wgs_lat": 37.734087, "gcj_lon": 115.698086, "gcj_lat": 37.73477, "geo_addr": "河北省衡水市桃城区人民银行(公交站)", "coord_src": "geocode", "gcj_note": "api_error:10021:CUQPS_HAS_EXCEEDED_THE_LIMIT"}}, {"type": "Feature", "geometry": {"type": "Point", "coordinates": [115.639998, 37.718788]}, "properties": {"name": "旧城古城址", "level": "省级", "era": "宋元至明清", "lon": 115.634177, "lat": 37.718207, "elev": 23, "city": "衡水市", "img": "", "wgs_lon": 115.634177, "wgs_lat": 37.718207, "gcj_lon": 115.639998, "gcj_lat": 37.718788, "geo_addr": "河北省衡水市桃城区旧城", "coord_src": "geocode"}}, {"type": "Feature", "geometry": {"type": "Point", "coordinates": [115.40866, 37.358907]}, "properties": {"name": "南宫白氏家族墓地", "level": "省级", "era": "宋元至明清", "lon": 115.402415, "lat": 37.35805, "elev": 28, "city": "邢台市", "img": "", "wgs_lon": 115.402415, "wgs_lat": 37.35805, "gcj_lon": 115.40866, "gcj_lat": 37.358907, "geo_addr": "河北省邢台市南宫市", "coord_src": "geocode", "gcj_note": "api_error:10021:CUQPS_HAS_EXCEEDED_THE_LIMIT"}}, {"type": "Feature", "geometry": {"type": "Point", "coordinates": [115.668987, 37.739367]}, "properties": {"name": "蔡氏贞节牌坊", "level": "省级", "era": "宋元至明清", "lon": 115.699047, "lat": 37.821007, "elev": 23, "city": "衡水市", "img": "", "wgs_lon": 115.699047, "wgs_lat": 37.821007, "gcj_lon": 115.668987, "gcj_lat": 37.739367, "geo_addr": "河北省衡水市", "coord_src": "geocode", "gcj_note": "api_error:30001:ENGINE_RESPONSE_DATA_ERROR"}}, {"type": "Feature", "geometry": {"type": "Point", "coordinates": [114.49742, 37.060227]}, "properties": {"name": "镇水楼", "level": "省级", "era": "宋元至明清", "lon": 115.377564, "lat": 37.361297, "elev": 33, "city": "邢台市", "img": "", "wgs_lon": 115.377564, "wgs_lat": 37.361297, "gcj_lon": 114.49742, "gcj_lat": 37.060227, "geo_addr": "河北省邢台市", "coord_src": "geocode", "gcj_note": "api_error:10021:CUQPS_HAS_EXCEEDED_THE_LIMIT"}}, {"type": "Feature", "geometry": {"type": "Point", "coordinates": [115.672414, 37.738547]}, "properties": {"name": "华北育才小学旧址", "level": "省级", "era": "近代以来", "lon": 115.666532, "lat": 37.737912, "elev": 24, "city": "衡水市", "img": "", "wgs_lon": 115.666532, "wgs_lat": 37.737912, "gcj_lon": 115.672414, "gcj_lat": 37.738547, "geo_addr": "河北省衡水市桃城区育才小学", "coord_src": "geocode"}}, {"type": "Feature", "geometry": {"type": "Point", "coordinates": [115.512292, 37.819079]}, "properties": {"name": "南大街绸布庄", "level": "省级", "era": "近代以来", "lon": 115.506257, "lat": 37.818371, "elev": 26, "city": "衡水市", "img": "", "wgs_lon": 115.506257, "wgs_lat": 37.818371, "gcj_lon": 115.512292, "gcj_lat": 37.819079, "geo_addr": "河北省衡水市深州市南大街", "coord_src": "geocode", "gcj_note": "api_error:10021:CUQPS_HAS_EXCEEDED_THE_LIMIT"}}, {"type": "Feature", "geometry": {"type": "Point", "coordinates": [115.579392, 37.550922]}, "properties": {"name": "冀州旧城街区", "level": "省级", "era": "近代以来", "lon": 115.573591, "lat": 37.550363, "elev": 25, "city": "衡水市", "img": "", "wgs_lon": 115.573591, "wgs_lat": 37.550363, "gcj_lon": 115.579392, "gcj_lat": 37.550922, "geo_addr": "河北省衡水市冀州区", "coord_src": "geocode"}}, {"type": "Feature", "geometry": {"type": "Point", "coordinates": [115.704428, 37.726727]}, "properties": {"name": "衡水安济桥", "level": "国家级", "era": "宋元至明清", "lon": 115.698333, "lat": 37.725833, "elev": 25, "city": "衡水市", "img": "", "wgs_lon": 115.698333, "wgs_lat": 37.725833, "gcj_lon": 115.704428, "gcj_lat": 37.726727, "geo_addr": "河北省衡水市桃城区衡水安济桥", "coord_src": "geocode", "gcj_note": "api_error:10021:CUQPS_HAS_EXCEEDED_THE_LIMIT"}}, {"type": "Feature", "geometry": {"type": "Point", "coordinates": [115.364323, 37.374682]}, "properties": {"name": "普彤塔", "level": "国家级", "era": "宋元至明清", "lon": 115.355278, "lat": 37.368611, "elev": 26, "city": "邢台市", "img": "", "wgs_lon": 115.355278, "wgs_lat": 37.368611, "gcj_lon": 115.364323, "gcj_lat": 37.374682, "geo_addr": "河北省邢台市南宫市普彤塔", "coord_src": "geocode", "gcj_note": "api_error:10021:CUQPS_HAS_EXCEEDED_THE_LIMIT"}}, {"type": "Feature", "geometry": {"type": "Point", "coordinates": [115.579392, 37.550922]}, "properties": {"name": "冀州古城遗址", "level": "国家级", "era": "史前至先秦", "lon": 115.565861, "lat": 37.578389, "elev": 23, "city": "衡水市", "img": "", "wgs_lon": 115.565861, "wgs_lat": 37.578389, "gcj_lon": 115.579392, "gcj_lat": 37.550922, "geo_addr": "河北省衡水市冀州区", "coord_src": "geocode"}}, {"type": "Feature", "geometry": {"type": "Point", "coordinates": [115.641712, 37.717648]}, "properties": {"name": "宝云塔", "level": "国家级", "era": "宋元至明清", "lon": 115.635833, "lat": 37.717222, "elev": 23, "city": "衡水市", "img": "", "wgs_lon": 115.635833, "wgs_lat": 37.717222, "gcj_lon": 115.641712, "gcj_lat": 37.717648, "geo_addr": "河北省衡水市桃城区宝云塔", "coord_src": "geocode", "gcj_note": "api_error:10021:CUQPS_HAS_EXCEEDED_THE_LIMIT"}}, {"type": "Feature", "geometry": {"type": "Point", "coordinates": [114.504856, 37.072437]}, "properties": {"name": "冀鲁豫边区抗日根据地领导机关旧址", "level": "省级", "era": "近代以来", "lon": 115.402415, "lat": 37.35805, "elev": 28, "city": "邢台市", "img": "", "wgs_lon": 115.402415, "wgs_lat": 37.35805, "gcj_lon": 114.504856, "gcj_lat": 37.072437, "geo_addr": "河北省邢台市襄都区机关", "coord_src": "geocode", "gcj_note": "api_error:30001:ENGINE_RESPONSE_DATA_ERROR"}}, {"type": "Feature", "geometry": {"type": "Point", "coordinates": [115.965877, 37.347873]}, "properties": {"name": "赵邯郸故城", "level": "省级", "era": "史前至先秦", "lon": 115.960172, "lat": 37.347306, "elev": 28, "city": "衡水市", "img": "", "wgs_lon": 115.960172, "wgs_lat": 37.347306, "gcj_lon": 115.965877, "gcj_lat": 37.347873, "geo_addr": "河北省衡水市故城县", "coord_src": "geocode", "gcj_note": "api_error:10021:CUQPS_HAS_EXCEEDED_THE_LIMIT"}}, {"type": "Feature", "geometry": {"type": "Point", "coordinates": [116.263992, 37.687511]}, "properties": {"name": "西店子古城", "level": "省级", "era": "史前至先秦", "lon": 116.34816, "lat": 37.716985, "elev": 20, "city": "衡水市", "img": "", "wgs_lon": 116.34816, "wgs_lat": 37.716985, "gcj_lon": 116.263992, "gcj_lat": 37.687511, "geo_addr": "河北省衡水市景县西店子村", "coord_src": "geocode"}}, {"type": "Feature", "geometry": {"type": "Point", "coordinates": [115.965877, 37.347873]}, "properties": {"name": "巨鹿故城遗址", "level": "省级", "era": "宋元至明清", "lon": 115.960172, "lat": 37.347306, "elev": 28, "city": "衡水市", "img": "", "wgs_lon": 115.960172, "wgs_lat": 37.347306, "gcj_lon": 115.965877, "gcj_lat": 37.347873, "geo_addr": "河北省衡水市故城县", "coord_src": "geocode", "gcj_note": "api_error:10021:CUQPS_HAS_EXCEEDED_THE_LIMIT"}}, {"type": "Feature", "geometry": {"type": "Point", "coordinates": [115.668987, 37.739367]}, "properties": {"name": "高氏墓群", "level": "省级", "era": "秦汉至隋唐", "lon": 116.161688, "lat": 37.58252, "elev": 21, "city": "衡水市", "img": "", "wgs_lon": 116.161688, "wgs_lat": 37.58252, "gcj_lon": 115.668987, "gcj_lat": 37.739367, "geo_addr": "河北省衡水市", "coord_src": "geocode", "gcj_note": "api_error:30001:ENGINE_RESPONSE_DATA_ERROR"}}, {"type": "Feature", "geometry": {"type": "Point", "coordinates": [115.668987, 37.739367]}, "properties": {"name": "封氏墓群", "level": "省级", "era": "秦汉至隋唐", "lon": 116.348629, "lat": 37.685332, "elev": 19, "city": "衡水市", "img": "", "wgs_lon": 116.348629, "wgs_lat": 37.685332, "gcj_lon": 115.668987, "gcj_lat": 37.739367, "geo_addr": "河北省衡水市", "coord_src": "geocode", "gcj_note": "api_error:10021:CUQPS_HAS_EXCEEDED_THE_LIMIT"}}, {"type": "Feature", "geometry": {"type": "Point", "coordinates": [116.255532, 37.690772]}, "properties": {"name": "周亚夫墓", "level": "省级", "era": "史前至先秦", "lon": 116.249766, "lat": 37.690018, "elev": 19, "city": "衡水市", "img": "", "wgs_lon": 116.249766, "wgs_lat": 37.690018, "gcj_lon": 116.255532, "gcj_lat": 37.690772, "geo_addr": "河北省衡水市景县周亚夫墓", "coord_src": "geocode"}}, {"type": "Feature", "geometry": {"type": "Point", "coordinates": [115.881919, 37.373638]}, "properties": {"name": "影三郎墓", "level": "省级", "era": "史前至先秦", "lon": 115.876247, "lat": 37.373121, "elev": 27, "city": "衡水市", "img": "", "wgs_lon": 115.876247, "wgs_lat": 37.373121, "gcj_lon": 115.881919, "gcj_lat": 37.373638, "geo_addr": "河北省衡水市故城县三郎乡", "coord_src": "geocode", "gcj_note": "api_error:10021:CUQPS_HAS_EXCEEDED_THE_LIMIT"}}, {"type": "Feature", "geometry": {"type": "Point", "coordinates": [116.270558, 37.692831]}, "properties": {"name": "景县舍利塔", "level": "省级", "era": "宋元至明清", "lon": 116.26479, "lat": 37.692073, "elev": 25, "city": "衡水市", "img": "", "wgs_lon": 116.26479, "wgs_lat": 37.692073, "gcj_lon": 116.270558, "gcj_lat": 37.692831, "geo_addr": "河北省衡水市景县", "coord_src": "geocode", "gcj_note": "api_error:10021:CUQPS_HAS_EXCEEDED_THE_LIMIT"}}, {"type": "Feature", "geometry": {"type": "Point", "coordinates": [115.839424, 37.312374]}, "properties": {"name": "庆林寺塔", "level": "省级", "era": "宋元至明清", "lon": 115.833656, "lat": 37.311818, "elev": 30, "city": "衡水市", "img": "", "wgs_lon": 115.833656, "wgs_lat": 37.311818, "gcj_lon": 115.839424, "gcj_lat": 37.312374, "geo_addr": "河北省衡水市故城县庆林寺塔", "coord_src": "geocode"}}, {"type": "Feature", "geometry": {"type": "Point", "coordinates": [115.967298, 37.343485]}, "properties": {"name": "慈云阁", "level": "省级", "era": "宋元至明清", "lon": 115.96159, "lat": 37.342916, "elev": 27, "city": "衡水市", "img": "", "wgs_lon": 115.96159, "wgs_lat": 37.342916, "gcj_lon": 115.967298, "gcj_lat": 37.343485, "geo_addr": "河北省衡水市故城县慈云阁", "coord_src": "geocode", "gcj_note": "api_error:10021:CUQPS_HAS_EXCEEDED_THE_LIMIT"}}, {"type": "Feature", "geometry": {"type": "Point", "coordinates": [116.094164, 37.612408]}, "properties": {"name": "杜村遗址", "level": "省级", "era": "史前至先秦", "lon": 116.088118, "lat": 37.611477, "elev": 22, "city": "衡水市", "img": "", "wgs_lon": 116.088118, "wgs_lat": 37.611477, "gcj_lon": 116.094164, "gcj_lat": 37.612408, "geo_addr": "河北省衡水市景县杜村", "coord_src": "geocode"}}, {"type": "Feature", "geometry": {"type": "Point", "coordinates": [115.965877, 37.347873]}, "properties": {"name": "常山郡故城址", "level": "省级", "era": "秦汉至隋唐", "lon": 115.960172, "lat": 37.347306, "elev": 28, "city": "衡水市", "img": "", "wgs_lon": 115.960172, "wgs_lat": 37.347306, "gcj_lon": 115.965877, "gcj_lat": 37.347873, "geo_addr": "河北省衡水市故城县", "coord_src": "geocode", "gcj_note": "api_error:10021:CUQPS_HAS_EXCEEDED_THE_LIMIT"}}, {"type": "Feature", "geometry": {"type": "Point", "coordinates": [115.874643, 37.765336]}, "properties": {"name": "中角汉墓", "level": "省级", "era": "秦汉至隋唐", "lon": 115.868913, "lat": 37.764758, "elev": 17, "city": "衡水市", "img": "", "wgs_lon": 115.868913, "wgs_lat": 37.764758, "gcj_lon": 115.874643, "gcj_lat": 37.765336, "geo_addr": "河北省衡水市武邑县中角汉墓", "coord_src": "geocode"}}, {"type": "Feature", "geometry": {"type": "Point", "coordinates": [115.889158, 37.813152]}, "properties": {"name": "靳庄商代遗址", "level": "省级", "era": "史前至先秦", "lon": 115.883448, "lat": 37.812594, "elev": 22, "city": "衡水市", "img": "", "wgs_lon": 115.883448, "wgs_lat": 37.812594, "gcj_lon": 115.889158, "gcj_lat": 37.813152, "geo_addr": "河北省衡水市武邑县靳庄", "coord_src": "geocode", "gcj_note": "api_error:10021:CUQPS_HAS_EXCEEDED_THE_LIMIT"}}, {"type": "Feature", "geometry": {"type": "Point", "coordinates": [116.225682, 37.683163]}, "properties": {"name": "常庄汉墓", "level": "省级", "era": "秦汉至隋唐", "lon": 116.219886, "lat": 37.682394, "elev": 17, "city": "衡水市", "img": "", "wgs_lon": 116.219886, "wgs_lat": 37.682394, "gcj_lon": 116.225682, "gcj_lat": 37.683163, "geo_addr": "河北省衡水市景县常庄", "coord_src": "geocode"}}, {"type": "Feature", "geometry": {"type": "Point", "coordinates": [115.668987, 37.739367]}, "properties": {"name": "辉庄汉墓", "level": "省级", "era": "秦汉至隋唐", "lon": 115.868913, "lat": 37.764758, "elev": 17, "city": "衡水市", "img": "", "wgs_lon": 115.868913, "wgs_lat": 37.764758, "gcj_lon": 115.668987, "gcj_lat": 37.739367, "geo_addr": "河北省衡水市", "coord_src": "geocode", "gcj_note": "api_error:10021:CUQPS_HAS_EXCEEDED_THE_LIMIT"}}, {"type": "Feature", "geometry": {"type": "Point", "coordinates": [116.223165, 37.700033]}, "properties": {"name": "七里庄遗址", "level": "省级", "era": "史前至先秦", "lon": 116.217363, "lat": 37.699261, "elev": 19, "city": "衡水市", "img": "", "wgs_lon": 116.217363, "wgs_lat": 37.699261, "gcj_lon": 116.223165, "gcj_lat": 37.700033, "geo_addr": "河北省衡水市景县七里庄", "coord_src": "geocode", "gcj_note": "api_error:10021:CUQPS_HAS_EXCEEDED_THE_LIMIT"}}, {"type": "Feature", "geometry": {"type": "Point", "coordinates": [116.206123, 37.656017]}, "properties": {"name": "十二里庄教堂", "level": "省级", "era": "宋元至明清", "lon": 116.200291, "lat": 37.655222, "elev": 19, "city": "衡水市", "img": "", "wgs_lon": 116.200291, "wgs_lat": 37.655222, "gcj_lon": 116.206123, "gcj_lat": 37.656017, "geo_addr": "河北省衡水市景县十二里庄", "coord_src": "geocode", "gcj_note": "api_error:10021:CUQPS_HAS_EXCEEDED_THE_LIMIT"}}, {"type": "Feature", "geometry": {"type": "Point", "coordinates": [115.900526, 37.804758]}, "properties": {"name": "太平庄遗址", "level": "省级", "era": "史前至先秦", "lon": 115.89483, "lat": 37.804205, "elev": 21, "city": "衡水市", "img": "", "wgs_lon": 115.89483, "wgs_lat": 37.804205, "gcj_lon": 115.900526, "gcj_lat": 37.804758, "geo_addr": "河北省衡水市武邑县太平庄", "coord_src": "geocode", "gcj_note": "api_error:10021:CUQPS_HAS_EXCEEDED_THE_LIMIT"}}, {"type": "Feature", "geometry": {"type": "Point", "coordinates": [115.668987, 37.739367]}, "properties": {"name": "北齐高氏墓群", "level": "国家级", "era": "宋元至明清", "lon": 116.163056, "lat": 37.580278, "elev": 17, "city": "衡水市", "img": "", "wgs_lon": 116.163056, "wgs_lat": 37.580278, "gcj_lon": 115.668987, "gcj_lat": 37.739367, "geo_addr": "河北省衡水市", "coord_src": "geocode", "gcj_note": "api_error:30001:ENGINE_RESPONSE_DATA_ERROR"}}, {"type": "Feature", "geometry": {"type": "Point", "coordinates": [116.838715, 38.304676]}, "properties": {"name": "石牛", "level": "省级", "era": "宋元至明清", "lon": 116.379735, "lat": 37.641276, "elev": 21, "city": "沧州市", "img": "", "wgs_lon": 116.379735, "wgs_lat": 37.641276, "gcj_lon": 116.838715, "gcj_lat": 38.304676, "geo_addr": "河北省沧州市", "coord_src": "geocode", "gcj_note": "api_error:10021:CUQPS_HAS_EXCEEDED_THE_LIMIT"}}, {"type": "Feature", "geometry": {"type": "Point", "coordinates": [116.391557, 37.628225]}, "properties": {"name": "吴桥", "level": "省级", "era": "宋元至明清", "lon": 116.385596, "lat": 37.627291, "elev": 21, "city": "沧州市", "img": "", "wgs_lon": 116.385596, "wgs_lat": 37.627291, "gcj_lon": 116.391557, "gcj_lat": 37.628225, "geo_addr": "河北省沧州市吴桥县", "coord_src": "geocode"}}, {"type": "Feature", "geometry": {"type": "Point", "coordinates": [116.510775, 37.607725]}, "properties": {"name": "澜阳书院", "level": "省级", "era": "宋元至明清", "lon": 116.505059, "lat": 37.606984, "elev": 24, "city": "沧州市", "img": "", "wgs_lon": 116.505059, "wgs_lat": 37.606984, "gcj_lon": 116.510775, "gcj_lat": 37.607725, "geo_addr": "河北省沧州市吴桥县澜阳书院", "coord_src": "geocode", "gcj_note": "api_error:10021:CUQPS_HAS_EXCEEDED_THE_LIMIT"}}, {"type": "Feature", "geometry": {"type": "Point", "coordinates": [116.838715, 38.304676]}, "properties": {"name": "孙福友故居", "level": "省级", "era": "近代以来", "lon": 116.589004, "lat": 37.676121, "elev": 17, "city": "沧州市", "img": "", "wgs_lon": 116.589004, "wgs_lat": 37.676121, "gcj_lon": 116.838715, "gcj_lat": 38.304676, "geo_addr": "河北省沧州市", "coord_src": "geocode", "gcj_note": "api_error:30001:ENGINE_RESPONSE_DATA_ERROR"}}, {"type": "Feature", "geometry": {"type": "Point", "coordinates": [116.441293, 37.587023]}, "properties": {"name": "石佛寺砖塔", "level": "省级", "era": "宋元至明清", "lon": 116.435363, "lat": 37.58611, "elev": 20, "city": "沧州市", "img": "", "wgs_lon": 116.435363, "wgs_lat": 37.58611, "gcj_lon": 116.441293, "gcj_lat": 37.587023, "geo_addr": "河北省沧州市吴桥县石佛寺", "coord_src": "geocode", "gcj_note": "api_error:10021:CUQPS_HAS_EXCEEDED_THE_LIMIT"}}, {"type": "Feature", "geometry": {"type": "Point", "coordinates": [115.668987, 37.739367]}, "properties": {"name": "开福寺舍利塔", "level": "国家级", "era": "宋元至明清", "lon": 116.465833, "lat": 37.84, "elev": 17, "city": "衡水市", "img": "", "wgs_lon": 116.465833, "wgs_lat": 37.84, "gcj_lon": 115.668987, "gcj_lat": 37.739367, "geo_addr": "河北省衡水市", "coord_src": "geocode", "gcj_note": "api_error:30001:ENGINE_RESPONSE_DATA_ERROR"}}, {"type": "Feature", "geometry": {"type": "Point", "coordinates": [116.838715, 38.304676]}, "properties": {"name": "封氏墓群", "level": "国家级", "era": "史前至先秦", "lon": 116.562778, "lat": 37.691111, "elev": 20, "city": "沧州市", "img": "", "wgs_lon": 116.562778, "wgs_lat": 37.691111, "gcj_lon": 116.838715, "gcj_lat": 38.304676, "geo_addr": "河北省沧州市", "coord_src": "geocode", "gcj_note": "api_error:10021:CUQPS_HAS_EXCEEDED_THE_LIMIT"}}, {"type": "Feature", "geometry": {"type": "Point", "coordinates": [117.395976, 37.851808]}, "properties": {"name": "庆云泰山行宫", "level": "省级", "era": "宋元至明清", "lon": 117.389579, "lat": 37.850865, "elev": 9, "city": "沧州市", "img": "", "wgs_lon": 117.389579, "wgs_lat": 37.850865, "gcj_lon": 117.395976, "gcj_lat": 37.851808, "geo_addr": "河北省沧州市盐山县庆云镇泰山行宫", "coord_src": "geocode", "gcj_note": "api_error:10021:CUQPS_HAS_EXCEEDED_THE_LIMIT"}}, {"type": "Feature", "geometry": {"type": "Point", "coordinates": [113.940798, 38.341077]}, "properties": {"name": "西柏坡中共中央旧址", "level": "省级", "era": "近代以来", "lon": 113.934742, "lat": 38.339544, "elev": 228, "city": "石家庄市", "img": "", "wgs_lon": 113.935359, "wgs_lat": 38.339638, "gcj_lon": 113.940798, "gcj_lat": 38.341077, "geo_addr": "河北省石家庄市平山县西柏坡中共中央旧址", "coord_src": "geocode", "gcj_note": "api_error:10021:CUQPS_HAS_EXCEEDED_THE_LIMIT"}}, {"type": "Feature", "geometry": {"type": "Point", "coordinates": [114.020598, 37.998564]}, "properties": {"name": "井陉城隍庙", "level": "省级", "era": "宋元至明清", "lon": 114.014197, "lat": 37.997859, "elev": 278, "city": "石家庄市", "img": "", "wgs_lon": 114.014197, "wgs_lat": 37.997859, "gcj_lon": 114.020598, "gcj_lat": 37.998564, "geo_addr": "河北省石家庄市井陉县城隍庙", "coord_src": "geocode", "gcj_note": "api_error:10021:CUQPS_HAS_EXCEEDED_THE_LIMIT"}}, {"type": "Feature", "geometry": {"type": "Point", "coordinates": [114.067496, 38.091242]}, "properties": {"name": "南寨清凉阁", "level": "省级", "era": "宋元至明清", "lon": 114.06098, "lat": 38.090444, "elev": 301, "city": "石家庄市", "img": "", "wgs_lon": 114.06098, "wgs_lat": 38.090444, "gcj_lon": 114.067496, "gcj_lat": 38.091242, "geo_addr": "河北省石家庄市井陉矿区南寨清凉阁", "coord_src": "geocode"}}, {"type": "Feature", "geometry": {"type": "Point", "coordinates": [113.793565, 38.223495]}, "properties": {"name": "瑜伽山摩崖造像", "level": "省级", "era": "宋元至明清", "lon": 113.787042, "lat": 38.222904, "elev": 680, "city": "石家庄市", "img": "", "wgs_lon": 113.789499, "wgs_lat": 38.224138, "gcj_lon": 113.793565, "gcj_lat": 38.223495, "geo_addr": "河北省石家庄市平山县瑜伽山", "coord_src": "geocode", "gcj_note": "api_error:10021:CUQPS_HAS_EXCEEDED_THE_LIMIT"}}, {"type": "Feature", "geometry": {"type": "Point", "coordinates": [113.964743, 37.954214]}, "properties": {"name": "龙窝寺石窟", "level": "省级", "era": "宋元至明清", "lon": 113.9585, "lat": 37.953659, "elev": 446, "city": "石家庄市", "img": "", "wgs_lon": 113.9585, "wgs_lat": 37.953659, "gcj_lon": 113.964743, "gcj_lat": 37.954214, "geo_addr": "河北省石家庄市井陉县龙窝寺石窟", "coord_src": "geocode"}}, {"type": "Feature", "geometry": {"type": "Point", "coordinates": [114.000474, 38.292471]}, "properties": {"name": "乐城遗址", "level": "省级", "era": "秦汉至隋唐", "lon": 113.994097, "lat": 38.291876, "elev": 187, "city": "石家庄市", "img": "", "wgs_lon": 113.994097, "wgs_lat": 38.291876, "gcj_lon": 114.000474, "gcj_lat": 38.292471, "geo_addr": "河北省石家庄市平山县乐城", "coord_src": "geocode", "gcj_note": "api_error:10021:CUQPS_HAS_EXCEEDED_THE_LIMIT"}}, {"type": "Feature", "geometry": {"type": "Point", "coordinates": [114.055918, 38.06727]}, "properties": {"name": "井陉煤矿老井、皇冠塔", "level": "省级", "era": "近代以来", "lon": 114.049423, "lat": 38.066488, "elev": 298, "city": "石家庄市", "img": "", "wgs_lon": 114.049423, "wgs_lat": 38.066488, "gcj_lon": 114.055918, "gcj_lat": 38.06727, "geo_addr": "河北省石家庄市井陉矿区皇冠塔", "coord_src": "geocode"}}, {"type": "Feature", "geometry": {"type": "Point", "coordinates": [114.514976, 38.042007]}, "properties": {"name": "正丰矿厂区", "level": "省级", "era": "近代以来", "lon": 114.056835, "lat": 38.065847, "elev": 288, "city": "石家庄市", "img": "", "wgs_lon": 114.056835, "wgs_lat": 38.065847, "gcj_lon": 114.514976, "gcj_lat": 38.042007, "geo_addr": "河北省石家庄市", "coord_src": "geocode", "gcj_note": "api_error:10021:CUQPS_HAS_EXCEEDED_THE_LIMIT"}}, {"type": "Feature", "geometry": {"type": "Point", "coordinates": [114.514976, 38.042007]}, "properties": {"name": "段家楼", "level": "省级", "era": "宋元至明清", "lon": 114.02617, "lat": 38.036325, "elev": 334, "city": "石家庄市", "img": "", "wgs_lon": 114.02617, "wgs_lat": 38.036325, "gcj_lon": 114.514976, "gcj_lat": 38.042007, "geo_addr": "河北省石家庄市", "coord_src": "geocode", "gcj_note": "api_error:10021:CUQPS_HAS_EXCEEDED_THE_LIMIT"}}, {"type": "Feature", "geometry": {"type": "Point", "coordinates": [114.514976, 38.042007]}, "properties": {"name": "中央人民广播电台旧址", "level": "省级", "era": "近代以来", "lon": 114.005323, "lat": 38.085473, "elev": 401, "city": "石家庄市", "img": "", "wgs_lon": 114.005323, "wgs_lat": 38.085473, "gcj_lon": 114.514976, "gcj_lat": 38.042007, "geo_addr": "河北省石家庄市", "coord_src": "geocode", "gcj_note": "api_error:10021:CUQPS_HAS_EXCEEDED_THE_LIMIT"}}, {"type": "Feature", "geometry": {"type": "Point", "coordinates": [114.030422, 37.998022]}, "properties": {"name": "皆山书院", "level": "省级", "era": "宋元至明清", "lon": 114.023993, "lat": 37.997289, "elev": 267, "city": "石家庄市", "img": "", "wgs_lon": 114.023993, "wgs_lat": 37.997289, "gcj_lon": 114.030422, "gcj_lat": 37.998022, "geo_addr": "河北省石家庄市井陉县皆山书院", "coord_src": "geocode", "gcj_note": "api_error:10021:CUQPS_HAS_EXCEEDED_THE_LIMIT"}}, {"type": "Feature", "geometry": {"type": "Point", "coordinates": [114.030253, 37.997553]}, "properties": {"name": "天长镇大石桥", "level": "省级", "era": "宋元至明清", "lon": 114.023825, "lat": 37.99682, "elev": 269, "city": "石家庄市", "img": "", "wgs_lon": 114.023825, "wgs_lat": 37.99682, "gcj_lon": 114.030253, "gcj_lat": 37.997553, "geo_addr": "河北省石家庄市井陉县天长镇大石桥(公交站)", "coord_src": "geocode"}}, {"type": "Feature", "geometry": {"type": "Point", "coordinates": [114.402811, 38.301313]}, "properties": {"name": "天长镇王家大院", "level": "省级", "era": "宋元至明清", "lon": 114.015234, "lat": 37.99732, "elev": 277, "city": "石家庄市", "img": "", "wgs_lon": 114.015234, "wgs_lat": 37.99732, "gcj_lon": 114.402811, "gcj_lat": 38.301313, "geo_addr": "河北省石家庄市灵寿县王家大院", "coord_src": "geocode", "gcj_note": "api_error:10021:CUQPS_HAS_EXCEEDED_THE_LIMIT"}}, {"type": "Feature", "geometry": {"type": "Point", "coordinates": [113.883427, 38.082122]}, "properties": {"name": "洪河槽村聂荣臻指挥部旧址", "level": "省级", "era": "近代以来", "lon": 113.877175, "lat": 38.081652, "elev": 476, "city": "石家庄市", "img": "", "wgs_lon": 113.877175, "wgs_lat": 38.081652, "gcj_lon": 113.883427, "gcj_lat": 38.082122, "geo_addr": "河北省石家庄市井陉县洪河槽村", "coord_src": "geocode"}}, {"type": "Feature", "geometry": {"type": "Point", "coordinates": [114.062258, 38.065446]}, "properties": {"name": "井陉矿区南大沟万人坑遗址", "level": "省级", "era": "近代以来", "lon": 114.055753, "lat": 38.064651, "elev": 286, "city": "石家庄市", "img": "", "wgs_lon": 114.055753, "wgs_lat": 38.064651, "gcj_lon": 114.062258, "gcj_lat": 38.065446, "geo_addr": "河北省石家庄市井陉矿区", "coord_src": "geocode", "gcj_note": "api_error:10021:CUQPS_HAS_EXCEEDED_THE_LIMIT"}}, {"type": "Feature", "geometry": {"type": "Point", "coordinates": [113.821424, 38.240631]}, "properties": {"name": "罗汉坪军工烈士纪念塔", "level": "省级", "era": "近代以来", "lon": 113.814976, "lat": 38.240087, "elev": 364, "city": "石家庄市", "img": "", "wgs_lon": 113.814976, "wgs_lat": 38.240087, "gcj_lon": 113.821424, "gcj_lat": 38.240631, "geo_addr": "河北省石家庄市平山县罗汉坪村", "coord_src": "geocode"}}, {"type": "Feature", "geometry": {"type": "Point", "coordinates": [113.977942, 37.997158]}, "properties": {"name": "乏驴岭铁桥", "level": "省级", "era": "近代以来", "lon": 113.971663, "lat": 37.996579, "elev": 321, "city": "石家庄市", "img": "", "wgs_lon": 113.971663, "wgs_lat": 37.996579, "gcj_lon": 113.977942, "gcj_lat": 37.997158, "geo_addr": "河北省石家庄市井陉县乏驴岭村", "coord_src": "geocode", "gcj_note": "api_error:10021:CUQPS_HAS_EXCEEDED_THE_LIMIT"}}, {"type": "Feature", "geometry": {"type": "Point", "coordinates": [114.514976, 38.042007]}, "properties": {"name": "盂北泰山庙", "level": "国家级", "era": "宋元至明清", "lon": 113.742778, "lat": 38.281666, "elev": 368, "city": "石家庄市", "img": "", "wgs_lon": 113.742778, "wgs_lat": 38.281666, "gcj_lon": 114.514976, "gcj_lat": 38.042007, "geo_addr": "河北省石家庄市", "coord_src": "geocode", "gcj_note": "api_error:30001:ENGINE_RESPONSE_DATA_ERROR"}}, {"type": "Feature", "geometry": {"type": "Point", "coordinates": [114.0327706725826, 38.03689651154261]}, "properties": {"name": "正丰矿工业建筑群", "level": "国家级", "era": "近代以来", "lon": 114.026331, "lat": 38.036165, "elev": 332, "city": "石家庄市", "img": "", "wgs_lon": 114.026331, "wgs_lat": 38.036165, "gcj_lon": 114.0327706725826, "gcj_lat": 38.03689651154261, "geo_addr": "", "coord_src": "fallback_local", "gcj_note": "tries_exhausted"}}, {"type": "Feature", "geometry": {"type": "Point", "coordinates": [113.793565, 38.223495]}, "properties": {"name": "瑜伽山摩崖造像", "level": "国家级", "era": "宋元至明清", "lon": 113.789499, "lat": 38.224138, "elev": 642, "city": "石家庄市", "img": "", "wgs_lon": 113.789499, "wgs_lat": 38.224138, "gcj_lon": 113.793565, "gcj_lat": 38.223495, "geo_addr": "河北省石家庄市平山县瑜伽山", "coord_src": "geocode", "gcj_note": "api_error:10021:CUQPS_HAS_EXCEEDED_THE_LIMIT"}}, {"type": "Feature", "geometry": {"type": "Point", "coordinates": [114.145669, 38.032366]}, "properties": {"name": "井陉旧城城墙", "level": "国家级", "era": "宋元至明清", "lon": 114.018359, "lat": 37.997665, "elev": 276, "city": "石家庄市", "img": "", "wgs_lon": 114.018359, "wgs_lat": 37.997665, "gcj_lon": 114.145669, "gcj_lat": 38.032366, "geo_addr": "河北省石家庄市井陉县", "coord_src": "geocode"}}, {"type": "Feature", "geometry": {"type": "Point", "coordinates": [114.370386, 38.304287]}, "properties": {"name": "灵寿石牌坊", "level": "国家级", "era": "宋元至明清", "lon": 113.750556, "lat": 38.273889, "elev": 437, "city": "石家庄市", "img": "", "wgs_lon": 113.750556, "wgs_lat": 38.273889, "gcj_lon": 114.370386, "gcj_lat": 38.304287, "geo_addr": "河北省石家庄市灵寿县灵寿石牌坊", "coord_src": "geocode", "gcj_note": "api_error:10021:CUQPS_HAS_EXCEEDED_THE_LIMIT"}}, {"type": "Feature", "geometry": {"type": "Point", "coordinates": [114.041577, 38.593492]}, "properties": {"name": "幽居寺塔", "level": "国家级", "era": "宋元至明清", "lon": 114.049998, "lat": 38.066665, "elev": 299, "city": "石家庄市", "img": "", "wgs_lon": 114.035047, "wgs_lat": 38.592748, "gcj_lon": 114.041577, "gcj_lat": 38.593492, "geo_addr": "河北省石家庄市灵寿县幽居寺塔", "coord_src": "geocode", "gcj_note": "api_error:10021:CUQPS_HAS_EXCEEDED_THE_LIMIT"}}, {"type": "Feature", "geometry": {"type": "Point", "coordinates": [114.509243, 38.02258]}, "properties": {"name": "井陉窑遗址", "level": "国家级", "era": "史前至先秦", "lon": 114.019776, "lat": 37.997859, "elev": 275, "city": "石家庄市", "img": "", "wgs_lon": 114.019776, "wgs_lat": 37.997859, "gcj_lon": 114.509243, "gcj_lat": 38.02258, "geo_addr": "河北省石家庄市桥西区井陉窑", "coord_src": "geocode", "gcj_note": "api_error:10021:CUQPS_HAS_EXCEEDED_THE_LIMIT"}}, {"type": "Feature", "geometry": {"type": "Point", "coordinates": [114.069407, 38.079747]}, "properties": {"name": "天护陀罗尼经幢", "level": "国家级", "era": "宋元至明清", "lon": 114.062664, "lat": 38.078776, "elev": 277, "city": "石家庄市", "img": "", "wgs_lon": 114.062664, "wgs_lat": 38.078776, "gcj_lon": 114.069407, "gcj_lat": 38.079747, "geo_addr": "河北省石家庄市井陉矿区天护陀罗尼经幢", "coord_src": "geocode"}}, {"type": "Feature", "geometry": {"type": "Point", "coordinates": [113.940798, 38.341077]}, "properties": {"name": "西柏坡中共中央旧址", "level": "国家级", "era": "近代以来", "lon": 113.935359, "lat": 38.339638, "elev": 230, "city": "石家庄市", "img": "", "wgs_lon": 113.935359, "wgs_lat": 38.339638, "gcj_lon": 113.940798, "gcj_lat": 38.341077, "geo_addr": "河北省石家庄市平山县西柏坡中共中央旧址", "coord_src": "geocode", "gcj_note": "api_error:10021:CUQPS_HAS_EXCEEDED_THE_LIMIT"}}, {"type": "Feature", "geometry": {"type": "Point", "coordinates": [114.515429, 38.233611]}, "properties": {"name": "小客遗址", "level": "省级", "era": "史前至先秦", "lon": 114.509411, "lat": 38.23301, "elev": 88, "city": "石家庄市", "img": "", "wgs_lon": 114.509411, "wgs_lat": 38.23301, "gcj_lon": 114.515429, "gcj_lat": 38.233611, "geo_addr": "河北省石家庄市正定县小客村", "coord_src": "geocode"}}, {"type": "Feature", "geometry": {"type": "Point", "coordinates": [114.514976, 38.042007]}, "properties": {"name": "唐太子墓（塔群）", "level": "省级", "era": "秦汉至隋唐", "lon": 114.179661, "lat": 38.259589, "elev": 143, "city": "石家庄市", "img": "", "wgs_lon": 114.179661, "wgs_lat": 38.259589, "gcj_lon": 114.514976, "gcj_lat": 38.042007, "geo_addr": "河北省石家庄市", "coord_src": "geocode", "gcj_note": "api_error:10021:CUQPS_HAS_EXCEEDED_THE_LIMIT"}}, {"type": "Feature", "geometry": {"type": "Point", "coordinates": [114.514976, 38.042007]}, "properties": {"name": "赵佗先人墓", "level": "省级", "era": "史前至先秦", "lon": 114.472076, "lat": 38.094007, "elev": 82, "city": "石家庄市", "img": "", "wgs_lon": 114.472076, "wgs_lat": 38.094007, "gcj_lon": 114.514976, "gcj_lat": 38.042007, "geo_addr": "河北省石家庄市", "coord_src": "geocode", "gcj_note": "api_error:30001:ENGINE_RESPONSE_DATA_ERROR"}}, {"type": "Feature", "geometry": {"type": "Point", "coordinates": [114.571188, 38.140033]}, "properties": {"name": "开元寺钟楼、塔", "level": "省级", "era": "秦汉至隋唐", "lon": 114.565365, "lat": 38.139549, "elev": 76, "city": "石家庄市", "img": "", "wgs_lon": 114.565365, "wgs_lat": 38.139549, "gcj_lon": 114.571188, "gcj_lat": 38.140033, "geo_addr": "河北省石家庄市正定县开元寺钟楼", "coord_src": "geocode"}}, {"type": "Feature", "geometry": {"type": "Point", "coordinates": [114.575296, 38.14283]}, "properties": {"name": "天宁寺凌霄塔", "level": "省级", "era": "宋元至明清", "lon": 114.569481, "lat": 38.142352, "elev": 74, "city": "石家庄市", "img": "", "wgs_lon": 114.569481, "wgs_lat": 38.142352, "gcj_lon": 114.575296, "gcj_lat": 38.14283, "geo_addr": "河北省石家庄市正定县天宁寺凌霄塔", "coord_src": "geocode", "gcj_note": "api_error:10021:CUQPS_HAS_EXCEEDED_THE_LIMIT"}}, {"type": "Feature", "geometry": {"type": "Point", "coordinates": [114.58255, 38.144315]}, "properties": {"name": "隆兴寺", "level": "省级", "era": "宋元至明清", "lon": 114.576747, "lat": 38.143845, "elev": 81, "city": "石家庄市", "img": "", "wgs_lon": 114.576444, "wgs_lat": 38.143778, "gcj_lon": 114.58255, "gcj_lat": 38.144315, "geo_addr": "河北省石家庄市正定县隆兴寺", "coord_src": "geocode"}}, {"type": "Feature", "geometry": {"type": "Point", "coordinates": [114.571696, 38.132232]}, "properties": {"name": "广惠寺华塔", "level": "省级", "era": "宋元至明清", "lon": 114.565875, "lat": 38.131747, "elev": 73, "city": "石家庄市", "img": "", "wgs_lon": 114.383333, "wgs_lat": 38.1, "gcj_lon": 114.571696, "gcj_lat": 38.132232, "geo_addr": "河北省石家庄市正定县广惠寺华塔", "coord_src": "geocode", "gcj_note": "api_error:10021:CUQPS_HAS_EXCEEDED_THE_LIMIT"}}, {"type": "Feature", "geometry": {"type": "Point", "coordinates": [114.573019, 38.135277]}, "properties": {"name": "临济寺澄灵塔", "level": "省级", "era": "宋元至明清", "lon": 114.567201, "lat": 38.134795, "elev": 76, "city": "石家庄市", "img": "", "wgs_lon": 114.383333, "wgs_lat": 38.1, "gcj_lon": 114.573019, "gcj_lat": 38.135277, "geo_addr": "河北省石家庄市正定县正定临济寺澄灵塔", "coord_src": "geocode", "gcj_note": "api_error:10021:CUQPS_HAS_EXCEEDED_THE_LIMIT"}}, {"type": "Feature", "geometry": {"type": "Point", "coordinates": [114.166692, 38.013873]}, "properties": {"name": "永通桥", "level": "省级", "era": "宋元至明清", "lon": 114.160315, "lat": 38.013095, "elev": 235, "city": "石家庄市", "img": "", "wgs_lon": 114.160315, "wgs_lat": 38.013095, "gcj_lon": 114.166692, "gcj_lat": 38.013873, "geo_addr": "河北省石家庄市井陉县永通桥", "coord_src": "geocode", "gcj_note": "api_error:10021:CUQPS_HAS_EXCEEDED_THE_LIMIT"}}, {"type": "Feature", "geometry": {"type": "Point", "coordinates": [114.426134, 38.12665]}, "properties": {"name": "毗卢寺", "level": "省级", "era": "宋元至明清", "lon": 114.419832, "lat": 38.125828, "elev": 91, "city": "石家庄市", "img": "", "wgs_lon": 114.420208, "wgs_lat": 38.125, "gcj_lon": 114.426134, "gcj_lat": 38.12665, "geo_addr": "河北省石家庄市新华区毗卢寺", "coord_src": "geocode"}}, {"type": "Feature", "geometry": {"type": "Point", "coordinates": [114.370386, 38.304287]}, "properties": {"name": "石牌坊", "level": "省级", "era": "宋元至明清", "lon": 114.364061, "lat": 38.303511, "elev": 104, "city": "石家庄市", "img": "", "wgs_lon": 114.364061, "wgs_lat": 38.303511, "gcj_lon": 114.370386, "gcj_lat": 38.304287, "geo_addr": "河北省石家庄市灵寿县灵寿石牌坊", "coord_src": "geocode", "gcj_note": "api_error:10021:CUQPS_HAS_EXCEEDED_THE_LIMIT"}}, {"type": "Feature", "geometry": {"type": "Point", "coordinates": [114.267563, 38.09324]}, "properties": {"name": "罗汉堂", "level": "省级", "era": "宋元至明清", "lon": 114.261394, "lat": 38.09259, "elev": 536, "city": "石家庄市", "img": "", "wgs_lon": 114.261394, "wgs_lat": 38.09259, "gcj_lon": 114.267563, "gcj_lat": 38.09324, "geo_addr": "河北省石家庄市鹿泉区罗汉堂", "coord_src": "geocode"}}, {"type": "Feature", "geometry": {"type": "Point", "coordinates": [114.090776, 37.897249]}, "properties": {"name": "千佛崖石窟", "level": "省级", "era": "秦汉至隋唐", "lon": 114.084393, "lat": 37.896606, "elev": 330, "city": "石家庄市", "img": "", "wgs_lon": 114.084393, "wgs_lat": 37.896606, "gcj_lon": 114.090776, "gcj_lat": 37.897249, "geo_addr": "河北省石家庄市井陉县千佛崖石窟", "coord_src": "geocode"}}, {"type": "Feature", "geometry": {"type": "Point", "coordinates": [114.514976, 38.042007]}, "properties": {"name": "林山石佛堂", "level": "省级", "era": "宋元至明清", "lon": 114.189449, "lat": 38.34878, "elev": 427, "city": "石家庄市", "img": "", "wgs_lon": 114.189449, "wgs_lat": 38.34878, "gcj_lon": 114.514976, "gcj_lat": 38.042007, "geo_addr": "河北省石家庄市", "coord_src": "geocode", "gcj_note": "api_error:30001:ENGINE_RESPONSE_DATA_ERROR"}}, {"type": "Feature", "geometry": {"type": "Point", "coordinates": [114.571151, 38.143275]}, "properties": {"name": "大唐清河郡王纪功载政之颂碑", "level": "省级", "era": "秦汉至隋唐", "lon": 114.565328, "lat": 38.142792, "elev": 73, "city": "石家庄市", "img": "", "wgs_lon": 114.5655, "wgs_lat": 38.142806, "gcj_lon": 114.571151, "gcj_lat": 38.143275, "geo_addr": "河北省石家庄市正定县大唐清河郡王纪功载政之颂碑", "coord_src": "geocode"}}, {"type": "Feature", "geometry": {"type": "Point", "coordinates": [114.514976, 38.042007]}, "properties": {"name": "吴禄贞墓", "level": "省级", "era": "近代以来", "lon": 114.508602, "lat": 38.046231, "elev": 77, "city": "石家庄市", "img": "", "wgs_lon": 114.508602, "wgs_lat": 38.046231, "gcj_lon": 114.514976, "gcj_lat": 38.042007, "geo_addr": "河北省石家庄市", "coord_src": "geocode", "gcj_note": "api_error:10021:CUQPS_HAS_EXCEEDED_THE_LIMIT"}}, {"type": "Feature", "geometry": {"type": "Point", "coordinates": [114.514976, 38.042007]}, "properties": {"name": "柯棣华墓", "level": "省级", "era": "近代以来", "lon": 114.460447, "lat": 38.043344, "elev": 81, "city": "石家庄市", "img": "", "wgs_lon": 114.460447, "wgs_lat": 38.043344, "gcj_lon": 114.514976, "gcj_lat": 38.042007, "geo_addr": "河北省石家庄市", "coord_src": "geocode", "gcj_note": "api_error:30001:ENGINE_RESPONSE_DATA_ERROR"}}, {"type": "Feature", "geometry": {"type": "Point", "coordinates": [114.145669, 38.032366]}, "properties": {"name": "井陉瓷窑遗址", "level": "省级", "era": "宋元至明清", "lon": 114.139228, "lat": 38.031557, "elev": 221, "city": "石家庄市", "img": "", "wgs_lon": 114.139228, "wgs_lat": 38.031557, "gcj_lon": 114.145669, "gcj_lat": 38.032366, "geo_addr": "河北省石家庄市井陉县", "coord_src": "geocode", "gcj_note": "api_error:10021:CUQPS_HAS_EXCEEDED_THE_LIMIT"}}, {"type": "Feature", "geometry": {"type": "Point", "coordinates": [114.514976, 38.042007]}, "properties": {"name": "高庄汉墓", "level": "省级", "era": "秦汉至隋唐", "lon": 114.387784, "lat": 38.122024, "elev": 91, "city": "石家庄市", "img": "", "wgs_lon": 114.387784, "wgs_lat": 38.122024, "gcj_lon": 114.514976, "gcj_lat": 38.042007, "geo_addr": "河北省石家庄市", "coord_src": "geocode", "gcj_note": "api_error:30001:ENGINE_RESPONSE_DATA_ERROR"}}, {"type": "Feature", "geometry": {"type": "Point", "coordinates": [114.147794, 38.039256]}, "properties": {"name": "井陉古驿道", "level": "省级", "era": "秦汉至隋唐", "lon": 114.141358, "lat": 38.038451, "elev": 241, "city": "石家庄市", "img": "", "wgs_lon": 114.178611, "wgs_lat": 38.047611, "gcj_lon": 114.147794, "gcj_lat": 38.039256, "geo_addr": "河北省石家庄市井陉县古驿大街", "coord_src": "geocode"}}, {"type": "Feature", "geometry": {"type": "Point", "coordinates": [114.23182, 37.971064]}, "properties": {"name": "彪村兴隆寺", "level": "省级", "era": "宋元至明清", "lon": 114.225629, "lat": 37.97038, "elev": 302, "city": "石家庄市", "img": "", "wgs_lon": 114.225629, "wgs_lat": 37.97038, "gcj_lon": 114.23182, "gcj_lat": 37.971064, "geo_addr": "河北省石家庄市井陉县彪村", "coord_src": "geocode"}}, {"type": "Feature", "geometry": {"type": "Point", "coordinates": [114.30869, 38.000279]}, "properties": {"name": "韩庄龙泉寺经幢", "level": "省级", "era": "宋元至明清", "lon": 114.302502, "lat": 37.999563, "elev": 247, "city": "石家庄市", "img": "", "wgs_lon": 114.302502, "wgs_lat": 37.999563, "gcj_lon": 114.30869, "gcj_lat": 38.000279, "geo_addr": "河北省石家庄市鹿泉区韩庄龙泉寺(公交站)", "coord_src": "geocode", "gcj_note": "api_error:10021:CUQPS_HAS_EXCEEDED_THE_LIMIT"}}, {"type": "Feature", "geometry": {"type": "Point", "coordinates": [114.202385, 38.252183]}, "properties": {"name": "平山文庙", "level": "省级", "era": "宋元至明清", "lon": 114.19609, "lat": 38.251512, "elev": 140, "city": "石家庄市", "img": "", "wgs_lon": 114.19609, "wgs_lat": 38.251512, "gcj_lon": 114.202385, "gcj_lat": 38.252183, "geo_addr": "河北省石家庄市平山县平山文庙", "coord_src": "geocode"}}, {"type": "Feature", "geometry": {"type": "Point", "coordinates": [114.57043, 38.14699]}, "properties": {"name": "正定城", "level": "省级", "era": "宋元至明清", "lon": 114.564605, "lat": 38.146506, "elev": 77, "city": "石家庄市", "img": "", "wgs_lon": 114.564605, "wgs_lat": 38.146506, "gcj_lon": 114.57043, "gcj_lat": 38.14699, "geo_addr": "河北省石家庄市正定县", "coord_src": "geocode"}}, {"type": "Feature", "geometry": {"type": "Point", "coordinates": [114.145669, 38.032366]}, "properties": {"name": "井陉旧城", "level": "省级", "era": "宋元至明清", "lon": 114.139228, "lat": 38.031557, "elev": 221, "city": "石家庄市", "img": "", "wgs_lon": 114.139228, "wgs_lat": 38.031557, "gcj_lon": 114.145669, "gcj_lat": 38.032366, "geo_addr": "河北省石家庄市井陉县", "coord_src": "geocode", "gcj_note": "api_error:10021:CUQPS_HAS_EXCEEDED_THE_LIMIT"}}, {"type": "Feature", "geometry": {"type": "Point", "coordinates": [114.287765, 38.016069]}, "properties": {"name": "村琉璃殿", "level": "省级", "era": "宋元至明清", "lon": 114.281599, "lat": 38.015386, "elev": 279, "city": "石家庄市", "img": "", "wgs_lon": 114.281599, "wgs_lat": 38.015386, "gcj_lon": 114.287765, "gcj_lat": 38.016069, "geo_addr": "河北省石家庄市鹿泉区琉璃殿", "coord_src": "geocode"}}, {"type": "Feature", "geometry": {"type": "Point", "coordinates": [114.145669, 38.032366]}, "properties": {"name": "井陉文庙大殿", "level": "省级", "era": "宋元至明清", "lon": 114.139228, "lat": 38.031557, "elev": 221, "city": "石家庄市", "img": "", "wgs_lon": 114.139228, "wgs_lat": 38.031557, "gcj_lon": 114.145669, "gcj_lat": 38.032366, "geo_addr": "河北省石家庄市井陉县", "coord_src": "geocode", "gcj_note": "api_error:10021:CUQPS_HAS_EXCEEDED_THE_LIMIT"}}, {"type": "Feature", "geometry": {"type": "Point", "coordinates": [114.514976, 38.042007]}, "properties": {"name": "封龙山石窟", "level": "省级", "era": "宋元至明清", "lon": 114.343754, "lat": 37.881531, "elev": 467, "city": "石家庄市", "img": "", "wgs_lon": 114.32775, "wgs_lat": 37.880417, "gcj_lon": 114.514976, "gcj_lat": 38.042007, "geo_addr": "河北省石家庄市", "coord_src": "geocode", "gcj_note": "api_error:30001:ENGINE_RESPONSE_DATA_ERROR"}}, {"type": "Feature", "geometry": {"type": "Point", "coordinates": [114.43758, 37.999184]}, "properties": {"name": "东良厢石造像", "level": "省级", "era": "秦汉至隋唐", "lon": 114.431313, "lat": 37.998347, "elev": 74, "city": "石家庄市", "img": "", "wgs_lon": 114.431313, "wgs_lat": 37.998347, "gcj_lon": 114.43758, "gcj_lat": 37.999184, "geo_addr": "河北省石家庄市桥西区东良厢村", "coord_src": "geocode", "gcj_note": "api_error:10021:CUQPS_HAS_EXCEEDED_THE_LIMIT"}}, {"type": "Feature", "geometry": {"type": "Point", "coordinates": [114.514976, 38.042007]}, "properties": {"name": "铁行会馆", "level": "省级", "era": "宋元至明清", "lon": 114.324798, "lat": 38.08345, "elev": 108, "city": "石家庄市", "img": "", "wgs_lon": 114.324798, "wgs_lat": 38.08345, "gcj_lon": 114.514976, "gcj_lat": 38.042007, "geo_addr": "河北省石家庄市", "coord_src": "geocode", "gcj_note": "api_error:30001:ENGINE_RESPONSE_DATA_ERROR"}}, {"type": "Feature", "geometry": {"type": "Point", "coordinates": [114.355659, 38.067127]}, "properties": {"name": "申后高氏民宅", "level": "省级", "era": "近代以来", "lon": 114.349383, "lat": 38.066339, "elev": 103, "city": "石家庄市", "img": "", "wgs_lon": 114.349383, "wgs_lat": 38.066339, "gcj_lon": 114.355659, "gcj_lat": 38.067127, "geo_addr": "河北省石家庄市鹿泉区申后(公交站)", "coord_src": "geocode", "gcj_note": "api_error:10021:CUQPS_HAS_EXCEEDED_THE_LIMIT"}}, {"type": "Feature", "geometry": {"type": "Point", "coordinates": [114.490534, 38.046231]}, "properties": {"name": "石家庄大石桥", "level": "省级", "era": "近代以来", "lon": 114.484435, "lat": 38.045522, "elev": 79, "city": "石家庄市", "img": "", "wgs_lon": 114.484435, "wgs_lat": 38.045522, "gcj_lon": 114.490534, "gcj_lat": 38.046231, "geo_addr": "河北省石家庄市新华区大石桥", "coord_src": "geocode"}}, {"type": "Feature", "geometry": {"type": "Point", "coordinates": [114.244502, 38.228084]}, "properties": {"name": "孟岭汉墓", "level": "省级", "era": "秦汉至隋唐", "lon": 114.238301, "lat": 38.227457, "elev": 135, "city": "石家庄市", "img": "", "wgs_lon": 114.238301, "wgs_lat": 38.227457, "gcj_lon": 114.244502, "gcj_lat": 38.228084, "geo_addr": "河北省石家庄市鹿泉区孟岭", "coord_src": "geocode"}}, {"type": "Feature", "geometry": {"type": "Point", "coordinates": [114.289409, 38.070384]}, "properties": {"name": "土门关", "level": "省级", "era": "宋元至明清", "lon": 114.283235, "lat": 38.069711, "elev": 143, "city": "石家庄市", "img": "", "wgs_lon": 114.283235, "wgs_lat": 38.069711, "gcj_lon": 114.289409, "gcj_lat": 38.070384, "geo_addr": "河北省石家庄市鹿泉区土门关", "coord_src": "geocode"}}, {"type": "Feature", "geometry": {"type": "Point", "coordinates": [114.34999861516155, 37.882347102841784]}, "properties": {"name": "祀三公山碑、白石神君碑", "level": "省级", "era": "秦汉至隋唐", "lon": 114.343754, "lat": 37.881531, "elev": 467, "city": "石家庄市", "img": "", "wgs_lon": 114.343754, "wgs_lat": 37.881531, "gcj_lon": 114.34999861516155, "gcj_lat": 37.882347102841784, "geo_addr": "", "coord_src": "fallback_local", "gcj_note": "tries_exhausted"}}, {"type": "Feature", "geometry": {"type": "Point", "coordinates": [114.145669, 38.032366]}, "properties": {"name": "井陉煤矿总办大楼", "level": "省级", "era": "近代以来", "lon": 114.139228, "lat": 38.031557, "elev": 221, "city": "石家庄市", "img": "", "wgs_lon": 114.139228, "wgs_lat": 38.031557, "gcj_lon": 114.145669, "gcj_lat": 38.032366, "geo_addr": "河北省石家庄市井陉县", "coord_src": "geocode", "gcj_note": "api_error:10021:CUQPS_HAS_EXCEEDED_THE_LIMIT"}}, {"type": "Feature", "geometry": {"type": "Point", "coordinates": [114.514976, 38.042007]}, "properties": {"name": "河北省博物馆", "level": "省级", "era": "近代以来", "lon": 114.524464, "lat": 38.037114, "elev": 78, "city": "石家庄市", "img": "", "wgs_lon": 114.524464, "wgs_lat": 38.037114, "gcj_lon": 114.514976, "gcj_lat": 38.042007, "geo_addr": "河北省石家庄市", "coord_src": "geocode", "gcj_note": "api_error:30001:ENGINE_RESPONSE_DATA_ERROR"}}, {"type": "Feature", "geometry": {"type": "Point", "coordinates": [114.514976, 38.042007]}, "properties": {"name": "栾武台遗址", "level": "省级", "era": "史前至先秦", "lon": 114.636232, "lat": 37.890262, "elev": 55, "city": "石家庄市", "img": "", "wgs_lon": 114.636232, "wgs_lat": 37.890262, "gcj_lon": 114.514976, "gcj_lat": 38.042007, "geo_addr": "河北省石家庄市", "coord_src": "geocode", "gcj_note": "api_error:10021:CUQPS_HAS_EXCEEDED_THE_LIMIT"}}, {"type": "Feature", "geometry": {"type": "Point", "coordinates": [114.328501, 38.085567]}, "properties": {"name": "鹿城岗城址", "level": "省级", "era": "史前至先秦", "lon": 114.32227, "lat": 38.084833, "elev": 112, "city": "石家庄市", "img": "", "wgs_lon": 114.32227, "wgs_lat": 38.084833, "gcj_lon": 114.328501, "gcj_lat": 38.085567, "geo_addr": "河北省石家庄市鹿泉区鹿城", "coord_src": "geocode"}}, {"type": "Feature", "geometry": {"type": "Point", "coordinates": [114.541679, 38.026873]}, "properties": {"name": "尖岭古墓", "level": "省级", "era": "秦汉至隋唐", "lon": 114.535786, "lat": 38.026308, "elev": 72, "city": "石家庄市", "img": "", "wgs_lon": 114.535786, "wgs_lat": 38.026308, "gcj_lon": 114.541679, "gcj_lat": 38.026873, "geo_addr": "河北省石家庄市裕华区尖岭", "coord_src": "geocode", "gcj_note": "api_error:10021:CUQPS_HAS_EXCEEDED_THE_LIMIT"}}, {"type": "Feature", "geometry": {"type": "Point", "coordinates": [114.57043, 38.14699]}, "properties": {"name": "正定王氏家族墓地", "level": "省级", "era": "秦汉至隋唐", "lon": 114.564605, "lat": 38.146506, "elev": 77, "city": "石家庄市", "img": "", "wgs_lon": 114.564605, "wgs_lat": 38.146506, "gcj_lon": 114.57043, "gcj_lat": 38.14699, "geo_addr": "河北省石家庄市正定县", "coord_src": "geocode"}}, {"type": "Feature", "geometry": {"type": "Point", "coordinates": [114.514976, 38.042007]}, "properties": {"name": "清明桥", "level": "省级", "era": "宋元至明清", "lon": 114.55339, "lat": 37.902001, "elev": 61, "city": "石家庄市", "img": "", "wgs_lon": 114.55339, "wgs_lat": 37.902001, "gcj_lon": 114.514976, "gcj_lat": 38.042007, "geo_addr": "河北省石家庄市", "coord_src": "geocode", "gcj_note": "api_error:10021:CUQPS_HAS_EXCEEDED_THE_LIMIT"}}, {"type": "Feature", "geometry": {"type": "Point", "coordinates": [114.571872, 38.138288]}, "properties": {"name": "正定梁氏宗祠", "level": "省级", "era": "宋元至明清", "lon": 114.565943, "lat": 38.137742, "elev": 75, "city": "石家庄市", "img": "", "wgs_lon": 114.565889, "wgs_lat": 38.137847, "gcj_lon": 114.571872, "gcj_lat": 38.138288, "geo_addr": "河北省石家庄市正定县梁氏宗祠", "coord_src": "geocode"}}, {"type": "Feature", "geometry": {"type": "Point", "coordinates": [114.514976, 38.042007]}, "properties": {"name": "膏梁桥", "level": "省级", "era": "宋元至明清", "lon": 114.483729, "lat": 37.949243, "elev": 69, "city": "石家庄市", "img": "", "wgs_lon": 114.483729, "wgs_lat": 37.949243, "gcj_lon": 114.514976, "gcj_lat": 38.042007, "geo_addr": "河北省石家庄市", "coord_src": "geocode", "gcj_note": "api_error:30001:ENGINE_RESPONSE_DATA_ERROR"}}, {"type": "Feature", "geometry": {"type": "Point", "coordinates": [114.514976, 38.042007]}, "properties": {"name": "石家庄电报局营业厅旧址", "level": "省级", "era": "近代以来", "lon": 114.508979, "lat": 38.04137, "elev": 80, "city": "石家庄市", "img": "", "wgs_lon": 114.508979, "wgs_lat": 38.04137, "gcj_lon": 114.514976, "gcj_lat": 38.042007, "geo_addr": "河北省石家庄市", "coord_src": "geocode", "gcj_note": "api_error:10021:CUQPS_HAS_EXCEEDED_THE_LIMIT"}}, {"type": "Feature", "geometry": {"type": "Point", "coordinates": [114.51497646056362, 38.042006575086845]}, "properties": {"name": "石家庄市政府交际处309号院旧址", "level": "省级", "era": "近代以来", "lon": 114.508979, "lat": 38.04137, "elev": 80, "city": "石家庄市", "img": "", "wgs_lon": 114.508979, "wgs_lat": 38.04137, "gcj_lon": 114.51497646056362, "gcj_lat": 38.042006575086845, "geo_addr": "", "coord_src": "fallback_local", "gcj_note": "tries_exhausted"}}, {"type": "Feature", "geometry": {"type": "Point", "coordinates": [114.180075, 37.72335]}, "properties": {"name": "石家庄日本宪兵司令部旧址", "level": "省级", "era": "近代以来", "lon": 114.487391, "lat": 38.040183, "elev": 79, "city": "石家庄市", "img": "", "wgs_lon": 114.487391, "wgs_lat": 38.040183, "gcj_lon": 114.180075, "gcj_lat": 37.72335, "geo_addr": "河北省石家庄市赞皇县石家庄", "coord_src": "geocode", "gcj_note": "api_error:10021:CUQPS_HAS_EXCEEDED_THE_LIMIT"}}, {"type": "Feature", "geometry": {"type": "Point", "coordinates": [114.550802, 38.037051]}, "properties": {"name": "合作路81号院", "level": "省级", "era": "近代以来", "lon": 114.453587, "lat": 38.053691, "elev": 78, "city": "石家庄市", "img": "", "wgs_lon": 114.453587, "wgs_lat": 38.053691, "gcj_lon": 114.550802, "gcj_lat": 38.037051, "geo_addr": "河北省石家庄市长安区八十一号院", "coord_src": "geocode"}}, {"type": "Feature", "geometry": {"type": "Point", "coordinates": [114.562704, 38.065053]}, "properties": {"name": "懋华亭", "level": "省级", "era": "近代以来", "lon": 114.55687, "lat": 38.064541, "elev": 76, "city": "石家庄市", "img": "", "wgs_lon": 114.55687, "wgs_lat": 38.064541, "gcj_lon": 114.562704, "gcj_lat": 38.065053, "geo_addr": "河北省石家庄市长安区懋华亭", "coord_src": "geocode", "gcj_note": "api_error:10021:CUQPS_HAS_EXCEEDED_THE_LIMIT"}}, {"type": "Feature", "geometry": {"type": "Point", "coordinates": [114.490756, 38.045084]}, "properties": {"name": "正太饭店", "level": "省级", "era": "近代以来", "lon": 114.484658, "lat": 38.044376, "elev": 79, "city": "石家庄市", "img": "", "wgs_lon": 114.484658, "wgs_lat": 38.044376, "gcj_lon": 114.490756, "gcj_lat": 38.045084, "geo_addr": "河北省石家庄市新华区正太饭店", "coord_src": "geocode"}}, {"type": "Feature", "geometry": {"type": "Point", "coordinates": [114.48995, 38.053927]}, "properties": {"name": "石家庄车辆厂法式别墅", "level": "省级", "era": "近代以来", "lon": 114.483847, "lat": 38.053218, "elev": 79, "city": "石家庄市", "img": "", "wgs_lon": 114.483847, "wgs_lat": 38.053218, "gcj_lon": 114.48995, "gcj_lat": 38.053927, "geo_addr": "河北省石家庄市新华区石家庄车辆厂法式别墅", "coord_src": "geocode", "gcj_note": "api_error:10021:CUQPS_HAS_EXCEEDED_THE_LIMIT"}}, {"type": "Feature", "geometry": {"type": "Point", "coordinates": [114.530116, 38.053189]}, "properties": {"name": "沕沕水电厂旧址", "level": "省级", "era": "近代以来", "lon": 114.524178, "lat": 38.052599, "elev": 77, "city": "石家庄市", "img": "", "wgs_lon": 114.524178, "wgs_lat": 38.052599, "gcj_lon": 114.530116, "gcj_lat": 38.053189, "geo_addr": "河北省石家庄市长安区电厂", "coord_src": "geocode"}}, {"type": "Feature", "geometry": {"type": "Point", "coordinates": [114.169969, 38.286471]}, "properties": {"name": "王母阁遗址与王母墓地", "level": "省级", "era": "秦汉至隋唐", "lon": 114.163569, "lat": 38.285744, "elev": 141, "city": "石家庄市", "img": "", "wgs_lon": 114.163569, "wgs_lat": 38.285744, "gcj_lon": 114.169969, "gcj_lat": 38.286471, "geo_addr": "河北省石家庄市平山县王母阁王母村", "coord_src": "geocode", "gcj_note": "api_error:10021:CUQPS_HAS_EXCEEDED_THE_LIMIT"}}, {"type": "Feature", "geometry": {"type": "Point", "coordinates": [114.575507, 38.153456]}, "properties": {"name": "崇因寺藏经楼", "level": "省级", "era": "宋元至明清", "lon": 114.569691, "lat": 38.15298, "elev": 75, "city": "石家庄市", "img": "", "wgs_lon": 114.569691, "wgs_lat": 38.15298, "gcj_lon": 114.575507, "gcj_lat": 38.153456, "geo_addr": "河北省石家庄市正定县崇因寺藏经楼", "coord_src": "geocode"}}, {"type": "Feature", "geometry": {"type": "Point", "coordinates": [114.452027, 38.085614]}, "properties": {"name": "十六中欧式小楼", "level": "省级", "era": "近代以来", "lon": 114.445786, "lat": 38.084818, "elev": 83, "city": "石家庄市", "img": "", "wgs_lon": 114.445786, "wgs_lat": 38.084818, "gcj_lon": 114.452027, "gcj_lat": 38.085614, "geo_addr": "河北省石家庄市新华区石家庄十六中(北门)", "coord_src": "geocode"}}, {"type": "Feature", "geometry": {"type": "Point", "coordinates": [114.145669, 38.032366]}, "properties": {"name": "井陉日伪驻军旧址", "level": "省级", "era": "近代以来", "lon": 114.139228, "lat": 38.031557, "elev": 221, "city": "石家庄市", "img": "", "wgs_lon": 114.139228, "wgs_lat": 38.031557, "gcj_lon": 114.145669, "gcj_lat": 38.032366, "geo_addr": "河北省石家庄市井陉县", "coord_src": "geocode", "gcj_note": "api_error:10021:CUQPS_HAS_EXCEEDED_THE_LIMIT"}}, {"type": "Feature", "geometry": {"type": "Point", "coordinates": [114.186007, 38.260288]}, "properties": {"name": "平山县侵华日军堡垒群", "level": "省级", "era": "近代以来", "lon": 114.179661, "lat": 38.259589, "elev": 143, "city": "石家庄市", "img": "", "wgs_lon": 114.179661, "wgs_lat": 38.259589, "gcj_lon": 114.186007, "gcj_lat": 38.260288, "geo_addr": "河北省石家庄市平山县", "coord_src": "geocode"}}, {"type": "Feature", "geometry": {"type": "Point", "coordinates": [114.580185, 38.144249]}, "properties": {"name": "华北大学旧址", "level": "省级", "era": "近代以来", "lon": 114.574378, "lat": 38.143777, "elev": 77, "city": "石家庄市", "img": "", "wgs_lon": 114.574378, "wgs_lat": 38.143777, "gcj_lon": 114.580185, "gcj_lat": 38.144249, "geo_addr": "河北省石家庄市正定县华北大学旧址", "coord_src": "geocode", "gcj_note": "api_error:10021:CUQPS_HAS_EXCEEDED_THE_LIMIT"}}, {"type": "Feature", "geometry": {"type": "Point", "coordinates": [114.571872, 38.138288]}, "properties": {"name": "正定梁氏宗祠", "level": "国家级", "era": "宋元至明清", "lon": 114.565889, "lat": 38.137847, "elev": 75, "city": "石家庄市", "img": "", "wgs_lon": 114.565889, "wgs_lat": 38.137847, "gcj_lon": 114.571872, "gcj_lat": 38.138288, "geo_addr": "河北省石家庄市正定县梁氏宗祠", "coord_src": "geocode"}}, {"type": "Feature", "geometry": {"type": "Point", "coordinates": [114.47751238104846, 38.05007734539858]}, "properties": {"name": "中国人民银行总行旧址", "level": "国家级", "era": "近代以来", "lon": 114.471361, "lat": 38.049333, "elev": 82, "city": "石家庄市", "img": "", "wgs_lon": 114.471361, "wgs_lat": 38.049333, "gcj_lon": 114.47751238104846, "gcj_lat": 38.05007734539858, "geo_addr": "", "coord_src": "fallback_local", "gcj_note": "tries_exhausted"}}, {"type": "Feature", "geometry": {"type": "Point", "coordinates": [114.514976, 38.042007]}, "properties": {"name": "封龙山石窟", "level": "国家级", "era": "宋元至明清", "lon": 114.32775, "lat": 37.880417, "elev": 320, "city": "石家庄市", "img": "", "wgs_lon": 114.32775, "wgs_lat": 37.880417, "gcj_lon": 114.514976, "gcj_lat": 38.042007, "geo_addr": "河北省石家庄市", "coord_src": "geocode", "gcj_note": "api_error:30001:ENGINE_RESPONSE_DATA_ERROR"}}, {"type": "Feature", "geometry": {"type": "Point", "coordinates": [114.514976, 38.042007]}, "properties": {"name": "淮军公所", "level": "国家级", "era": "宋元至明清", "lon": 114.572, "lat": 38.3316, "elev": 91, "city": "石家庄市", "img": "", "wgs_lon": 114.572, "wgs_lat": 38.3316, "gcj_lon": 114.514976, "gcj_lat": 38.042007, "geo_addr": "河北省石家庄市", "coord_src": "geocode", "gcj_note": "api_error:10021:CUQPS_HAS_EXCEEDED_THE_LIMIT"}}, {"type": "Feature", "geometry": {"type": "Point", "coordinates": [114.57043, 38.14699]}, "properties": {"name": "正定城墙", "level": "国家级", "era": "宋元至明清", "lon": 114.564889, "lat": 38.129, "elev": 72, "city": "石家庄市", "img": "", "wgs_lon": 114.564889, "wgs_lat": 38.129, "gcj_lon": 114.57043, "gcj_lat": 38.14699, "geo_addr": "河北省石家庄市正定县", "coord_src": "geocode"}}, {"type": "Feature", "geometry": {"type": "Point", "coordinates": [115.003926, 38.036282]}, "properties": {"name": "东垣古城遗址", "level": "国家级", "era": "史前至先秦", "lon": 114.538889, "lat": 38.088889, "elev": 78, "city": "石家庄市", "img": "", "wgs_lon": 114.538889, "wgs_lat": 38.088889, "gcj_lon": 115.003926, "gcj_lat": 38.036282, "geo_addr": "河北省石家庄市晋州市古城村", "coord_src": "geocode", "gcj_note": "api_error:10021:CUQPS_HAS_EXCEEDED_THE_LIMIT"}}, {"type": "Feature", "geometry": {"type": "Point", "coordinates": [114.147794, 38.039256]}, "properties": {"name": "井陉古驿道", "level": "国家级", "era": "秦汉至隋唐", "lon": 114.178611, "lat": 38.047611, "elev": 300, "city": "石家庄市", "img": "", "wgs_lon": 114.178611, "wgs_lat": 38.047611, "gcj_lon": 114.147794, "gcj_lat": 38.039256, "geo_addr": "河北省石家庄市井陉县古驿大街", "coord_src": "geocode"}}, {"type": "Feature", "geometry": {"type": "Point", "coordinates": [114.572763, 38.143894]}, "properties": {"name": "正定府文庙", "level": "国家级", "era": "宋元至明清", "lon": 114.383333, "lat": 38.1, "elev": 89, "city": "石家庄市", "img": "", "wgs_lon": 114.383333, "wgs_lat": 38.1, "gcj_lon": 114.572763, "gcj_lat": 38.143894, "geo_addr": "河北省石家庄市正定县府文庙", "coord_src": "geocode"}}, {"type": "Feature", "geometry": {"type": "Point", "coordinates": [114.2089, 38.355613]}, "properties": {"name": "万寿寺塔林", "level": "国家级", "era": "宋元至明清", "lon": 114.200269, "lat": 38.354889, "elev": 182, "city": "石家庄市", "img": "", "wgs_lon": 114.200269, "wgs_lat": 38.354889, "gcj_lon": 114.2089, "gcj_lat": 38.355613, "geo_addr": "河北省石家庄市平山县万寿寺塔林", "coord_src": "geocode", "gcj_note": "api_error:10021:CUQPS_HAS_EXCEEDED_THE_LIMIT"}}, {"type": "Feature", "geometry": {"type": "Point", "coordinates": [114.571151, 38.143275]}, "properties": {"name": "大唐清河郡王纪功载政之颂碑", "level": "国家级", "era": "秦汉至隋唐", "lon": 114.5655, "lat": 38.142806, "elev": 73, "city": "石家庄市", "img": "", "wgs_lon": 114.5655, "wgs_lat": 38.142806, "gcj_lon": 114.571151, "gcj_lat": 38.143275, "geo_addr": "河北省石家庄市正定县大唐清河郡王纪功载政之颂碑", "coord_src": "geocode"}}, {"type": "Feature", "geometry": {"type": "Point", "coordinates": [114.573019, 38.135277]}, "properties": {"name": "临济寺澄灵塔", "level": "国家级", "era": "宋元至明清", "lon": 114.383333, "lat": 38.1, "elev": 89, "city": "石家庄市", "img": "", "wgs_lon": 114.383333, "wgs_lat": 38.1, "gcj_lon": 114.573019, "gcj_lat": 38.135277, "geo_addr": "河北省石家庄市正定县正定临济寺澄灵塔", "coord_src": "geocode", "gcj_note": "api_error:10021:CUQPS_HAS_EXCEEDED_THE_LIMIT"}}, {"type": "Feature", "geometry": {"type": "Point", "coordinates": [114.426134, 38.12665]}, "properties": {"name": "毗卢寺", "level": "国家级", "era": "宋元至明清", "lon": 114.420208, "lat": 38.125, "elev": 89, "city": "石家庄市", "img": "", "wgs_lon": 114.420208, "wgs_lat": 38.125, "gcj_lon": 114.426134, "gcj_lat": 38.12665, "geo_addr": "河北省石家庄市新华区毗卢寺", "coord_src": "geocode"}}, {"type": "Feature", "geometry": {"type": "Point", "coordinates": [114.716222, 38.343337]}, "properties": {"name": "正定文庙大成殿", "level": "国家级", "era": "宋元至明清", "lon": 114.383333, "lat": 38.1, "elev": 89, "city": "石家庄市", "img": "", "wgs_lon": 114.383333, "wgs_lat": 38.1, "gcj_lon": 114.716222, "gcj_lat": 38.343337, "geo_addr": "河北省石家庄市新乐市大成殿", "coord_src": "geocode", "gcj_note": "api_error:10021:CUQPS_HAS_EXCEEDED_THE_LIMIT"}}, {"type": "Feature", "geometry": {"type": "Point", "coordinates": [114.204919, 38.330355]}, "properties": {"name": "中山古城遗址", "level": "国家级", "era": "史前至先秦", "lon": 114.197611, "lat": 38.329111, "elev": 158, "city": "石家庄市", "img": "", "wgs_lon": 114.197611, "wgs_lat": 38.329111, "gcj_lon": 114.204919, "gcj_lat": 38.330355, "geo_addr": "河北省石家庄市平山县中山古城遗址", "coord_src": "geocode"}}, {"type": "Feature", "geometry": {"type": "Point", "coordinates": [114.282012, 38.0191]}, "properties": {"name": "凌霄塔", "level": "国家级", "era": "宋元至明清", "lon": 114.383333, "lat": 38.1, "elev": 89, "city": "石家庄市", "img": "", "wgs_lon": 114.383333, "wgs_lat": 38.1, "gcj_lon": 114.282012, "gcj_lat": 38.0191, "geo_addr": "河北省石家庄市鹿泉区凌霄", "coord_src": "geocode", "gcj_note": "api_error:10021:CUQPS_HAS_EXCEEDED_THE_LIMIT"}}, {"type": "Feature", "geometry": {"type": "Point", "coordinates": [114.570772, 38.140173]}, "properties": {"name": "开元寺（开元寺钟楼）", "level": "国家级", "era": "宋元至明清", "lon": 114.383333, "lat": 38.1, "elev": 89, "city": "石家庄市", "img": "", "wgs_lon": 114.383333, "wgs_lat": 38.1, "gcj_lon": 114.570772, "gcj_lat": 38.140173, "geo_addr": "河北省石家庄市正定县开元寺", "coord_src": "geocode"}}, {"type": "Feature", "geometry": {"type": "Point", "coordinates": [114.58255, 38.144315]}, "properties": {"name": "隆兴寺", "level": "国家级", "era": "宋元至明清", "lon": 114.576444, "lat": 38.143778, "elev": 83, "city": "石家庄市", "img": "", "wgs_lon": 114.576444, "wgs_lat": 38.143778, "gcj_lon": 114.58255, "gcj_lat": 38.144315, "geo_addr": "河北省石家庄市正定县隆兴寺", "coord_src": "geocode"}}, {"type": "Feature", "geometry": {"type": "Point", "coordinates": [114.571696, 38.132232]}, "properties": {"name": "广惠寺华塔", "level": "国家级", "era": "宋元至明清", "lon": 114.383333, "lat": 38.1, "elev": 89, "city": "石家庄市", "img": "", "wgs_lon": 114.383333, "wgs_lat": 38.1, "gcj_lon": 114.571696, "gcj_lat": 38.132232, "geo_addr": "河北省石家庄市正定县广惠寺华塔", "coord_src": "geocode", "gcj_note": "api_error:10021:CUQPS_HAS_EXCEEDED_THE_LIMIT"}}, {"type": "Feature", "geometry": {"type": "Point", "coordinates": [114.724254, 38.044858]}, "properties": {"name": "台西遗址", "level": "省级", "era": "史前至先秦", "lon": 114.718281, "lat": 38.044209, "elev": 60, "city": "石家庄市", "img": "", "wgs_lon": 114.720611, "wgs_lat": 38.045417, "gcj_lon": 114.724254, "gcj_lat": 38.044858, "geo_addr": "河北省石家庄市藁城区台西遗址", "coord_src": "geocode", "gcj_note": "api_error:10021:CUQPS_HAS_EXCEEDED_THE_LIMIT"}}, {"type": "Feature", "geometry": {"type": "Point", "coordinates": [114.799881, 38.270785]}, "properties": {"name": "前西关遗址", "level": "省级", "era": "史前至先秦", "lon": 114.793899, "lat": 38.270188, "elev": 63, "city": "石家庄市", "img": "", "wgs_lon": 114.793899, "wgs_lat": 38.270188, "gcj_lon": 114.799881, "gcj_lat": 38.270785, "geo_addr": "河北省石家庄市藁城区前西关", "coord_src": "geocode", "gcj_note": "api_error:10021:CUQPS_HAS_EXCEEDED_THE_LIMIT"}}, {"type": "Feature", "geometry": {"type": "Point", "coordinates": [115.178283, 38.168655]}, "properties": {"name": "中山灵寿故城", "level": "省级", "era": "史前至先秦", "lon": 115.17208, "lat": 38.167908, "elev": 39, "city": "石家庄市", "img": "", "wgs_lon": 115.17208, "wgs_lat": 38.167908, "gcj_lon": 115.178283, "gcj_lat": 38.168655, "geo_addr": "河北省石家庄市深泽县中山村", "coord_src": "geocode"}}, {"type": "Feature", "geometry": {"type": "Point", "coordinates": [114.70992, 38.13478]}, "properties": {"name": "九门城址", "level": "省级", "era": "秦汉至隋唐", "lon": 114.70396, "lat": 38.134168, "elev": 63, "city": "石家庄市", "img": "", "wgs_lon": 114.70396, "wgs_lat": 38.134168, "gcj_lon": 114.70992, "gcj_lat": 38.13478, "geo_addr": "河北省石家庄市藁城区九门乡", "coord_src": "geocode", "gcj_note": "api_error:10021:CUQPS_HAS_EXCEEDED_THE_LIMIT"}}, {"type": "Feature", "geometry": {"type": "Point", "coordinates": [114.514976, 38.042007]}, "properties": {"name": "甄氏墓群", "level": "省级", "era": "秦汉至隋唐", "lon": 115.083992, "lat": 38.228829, "elev": 38, "city": "石家庄市", "img": "", "wgs_lon": 115.083992, "wgs_lat": 38.228829, "gcj_lon": 114.514976, "gcj_lat": 38.042007, "geo_addr": "河北省石家庄市", "coord_src": "geocode", "gcj_note": "api_error:30001:ENGINE_RESPONSE_DATA_ERROR"}}, {"type": "Feature", "geometry": {"type": "Point", "coordinates": [114.824499, 37.889785]}, "properties": {"name": "梅花村惨案遗址", "level": "省级", "era": "近代以来", "lon": 114.818612, "lat": 37.88916, "elev": 48, "city": "石家庄市", "img": "", "wgs_lon": 114.818612, "wgs_lat": 37.88916, "gcj_lon": 114.824499, "gcj_lat": 37.889785, "geo_addr": "河北省石家庄市藁城区梅花村", "coord_src": "geocode", "gcj_note": "api_error:10021:CUQPS_HAS_EXCEEDED_THE_LIMIT"}}, {"type": "Feature", "geometry": {"type": "Point", "coordinates": [114.716111, 38.381372]}, "properties": {"name": "伏羲台遗址", "level": "省级", "era": "史前至先秦", "lon": 114.710111, "lat": 38.380774, "elev": 78, "city": "石家庄市", "img": "", "wgs_lon": 114.709778, "wgs_lat": 38.381194, "gcj_lon": 114.716111, "gcj_lat": 38.381372, "geo_addr": "河北省石家庄市新乐市伏羲台", "coord_src": "geocode", "gcj_note": "api_error:10021:CUQPS_HAS_EXCEEDED_THE_LIMIT"}}, {"type": "Feature", "geometry": {"type": "Point", "coordinates": [115.204744, 38.184759]}, "properties": {"name": "深泽文庙大成殿", "level": "省级", "era": "宋元至明清", "lon": 115.198595, "lat": 38.184062, "elev": 40, "city": "石家庄市", "img": "", "wgs_lon": 115.198595, "wgs_lat": 38.184062, "gcj_lon": 115.204744, "gcj_lat": 38.184759, "geo_addr": "河北省石家庄市深泽县文庙", "coord_src": "geocode", "gcj_note": "api_error:10021:CUQPS_HAS_EXCEEDED_THE_LIMIT"}}, {"type": "Feature", "geometry": {"type": "Point", "coordinates": [114.716222, 38.343337]}, "properties": {"name": "新乐文庙大成殿", "level": "省级", "era": "宋元至明清", "lon": 114.710227, "lat": 38.342739, "elev": 71, "city": "石家庄市", "img": "", "wgs_lon": 114.710227, "wgs_lat": 38.342739, "gcj_lon": 114.716222, "gcj_lat": 38.343337, "geo_addr": "河北省石家庄市新乐市大成殿", "coord_src": "geocode"}}, {"type": "Feature", "geometry": {"type": "Point", "coordinates": [115.201606, 38.187059]}, "properties": {"name": "深泽真武庙", "level": "省级", "era": "宋元至明清", "lon": 115.195451, "lat": 38.186357, "elev": 37, "city": "石家庄市", "img": "", "wgs_lon": 115.195451, "wgs_lat": 38.186357, "gcj_lon": 115.201606, "gcj_lat": 38.187059, "geo_addr": "河北省石家庄市深泽县真武庙", "coord_src": "geocode"}}, {"type": "Feature", "geometry": {"type": "Point", "coordinates": [115.0913, 38.232102]}, "properties": {"name": "南流村甄氏墓地", "level": "省级", "era": "秦汉至隋唐", "lon": 115.084997, "lat": 38.231279, "elev": 40, "city": "石家庄市", "img": "", "wgs_lon": 115.084997, "wgs_lat": 38.231279, "gcj_lon": 115.0913, "gcj_lat": 38.232102, "geo_addr": "河北省石家庄市无极县南流村", "coord_src": "geocode", "gcj_note": "api_error:10021:CUQPS_HAS_EXCEEDED_THE_LIMIT"}}, {"type": "Feature", "geometry": {"type": "Point", "coordinates": [114.772912, 38.102348]}, "properties": {"name": "南董元代古墓群", "level": "省级", "era": "宋元至明清", "lon": 114.766915, "lat": 38.101697, "elev": 62, "city": "石家庄市", "img": "", "wgs_lon": 114.766915, "wgs_lat": 38.101697, "gcj_lon": 114.772912, "gcj_lat": 38.102348, "geo_addr": "河北省石家庄市藁城区南董镇", "coord_src": "geocode"}}, {"type": "Feature", "geometry": {"type": "Point", "coordinates": [114.772558, 37.904761]}, "properties": {"name": "九江圣母庙", "level": "省级", "era": "宋元至明清", "lon": 114.766583, "lat": 37.904069, "elev": 52, "city": "石家庄市", "img": "", "wgs_lon": 114.766583, "wgs_lat": 37.904069, "gcj_lon": 114.772558, "gcj_lat": 37.904761, "geo_addr": "河北省石家庄市藁城区圣母庙", "coord_src": "geocode", "gcj_note": "api_error:10021:CUQPS_HAS_EXCEEDED_THE_LIMIT"}}, {"type": "Feature", "geometry": {"type": "Point", "coordinates": [114.683745, 38.343952]}, "properties": {"name": "新乐玉皇殿", "level": "省级", "era": "宋元至明清", "lon": 114.677817, "lat": 38.34341, "elev": 77, "city": "石家庄市", "img": "", "wgs_lon": 114.677817, "wgs_lat": 38.34341, "gcj_lon": 114.683745, "gcj_lat": 38.343952, "geo_addr": "河北省石家庄市新乐市", "coord_src": "geocode"}}, {"type": "Feature", "geometry": {"type": "Point", "coordinates": [114.683745, 38.343952]}, "properties": {"name": "新乐清真寺", "level": "省级", "era": "宋元至明清", "lon": 114.677817, "lat": 38.34341, "elev": 77, "city": "石家庄市", "img": "", "wgs_lon": 114.677817, "wgs_lat": 38.34341, "gcj_lon": 114.683745, "gcj_lat": 38.343952, "geo_addr": "河北省石家庄市新乐市", "coord_src": "geocode", "gcj_note": "api_error:10021:CUQPS_HAS_EXCEEDED_THE_LIMIT"}}, {"type": "Feature", "geometry": {"type": "Point", "coordinates": [114.779082, 37.922327]}, "properties": {"name": "万军山遗址", "level": "省级", "era": "史前至先秦", "lon": 114.773111, "lat": 37.921643, "elev": 49, "city": "石家庄市", "img": "", "wgs_lon": 114.773111, "wgs_lat": 37.921643, "gcj_lon": 114.779082, "gcj_lat": 37.922327, "geo_addr": "河北省石家庄市藁城区军山", "coord_src": "geocode"}}, {"type": "Feature", "geometry": {"type": "Point", "coordinates": [114.514976, 38.042007]}, "properties": {"name": "柴武台古墓", "level": "省级", "era": "秦汉至隋唐", "lon": 114.662897, "lat": 37.892638, "elev": 58, "city": "石家庄市", "img": "", "wgs_lon": 114.662897, "wgs_lat": 37.892638, "gcj_lon": 114.514976, "gcj_lat": 38.042007, "geo_addr": "河北省石家庄市", "coord_src": "geocode", "gcj_note": "api_error:10021:CUQPS_HAS_EXCEEDED_THE_LIMIT"}}, {"type": "Feature", "geometry": {"type": "Point", "coordinates": [115.044141, 38.033937]}, "properties": {"name": "晋州朱氏家族墓地", "level": "省级", "era": "宋元至明清", "lon": 115.037966, "lat": 38.033153, "elev": 50, "city": "石家庄市", "img": "", "wgs_lon": 115.037966, "wgs_lat": 38.033153, "gcj_lon": 115.044141, "gcj_lat": 38.033937, "geo_addr": "河北省石家庄市晋州市", "coord_src": "geocode"}}, {"type": "Feature", "geometry": {"type": "Point", "coordinates": [114.660532, 37.885226]}, "properties": {"name": "栾城文庙大成殿", "level": "省级", "era": "宋元至明清", "lon": 114.654709, "lat": 37.884653, "elev": 58, "city": "石家庄市", "img": "", "wgs_lon": 114.654709, "wgs_lat": 37.884653, "gcj_lon": 114.660532, "gcj_lat": 37.885226, "geo_addr": "河北省石家庄市栾城区栾城文庙大成殿", "coord_src": "geocode", "gcj_note": "api_error:10021:CUQPS_HAS_EXCEEDED_THE_LIMIT"}}, {"type": "Feature", "geometry": {"type": "Point", "coordinates": [114.700097, 38.395193]}, "properties": {"name": "中同龙王庙", "level": "省级", "era": "宋元至明清", "lon": 114.694127, "lat": 38.39462, "elev": 78, "city": "石家庄市", "img": "", "wgs_lon": 114.694127, "wgs_lat": 38.39462, "gcj_lon": 114.700097, "gcj_lat": 38.395193, "geo_addr": "河北省石家庄市新乐市中同村", "coord_src": "geocode", "gcj_note": "api_error:10021:CUQPS_HAS_EXCEEDED_THE_LIMIT"}}, {"type": "Feature", "geometry": {"type": "Point", "coordinates": [115.142236, 38.189615]}, "properties": {"name": "深泽永济桥", "level": "省级", "era": "宋元至明清", "lon": 115.135959, "lat": 38.18881, "elev": 38, "city": "石家庄市", "img": "", "wgs_lon": 115.135959, "wgs_lat": 38.18881, "gcj_lon": 115.142236, "gcj_lat": 38.189615, "geo_addr": "河北省石家庄市深泽县深泽永济桥", "coord_src": "geocode"}}, {"type": "Feature", "geometry": {"type": "Point", "coordinates": [114.695862, 38.043979]}, "properties": {"name": "岗上楼上墓地", "level": "国家级", "era": "史前至先秦", "lon": 114.70208, "lat": 38.046104, "elev": 62, "city": "石家庄市", "img": "", "wgs_lon": 114.70208, "wgs_lat": 38.046104, "gcj_lon": 114.695862, "gcj_lat": 38.043979, "geo_addr": "河北省石家庄市藁城区岗上镇", "coord_src": "geocode", "gcj_note": "api_error:10021:CUQPS_HAS_EXCEEDED_THE_LIMIT"}}, {"type": "Feature", "geometry": {"type": "Point", "coordinates": [114.976256, 38.178852]}, "properties": {"name": "无极甄氏墓群", "level": "国家级", "era": "史前至先秦", "lon": 114.827486, "lat": 38.146147, "elev": 58, "city": "石家庄市", "img": "", "wgs_lon": 114.827486, "wgs_lat": 38.146147, "gcj_lon": 114.976256, "gcj_lat": 38.178852, "geo_addr": "河北省石家庄市无极县", "coord_src": "geocode"}}, {"type": "Feature", "geometry": {"type": "Point", "coordinates": [114.716111, 38.381372]}, "properties": {"name": "伏羲台遗址", "level": "国家级", "era": "史前至先秦", "lon": 114.709778, "lat": 38.381194, "elev": 82, "city": "石家庄市", "img": "", "wgs_lon": 114.709778, "wgs_lat": 38.381194, "gcj_lon": 114.716111, "gcj_lat": 38.381372, "geo_addr": "河北省石家庄市新乐市伏羲台", "coord_src": "geocode", "gcj_note": "api_error:10021:CUQPS_HAS_EXCEEDED_THE_LIMIT"}}, {"type": "Feature", "geometry": {"type": "Point", "coordinates": [115.50247, 38.859374]}, "properties": {"name": "大慈阁", "level": "国家级", "era": "宋元至明清", "lon": 114.951389, "lat": 38.385556, "elev": 52, "city": "保定市", "img": "", "wgs_lon": 115.496271, "wgs_lat": 38.858571, "gcj_lon": 115.50247, "gcj_lat": 38.859374, "geo_addr": "河北省保定市莲池区大慈阁", "coord_src": "geocode"}}, {"type": "Feature", "geometry": {"type": "Point", "coordinates": [114.724254, 38.044858]}, "properties": {"name": "台西遗址", "level": "国家级", "era": "史前至先秦", "lon": 114.720611, "lat": 38.045417, "elev": 61, "city": "石家庄市", "img": "", "wgs_lon": 114.720611, "wgs_lat": 38.045417, "gcj_lon": 114.724254, "gcj_lat": 38.044858, "geo_addr": "河北省石家庄市藁城区台西遗址", "coord_src": "geocode", "gcj_note": "api_error:10021:CUQPS_HAS_EXCEEDED_THE_LIMIT"}}, {"type": "Feature", "geometry": {"type": "Point", "coordinates": [114.514976, 38.042007]}, "properties": {"name": "汉中山王墓", "level": "国家级", "era": "秦汉至隋唐", "lon": 115.0, "lat": 38.0, "elev": 45, "city": "石家庄市", "img": "", "wgs_lon": 115.0, "wgs_lat": 38.0, "gcj_lon": 114.514976, "gcj_lat": 38.042007, "geo_addr": "河北省石家庄市", "coord_src": "geocode", "gcj_note": "api_error:30001:ENGINE_RESPONSE_DATA_ERROR"}}, {"type": "Feature", "geometry": {"type": "Point", "coordinates": [115.518918, 38.234769]}, "properties": {"name": "安平壁画墓", "level": "省级", "era": "秦汉至隋唐", "lon": 115.51286, "lat": 38.234157, "elev": 27, "city": "衡水市", "img": "", "wgs_lon": 115.51286, "wgs_lat": 38.234157, "gcj_lon": 115.518918, "gcj_lat": 38.234769, "geo_addr": "河北省衡水市安平县", "coord_src": "geocode", "gcj_note": "api_error:10021:CUQPS_HAS_EXCEEDED_THE_LIMIT"}}, {"type": "Feature", "geometry": {"type": "Point", "coordinates": [115.330566, 38.301734]}, "properties": {"name": "伍仁桥", "level": "省级", "era": "宋元至明清", "lon": 115.324335, "lat": 38.301006, "elev": 29, "city": "保定市", "img": "", "wgs_lon": 115.418611, "wgs_lat": 38.376111, "gcj_lon": 115.330566, "gcj_lat": 38.301734, "geo_addr": "河北省保定市安国市伍仁桥", "coord_src": "geocode"}}, {"type": "Feature", "geometry": {"type": "Point", "coordinates": [115.66285362574088, 38.01245396165166]}, "properties": {"name": "马君起造像碑", "level": "省级", "era": "秦汉至隋唐", "lon": 115.65696, "lat": 38.011882, "elev": 23, "city": "衡水市", "img": "", "wgs_lon": 115.65696, "wgs_lat": 38.011882, "gcj_lon": 115.66285362574088, "gcj_lat": 38.01245396165166, "geo_addr": "", "coord_src": "fallback_local", "gcj_note": "tries_exhausted"}}, {"type": "Feature", "geometry": {"type": "Point", "coordinates": [115.524265, 38.041423]}, "properties": {"name": "董仲舒石像", "level": "省级", "era": "宋元至明清", "lon": 115.51825, "lat": 38.040792, "elev": 28, "city": "衡水市", "img": "", "wgs_lon": 115.51825, "wgs_lat": 38.040792, "gcj_lon": 115.524265, "gcj_lat": 38.041423, "geo_addr": "河北省衡水市深州市石像村", "coord_src": "geocode", "gcj_note": "api_error:10021:CUQPS_HAS_EXCEEDED_THE_LIMIT"}}, {"type": "Feature", "geometry": {"type": "Point", "coordinates": [115.711488, 37.951273]}, "properties": {"name": "赵村遗址", "level": "省级", "era": "史前至先秦", "lon": 115.705508, "lat": 37.9506, "elev": 25, "city": "衡水市", "img": "", "wgs_lon": 115.705508, "wgs_lat": 37.9506, "gcj_lon": 115.711488, "gcj_lat": 37.951273, "geo_addr": "河北省衡水市深州市赵村", "coord_src": "geocode"}}, {"type": "Feature", "geometry": {"type": "Point", "coordinates": [115.729934, 38.000581]}, "properties": {"name": "大冯营汉墓（传李左车墓）", "level": "省级", "era": "秦汉至隋唐", "lon": 115.723926, "lat": 37.999896, "elev": 23, "city": "衡水市", "img": "", "wgs_lon": 115.723926, "wgs_lat": 37.999896, "gcj_lon": 115.729934, "gcj_lat": 38.000581, "geo_addr": "河北省衡水市深州市大冯营", "coord_src": "geocode"}}, {"type": "Feature", "geometry": {"type": "Point", "coordinates": [115.573028, 38.234933]}, "properties": {"name": "西寨子古墓", "level": "省级", "era": "秦汉至隋唐", "lon": 115.567138, "lat": 38.234445, "elev": 25, "city": "衡水市", "img": "", "wgs_lon": 115.567138, "wgs_lat": 38.234445, "gcj_lon": 115.573028, "gcj_lat": 38.234933, "geo_addr": "河北省衡水市安平县西寨子", "coord_src": "geocode"}}, {"type": "Feature", "geometry": {"type": "Point", "coordinates": [115.343248, 38.299007]}, "properties": {"name": "关汉卿墓", "level": "省级", "era": "宋元至明清", "lon": 115.336986, "lat": 38.298255, "elev": 28, "city": "保定市", "img": "", "wgs_lon": 115.336986, "wgs_lat": 38.298255, "gcj_lon": 115.343248, "gcj_lat": 38.299007, "geo_addr": "河北省保定市安国市关汉卿墓", "coord_src": "geocode"}}, {"type": "Feature", "geometry": {"type": "Point", "coordinates": [115.319539, 38.406574]}, "properties": {"name": "安国药王庙", "level": "省级", "era": "宋元至明清", "lon": 115.313322, "lat": 38.405867, "elev": 34, "city": "保定市", "img": "", "wgs_lon": 115.313322, "wgs_lat": 38.405867, "gcj_lon": 115.319539, "gcj_lat": 38.406574, "geo_addr": "河北省保定市安国市药王庙", "coord_src": "geocode"}}, {"type": "Feature", "geometry": {"type": "Point", "coordinates": [115.559576, 38.001535]}, "properties": {"name": "深州盈亿义仓", "level": "省级", "era": "宋元至明清", "lon": 115.553682, "lat": 38.000982, "elev": 27, "city": "衡水市", "img": "", "wgs_lon": 115.554639, "wgs_lat": 38.008833, "gcj_lon": 115.559576, "gcj_lat": 38.001535, "geo_addr": "河北省衡水市深州市", "coord_src": "geocode"}}, {"type": "Feature", "geometry": {"type": "Point", "coordinates": [115.60974562534855, 38.38317912858923]}, "properties": {"name": "颜习斋祠堂", "level": "省级", "era": "宋元至明清", "lon": 115.603873, "lat": 38.382718, "elev": 22, "city": "保定市", "img": "", "wgs_lon": 115.603873, "wgs_lat": 38.382718, "gcj_lon": 115.60974562534855, "gcj_lat": 38.38317912858923, "geo_addr": "", "coord_src": "fallback_local", "gcj_note": "tries_exhausted"}}, {"type": "Feature", "geometry": {"type": "Point", "coordinates": [115.445752, 38.399398]}, "properties": {"name": "清化寺石佛", "level": "省级", "era": "秦汉至隋唐", "lon": 115.439423, "lat": 38.398602, "elev": 24, "city": "保定市", "img": "", "wgs_lon": 115.439423, "wgs_lat": 38.398602, "gcj_lon": 115.445752, "gcj_lat": 38.399398, "geo_addr": "河北省保定市安国市石佛镇", "coord_src": "geocode"}}, {"type": "Feature", "geometry": {"type": "Point", "coordinates": [115.445752, 38.399398]}, "properties": {"name": "镇国寺石佛", "level": "省级", "era": "秦汉至隋唐", "lon": 115.439423, "lat": 38.398602, "elev": 24, "city": "保定市", "img": "", "wgs_lon": 115.439423, "wgs_lat": 38.398602, "gcj_lon": 115.445752, "gcj_lat": 38.399398, "geo_addr": "河北省保定市安国市石佛镇", "coord_src": "geocode", "gcj_note": "api_error:10021:CUQPS_HAS_EXCEEDED_THE_LIMIT"}}, {"type": "Feature", "geometry": {"type": "Point", "coordinates": [115.668987, 37.739367]}, "properties": {"name": "圣姑庙遗址", "level": "省级", "era": "宋元至明清", "lon": 115.50907, "lat": 38.233624, "elev": 29, "city": "衡水市", "img": "", "wgs_lon": 115.50907, "wgs_lat": 38.233624, "gcj_lon": 115.668987, "gcj_lat": 37.739367, "geo_addr": "河北省衡水市", "coord_src": "geocode", "gcj_note": "api_error:30001:ENGINE_RESPONSE_DATA_ERROR"}}, {"type": "Feature", "geometry": {"type": "Point", "coordinates": [115.464523, 38.874476]}, "properties": {"name": "齐盖墓", "level": "省级", "era": "秦汉至隋唐", "lon": 115.655638, "lat": 38.409403, "elev": 17, "city": "保定市", "img": "", "wgs_lon": 115.655638, "wgs_lat": 38.409403, "gcj_lon": 115.464523, "gcj_lat": 38.874476, "geo_addr": "河北省保定市", "coord_src": "geocode", "gcj_note": "api_error:30001:ENGINE_RESPONSE_DATA_ERROR"}}, {"type": "Feature", "geometry": {"type": "Point", "coordinates": [115.487785, 38.205695]}, "properties": {"name": "东黄城墓群", "level": "省级", "era": "秦汉至隋唐", "lon": 115.481608, "lat": 38.204987, "elev": 22, "city": "衡水市", "img": "", "wgs_lon": 115.481608, "wgs_lat": 38.204987, "gcj_lon": 115.487785, "gcj_lat": 38.205695, "geo_addr": "河北省衡水市安平县东黄城镇", "coord_src": "geocode"}}, {"type": "Feature", "geometry": {"type": "Point", "coordinates": [115.550633, 37.51612]}, "properties": {"name": "路晔、路升墓", "level": "省级", "era": "宋元至明清", "lon": 115.712311, "lat": 38.198745, "elev": 25, "city": "衡水市", "img": "", "wgs_lon": 115.712311, "wgs_lat": 38.198745, "gcj_lon": 115.550633, "gcj_lat": 37.51612, "geo_addr": "河北省衡水市冀州区衡水市路", "coord_src": "geocode", "gcj_note": "api_error:30001:ENGINE_RESPONSE_DATA_ERROR"}}, {"type": "Feature", "geometry": {"type": "Point", "coordinates": [115.445752, 38.399398]}, "properties": {"name": "石佛梁遗址", "level": "省级", "era": "史前至先秦", "lon": 115.439423, "lat": 38.398602, "elev": 24, "city": "保定市", "img": "", "wgs_lon": 115.439423, "wgs_lat": 38.398602, "gcj_lon": 115.445752, "gcj_lat": 38.399398, "geo_addr": "河北省保定市安国市石佛镇", "coord_src": "geocode"}}, {"type": "Feature", "geometry": {"type": "Point", "coordinates": [115.251641, 38.116107]}, "properties": {"name": "广安寺遗址", "level": "省级", "era": "宋元至明清", "lon": 115.24555, "lat": 38.115443, "elev": 37, "city": "石家庄市", "img": "", "wgs_lon": 115.24555, "wgs_lat": 38.115443, "gcj_lon": 115.251641, "gcj_lat": 38.116107, "geo_addr": "河北省石家庄市辛集市广安寺", "coord_src": "geocode"}}, {"type": "Feature", "geometry": {"type": "Point", "coordinates": [115.527558, 37.885516]}, "properties": {"name": "唐家垴古墓群", "level": "省级", "era": "宋元至明清", "lon": 115.521574, "lat": 37.884863, "elev": 28, "city": "衡水市", "img": "", "wgs_lon": 115.521574, "wgs_lat": 37.884863, "gcj_lon": 115.527558, "gcj_lat": 37.885516, "geo_addr": "河北省衡水市深州市唐家村", "coord_src": "geocode"}}, {"type": "Feature", "geometry": {"type": "Point", "coordinates": [115.559576, 38.001535]}, "properties": {"name": "深州盈亿义仓", "level": "国家级", "era": "宋元至明清", "lon": 115.554639, "lat": 38.008833, "elev": 26, "city": "衡水市", "img": "", "wgs_lon": 115.554639, "wgs_lat": 38.008833, "gcj_lon": 115.559576, "gcj_lat": 38.001535, "geo_addr": "河北省衡水市深州市", "coord_src": "geocode"}}, {"type": "Feature", "geometry": {"type": "Point", "coordinates": [115.330566, 38.301734]}, "properties": {"name": "伍仁桥", "level": "国家级", "era": "宋元至明清", "lon": 115.418611, "lat": 38.376111, "elev": 25, "city": "保定市", "img": "", "wgs_lon": 115.418611, "wgs_lat": 38.376111, "gcj_lon": 115.330566, "gcj_lat": 38.301734, "geo_addr": "河北省保定市安国市伍仁桥", "coord_src": "geocode"}}, {"type": "Feature", "geometry": {"type": "Point", "coordinates": [115.48181, 39.11109]}, "properties": {"name": "解村兴国寺塔", "level": "国家级", "era": "宋元至明清", "lon": 115.579611, "lat": 38.404056, "elev": 19, "city": "保定市", "img": "", "wgs_lon": 115.579611, "wgs_lat": 38.404056, "gcj_lon": 115.48181, "gcj_lat": 39.11109, "geo_addr": "河北省保定市徐水区解村", "coord_src": "geocode"}}, {"type": "Feature", "geometry": {"type": "Point", "coordinates": [115.668987, 37.739367]}, "properties": {"name": "逯家庄壁画墓", "level": "国家级", "era": "秦汉至隋唐", "lon": 115.500278, "lat": 38.1675, "elev": 27, "city": "衡水市", "img": "", "wgs_lon": 115.500278, "wgs_lat": 38.1675, "gcj_lon": 115.668987, "gcj_lat": 37.739367, "geo_addr": "河北省衡水市", "coord_src": "geocode", "gcj_note": "api_error:10021:CUQPS_HAS_EXCEEDED_THE_LIMIT"}}, {"type": "Feature", "geometry": {"type": "Point", "coordinates": [116.838715, 38.304676]}, "properties": {"name": "武垣城址", "level": "省级", "era": "秦汉至隋唐", "lon": 115.899298, "lat": 38.395003, "elev": 13, "city": "沧州市", "img": "", "wgs_lon": 115.9, "wgs_lat": 38.4, "gcj_lon": 116.838715, "gcj_lat": 38.304676, "geo_addr": "河北省沧州市", "coord_src": "geocode", "gcj_note": "api_error:30001:ENGINE_RESPONSE_DATA_ERROR"}}, {"type": "Feature", "geometry": {"type": "Point", "coordinates": [115.914649, 38.127221]}, "properties": {"name": "林村墓群", "level": "省级", "era": "秦汉至隋唐", "lon": 115.908924, "lat": 38.126729, "elev": 16, "city": "衡水市", "img": "", "wgs_lon": 115.908924, "wgs_lat": 38.126729, "gcj_lon": 115.914649, "gcj_lat": 38.127221, "geo_addr": "河北省衡水市武强县林村", "coord_src": "geocode"}}, {"type": "Feature", "geometry": {"type": "Point", "coordinates": [116.177037, 38.189998]}, "properties": {"name": "定县汉墓群", "level": "省级", "era": "秦汉至隋唐", "lon": 116.171067, "lat": 38.189232, "elev": 22, "city": "沧州市", "img": "", "wgs_lon": 116.171067, "wgs_lat": 38.189232, "gcj_lon": 116.177037, "gcj_lat": 38.189998, "geo_addr": "河北省沧州市献县汉墓群", "coord_src": "geocode"}}, {"type": "Feature", "geometry": {"type": "Point", "coordinates": [116.838715, 38.304676]}, "properties": {"name": "献县汉墓群", "level": "省级", "era": "秦汉至隋唐", "lon": 116.171067, "lat": 38.189232, "elev": 22, "city": "沧州市", "img": "", "wgs_lon": 116.348611, "wgs_lat": 38.325278, "gcj_lon": 116.838715, "gcj_lat": 38.304676, "geo_addr": "河北省沧州市", "coord_src": "geocode", "gcj_note": "api_error:30001:ENGINE_RESPONSE_DATA_ERROR"}}, {"type": "Feature", "geometry": {"type": "Point", "coordinates": [116.131192, 37.905393]}, "properties": {"name": "吴村古墓", "level": "省级", "era": "秦汉至隋唐", "lon": 116.125144, "lat": 37.904498, "elev": 17, "city": "衡水市", "img": "", "wgs_lon": 116.125144, "wgs_lat": 37.904498, "gcj_lon": 116.131192, "gcj_lat": 37.905393, "geo_addr": "河北省衡水市阜城县吴村", "coord_src": "geocode"}}, {"type": "Feature", "geometry": {"type": "Point", "coordinates": [115.668987, 37.739367]}, "properties": {"name": "孔颖达墓", "level": "省级", "era": "宋元至明清", "lon": 115.823033, "lat": 37.978453, "elev": 21, "city": "衡水市", "img": "", "wgs_lon": 115.823033, "wgs_lat": 37.978453, "gcj_lon": 115.668987, "gcj_lat": 37.739367, "geo_addr": "河北省衡水市", "coord_src": "geocode", "gcj_note": "api_error:30001:ENGINE_RESPONSE_DATA_ERROR"}}, {"type": "Feature", "geometry": {"type": "Point", "coordinates": [116.16807765018945, 38.372876613520965]}, "properties": {"name": "刘完素墓", "level": "省级", "era": "史前至先秦", "lon": 116.162061, "lat": 38.372107, "elev": 11, "city": "沧州市", "img": "", "wgs_lon": 116.162061, "wgs_lat": 38.372107, "gcj_lon": 116.16807765018945, "gcj_lat": 38.372876613520965, "geo_addr": "", "coord_src": "fallback_local", "gcj_note": "tries_exhausted"}}, {"type": "Feature", "geometry": {"type": "Point", "coordinates": [116.838715, 38.304676]}, "properties": {"name": "戚继光墓", "level": "省级", "era": "宋元至明清", "lon": 116.10714, "lat": 38.302572, "elev": 16, "city": "沧州市", "img": "", "wgs_lon": 116.10714, "wgs_lat": 38.302572, "gcj_lon": 116.838715, "gcj_lat": 38.304676, "geo_addr": "河北省沧州市", "coord_src": "geocode", "gcj_note": "api_error:30001:ENGINE_RESPONSE_DATA_ERROR"}}, {"type": "Feature", "geometry": {"type": "Point", "coordinates": [116.133956, 38.143384]}, "properties": {"name": "单桥", "level": "省级", "era": "宋元至明清", "lon": 116.127885, "lat": 38.14254, "elev": 16, "city": "沧州市", "img": "", "wgs_lon": 116.132606, "wgs_lat": 38.139725, "gcj_lon": 116.133956, "gcj_lat": 38.143384, "geo_addr": "河北省沧州市献县单桥", "coord_src": "geocode"}}, {"type": "Feature", "geometry": {"type": "Point", "coordinates": [115.920595, 38.214945]}, "properties": {"name": "梁庄遗址", "level": "省级", "era": "史前至先秦", "lon": 115.914859, "lat": 38.214465, "elev": 19, "city": "沧州市", "img": "", "wgs_lon": 115.914859, "wgs_lat": 38.214465, "gcj_lon": 115.920595, "gcj_lat": 38.214945, "geo_addr": "河北省沧州市献县梁庄", "coord_src": "geocode"}}, {"type": "Feature", "geometry": {"type": "Point", "coordinates": [116.838715, 38.304676]}, "properties": {"name": "左敬祖墓", "level": "省级", "era": "宋元至明清", "lon": 116.050713, "lat": 38.404347, "elev": 13, "city": "沧州市", "img": "", "wgs_lon": 116.050713, "wgs_lat": 38.404347, "gcj_lon": 116.838715, "gcj_lat": 38.304676, "geo_addr": "河北省沧州市", "coord_src": "geocode", "gcj_note": "api_error:10021:CUQPS_HAS_EXCEEDED_THE_LIMIT"}}, {"type": "Feature", "geometry": {"type": "Point", "coordinates": [115.668987, 37.739367]}, "properties": {"name": "花园遗址", "level": "省级", "era": "宋元至明清", "lon": 115.873983, "lat": 37.988684, "elev": 20, "city": "衡水市", "img": "", "wgs_lon": 115.873983, "wgs_lat": 37.988684, "gcj_lon": 115.668987, "gcj_lat": 37.739367, "geo_addr": "河北省衡水市", "coord_src": "geocode", "gcj_note": "api_error:30001:ENGINE_RESPONSE_DATA_ERROR"}}, {"type": "Feature", "geometry": {"type": "Point", "coordinates": [115.668987, 37.739367]}, "properties": {"name": "十八亩冢", "level": "省级", "era": "秦汉至隋唐", "lon": 115.808284, "lat": 38.140343, "elev": 21, "city": "衡水市", "img": "", "wgs_lon": 115.808284, "wgs_lat": 38.140343, "gcj_lon": 115.668987, "gcj_lat": 37.739367, "geo_addr": "河北省衡水市", "coord_src": "geocode", "gcj_note": "api_error:30001:ENGINE_RESPONSE_DATA_ERROR"}}, {"type": "Feature", "geometry": {"type": "Point", "coordinates": [116.149016, 37.870848]}, "properties": {"name": "阜城文庙大成殿", "level": "省级", "era": "宋元至明清", "lon": 116.143009, "lat": 37.86997, "elev": 19, "city": "衡水市", "img": "", "wgs_lon": 116.143009, "wgs_lat": 37.86997, "gcj_lon": 116.149016, "gcj_lat": 37.870848, "geo_addr": "河北省衡水市阜城县阜城文庙", "coord_src": "geocode"}}, {"type": "Feature", "geometry": {"type": "Point", "coordinates": [116.24621, 38.019218]}, "properties": {"name": "北疃烈士陵园", "level": "省级", "era": "近代以来", "lon": 116.240401, "lat": 38.018511, "elev": 17, "city": "沧州市", "img": "", "wgs_lon": 116.240401, "wgs_lat": 38.018511, "gcj_lon": 116.24621, "gcj_lat": 38.019218, "geo_addr": "河北省沧州市泊头市烈士陵园", "coord_src": "geocode"}}, {"type": "Feature", "geometry": {"type": "Point", "coordinates": [116.838715, 38.304676]}, "properties": {"name": "武垣城址", "level": "国家级", "era": "史前至先秦", "lon": 115.9, "lat": 38.4, "elev": 17, "city": "沧州市", "img": "", "wgs_lon": 115.9, "wgs_lat": 38.4, "gcj_lon": 116.838715, "gcj_lat": 38.304676, "geo_addr": "河北省沧州市", "coord_src": "geocode", "gcj_note": "api_error:30001:ENGINE_RESPONSE_DATA_ERROR"}}, {"type": "Feature", "geometry": {"type": "Point", "coordinates": [116.133956, 38.143384]}, "properties": {"name": "单桥", "level": "国家级", "era": "宋元至明清", "lon": 116.132606, "lat": 38.139725, "elev": 18, "city": "沧州市", "img": "", "wgs_lon": 116.132606, "wgs_lat": 38.139725, "gcj_lon": 116.133956, "gcj_lat": 38.143384, "geo_addr": "河北省沧州市献县单桥", "coord_src": "geocode"}}, {"type": "Feature", "geometry": {"type": "Point", "coordinates": [116.838715, 38.304676]}, "properties": {"name": "献县汉墓群", "level": "国家级", "era": "秦汉至隋唐", "lon": 116.348611, "lat": 38.325278, "elev": 14, "city": "沧州市", "img": "", "wgs_lon": 116.348611, "wgs_lat": 38.325278, "gcj_lon": 116.838715, "gcj_lat": 38.304676, "geo_addr": "河北省沧州市", "coord_src": "geocode", "gcj_note": "api_error:30001:ENGINE_RESPONSE_DATA_ERROR"}}, {"type": "Feature", "geometry": {"type": "Point", "coordinates": [116.38844, 38.217483]}, "properties": {"name": "西洋村遗址", "level": "省级", "era": "史前至先秦", "lon": 116.382413, "lat": 38.216635, "elev": 14, "city": "沧州市", "img": "", "wgs_lon": 116.382413, "wgs_lat": 38.216635, "gcj_lon": 116.38844, "gcj_lat": 38.217483, "geo_addr": "河北省沧州市献县西洋村", "coord_src": "geocode"}}, {"type": "Feature", "geometry": {"type": "Point", "coordinates": [116.838715, 38.304676]}, "properties": {"name": "尹吉甫墓", "level": "省级", "era": "史前至先秦", "lon": 116.662069, "lat": 38.058162, "elev": 13, "city": "沧州市", "img": "", "wgs_lon": 116.662069, "wgs_lat": 38.058162, "gcj_lon": 116.838715, "gcj_lat": 38.304676, "geo_addr": "河北省沧州市", "coord_src": "geocode", "gcj_note": "api_error:10021:CUQPS_HAS_EXCEEDED_THE_LIMIT"}}, {"type": "Feature", "geometry": {"type": "Point", "coordinates": [116.839423, 38.302269]}, "properties": {"name": "钟楼", "level": "省级", "era": "宋元至明清", "lon": 116.833624, "lat": 38.301701, "elev": 10, "city": "沧州市", "img": "", "wgs_lon": 116.833624, "wgs_lat": 38.301701, "gcj_lon": 116.839423, "gcj_lat": 38.302269, "geo_addr": "河北省沧州市运河区钟楼", "coord_src": "geocode"}}, {"type": "Feature", "geometry": {"type": "Point", "coordinates": [116.86489, 38.305442]}, "properties": {"name": "清真北大寺", "level": "省级", "era": "宋元至明清", "lon": 116.859133, "lat": 38.304918, "elev": 12, "city": "沧州市", "img": "", "wgs_lon": 116.859133, "wgs_lat": 38.304918, "gcj_lon": 116.86489, "gcj_lat": 38.305442, "geo_addr": "河北省沧州市新华区沧州市清真北大寺", "coord_src": "geocode"}}, {"type": "Feature", "geometry": {"type": "Point", "coordinates": [116.570501, 38.06667]}, "properties": {"name": "泊镇清真寺", "level": "省级", "era": "宋元至明清", "lon": 116.564907, "lat": 38.066129, "elev": 17, "city": "沧州市", "img": "", "wgs_lon": 116.564907, "wgs_lat": 38.066129, "gcj_lon": 116.570501, "gcj_lat": 38.06667, "geo_addr": "河北省沧州市泊头市泊镇清真寺", "coord_src": "geocode"}}, {"type": "Feature", "geometry": {"type": "Point", "coordinates": [116.735284, 38.33966]}, "properties": {"name": "登瀛桥", "level": "省级", "era": "宋元至明清", "lon": 116.72941, "lat": 38.338999, "elev": 12, "city": "沧州市", "img": "", "wgs_lon": 117.0, "wgs_lat": 38.0, "gcj_lon": 116.735284, "gcj_lat": 38.33966, "geo_addr": "河北省沧州市沧县登瀛桥", "coord_src": "geocode"}}, {"type": "Feature", "geometry": {"type": "Point", "coordinates": [116.853585, 38.305543]}, "properties": {"name": "清风楼", "level": "省级", "era": "宋元至明清", "lon": 116.847811, "lat": 38.305001, "elev": 16, "city": "沧州市", "img": "", "wgs_lon": 116.847811, "wgs_lat": 38.305001, "gcj_lon": 116.853585, "gcj_lat": 38.305543, "geo_addr": "河北省沧州市运河区清风楼", "coord_src": "geocode"}}, {"type": "Feature", "geometry": {"type": "Point", "coordinates": [116.708867, 38.041919]}, "properties": {"name": "石金刚", "level": "省级", "era": "秦汉至隋唐", "lon": 116.703078, "lat": 38.041248, "elev": 7, "city": "沧州市", "img": "", "wgs_lon": 116.703078, "wgs_lat": 38.041248, "gcj_lon": 116.708867, "gcj_lat": 38.041919, "geo_addr": "河北省沧州市南皮县石金刚", "coord_src": "geocode"}}, {"type": "Feature", "geometry": {"type": "Point", "coordinates": [116.532455, 38.218733]}, "properties": {"name": "前高龙华古墓（传袁绍墓）", "level": "省级", "era": "秦汉至隋唐", "lon": 116.526746, "lat": 38.218137, "elev": 13, "city": "沧州市", "img": "", "wgs_lon": 116.526746, "wgs_lat": 38.218137, "gcj_lon": 116.532455, "gcj_lat": 38.218733, "geo_addr": "河北省沧州市沧县前高龙华古墓(袁绍墓)", "coord_src": "geocode"}}, {"type": "Feature", "geometry": {"type": "Point", "coordinates": [116.857782, 38.306991]}, "properties": {"name": "沧州文庙", "level": "省级", "era": "宋元至明清", "lon": 116.852014, "lat": 38.306456, "elev": 12, "city": "沧州市", "img": "", "wgs_lon": 116.852014, "wgs_lat": 38.306456, "gcj_lon": 116.857782, "gcj_lat": 38.306991, "geo_addr": "河北省沧州市运河区沧州文庙", "coord_src": "geocode"}}, {"type": "Feature", "geometry": {"type": "Point", "coordinates": [116.366138, 38.148757]}, "properties": {"name": "徘徊遗址", "level": "省级", "era": "史前至先秦", "lon": 116.36015, "lat": 38.147925, "elev": 15, "city": "沧州市", "img": "", "wgs_lon": 116.36015, "wgs_lat": 38.147925, "gcj_lon": 116.366138, "gcj_lat": 38.148757, "geo_addr": "河北省沧州市泊头市徘徊", "coord_src": "geocode"}}, {"type": "Feature", "geometry": {"type": "Point", "coordinates": [116.410865, 37.943297]}, "properties": {"name": "王顺庄园", "level": "省级", "era": "近代以来", "lon": 116.404862, "lat": 37.942388, "elev": 16, "city": "衡水市", "img": "", "wgs_lon": 116.404862, "wgs_lat": 37.942388, "gcj_lon": 116.410865, "gcj_lat": 37.943297, "geo_addr": "河北省衡水市阜城县王顺庄村", "coord_src": "geocode"}}, {"type": "Feature", "geometry": {"type": "Point", "coordinates": [116.876323, 38.224904]}, "properties": {"name": "小贾庄莲台寺遗址", "level": "省级", "era": "史前至先秦", "lon": 116.870588, "lat": 38.224388, "elev": 10, "city": "沧州市", "img": "", "wgs_lon": 116.870588, "wgs_lat": 38.224388, "gcj_lon": 116.876323, "gcj_lat": 38.224904, "geo_addr": "河北省沧州市沧县小贾庄村", "coord_src": "geocode", "gcj_note": "api_error:10021:CUQPS_HAS_EXCEEDED_THE_LIMIT"}}, {"type": "Feature", "geometry": {"type": "Point", "coordinates": [116.876323, 38.224904]}, "properties": {"name": "小贾庄汉代古战场遗址", "level": "省级", "era": "秦汉至隋唐", "lon": 116.870588, "lat": 38.224388, "elev": 10, "city": "沧州市", "img": "", "wgs_lon": 116.870588, "wgs_lat": 38.224388, "gcj_lon": 116.876323, "gcj_lat": 38.224904, "geo_addr": "河北省沧州市沧县小贾庄村", "coord_src": "geocode"}}, {"type": "Feature", "geometry": {"type": "Point", "coordinates": [116.869832, 38.303617]}, "properties": {"name": "小东庄古墓群", "level": "省级", "era": "史前至先秦", "lon": 116.864081, "lat": 38.3031, "elev": 7, "city": "沧州市", "img": "", "wgs_lon": 116.864081, "wgs_lat": 38.3031, "gcj_lon": 116.869832, "gcj_lat": 38.303617, "geo_addr": "河北省沧州市新华区小东庄", "coord_src": "geocode"}}, {"type": "Feature", "geometry": {"type": "Point", "coordinates": [116.838715, 38.304676]}, "properties": {"name": "马致远墓", "level": "省级", "era": "宋元至明清", "lon": 116.652697, "lat": 37.893414, "elev": 13, "city": "沧州市", "img": "", "wgs_lon": 116.652697, "wgs_lat": 37.893414, "gcj_lon": 116.838715, "gcj_lat": 38.304676, "geo_addr": "河北省沧州市", "coord_src": "geocode", "gcj_note": "api_error:30001:ENGINE_RESPONSE_DATA_ERROR"}}, {"type": "Feature", "geometry": {"type": "Point", "coordinates": [116.53713812033503, 37.88884451282688]}, "properties": {"name": "刘谬王墓地", "level": "省级", "era": "秦汉至隋唐", "lon": 116.531482, "lat": 37.888198, "elev": 21, "city": "沧州市", "img": "", "wgs_lon": 116.531482, "wgs_lat": 37.888198, "gcj_lon": 116.53713812033503, "gcj_lat": 37.88884451282688, "geo_addr": "", "coord_src": "fallback_local", "gcj_note": "tries_exhausted"}}, {"type": "Feature", "geometry": {"type": "Point", "coordinates": [116.838715, 38.304676]}, "properties": {"name": "沧州戴氏家族墓地", "level": "省级", "era": "宋元至明清", "lon": 116.832914, "lat": 38.304107, "elev": 10, "city": "沧州市", "img": "", "wgs_lon": 116.832914, "wgs_lat": 38.304107, "gcj_lon": 116.838715, "gcj_lat": 38.304676, "geo_addr": "河北省沧州市", "coord_src": "geocode"}}, {"type": "Feature", "geometry": {"type": "Point", "coordinates": [116.838715, 38.304676]}, "properties": {"name": "刘焘墓", "level": "省级", "era": "宋元至明清", "lon": 116.835937, "lat": 38.263872, "elev": 12, "city": "沧州市", "img": "", "wgs_lon": 116.835937, "wgs_lat": 38.263872, "gcj_lon": 116.838715, "gcj_lat": 38.304676, "geo_addr": "河北省沧州市", "coord_src": "geocode", "gcj_note": "api_error:10021:CUQPS_HAS_EXCEEDED_THE_LIMIT"}}, {"type": "Feature", "geometry": {"type": "Point", "coordinates": [116.838715, 38.304676]}, "properties": {"name": "刘师傅墓地", "level": "省级", "era": "宋元至明清", "lon": 116.900776, "lat": 38.385885, "elev": 9, "city": "沧州市", "img": "", "wgs_lon": 116.900776, "wgs_lat": 38.385885, "gcj_lon": 116.838715, "gcj_lat": 38.304676, "geo_addr": "河北省沧州市", "coord_src": "geocode", "gcj_note": "api_error:30001:ENGINE_RESPONSE_DATA_ERROR"}}, {"type": "Feature", "geometry": {"type": "Point", "coordinates": [116.86307, 38.248966]}, "properties": {"name": "捷地分洪闸设施", "level": "省级", "era": "宋元至明清", "lon": 116.857317, "lat": 38.248435, "elev": 11, "city": "沧州市", "img": "", "wgs_lon": 116.857317, "wgs_lat": 38.248435, "gcj_lon": 116.86307, "gcj_lat": 38.248966, "geo_addr": "河北省沧州市沧县捷地", "coord_src": "geocode", "gcj_note": "api_error:10021:CUQPS_HAS_EXCEEDED_THE_LIMIT"}}, {"type": "Feature", "geometry": {"type": "Point", "coordinates": [116.719575, 38.145837]}, "properties": {"name": "大德昌钱庄", "level": "省级", "era": "宋元至明清", "lon": 116.713751, "lat": 38.145171, "elev": 11, "city": "沧州市", "img": "", "wgs_lon": 116.713751, "wgs_lat": 38.145171, "gcj_lon": 116.719575, "gcj_lat": 38.145837, "geo_addr": "河北省沧州市南皮县钱庄", "coord_src": "geocode"}}, {"type": "Feature", "geometry": {"type": "Point", "coordinates": [116.71241, 38.302763]}, "properties": {"name": "海码头石菩萨", "level": "省级", "era": "宋元至明清", "lon": 116.706583, "lat": 38.302127, "elev": 13, "city": "沧州市", "img": "", "wgs_lon": 116.706583, "wgs_lat": 38.302127, "gcj_lon": 116.71241, "gcj_lat": 38.302763, "geo_addr": "河北省沧州市沧县海码头村", "coord_src": "geocode", "gcj_note": "api_error:10021:CUQPS_HAS_EXCEEDED_THE_LIMIT"}}, {"type": "Feature", "geometry": {"type": "Point", "coordinates": [116.857444, 38.306889]}, "properties": {"name": "正泰茶庄", "level": "省级", "era": "近代以来", "lon": 116.853036, "lat": 38.306928, "elev": 12, "city": "沧州市", "img": "", "wgs_lon": 116.853036, "wgs_lat": 38.306928, "gcj_lon": 116.857444, "gcj_lat": 38.306889, "geo_addr": "河北省沧州市运河区正泰茶庄", "coord_src": "geocode", "gcj_note": "api_error:10021:CUQPS_HAS_EXCEEDED_THE_LIMIT"}}, {"type": "Feature", "geometry": {"type": "Point", "coordinates": [116.838715, 38.304676]}, "properties": {"name": "古皮城遗址", "level": "省级", "era": "秦汉至隋唐", "lon": 116.740404, "lat": 38.072819, "elev": 10, "city": "沧州市", "img": "", "wgs_lon": 116.740404, "wgs_lat": 38.072819, "gcj_lon": 116.838715, "gcj_lat": 38.304676, "geo_addr": "河北省沧州市", "coord_src": "geocode", "gcj_note": "api_error:30001:ENGINE_RESPONSE_DATA_ERROR"}}, {"type": "Feature", "geometry": {"type": "Point", "coordinates": [116.543701, 38.360588]}, "properties": {"name": "西张庄墓群", "level": "省级", "era": "秦汉至隋唐", "lon": 116.538011, "lat": 38.36003, "elev": 9, "city": "沧州市", "img": "", "wgs_lon": 116.538011, "wgs_lat": 38.36003, "gcj_lon": 116.543701, "gcj_lat": 38.360588, "geo_addr": "河北省沧州市沧县西张庄", "coord_src": "geocode"}}, {"type": "Feature", "geometry": {"type": "Point", "coordinates": [116.838715, 38.304676]}, "properties": {"name": "纪晓岚墓地", "level": "国家级", "era": "宋元至明清", "lon": 116.525483, "lat": 38.256105, "elev": 11, "city": "沧州市", "img": "", "wgs_lon": 116.525483, "wgs_lat": 38.256105, "gcj_lon": 116.838715, "gcj_lat": 38.304676, "geo_addr": "河北省沧州市", "coord_src": "geocode", "gcj_note": "api_error:30001:ENGINE_RESPONSE_DATA_ERROR"}}, {"type": "Feature", "geometry": {"type": "Point", "coordinates": [116.568502, 38.064204]}, "properties": {"name": "泊头清真寺", "level": "国家级", "era": "宋元至明清", "lon": 116.575795, "lat": 38.069699, "elev": 15, "city": "沧州市", "img": "", "wgs_lon": 116.575795, "wgs_lat": 38.069699, "gcj_lon": 116.568502, "gcj_lat": 38.064204, "geo_addr": "河北省沧州市泊头市泊头清真寺", "coord_src": "geocode"}}, {"type": "Feature", "geometry": {"type": "Point", "coordinates": [116.838715, 38.304676]}, "properties": {"name": "郛堤城址", "level": "省级", "era": "史前至先秦", "lon": 117.325185, "lat": 38.394489, "elev": 2, "city": "沧州市", "img": "", "wgs_lon": 117.325185, "wgs_lat": 38.394489, "gcj_lon": 116.838715, "gcj_lat": 38.304676, "geo_addr": "河北省沧州市", "coord_src": "geocode", "gcj_note": "api_error:30001:ENGINE_RESPONSE_DATA_ERROR"}}, {"type": "Feature", "geometry": {"type": "Point", "coordinates": [117.311597, 38.191605]}, "properties": {"name": "沧州旧城", "level": "省级", "era": "宋元至明清", "lon": 117.305349, "lat": 38.190858, "elev": 9, "city": "沧州市", "img": "", "wgs_lon": 117.0, "wgs_lat": 38.0, "gcj_lon": 117.311597, "gcj_lat": 38.191605, "geo_addr": "河北省沧州市黄骅市旧城镇", "coord_src": "geocode"}}, {"type": "Feature", "geometry": {"type": "Point", "coordinates": [117.022217, 38.206967]}, "properties": {"name": "沧州铁狮子", "level": "省级", "era": "宋元至明清", "lon": 117.016127, "lat": 38.206233, "elev": 12, "city": "沧州市", "img": "", "wgs_lon": 117.019894, "wgs_lat": 38.204255, "gcj_lon": 117.022217, "gcj_lat": 38.206967, "geo_addr": "河北省沧州市沧县沧州铁狮子", "coord_src": "geocode"}}, {"type": "Feature", "geometry": {"type": "Point", "coordinates": [116.982048, 38.25872]}, "properties": {"name": "南屯遗址", "level": "省级", "era": "史前至先秦", "lon": 116.976126, "lat": 38.258111, "elev": 9, "city": "沧州市", "img": "", "wgs_lon": 116.976126, "wgs_lat": 38.258111, "gcj_lon": 116.982048, "gcj_lat": 38.25872, "geo_addr": "河北省沧州市沧县南屯", "coord_src": "geocode"}}, {"type": "Feature", "geometry": {"type": "Point", "coordinates": [117.195492, 37.972381]}, "properties": {"name": "王翱墓", "level": "省级", "era": "宋元至明清", "lon": 117.189312, "lat": 37.971585, "elev": 14, "city": "沧州市", "img": "", "wgs_lon": 117.189312, "wgs_lat": 37.971585, "gcj_lon": 117.195492, "gcj_lat": 37.972381, "geo_addr": "河北省沧州市孟村回族自治县王翱墓", "coord_src": "geocode"}}, {"type": "Feature", "geometry": {"type": "Point", "coordinates": [117.3305, 38.266908]}, "properties": {"name": "张仁宪神道碑", "level": "省级", "era": "秦汉至隋唐", "lon": 117.324193, "lat": 38.266136, "elev": 8, "city": "沧州市", "img": "", "wgs_lon": 117.324193, "wgs_lat": 38.266136, "gcj_lon": 117.3305, "gcj_lat": 38.266908, "geo_addr": "河北省沧州市黄骅市张仁村", "coord_src": "geocode", "gcj_note": "api_error:10021:CUQPS_HAS_EXCEEDED_THE_LIMIT"}}, {"type": "Feature", "geometry": {"type": "Point", "coordinates": [117.497545, 38.143308]}, "properties": {"name": "海兴制盐遗址", "level": "省级", "era": "秦汉至隋唐", "lon": 117.49129, "lat": 38.142575, "elev": 7, "city": "沧州市", "img": "", "wgs_lon": 117.49129, "wgs_lat": 38.142575, "gcj_lon": 117.497545, "gcj_lat": 38.143308, "geo_addr": "河北省沧州市海兴县", "coord_src": "geocode", "gcj_note": "api_error:10021:CUQPS_HAS_EXCEEDED_THE_LIMIT"}}, {"type": "Feature", "geometry": {"type": "Point", "coordinates": [117.230681, 38.058074]}, "properties": {"name": "盐山武庙大殿", "level": "省级", "era": "宋元至明清", "lon": 117.224536, "lat": 38.057345, "elev": 10, "city": "沧州市", "img": "", "wgs_lon": 117.224536, "wgs_lat": 38.057345, "gcj_lon": 117.230681, "gcj_lat": 38.058074, "geo_addr": "河北省沧州市盐山县", "coord_src": "geocode"}}, {"type": "Feature", "geometry": {"type": "Point", "coordinates": [116.838715, 38.304676]}, "properties": {"name": "郛堤城遗址", "level": "国家级", "era": "史前至先秦", "lon": 117.326953, "lat": 38.398122, "elev": 4, "city": "沧州市", "img": "", "wgs_lon": 117.326953, "wgs_lat": 38.398122, "gcj_lon": 116.838715, "gcj_lat": 38.304676, "geo_addr": "河北省沧州市", "coord_src": "geocode", "gcj_note": "api_error:30001:ENGINE_RESPONSE_DATA_ERROR"}}, {"type": "Feature", "geometry": {"type": "Point", "coordinates": [116.735284, 38.33966]}, "properties": {"name": "登瀛桥", "level": "国家级", "era": "宋元至明清", "lon": 117.0, "lat": 38.0, "elev": 12, "city": "沧州市", "img": "", "wgs_lon": 117.0, "wgs_lat": 38.0, "gcj_lon": 116.735284, "gcj_lat": 38.33966, "geo_addr": "河北省沧州市沧县登瀛桥", "coord_src": "geocode"}}, {"type": "Feature", "geometry": {"type": "Point", "coordinates": [117.311597, 38.191605]}, "properties": {"name": "沧州旧城", "level": "国家级", "era": "秦汉至隋唐", "lon": 117.0, "lat": 38.0, "elev": 12, "city": "沧州市", "img": "", "wgs_lon": 117.0, "wgs_lat": 38.0, "gcj_lon": 117.311597, "gcj_lat": 38.191605, "geo_addr": "河北省沧州市黄骅市旧城镇", "coord_src": "geocode"}}, {"type": "Feature", "geometry": {"type": "Point", "coordinates": [117.022217, 38.206967]}, "properties": {"name": "沧州铁狮子", "level": "国家级", "era": "宋元至明清", "lon": 117.019894, "lat": 38.204255, "elev": 8, "city": "沧州市", "img": "", "wgs_lon": 117.019894, "wgs_lat": 38.204255, "gcj_lon": 117.022217, "gcj_lat": 38.206967, "geo_addr": "河北省沧州市沧县沧州铁狮子", "coord_src": "geocode"}}, {"type": "Feature", "geometry": {"type": "Point", "coordinates": [116.838715, 38.304676]}, "properties": {"name": "刘阳墓", "level": "省级", "era": "秦汉至隋唐", "lon": 117.579613, "lat": 38.166583, "elev": 13, "city": "沧州市", "img": "", "wgs_lon": 117.579613, "wgs_lat": 38.166583, "gcj_lon": 116.838715, "gcj_lat": 38.304676, "geo_addr": "河北省沧州市", "coord_src": "geocode", "gcj_note": "api_error:30001:ENGINE_RESPONSE_DATA_ERROR"}}, {"type": "Feature", "geometry": {"type": "Point", "coordinates": [116.838715, 38.304676]}, "properties": {"name": "武帝台遗址", "level": "省级", "era": "秦汉至隋唐", "lon": 117.507074, "lat": 38.344988, "elev": 5, "city": "沧州市", "img": "", "wgs_lon": 117.507074, "wgs_lat": 38.344988, "gcj_lon": 116.838715, "gcj_lat": 38.304676, "geo_addr": "河北省沧州市", "coord_src": "geocode", "gcj_note": "api_error:30001:ENGINE_RESPONSE_DATA_ERROR"}}, {"type": "Feature", "geometry": {"type": "Point", "coordinates": [117.584008, 38.311456]}, "properties": {"name": "海丰镇遗址", "level": "国家级", "era": "史前至先秦", "lon": 117.576139, "lat": 38.301306, "elev": 4, "city": "沧州市", "img": "", "wgs_lon": 117.576139, "wgs_lat": 38.301306, "gcj_lon": 117.584008, "gcj_lat": 38.311456, "geo_addr": "河北省沧州市黄骅市海丰镇", "coord_src": "geocode"}}, {"type": "Feature", "geometry": {"type": "Point", "coordinates": [114.041577, 38.593492]}, "properties": {"name": "幽居寺塔", "level": "省级", "era": "秦汉至隋唐", "lon": 114.035047, "lat": 38.592748, "elev": 376, "city": "石家庄市", "img": "", "wgs_lon": 114.035047, "wgs_lat": 38.592748, "gcj_lon": 114.041577, "gcj_lat": 38.593492, "geo_addr": "河北省石家庄市灵寿县幽居寺塔", "coord_src": "geocode", "gcj_note": "api_error:10021:CUQPS_HAS_EXCEEDED_THE_LIMIT"}}, {"type": "Feature", "geometry": {"type": "Point", "coordinates": [113.851069, 38.786223]}, "properties": {"name": "庆化寺华塔", "level": "省级", "era": "宋元至明清", "lon": 113.844647, "lat": 38.785631, "elev": 1216, "city": "保定市", "img": "", "wgs_lon": 113.844647, "wgs_lat": 38.785631, "gcj_lon": 113.851069, "gcj_lat": 38.786223, "geo_addr": "河北省保定市阜平县华塔", "coord_src": "geocode"}}, {"type": "Feature", "geometry": {"type": "Point", "coordinates": [114.216051, 38.839319]}, "properties": {"name": "三关遗址", "level": "省级", "era": "史前至先秦", "lon": 114.209722, "lat": 38.838537, "elev": 250, "city": "保定市", "img": "", "wgs_lon": 114.209722, "wgs_lat": 38.838537, "gcj_lon": 114.216051, "gcj_lat": 38.839319, "geo_addr": "河北省保定市阜平县三关", "coord_src": "geocode", "gcj_note": "api_error:10021:CUQPS_HAS_EXCEEDED_THE_LIMIT"}}, {"type": "Feature", "geometry": {"type": "Point", "coordinates": [114.290947, 38.752174]}, "properties": {"name": "固镇铁冶遗址", "level": "省级", "era": "秦汉至隋唐", "lon": 114.28469, "lat": 38.751442, "elev": 227, "city": "保定市", "img": "", "wgs_lon": 114.28469, "wgs_lat": 38.751442, "gcj_lon": 114.290947, "gcj_lat": 38.752174, "geo_addr": "河北省保定市阜平县固镇村", "coord_src": "geocode"}}, {"type": "Feature", "geometry": {"type": "Point", "coordinates": [114.153737, 38.789509]}, "properties": {"name": "苍山石佛堂", "level": "省级", "era": "宋元至明清", "lon": 114.147225, "lat": 38.788645, "elev": 443, "city": "保定市", "img": "", "wgs_lon": 114.147225, "wgs_lat": 38.788645, "gcj_lon": 114.153737, "gcj_lat": 38.789509, "geo_addr": "河北省保定市阜平县苍山石佛堂", "coord_src": "geocode", "gcj_note": "api_error:10021:CUQPS_HAS_EXCEEDED_THE_LIMIT"}}, {"type": "Feature", "geometry": {"type": "Point", "coordinates": [114.176216, 38.732015]}, "properties": {"name": "晋察冀边区烈士陵园", "level": "省级", "era": "近代以来", "lon": 114.169781, "lat": 38.731218, "elev": 280, "city": "保定市", "img": "", "wgs_lon": 114.169781, "wgs_lat": 38.731218, "gcj_lon": 114.176216, "gcj_lat": 38.732015, "geo_addr": "河北省保定市阜平县晋察冀边区", "coord_src": "geocode"}}, {"type": "Feature", "geometry": {"type": "Point", "coordinates": [114.514976, 38.042007]}, "properties": {"name": "升仙桥", "level": "省级", "era": "宋元至明清", "lon": 114.544484, "lat": 38.431949, "elev": 103, "city": "石家庄市", "img": "", "wgs_lon": 114.544484, "wgs_lat": 38.431949, "gcj_lon": 114.514976, "gcj_lat": 38.042007, "geo_addr": "河北省石家庄市", "coord_src": "geocode", "gcj_note": "api_error:10021:CUQPS_HAS_EXCEEDED_THE_LIMIT"}}, {"type": "Feature", "geometry": {"type": "Point", "coordinates": [114.514976, 38.042007]}, "properties": {"name": "封崇寺", "level": "省级", "era": "宋元至明清", "lon": 114.550707, "lat": 38.436289, "elev": 105, "city": "石家庄市", "img": "", "wgs_lon": 114.550707, "wgs_lat": 38.436289, "gcj_lon": 114.514976, "gcj_lat": 38.042007, "geo_addr": "河北省石家庄市", "coord_src": "geocode", "gcj_note": "api_error:30001:ENGINE_RESPONSE_DATA_ERROR"}}, {"type": "Feature", "geometry": {"type": "Point", "coordinates": [114.555096, 38.438069]}, "properties": {"name": "行唐城隍庙大殿", "level": "省级", "era": "宋元至明清", "lon": 114.549199, "lat": 38.437576, "elev": 104, "city": "石家庄市", "img": "", "wgs_lon": 114.549199, "wgs_lat": 38.437576, "gcj_lon": 114.555096, "gcj_lat": 38.438069, "geo_addr": "河北省石家庄市行唐县行唐城隍庙大殿", "coord_src": "geocode", "gcj_note": "api_error:10021:CUQPS_HAS_EXCEEDED_THE_LIMIT"}}, {"type": "Feature", "geometry": {"type": "Point", "coordinates": [114.628464, 38.806179]}, "properties": {"name": "行善寺及鬷假楼", "level": "省级", "era": "宋元至明清", "lon": 114.62259, "lat": 38.805607, "elev": 206, "city": "保定市", "img": "", "wgs_lon": 114.62259, "wgs_lat": 38.805607, "gcj_lon": 114.628464, "gcj_lat": 38.806179, "geo_addr": "河北省保定市曲阳县行善寺", "coord_src": "geocode"}}, {"type": "Feature", "geometry": {"type": "Point", "coordinates": [114.553044, 38.437535]}, "properties": {"name": "行唐县抗日烈士纪念塔", "level": "省级", "era": "近代以来", "lon": 114.547141, "lat": 38.437037, "elev": 105, "city": "石家庄市", "img": "", "wgs_lon": 114.547141, "wgs_lat": 38.437037, "gcj_lon": 114.553044, "gcj_lat": 38.437535, "geo_addr": "河北省石家庄市行唐县", "coord_src": "geocode"}}, {"type": "Feature", "geometry": {"type": "Point", "coordinates": [115.464523, 38.874476]}, "properties": {"name": "王处直墓", "level": "省级", "era": "宋元至明清", "lon": 114.591533, "lat": 38.807741, "elev": 238, "city": "保定市", "img": "", "wgs_lon": 114.572749, "wgs_lat": 38.80836, "gcj_lon": 115.464523, "gcj_lat": 38.874476, "geo_addr": "河北省保定市", "coord_src": "geocode", "gcj_note": "api_error:30001:ENGINE_RESPONSE_DATA_ERROR"}}, {"type": "Feature", "geometry": {"type": "Point", "coordinates": [114.316828, 38.678998]}, "properties": {"name": "两岭口摩崖造像", "level": "省级", "era": "宋元至明清", "lon": 114.310547, "lat": 38.678257, "elev": 263, "city": "石家庄市", "img": "", "wgs_lon": 114.310547, "wgs_lat": 38.678257, "gcj_lon": 114.316828, "gcj_lat": 38.678998, "geo_addr": "河北省石家庄市行唐县两岭口村", "coord_src": "geocode"}}, {"type": "Feature", "geometry": {"type": "Point", "coordinates": [114.613224, 38.529016]}, "properties": {"name": "故郡遗址", "level": "省级", "era": "史前至先秦", "lon": 114.607393, "lat": 38.528558, "elev": 97, "city": "石家庄市", "img": "", "wgs_lon": 114.607393, "wgs_lat": 38.528558, "gcj_lon": 114.613224, "gcj_lat": 38.529016, "geo_addr": "河北省石家庄市行唐县故郡村", "coord_src": "geocode"}}, {"type": "Feature", "geometry": {"type": "Point", "coordinates": [115.464523, 38.874476]}, "properties": {"name": "王处直墓", "level": "国家级", "era": "秦汉至隋唐", "lon": 114.572749, "lat": 38.80836, "elev": 434, "city": "保定市", "img": "", "wgs_lon": 114.572749, "wgs_lat": 38.80836, "gcj_lon": 115.464523, "gcj_lat": 38.874476, "geo_addr": "河北省保定市", "coord_src": "geocode", "gcj_note": "api_error:30001:ENGINE_RESPONSE_DATA_ERROR"}}, {"type": "Feature", "geometry": {"type": "Point", "coordinates": [115.464523, 38.874476]}, "properties": {"name": "台台尔石窟", "level": "国家级", "era": "史前至先秦", "lon": 114.495483, "lat": 38.94965, "elev": 462, "city": "保定市", "img": "", "wgs_lon": 114.495483, "wgs_lat": 38.94965, "gcj_lon": 115.464523, "gcj_lat": 38.874476, "geo_addr": "河北省保定市", "coord_src": "geocode", "gcj_note": "api_error:10021:CUQPS_HAS_EXCEEDED_THE_LIMIT"}}, {"type": "Feature", "geometry": {"type": "Point", "coordinates": [115.3976, 39.474644]}, "properties": {"name": "钓鱼台遗址", "level": "国家级", "era": "史前至先秦", "lon": 114.614583, "lat": 38.557, "elev": 108, "city": "保定市", "img": "", "wgs_lon": 114.614583, "wgs_lat": 38.557, "gcj_lon": 115.3976, "gcj_lat": 39.474644, "geo_addr": "河北省保定市易县钓鱼台", "coord_src": "geocode"}}, {"type": "Feature", "geometry": {"type": "Point", "coordinates": [114.176216, 38.732015]}, "properties": {"name": "晋察冀边区政府及军区司令部旧址", "level": "国家级", "era": "近代以来", "lon": 114.1705, "lat": 38.73335, "elev": 287, "city": "保定市", "img": "", "wgs_lon": 114.1705, "wgs_lat": 38.73335, "gcj_lon": 114.176216, "gcj_lat": 38.732015, "geo_addr": "河北省保定市阜平县晋察冀边区", "coord_src": "geocode", "gcj_note": "api_error:10021:CUQPS_HAS_EXCEEDED_THE_LIMIT"}}, {"type": "Feature", "geometry": {"type": "Point", "coordinates": [115.088995, 38.452794]}, "properties": {"name": "孟良河遗址", "level": "省级", "era": "史前至先秦", "lon": 115.082667, "lat": 38.451975, "elev": 44, "city": "保定市", "img": "", "wgs_lon": 115.082667, "wgs_lat": 38.451975, "gcj_lon": 115.088995, "gcj_lat": 38.452794, "geo_addr": "河北省保定市定州市孟良河", "coord_src": "geocode"}}, {"type": "Feature", "geometry": {"type": "Point", "coordinates": [114.934781, 38.793675]}, "properties": {"name": "北城子遗址", "level": "省级", "era": "秦汉至隋唐", "lon": 114.92889, "lat": 38.793099, "elev": 188, "city": "保定市", "img": "", "wgs_lon": 114.92889, "wgs_lat": 38.793099, "gcj_lon": 114.934781, "gcj_lat": 38.793675, "geo_addr": "河北省保定市唐县北城子村", "coord_src": "geocode"}}, {"type": "Feature", "geometry": {"type": "Point", "coordinates": [114.692557, 38.807054]}, "properties": {"name": "定窑遗址", "level": "省级", "era": "宋元至明清", "lon": 114.686555, "lat": 38.806375, "elev": 185, "city": "保定市", "img": "", "wgs_lon": 114.686555, "wgs_lat": 38.806375, "gcj_lon": 114.692557, "gcj_lat": 38.807054, "geo_addr": "河北省保定市曲阳县定窑遗址(入口)", "coord_src": "geocode"}}, {"type": "Feature", "geometry": {"type": "Point", "coordinates": [115.159396, 38.709419]}, "properties": {"name": "所药村壁画墓", "level": "省级", "era": "秦汉至隋唐", "lon": 115.153087, "lat": 38.70858, "elev": 45, "city": "保定市", "img": "", "wgs_lon": 115.136944, "wgs_lat": 38.708139, "gcj_lon": 115.159396, "gcj_lat": 38.709419, "geo_addr": "河北省保定市望都县所药村", "coord_src": "geocode", "gcj_note": "api_error:10021:CUQPS_HAS_EXCEEDED_THE_LIMIT"}}, {"type": "Feature", "geometry": {"type": "Point", "coordinates": [114.695211, 38.618034]}, "properties": {"name": "修德寺塔", "level": "省级", "era": "宋元至明清", "lon": 114.689225, "lat": 38.61743, "elev": 99, "city": "保定市", "img": "", "wgs_lon": 114.689194, "wgs_lat": 38.617361, "gcj_lon": 114.695211, "gcj_lat": 38.618034, "geo_addr": "河北省保定市曲阳县修德寺塔", "coord_src": "geocode"}}, {"type": "Feature", "geometry": {"type": "Point", "coordinates": [115.002258, 38.512946]}, "properties": {"name": "定县开元寺塔（料敌塔）", "level": "省级", "era": "宋元至明清", "lon": 114.996186, "lat": 38.512311, "elev": 61, "city": "保定市", "img": "", "wgs_lon": 114.996186, "wgs_lat": 38.512311, "gcj_lon": 115.002258, "gcj_lat": 38.512946, "geo_addr": "河北省保定市定州市开元寺塔(公交站)", "coord_src": "geocode"}}, {"type": "Feature", "geometry": {"type": "Point", "coordinates": [115.00664609219652, 38.51420415991245]}, "properties": {"name": "静志寺塔基地宫", "level": "省级", "era": "宋元至明清", "lon": 114.914198, "lat": 38.480167, "elev": 61, "city": "保定市", "img": "", "wgs_lon": 115.000556, "wgs_lat": 38.513556, "gcj_lon": 115.00664609219652, "gcj_lat": 38.51420415991245, "geo_addr": "", "coord_src": "fallback_local", "gcj_note": "tries_exhausted"}}, {"type": "Feature", "geometry": {"type": "Point", "coordinates": [114.990207, 38.518078]}, "properties": {"name": "净众院塔基地宫", "level": "省级", "era": "宋元至明清", "lon": 114.984182, "lat": 38.517478, "elev": 54, "city": "保定市", "img": "", "wgs_lon": 114.984119, "wgs_lat": 38.517392, "gcj_lon": 114.990207, "gcj_lat": 38.518078, "geo_addr": "河北省保定市定州市净众院塔基地宫", "coord_src": "geocode"}}, {"type": "Feature", "geometry": {"type": "Point", "coordinates": [114.697069, 38.621213]}, "properties": {"name": "北岳庙", "level": "省级", "era": "宋元至明清", "lon": 114.691079, "lat": 38.620604, "elev": 100, "city": "保定市", "img": "", "wgs_lon": 114.691111, "wgs_lat": 38.62075, "gcj_lon": 114.697069, "gcj_lat": 38.621213, "geo_addr": "河北省保定市曲阳县北岳庙", "coord_src": "geocode"}}, {"type": "Feature", "geometry": {"type": "Point", "coordinates": [114.988928, 38.522965]}, "properties": {"name": "大道观", "level": "省级", "era": "宋元至明清", "lon": 114.982908, "lat": 38.522368, "elev": 57, "city": "保定市", "img": "", "wgs_lon": 114.982908, "wgs_lat": 38.522368, "gcj_lon": 114.988928, "gcj_lat": 38.522965, "geo_addr": "河北省保定市定州市大道观(公交站)", "coord_src": "geocode"}}, {"type": "Feature", "geometry": {"type": "Point", "coordinates": [115.464523, 38.874476]}, "properties": {"name": "考棚", "level": "省级", "era": "宋元至明清", "lon": 115.001354, "lat": 38.513981, "elev": 59, "city": "保定市", "img": "", "wgs_lon": 115.001354, "wgs_lat": 38.513981, "gcj_lon": 115.464523, "gcj_lat": 38.874476, "geo_addr": "河北省保定市", "coord_src": "geocode", "gcj_note": "api_error:30001:ENGINE_RESPONSE_DATA_ERROR"}}, {"type": "Feature", "geometry": {"type": "Point", "coordinates": [115.464523, 38.874476]}, "properties": {"name": "八会寺石佛龛", "level": "省级", "era": "秦汉至隋唐", "lon": 114.688713, "lat": 38.550939, "elev": 143, "city": "保定市", "img": "", "wgs_lon": 114.688713, "wgs_lat": 38.550939, "gcj_lon": 115.464523, "gcj_lat": 38.874476, "geo_addr": "河北省保定市", "coord_src": "geocode", "gcj_note": "api_error:30001:ENGINE_RESPONSE_DATA_ERROR"}}, {"type": "Feature", "geometry": {"type": "Point", "coordinates": [114.690628, 38.932225]}, "properties": {"name": "白求恩墓", "level": "省级", "era": "近代以来", "lon": 114.684616, "lat": 38.93148, "elev": 246, "city": "保定市", "img": "", "wgs_lon": 114.684616, "wgs_lat": 38.93148, "gcj_lon": 114.690628, "gcj_lat": 38.932225, "geo_addr": "河北省保定市唐县白求恩墓", "coord_src": "geocode", "gcj_note": "api_error:10021:CUQPS_HAS_EXCEEDED_THE_LIMIT"}}, {"type": "Feature", "geometry": {"type": "Point", "coordinates": [115.026989, 38.506784]}, "properties": {"name": "定州东关遗址", "level": "省级", "era": "史前至先秦", "lon": 115.020819, "lat": 38.506077, "elev": 51, "city": "保定市", "img": "", "wgs_lon": 115.020819, "wgs_lat": 38.506077, "gcj_lon": 115.026989, "gcj_lat": 38.506784, "geo_addr": "河北省保定市定州市东关村", "coord_src": "geocode"}}, {"type": "Feature", "geometry": {"type": "Point", "coordinates": [114.93409, 38.550106]}, "properties": {"name": "西甘德遗址", "level": "省级", "era": "史前至先秦", "lon": 114.928229, "lat": 38.549623, "elev": 64, "city": "保定市", "img": "", "wgs_lon": 114.928229, "wgs_lat": 38.549623, "gcj_lon": 114.93409, "gcj_lat": 38.550106, "geo_addr": "河北省保定市定州市西甘德村", "coord_src": "geocode", "gcj_note": "api_error:10021:CUQPS_HAS_EXCEEDED_THE_LIMIT"}}, {"type": "Feature", "geometry": {"type": "Point", "coordinates": [114.990321, 38.516746]}, "properties": {"name": "定州石佛寺遗址", "level": "省级", "era": "秦汉至隋唐", "lon": 114.984296, "lat": 38.516146, "elev": 58, "city": "保定市", "img": "", "wgs_lon": 114.984296, "wgs_lat": 38.516146, "gcj_lon": 114.990321, "gcj_lat": 38.516746, "geo_addr": "河北省保定市定州市", "coord_src": "geocode", "gcj_note": "api_error:10021:CUQPS_HAS_EXCEEDED_THE_LIMIT"}}, {"type": "Feature", "geometry": {"type": "Point", "coordinates": [115.026989, 38.506784]}, "properties": {"name": "定州东关墓群", "level": "省级", "era": "史前至先秦", "lon": 115.020819, "lat": 38.506077, "elev": 51, "city": "保定市", "img": "", "wgs_lon": 115.020819, "wgs_lat": 38.506077, "gcj_lon": 115.026989, "gcj_lat": 38.506784, "geo_addr": "河北省保定市定州市东关村", "coord_src": "geocode"}}, {"type": "Feature", "geometry": {"type": "Point", "coordinates": [115.024559, 38.531792]}, "properties": {"name": "总司屯墓群", "level": "省级", "era": "宋元至明清", "lon": 115.018396, "lat": 38.531087, "elev": 55, "city": "保定市", "img": "", "wgs_lon": 115.018396, "wgs_lat": 38.531087, "gcj_lon": 115.024559, "gcj_lat": 38.531792, "geo_addr": "河北省保定市定州市总司屯村", "coord_src": "geocode"}}, {"type": "Feature", "geometry": {"type": "Point", "coordinates": [115.015798, 38.51485]}, "properties": {"name": "兴国寺石塔", "level": "省级", "era": "秦汉至隋唐", "lon": 115.009671, "lat": 38.514174, "elev": 54, "city": "保定市", "img": "", "wgs_lon": 115.009671, "wgs_lat": 38.514174, "gcj_lon": 115.015798, "gcj_lat": 38.51485, "geo_addr": "河北省保定市定州市兴国寺", "coord_src": "geocode"}}, {"type": "Feature", "geometry": {"type": "Point", "coordinates": [114.998572, 38.505061]}, "properties": {"name": "定州南城门", "level": "省级", "era": "宋元至明清", "lon": 114.989085, "lat": 38.505469, "elev": 55, "city": "保定市", "img": "", "wgs_lon": 114.989085, "wgs_lat": 38.505469, "gcj_lon": 114.998572, "gcj_lat": 38.505061, "geo_addr": "河北省保定市定州市南城门(公交站)", "coord_src": "geocode", "gcj_note": "api_error:10021:CUQPS_HAS_EXCEEDED_THE_LIMIT"}}, {"type": "Feature", "geometry": {"type": "Point", "coordinates": [115.464523, 38.874476]}, "properties": {"name": "三霄圣母殿", "level": "省级", "era": "宋元至明清", "lon": 114.716482, "lat": 38.531375, "elev": 95, "city": "保定市", "img": "", "wgs_lon": 114.716482, "wgs_lat": 38.531375, "gcj_lon": 115.464523, "gcj_lat": 38.874476, "geo_addr": "河北省保定市", "coord_src": "geocode", "gcj_note": "api_error:30001:ENGINE_RESPONSE_DATA_ERROR"}}, {"type": "Feature", "geometry": {"type": "Point", "coordinates": [114.830347, 38.836108]}, "properties": {"name": "明伏石窟", "level": "省级", "era": "宋元至明清", "lon": 114.824363, "lat": 38.835431, "elev": 142, "city": "保定市", "img": "", "wgs_lon": 114.824363, "wgs_lat": 38.835431, "gcj_lon": 114.830347, "gcj_lat": 38.836108, "geo_addr": "河北省保定市唐县明伏石窟", "coord_src": "geocode", "gcj_note": "api_error:10021:CUQPS_HAS_EXCEEDED_THE_LIMIT"}}, {"type": "Feature", "geometry": {"type": "Point", "coordinates": [114.990321, 38.516746]}, "properties": {"name": "定州碑刻群", "level": "省级", "era": "秦汉至隋唐", "lon": 114.984296, "lat": 38.516146, "elev": 58, "city": "保定市", "img": "", "wgs_lon": 114.984296, "wgs_lat": 38.516146, "gcj_lon": 114.990321, "gcj_lat": 38.516746, "geo_addr": "河北省保定市定州市", "coord_src": "geocode"}}, {"type": "Feature", "geometry": {"type": "Point", "coordinates": [114.981233, 38.520834]}, "properties": {"name": "王灏庄园", "level": "省级", "era": "宋元至明清", "lon": 114.975242, "lat": 38.520259, "elev": 59, "city": "保定市", "img": "", "wgs_lon": 114.975242, "wgs_lat": 38.520259, "gcj_lon": 114.981233, "gcj_lat": 38.520834, "geo_addr": "河北省保定市定州市王灏庄园", "coord_src": "geocode", "gcj_note": "api_error:10021:CUQPS_HAS_EXCEEDED_THE_LIMIT"}}, {"type": "Feature", "geometry": {"type": "Point", "coordinates": [115.217689, 38.89286]}, "properties": {"name": "腰山王氏庄园", "level": "省级", "era": "宋元至明清", "lon": 115.211477, "lat": 38.892029, "elev": 51, "city": "保定市", "img": "", "wgs_lon": 115.211139, "wgs_lat": 38.892194, "gcj_lon": 115.217689, "gcj_lat": 38.89286, "geo_addr": "河北省保定市顺平县腰山王氏庄园", "coord_src": "geocode", "gcj_note": "api_error:10021:CUQPS_HAS_EXCEEDED_THE_LIMIT"}}, {"type": "Feature", "geometry": {"type": "Point", "coordinates": [114.993869, 38.51552]}, "properties": {"name": "定州清真寺", "level": "省级", "era": "宋元至明清", "lon": 114.98783, "lat": 38.51491, "elev": 55, "city": "保定市", "img": "", "wgs_lon": 114.987806, "wgs_lat": 38.514556, "gcj_lon": 114.993869, "gcj_lat": 38.51552, "geo_addr": "河北省保定市定州市定州清真寺", "coord_src": "geocode"}}, {"type": "Feature", "geometry": {"type": "Point", "coordinates": [115.00565, 38.511802]}, "properties": {"name": "晏阳初旧居", "level": "省级", "era": "近代以来", "lon": 114.999564, "lat": 38.511157, "elev": 59, "city": "保定市", "img": "", "wgs_lon": 114.999639, "wgs_lat": 38.511361, "gcj_lon": 115.00565, "gcj_lat": 38.511802, "geo_addr": "河北省保定市定州市晏阳初旧居", "coord_src": "geocode", "gcj_note": "api_error:10021:CUQPS_HAS_EXCEEDED_THE_LIMIT"}}, {"type": "Feature", "geometry": {"type": "Point", "coordinates": [114.80206139667943, 38.46163941894422]}, "properties": {"name": "晋察冀边区爆炸英雄李混子制雷旧址", "level": "省级", "era": "近代以来", "lon": 114.796061, "lat": 38.461043, "elev": 73, "city": "石家庄市", "img": "", "wgs_lon": 114.796061, "wgs_lat": 38.461043, "gcj_lon": 114.80206139667943, "gcj_lat": 38.46163941894422, "geo_addr": "", "coord_src": "fallback_local", "gcj_note": "tries_exhausted"}}, {"type": "Feature", "geometry": {"type": "Point", "coordinates": [115.059852, 38.607458]}, "properties": {"name": "清风店战役旧址", "level": "省级", "era": "近代以来", "lon": 115.053561, "lat": 38.606646, "elev": 57, "city": "保定市", "img": "", "wgs_lon": 115.053561, "wgs_lat": 38.606646, "gcj_lon": 115.059852, "gcj_lat": 38.607458, "geo_addr": "河北省保定市定州市清风店镇", "coord_src": "geocode", "gcj_note": "api_error:10021:CUQPS_HAS_EXCEEDED_THE_LIMIT"}}, {"type": "Feature", "geometry": {"type": "Point", "coordinates": [114.671418, 38.827966]}, "properties": {"name": "王子山院（王子寺）遗址", "level": "省级", "era": "秦汉至隋唐", "lon": 114.662225, "lat": 38.798758, "elev": 185, "city": "保定市", "img": "", "wgs_lon": 114.662225, "wgs_lat": 38.798758, "gcj_lon": 114.671418, "gcj_lat": 38.827966, "geo_addr": "河北省保定市曲阳县王子寺", "coord_src": "geocode", "gcj_note": "api_error:30001:ENGINE_RESPONSE_DATA_ERROR"}}, {"type": "Feature", "geometry": {"type": "Point", "coordinates": [115.042418, 38.810043]}, "properties": {"name": "北放水遗址", "level": "省级", "era": "宋元至明清", "lon": 115.036156, "lat": 38.809185, "elev": 64, "city": "保定市", "img": "", "wgs_lon": 115.029167, "wgs_lat": 38.811111, "gcj_lon": 115.042418, "gcj_lat": 38.810043, "geo_addr": "河北省保定市唐县北放水村", "coord_src": "geocode"}}, {"type": "Feature", "geometry": {"type": "Point", "coordinates": [115.464523, 38.874476]}, "properties": {"name": "东都亭遗址", "level": "省级", "era": "秦汉至隋唐", "lon": 114.935262, "lat": 38.732966, "elev": 82, "city": "保定市", "img": "", "wgs_lon": 114.935262, "wgs_lat": 38.732966, "gcj_lon": 115.464523, "gcj_lat": 38.874476, "geo_addr": "河北省保定市", "coord_src": "geocode", "gcj_note": "api_error:30001:ENGINE_RESPONSE_DATA_ERROR"}}, {"type": "Feature", "geometry": {"type": "Point", "coordinates": [114.740476, 38.614409]}, "properties": {"name": "曲阳赵氏家族墓地", "level": "省级", "era": "宋元至明清", "lon": 114.734419, "lat": 38.613748, "elev": 88, "city": "保定市", "img": "", "wgs_lon": 114.734419, "wgs_lat": 38.613748, "gcj_lon": 114.740476, "gcj_lat": 38.614409, "geo_addr": "河北省保定市曲阳县", "coord_src": "geocode", "gcj_note": "api_error:10021:CUQPS_HAS_EXCEEDED_THE_LIMIT"}}, {"type": "Feature", "geometry": {"type": "Point", "coordinates": [114.72462285686476, 38.91462470431398]}, "properties": {"name": "孚公禅师塔", "level": "省级", "era": "宋元至明清", "lon": 114.718547, "lat": 38.913837, "elev": 217, "city": "保定市", "img": "", "wgs_lon": 114.718547, "wgs_lat": 38.913837, "gcj_lon": 114.72462285686476, "gcj_lat": 38.91462470431398, "geo_addr": "", "coord_src": "fallback_local", "gcj_note": "tries_exhausted"}}, {"type": "Feature", "geometry": {"type": "Point", "coordinates": [115.464523, 38.874476]}, "properties": {"name": "广善延禧寺", "level": "省级", "era": "宋元至明清", "lon": 114.976944, "lat": 38.747821, "elev": 79, "city": "保定市", "img": "", "wgs_lon": 114.976944, "wgs_lat": 38.747821, "gcj_lon": 115.464523, "gcj_lat": 38.874476, "geo_addr": "河北省保定市", "coord_src": "geocode", "gcj_note": "api_error:30001:ENGINE_RESPONSE_DATA_ERROR"}}, {"type": "Feature", "geometry": {"type": "Point", "coordinates": [115.017224, 38.625197]}, "properties": {"name": "南陶邱遗址", "level": "省级", "era": "史前至先秦", "lon": 115.011078, "lat": 38.624488, "elev": 62, "city": "保定市", "img": "", "wgs_lon": 115.011078, "wgs_lat": 38.624488, "gcj_lon": 115.017224, "gcj_lat": 38.625197, "geo_addr": "河北省保定市定州市南陶邱村", "coord_src": "geocode", "gcj_note": "api_error:10021:CUQPS_HAS_EXCEEDED_THE_LIMIT"}}, {"type": "Feature", "geometry": {"type": "Point", "coordinates": [114.682133, 38.522596]}, "properties": {"name": "田庄大墓", "level": "省级", "era": "秦汉至隋唐", "lon": 114.676188, "lat": 38.522041, "elev": 97, "city": "保定市", "img": "", "wgs_lon": 114.676188, "wgs_lat": 38.522041, "gcj_lon": 114.682133, "gcj_lat": 38.522596, "geo_addr": "河北省保定市曲阳县田庄大墓", "coord_src": "geocode"}}, {"type": "Feature", "geometry": {"type": "Point", "coordinates": [114.852192, 38.884398]}, "properties": {"name": "卧佛寺摩崖造像", "level": "国家级", "era": "宋元至明清", "lon": 114.7675, "lat": 38.885, "elev": 291, "city": "保定市", "img": "", "wgs_lon": 114.7675, "wgs_lat": 38.885, "gcj_lon": 114.852192, "gcj_lat": 38.884398, "geo_addr": "河北省保定市唐县卧佛寺", "coord_src": "geocode"}}, {"type": "Feature", "geometry": {"type": "Point", "coordinates": [114.699382, 38.536369]}, "properties": {"name": "八会寺刻经", "level": "国家级", "era": "宋元至明清", "lon": 114.689556, "lat": 38.538361, "elev": 302, "city": "保定市", "img": "", "wgs_lon": 114.689556, "wgs_lat": 38.538361, "gcj_lon": 114.699382, "gcj_lat": 38.536369, "geo_addr": "河北省保定市曲阳县八会寺", "coord_src": "geocode"}}, {"type": "Feature", "geometry": {"type": "Point", "coordinates": [115.001476, 38.515698]}, "properties": {"name": "定州文庙", "level": "国家级", "era": "宋元至明清", "lon": 114.995083, "lat": 38.514833, "elev": 59, "city": "保定市", "img": "", "wgs_lon": 114.995083, "wgs_lat": 38.514833, "gcj_lon": 115.001476, "gcj_lat": 38.515698, "geo_addr": "河北省保定市定州市定州文庙", "coord_src": "geocode"}}, {"type": "Feature", "geometry": {"type": "Point", "coordinates": [114.993869, 38.51552]}, "properties": {"name": "定州清真寺", "level": "国家级", "era": "宋元至明清", "lon": 114.987806, "lat": 38.514556, "elev": 58, "city": "保定市", "img": "", "wgs_lon": 114.987806, "wgs_lat": 38.514556, "gcj_lon": 114.993869, "gcj_lat": 38.51552, "geo_addr": "河北省保定市定州市定州清真寺", "coord_src": "geocode"}}, {"type": "Feature", "geometry": {"type": "Point", "coordinates": [115.464523, 38.874476]}, "properties": {"name": "小恩达遗址", "level": "国家级", "era": "史前至先秦", "lon": 115.187988, "lat": 38.8819, "elev": 44, "city": "保定市", "img": "", "wgs_lon": 115.187988, "wgs_lat": 38.8819, "gcj_lon": 115.464523, "gcj_lat": 38.874476, "geo_addr": "河北省保定市", "coord_src": "geocode", "gcj_note": "api_error:10021:CUQPS_HAS_EXCEEDED_THE_LIMIT"}}, {"type": "Feature", "geometry": {"type": "Point", "coordinates": [115.042418, 38.810043]}, "properties": {"name": "北放水遗址", "level": "国家级", "era": "史前至先秦", "lon": 115.029167, "lat": 38.811111, "elev": 67, "city": "保定市", "img": "", "wgs_lon": 115.029167, "wgs_lat": 38.811111, "gcj_lon": 115.042418, "gcj_lat": 38.810043, "geo_addr": "河北省保定市唐县北放水村", "coord_src": "geocode"}}, {"type": "Feature", "geometry": {"type": "Point", "coordinates": [115.00565, 38.511802]}, "properties": {"name": "晏阳初旧居", "level": "国家级", "era": "近代以来", "lon": 114.999639, "lat": 38.511361, "elev": 58, "city": "保定市", "img": "", "wgs_lon": 114.999639, "wgs_lat": 38.511361, "gcj_lon": 115.00565, "gcj_lat": 38.511802, "geo_addr": "河北省保定市定州市晏阳初旧居", "coord_src": "geocode", "gcj_note": "api_error:10021:CUQPS_HAS_EXCEEDED_THE_LIMIT"}}, {"type": "Feature", "geometry": {"type": "Point", "coordinates": [114.988828, 38.523795]}, "properties": {"name": "大道观玉皇殿", "level": "国家级", "era": "宋元至明清", "lon": 114.982806, "lat": 38.523222, "elev": 58, "city": "保定市", "img": "", "wgs_lon": 114.982806, "wgs_lat": 38.523222, "gcj_lon": 114.988828, "gcj_lat": 38.523795, "geo_addr": "河北省保定市定州市大道观玉皇殿", "coord_src": "geocode", "gcj_note": "api_error:10021:CUQPS_HAS_EXCEEDED_THE_LIMIT"}}, {"type": "Feature", "geometry": {"type": "Point", "coordinates": [114.990207, 38.518078]}, "properties": {"name": "净众院塔基地宫", "level": "国家级", "era": "宋元至明清", "lon": 114.984119, "lat": 38.517392, "elev": 54, "city": "保定市", "img": "", "wgs_lon": 114.984119, "wgs_lat": 38.517392, "gcj_lon": 114.990207, "gcj_lat": 38.518078, "geo_addr": "河北省保定市定州市净众院塔基地宫", "coord_src": "geocode"}}, {"type": "Feature", "geometry": {"type": "Point", "coordinates": [115.00664609219652, 38.51420415991245]}, "properties": {"name": "静志寺塔基地宫", "level": "国家级", "era": "宋元至明清", "lon": 115.000556, "lat": 38.513556, "elev": 61, "city": "保定市", "img": "", "wgs_lon": 115.000556, "wgs_lat": 38.513556, "gcj_lon": 115.00664609219652, "gcj_lat": 38.51420415991245, "geo_addr": "", "coord_src": "fallback_local", "gcj_note": "tries_exhausted"}}, {"type": "Feature", "geometry": {"type": "Point", "coordinates": [114.695211, 38.618034]}, "properties": {"name": "修德寺塔", "level": "国家级", "era": "宋元至明清", "lon": 114.689194, "lat": 38.617361, "elev": 99, "city": "保定市", "img": "", "wgs_lon": 114.689194, "wgs_lat": 38.617361, "gcj_lon": 114.695211, "gcj_lat": 38.618034, "geo_addr": "河北省保定市曲阳县修德寺塔", "coord_src": "geocode"}}, {"type": "Feature", "geometry": {"type": "Point", "coordinates": [115.159396, 38.709419]}, "properties": {"name": "所药村壁画墓", "level": "国家级", "era": "秦汉至隋唐", "lon": 115.136944, "lat": 38.708139, "elev": 46, "city": "保定市", "img": "", "wgs_lon": 115.136944, "wgs_lat": 38.708139, "gcj_lon": 115.159396, "gcj_lat": 38.709419, "geo_addr": "河北省保定市望都县所药村", "coord_src": "geocode", "gcj_note": "api_error:10021:CUQPS_HAS_EXCEEDED_THE_LIMIT"}}, {"type": "Feature", "geometry": {"type": "Point", "coordinates": [115.493314, 38.857915]}, "properties": {"name": "古莲花池", "level": "国家级", "era": "宋元至明清", "lon": 114.95, "lat": 38.55, "elev": 57, "city": "保定市", "img": "", "wgs_lon": 114.95, "wgs_lat": 38.55, "gcj_lon": 115.493314, "gcj_lat": 38.857915, "geo_addr": "河北省保定市莲池区古莲花池", "coord_src": "geocode"}}, {"type": "Feature", "geometry": {"type": "Point", "coordinates": [115.217689, 38.89286]}, "properties": {"name": "腰山王氏庄园", "level": "国家级", "era": "宋元至明清", "lon": 115.211139, "lat": 38.892194, "elev": 51, "city": "保定市", "img": "", "wgs_lon": 115.211139, "wgs_lat": 38.892194, "gcj_lon": 115.217689, "gcj_lat": 38.89286, "geo_addr": "河北省保定市顺平县腰山王氏庄园", "coord_src": "geocode", "gcj_note": "api_error:10021:CUQPS_HAS_EXCEEDED_THE_LIMIT"}}, {"type": "Feature", "geometry": {"type": "Point", "coordinates": [115.007447, 38.514632]}, "properties": {"name": "定州贡院", "level": "国家级", "era": "宋元至明清", "lon": 115.012778, "lat": 38.51375, "elev": 51, "city": "保定市", "img": "", "wgs_lon": 115.012778, "wgs_lat": 38.51375, "gcj_lon": 115.007447, "gcj_lat": 38.514632, "geo_addr": "河北省保定市定州市定州贡院", "coord_src": "geocode"}}, {"type": "Feature", "geometry": {"type": "Point", "coordinates": [114.692557, 38.807054]}, "properties": {"name": "涧磁村定窑遗址", "level": "国家级", "era": "史前至先秦", "lon": 114.674167, "lat": 38.803333, "elev": 192, "city": "保定市", "img": "", "wgs_lon": 114.674167, "wgs_lat": 38.803333, "gcj_lon": 114.692557, "gcj_lat": 38.807054, "geo_addr": "河北省保定市曲阳县涧磁村定窑遗址(入口)", "coord_src": "geocode", "gcj_note": "api_error:10021:CUQPS_HAS_EXCEEDED_THE_LIMIT"}}, {"type": "Feature", "geometry": {"type": "Point", "coordinates": [114.697069, 38.621213]}, "properties": {"name": "北岳庙", "level": "国家级", "era": "宋元至明清", "lon": 114.691111, "lat": 38.62075, "elev": 101, "city": "保定市", "img": "", "wgs_lon": 114.691111, "wgs_lat": 38.62075, "gcj_lon": 114.697069, "gcj_lat": 38.621213, "geo_addr": "河北省保定市曲阳县北岳庙", "coord_src": "geocode"}}, {"type": "Feature", "geometry": {"type": "Point", "coordinates": [115.002258, 38.512946]}, "properties": {"name": "定县开元寺塔", "level": "国家级", "era": "宋元至明清", "lon": 114.996611, "lat": 38.510111, "elev": 63, "city": "保定市", "img": "", "wgs_lon": 114.996611, "wgs_lat": 38.510111, "gcj_lon": 115.002258, "gcj_lat": 38.512946, "geo_addr": "河北省保定市定州市开元寺塔(公交站)", "coord_src": "geocode", "gcj_note": "api_error:10021:CUQPS_HAS_EXCEEDED_THE_LIMIT"}}, {"type": "Feature", "geometry": {"type": "Point", "coordinates": [115.270841, 38.943345]}, "properties": {"name": "卧龙岗遗址", "level": "省级", "era": "史前至先秦", "lon": 115.264644, "lat": 38.942506, "elev": 81, "city": "保定市", "img": "", "wgs_lon": 115.264644, "wgs_lat": 38.942506, "gcj_lon": 115.270841, "gcj_lat": 38.943345, "geo_addr": "河北省保定市满城区卧龙岗", "coord_src": "geocode", "gcj_note": "api_error:10021:CUQPS_HAS_EXCEEDED_THE_LIMIT"}}, {"type": "Feature", "geometry": {"type": "Point", "coordinates": [115.227122, 38.803703]}, "properties": {"name": "子城遗址", "level": "省级", "era": "史前至先秦", "lon": 115.220933, "lat": 38.802932, "elev": 43, "city": "保定市", "img": "", "wgs_lon": 115.220933, "wgs_lat": 38.802932, "gcj_lon": 115.227122, "gcj_lat": 38.803703, "geo_addr": "河北省保定市顺平县子城村", "coord_src": "geocode"}}, {"type": "Feature", "geometry": {"type": "Point", "coordinates": [115.30451, 38.954257]}, "properties": {"name": "满城汉墓", "level": "省级", "era": "秦汉至隋唐", "lon": 115.291912, "lat": 38.947014, "elev": 80, "city": "保定市", "img": "", "wgs_lon": 115.291912, "wgs_lat": 38.947014, "gcj_lon": 115.30451, "gcj_lat": 38.954257, "geo_addr": "河北省保定市满城区满城汉墓(公交站)", "coord_src": "geocode", "gcj_note": "api_error:10021:CUQPS_HAS_EXCEEDED_THE_LIMIT"}}, {"type": "Feature", "geometry": {"type": "Point", "coordinates": [115.542384, 38.47514]}, "properties": {"name": "大宋台古墓", "level": "省级", "era": "秦汉至隋唐", "lon": 115.536383, "lat": 38.474592, "elev": 24, "city": "保定市", "img": "", "wgs_lon": 115.536383, "wgs_lat": 38.474592, "gcj_lon": 115.542384, "gcj_lat": 38.47514, "geo_addr": "河北省保定市蠡县大宋村", "coord_src": "geocode"}}, {"type": "Feature", "geometry": {"type": "Point", "coordinates": [115.384117, 38.607273]}, "properties": {"name": "彭越墓", "level": "省级", "era": "史前至先秦", "lon": 115.377737, "lat": 38.606423, "elev": 28, "city": "保定市", "img": "", "wgs_lon": 115.377737, "wgs_lat": 38.606423, "gcj_lon": 115.384117, "gcj_lat": 38.607273, "geo_addr": "河北省保定市清苑区彭越墓", "coord_src": "geocode", "gcj_note": "api_error:10021:CUQPS_HAS_EXCEEDED_THE_LIMIT"}}, {"type": "Feature", "geometry": {"type": "Point", "coordinates": [115.268061, 38.899065]}, "properties": {"name": "伍侯塔", "level": "省级", "era": "宋元至明清", "lon": 115.261871, "lat": 38.898254, "elev": 52, "city": "保定市", "img": "", "wgs_lon": 115.262028, "wgs_lat": 38.898111, "gcj_lon": 115.268061, "gcj_lat": 38.899065, "geo_addr": "河北省保定市顺平县伍侯塔", "coord_src": "geocode"}}, {"type": "Feature", "geometry": {"type": "Point", "coordinates": [115.464523, 38.874476]}, "properties": {"name": "古莲池", "level": "省级", "era": "宋元至明清", "lon": 115.493232, "lat": 38.857378, "elev": 23, "city": "保定市", "img": "", "wgs_lon": 115.493232, "wgs_lat": 38.857378, "gcj_lon": 115.464523, "gcj_lat": 38.874476, "geo_addr": "河北省保定市", "coord_src": "geocode", "gcj_note": "api_error:10021:CUQPS_HAS_EXCEEDED_THE_LIMIT"}}, {"type": "Feature", "geometry": {"type": "Point", "coordinates": [115.50247, 38.859374]}, "properties": {"name": "大慈阁", "level": "省级", "era": "宋元至明清", "lon": 115.496271, "lat": 38.858571, "elev": 25, "city": "保定市", "img": "", "wgs_lon": 115.496271, "wgs_lat": 38.858571, "gcj_lon": 115.50247, "gcj_lat": 38.859374, "geo_addr": "河北省保定市莲池区大慈阁", "coord_src": "geocode"}}, {"type": "Feature", "geometry": {"type": "Point", "coordinates": [115.371965, 38.672157]}, "properties": {"name": "冉庄地道战遗址", "level": "省级", "era": "近代以来", "lon": 115.365398, "lat": 38.671332, "elev": 28, "city": "保定市", "img": "", "wgs_lon": 115.365, "wgs_lat": 38.670583, "gcj_lon": 115.371965, "gcj_lat": 38.672157, "geo_addr": "河北省保定市清苑区冉庄地道战遗址", "coord_src": "geocode"}}, {"type": "Feature", "geometry": {"type": "Point", "coordinates": [115.662651, 38.573044]}, "properties": {"name": "百尺遗址", "level": "省级", "era": "史前至先秦", "lon": 115.656693, "lat": 38.572493, "elev": 19, "city": "保定市", "img": "", "wgs_lon": 115.656693, "wgs_lat": 38.572493, "gcj_lon": 115.662651, "gcj_lat": 38.573044, "geo_addr": "河北省保定市蠡县百尺镇", "coord_src": "geocode"}}, {"type": "Feature", "geometry": {"type": "Point", "coordinates": [115.719182, 38.904729]}, "properties": {"name": "防陵汉墓", "level": "省级", "era": "秦汉至隋唐", "lon": 115.713078, "lat": 38.903932, "elev": 11, "city": "保定市", "img": "", "wgs_lon": 115.713078, "wgs_lat": 38.903932, "gcj_lon": 115.719182, "gcj_lat": 38.904729, "geo_addr": "河北省保定市徐水区防陵村", "coord_src": "geocode"}}, {"type": "Feature", "geometry": {"type": "Point", "coordinates": [115.490848, 38.8569]}, "properties": {"name": "淮军公所", "level": "省级", "era": "宋元至明清", "lon": 115.484604, "lat": 38.856064, "elev": 21, "city": "保定市", "img": "", "wgs_lon": 115.484604, "wgs_lat": 38.856064, "gcj_lon": 115.490848, "gcj_lat": 38.8569, "geo_addr": "河北省保定市莲池区淮军公所", "coord_src": "geocode", "gcj_note": "api_error:10021:CUQPS_HAS_EXCEEDED_THE_LIMIT"}}, {"type": "Feature", "geometry": {"type": "Point", "coordinates": [115.491915, 38.856106]}, "properties": {"name": "清河道署", "level": "省级", "era": "宋元至明清", "lon": 115.485675, "lat": 38.855274, "elev": 23, "city": "保定市", "img": "", "wgs_lon": 115.489528, "wgs_lat": 38.858861, "gcj_lon": 115.491915, "gcj_lat": 38.856106, "geo_addr": "河北省保定市莲池区保定清河道署", "coord_src": "geocode"}}, {"type": "Feature", "geometry": {"type": "Point", "coordinates": [115.499682, 38.859291]}, "properties": {"name": "保定天主教堂", "level": "省级", "era": "宋元至明清", "lon": 115.493472, "lat": 38.85848, "elev": 26, "city": "保定市", "img": "", "wgs_lon": 115.493472, "wgs_lat": 38.85848, "gcj_lon": 115.499682, "gcj_lat": 38.859291, "geo_addr": "河北省保定市莲池区保定市天主教堂", "coord_src": "geocode"}}, {"type": "Feature", "geometry": {"type": "Point", "coordinates": [115.48704, 38.861391]}, "properties": {"name": "育德中学旧址", "level": "省级", "era": "近代以来", "lon": 115.480781, "lat": 38.860542, "elev": 20, "city": "保定市", "img": "", "wgs_lon": 115.481111, "wgs_lat": 38.860278, "gcj_lon": 115.48704, "gcj_lat": 38.861391, "geo_addr": "河北省保定市莲池区育德中学旧址", "coord_src": "geocode"}}, {"type": "Feature", "geometry": {"type": "Point", "coordinates": [115.464523, 38.874476]}, "properties": {"name": "保定陆军军官学校遗址", "level": "省级", "era": "近代以来", "lon": 115.458184, "lat": 38.873561, "elev": 30, "city": "保定市", "img": "", "wgs_lon": 115.458184, "wgs_lat": 38.873561, "gcj_lon": 115.464523, "gcj_lat": 38.874476, "geo_addr": "河北省保定市", "coord_src": "geocode"}}, {"type": "Feature", "geometry": {"type": "Point", "coordinates": [115.464523, 38.874476]}, "properties": {"name": "李恕谷墓", "level": "省级", "era": "宋元至明清", "lon": 115.701803, "lat": 38.519678, "elev": 17, "city": "保定市", "img": "", "wgs_lon": 115.701803, "wgs_lat": 38.519678, "gcj_lon": 115.464523, "gcj_lat": 38.874476, "geo_addr": "河北省保定市", "coord_src": "geocode", "gcj_note": "api_error:30001:ENGINE_RESPONSE_DATA_ERROR"}}, {"type": "Feature", "geometry": {"type": "Point", "coordinates": [115.254091, 38.780249]}, "properties": {"name": "方顺桥", "level": "省级", "era": "宋元至明清", "lon": 115.247921, "lat": 38.779504, "elev": 36, "city": "保定市", "img": "", "wgs_lon": 115.248028, "wgs_lat": 38.779278, "gcj_lon": 115.254091, "gcj_lat": 38.780249, "geo_addr": "河北省保定市满城区方顺桥", "coord_src": "geocode"}}, {"type": "Feature", "geometry": {"type": "Point", "coordinates": [115.464523, 38.874476]}, "properties": {"name": "直隶总督署", "level": "省级", "era": "宋元至明清", "lon": 115.491015, "lat": 38.858976, "elev": 24, "city": "保定市", "img": "", "wgs_lon": 115.503524, "wgs_lat": 38.864866, "gcj_lon": 115.464523, "gcj_lat": 38.874476, "geo_addr": "河北省保定市", "coord_src": "geocode", "gcj_note": "api_error:30001:ENGINE_RESPONSE_DATA_ERROR"}}, {"type": "Feature", "geometry": {"type": "Point", "coordinates": [115.498311, 38.84651]}, "properties": {"name": "南河底南阁", "level": "省级", "era": "宋元至明清", "lon": 115.492097, "lat": 38.845702, "elev": 19, "city": "保定市", "img": "", "wgs_lon": 115.492097, "wgs_lat": 38.845702, "gcj_lon": 115.498311, "gcj_lat": 38.84651, "geo_addr": "河北省保定市莲池区南阁(公交站)", "coord_src": "geocode"}}, {"type": "Feature", "geometry": {"type": "Point", "coordinates": [115.464523, 38.874476]}, "properties": {"name": "宋祖陵", "level": "省级", "era": "宋元至明清", "lon": 115.675709, "lat": 38.827719, "elev": 10, "city": "保定市", "img": "", "wgs_lon": 115.675972, "wgs_lat": 38.827194, "gcj_lon": 115.464523, "gcj_lat": 38.874476, "geo_addr": "河北省保定市", "coord_src": "geocode", "gcj_note": "api_error:10021:CUQPS_HAS_EXCEEDED_THE_LIMIT"}}, {"type": "Feature", "geometry": {"type": "Point", "coordinates": [115.779149, 38.700846]}, "properties": {"name": "高阳李氏家族墓地", "level": "省级", "era": "宋元至明清", "lon": 115.773075, "lat": 38.700136, "elev": 14, "city": "保定市", "img": "", "wgs_lon": 115.773075, "wgs_lat": 38.700136, "gcj_lon": 115.779149, "gcj_lat": 38.700846, "geo_addr": "河北省保定市高阳县", "coord_src": "geocode", "gcj_note": "api_error:10021:CUQPS_HAS_EXCEEDED_THE_LIMIT"}}, {"type": "Feature", "geometry": {"type": "Point", "coordinates": [115.6408, 38.973406]}, "properties": {"name": "永安桥", "level": "省级", "era": "宋元至明清", "lon": 115.634833, "lat": 38.972703, "elev": 10, "city": "保定市", "img": "", "wgs_lon": 115.634833, "wgs_lat": 38.972703, "gcj_lon": 115.6408, "gcj_lat": 38.973406, "geo_addr": "河北省保定市徐水区永安桥", "coord_src": "geocode", "gcj_note": "api_error:10021:CUQPS_HAS_EXCEEDED_THE_LIMIT"}}, {"type": "Feature", "geometry": {"type": "Point", "coordinates": [115.494071, 38.866009]}, "properties": {"name": "直隶审判厅", "level": "省级", "era": "宋元至明清", "lon": 115.487838, "lat": 38.865178, "elev": 24, "city": "保定市", "img": "", "wgs_lon": 115.487838, "wgs_lat": 38.865178, "gcj_lon": 115.494071, "gcj_lat": 38.866009, "geo_addr": "河北省保定市莲池区直隶审判厅博物馆", "coord_src": "geocode"}}, {"type": "Feature", "geometry": {"type": "Point", "coordinates": [115.497128, 38.860186]}, "properties": {"name": "庆云县衙署二堂", "level": "省级", "era": "宋元至明清", "lon": 115.490908, "lat": 38.859367, "elev": 27, "city": "保定市", "img": "", "wgs_lon": 115.490908, "wgs_lat": 38.859367, "gcj_lon": 115.497128, "gcj_lat": 38.860186, "geo_addr": "河北省保定市莲池区二堂", "coord_src": "geocode", "gcj_note": "api_error:10021:CUQPS_HAS_EXCEEDED_THE_LIMIT"}}, {"type": "Feature", "geometry": {"type": "Point", "coordinates": [115.496724, 38.860228]}, "properties": {"name": "常乐龙王庙", "level": "省级", "era": "宋元至明清", "lon": 115.490503, "lat": 38.859408, "elev": 27, "city": "保定市", "img": "", "wgs_lon": 115.490503, "wgs_lat": 38.859408, "gcj_lon": 115.496724, "gcj_lat": 38.860228, "geo_addr": "河北省保定市莲池区龙王庙", "coord_src": "geocode"}}, {"type": "Feature", "geometry": {"type": "Point", "coordinates": [115.517772, 38.88008]}, "properties": {"name": "保定“稻香村”糕点铺", "level": "省级", "era": "近代以来", "lon": 115.511632, "lat": 38.879312, "elev": 17, "city": "保定市", "img": "", "wgs_lon": 115.511632, "wgs_lat": 38.879312, "gcj_lon": 115.517772, "gcj_lat": 38.88008, "geo_addr": "河北省保定市莲池区稻香村", "coord_src": "geocode"}}, {"type": "Feature", "geometry": {"type": "Point", "coordinates": [115.313701, 39.589221]}, "properties": {"name": "光园", "level": "国家级", "era": "宋元至明清", "lon": 115.489528, "lat": 38.858861, "elev": 26, "city": "保定市", "img": "", "wgs_lon": 115.307352, "wgs_lat": 39.58801, "gcj_lon": 115.313701, "gcj_lat": 39.589221, "geo_addr": "河北省保定市涞水县光园", "coord_src": "geocode"}}, {"type": "Feature", "geometry": {"type": "Point", "coordinates": [115.494071, 38.866009]}, "properties": {"name": "直隶审判厅旧址", "level": "国家级", "era": "近代以来", "lon": 115.487778, "lat": 38.865278, "elev": 24, "city": "保定市", "img": "", "wgs_lon": 115.487778, "wgs_lat": 38.865278, "gcj_lon": 115.494071, "gcj_lat": 38.866009, "geo_addr": "河北省保定市莲池区直隶审判厅博物馆", "coord_src": "geocode"}}, {"type": "Feature", "geometry": {"type": "Point", "coordinates": [115.491915, 38.856106]}, "properties": {"name": "清河道署", "level": "国家级", "era": "宋元至明清", "lon": 115.489528, "lat": 38.858861, "elev": 26, "city": "保定市", "img": "", "wgs_lon": 115.489528, "wgs_lat": 38.858861, "gcj_lon": 115.491915, "gcj_lat": 38.856106, "geo_addr": "河北省保定市莲池区保定清河道署", "coord_src": "geocode"}}, {"type": "Feature", "geometry": {"type": "Point", "coordinates": [115.254091, 38.780249]}, "properties": {"name": "方顺桥", "level": "国家级", "era": "宋元至明清", "lon": 115.248028, "lat": 38.779278, "elev": 37, "city": "保定市", "img": "", "wgs_lon": 115.248028, "wgs_lat": 38.779278, "gcj_lon": 115.254091, "gcj_lat": 38.780249, "geo_addr": "河北省保定市满城区方顺桥", "coord_src": "geocode"}}, {"type": "Feature", "geometry": {"type": "Point", "coordinates": [115.500795, 38.858582]}, "properties": {"name": "保定钟楼", "level": "国家级", "era": "宋元至明清", "lon": 115.494444, "lat": 38.857778, "elev": 23, "city": "保定市", "img": "", "wgs_lon": 115.494444, "wgs_lat": 38.857778, "gcj_lon": 115.500795, "gcj_lat": 38.858582, "geo_addr": "河北省保定市莲池区保定钟楼", "coord_src": "geocode"}}, {"type": "Feature", "geometry": {"type": "Point", "coordinates": [115.268061, 38.899065]}, "properties": {"name": "伍侯塔", "level": "国家级", "era": "宋元至明清", "lon": 115.262028, "lat": 38.898111, "elev": 53, "city": "保定市", "img": "", "wgs_lon": 115.262028, "wgs_lat": 38.898111, "gcj_lon": 115.268061, "gcj_lat": 38.899065, "geo_addr": "河北省保定市顺平县伍侯塔", "coord_src": "geocode"}}, {"type": "Feature", "geometry": {"type": "Point", "coordinates": [115.464523, 38.874476]}, "properties": {"name": "宋祖陵", "level": "国家级", "era": "宋元至明清", "lon": 115.675972, "lat": 38.827194, "elev": 11, "city": "保定市", "img": "", "wgs_lon": 115.675972, "wgs_lat": 38.827194, "gcj_lon": 115.464523, "gcj_lat": 38.874476, "geo_addr": "河北省保定市", "coord_src": "geocode", "gcj_note": "api_error:10021:CUQPS_HAS_EXCEEDED_THE_LIMIT"}}, {"type": "Feature", "geometry": {"type": "Point", "coordinates": [115.410542, 38.953884]}, "properties": {"name": "要庄遗址", "level": "国家级", "era": "史前至先秦", "lon": 115.372833, "lat": 38.967778, "elev": 37, "city": "保定市", "img": "", "wgs_lon": 115.372833, "wgs_lat": 38.967778, "gcj_lon": 115.410542, "gcj_lat": 38.953884, "geo_addr": "河北省保定市满城区要庄乡", "coord_src": "geocode"}}, {"type": "Feature", "geometry": {"type": "Point", "coordinates": [115.526811, 38.866187]}, "properties": {"name": "保定陆军军官学校旧址", "level": "国家级", "era": "近代以来", "lon": 115.45, "lat": 38.87, "elev": 26, "city": "保定市", "img": "", "wgs_lon": 115.45, "wgs_lat": 38.87, "gcj_lon": 115.526811, "gcj_lat": 38.866187, "geo_addr": "河北省保定市莲池区保定军校纪念馆", "coord_src": "geocode"}}, {"type": "Feature", "geometry": {"type": "Point", "coordinates": [115.48704, 38.861391]}, "properties": {"name": "育德中学旧址", "level": "国家级", "era": "近代以来", "lon": 115.481111, "lat": 38.860278, "elev": 19, "city": "保定市", "img": "", "wgs_lon": 115.481111, "wgs_lat": 38.860278, "gcj_lon": 115.48704, "gcj_lat": 38.861391, "geo_addr": "河北省保定市莲池区育德中学旧址", "coord_src": "geocode"}}, {"type": "Feature", "geometry": {"type": "Point", "coordinates": [115.10651, 38.589582]}, "properties": {"name": "药王庙", "level": "国家级", "era": "宋元至明清", "lon": 115.335278, "lat": 38.476111, "elev": 27, "city": "保定市", "img": "", "wgs_lon": 115.335278, "wgs_lat": 38.476111, "gcj_lon": 115.10651, "gcj_lat": 38.589582, "geo_addr": "河北省保定市定州市药王庙", "coord_src": "geocode"}}, {"type": "Feature", "geometry": {"type": "Point", "coordinates": [115.294775, 38.947966]}, "properties": {"name": "中山靖王墓", "level": "国家级", "era": "秦汉至隋唐", "lon": 115.28775, "lat": 38.947833, "elev": 228, "city": "保定市", "img": "", "wgs_lon": 115.28775, "wgs_lat": 38.947833, "gcj_lon": 115.294775, "gcj_lat": 38.947966, "geo_addr": "河北省保定市满城区靖王墓", "coord_src": "geocode"}}, {"type": "Feature", "geometry": {"type": "Point", "coordinates": [115.464523, 38.874476]}, "properties": {"name": "直隶总督署", "level": "国家级", "era": "宋元至明清", "lon": 115.503524, "lat": 38.864866, "elev": 18, "city": "保定市", "img": "", "wgs_lon": 115.503524, "wgs_lat": 38.864866, "gcj_lon": 115.464523, "gcj_lat": 38.874476, "geo_addr": "河北省保定市", "coord_src": "geocode", "gcj_note": "api_error:30001:ENGINE_RESPONSE_DATA_ERROR"}}, {"type": "Feature", "geometry": {"type": "Point", "coordinates": [115.371965, 38.672157]}, "properties": {"name": "冉庄地道战遗址", "level": "国家级", "era": "近代以来", "lon": 115.365, "lat": 38.670583, "elev": 26, "city": "保定市", "img": "", "wgs_lon": 115.365, "wgs_lat": 38.670583, "gcj_lon": 115.371965, "gcj_lat": 38.672157, "geo_addr": "河北省保定市清苑区冉庄地道战遗址", "coord_src": "geocode"}}, {"type": "Feature", "geometry": {"type": "Point", "coordinates": [116.253048, 38.657769]}, "properties": {"name": "留村遗址", "level": "省级", "era": "史前至先秦", "lon": 116.247169, "lat": 38.657056, "elev": 11, "city": "沧州市", "img": "", "wgs_lon": 116.247169, "wgs_lat": 38.657056, "gcj_lon": 116.253048, "gcj_lat": 38.657769, "geo_addr": "河北省沧州市任丘市留村", "coord_src": "geocode"}}, {"type": "Feature", "geometry": {"type": "Point", "coordinates": [116.149636, 38.65457]}, "properties": {"name": "柿庄壁画墓", "level": "省级", "era": "宋元至明清", "lon": 116.143538, "lat": 38.653715, "elev": 12, "city": "沧州市", "img": "", "wgs_lon": 116.143538, "wgs_lat": 38.653715, "gcj_lon": 116.149636, "gcj_lat": 38.65457, "geo_addr": "河北省沧州市任丘市柿庄", "coord_src": "geocode", "gcj_note": "api_error:10021:CUQPS_HAS_EXCEEDED_THE_LIMIT"}}, {"type": "Feature", "geometry": {"type": "Point", "coordinates": [115.98243, 38.917028]}, "properties": {"name": "文庙大殿", "level": "省级", "era": "宋元至明清", "lon": 115.976499, "lat": 38.916262, "elev": 9, "city": "保定市", "img": "", "wgs_lon": 115.976499, "wgs_lat": 38.916262, "gcj_lon": 115.98243, "gcj_lat": 38.917028, "geo_addr": "河北省保定市安新县大殿", "coord_src": "geocode"}}, {"type": "Feature", "geometry": {"type": "Point", "coordinates": [115.98243, 38.917028]}, "properties": {"name": "龙泉寺大殿", "level": "省级", "era": "宋元至明清", "lon": 115.976499, "lat": 38.916262, "elev": 9, "city": "保定市", "img": "", "wgs_lon": 115.976499, "wgs_lat": 38.916262, "gcj_lon": 115.98243, "gcj_lat": 38.917028, "geo_addr": "河北省保定市安新县大殿", "coord_src": "geocode", "gcj_note": "api_error:10021:CUQPS_HAS_EXCEEDED_THE_LIMIT"}}, {"type": "Feature", "geometry": {"type": "Point", "coordinates": [116.026919, 38.689318]}, "properties": {"name": "宝峰禅寺", "level": "省级", "era": "宋元至明清", "lon": 116.020869, "lat": 38.688536, "elev": 14, "city": "沧州市", "img": "", "wgs_lon": 116.020869, "wgs_lat": 38.688536, "gcj_lon": 116.026919, "gcj_lat": 38.689318, "geo_addr": "河北省沧州市任丘市宝峰", "coord_src": "geocode"}}, {"type": "Feature", "geometry": {"type": "Point", "coordinates": [115.842824, 38.631937]}, "properties": {"name": "布里村留法勤工俭学工艺学校旧址", "level": "省级", "era": "近代以来", "lon": 115.837739, "lat": 38.630399, "elev": 13, "city": "保定市", "img": "", "wgs_lon": 115.837739, "wgs_lat": 38.630399, "gcj_lon": 115.842824, "gcj_lat": 38.631937, "geo_addr": "河北省保定市高阳县布里村", "coord_src": "geocode", "gcj_note": "api_error:30001:ENGINE_RESPONSE_DATA_ERROR"}}, {"type": "Feature", "geometry": {"type": "Point", "coordinates": [116.303162, 38.59832]}, "properties": {"name": "白求恩手术室旧址", "level": "省级", "era": "近代以来", "lon": 116.297252, "lat": 38.597586, "elev": 10, "city": "沧州市", "img": "", "wgs_lon": 116.297252, "wgs_lat": 38.597586, "gcj_lon": 116.303162, "gcj_lat": 38.59832, "geo_addr": "河北省沧州市河间市白求恩手术室旧址", "coord_src": "geocode"}}, {"type": "Feature", "geometry": {"type": "Point", "coordinates": [116.076736, 38.809538]}, "properties": {"name": "三各庄遗址", "level": "省级", "era": "史前至先秦", "lon": 116.070559, "lat": 38.808593, "elev": 11, "city": "沧州市", "img": "", "wgs_lon": 116.06525, "wgs_lat": 38.814139, "gcj_lon": 116.076736, "gcj_lat": 38.809538, "geo_addr": "河北省沧州市任丘市三各庄村", "coord_src": "geocode", "gcj_note": "api_error:10021:CUQPS_HAS_EXCEEDED_THE_LIMIT"}}, {"type": "Feature", "geometry": {"type": "Point", "coordinates": [116.838715, 38.304676]}, "properties": {"name": "大名府城址", "level": "省级", "era": "宋元至明清", "lon": 116.090708, "lat": 38.436206, "elev": 13, "city": "沧州市", "img": "", "wgs_lon": 116.090708, "wgs_lat": 38.436206, "gcj_lon": 116.838715, "gcj_lat": 38.304676, "geo_addr": "河北省沧州市", "coord_src": "geocode", "gcj_note": "api_error:30001:ENGINE_RESPONSE_DATA_ERROR"}}, {"type": "Feature", "geometry": {"type": "Point", "coordinates": [115.892468, 38.728589]}, "properties": {"name": "石氏家族墓", "level": "省级", "era": "宋元至明清", "lon": 115.886658, "lat": 38.728035, "elev": 11, "city": "保定市", "img": "", "wgs_lon": 115.886658, "wgs_lat": 38.728035, "gcj_lon": 115.892468, "gcj_lat": 38.728589, "geo_addr": "河北省保定市高阳县石氏村", "coord_src": "geocode"}}, {"type": "Feature", "geometry": {"type": "Point", "coordinates": [115.989634, 38.584037]}, "properties": {"name": "宋辽边关地道", "level": "省级", "era": "宋元至明清", "lon": 115.98372, "lat": 38.583402, "elev": 13, "city": "沧州市", "img": "", "wgs_lon": 115.98372, "wgs_lat": 38.583402, "gcj_lon": 115.989634, "gcj_lat": 38.584037, "geo_addr": "河北省沧州市任丘市边关村", "coord_src": "geocode"}}, {"type": "Feature", "geometry": {"type": "Point", "coordinates": [115.98243, 38.917028]}, "properties": {"name": "娄村三义庙大殿", "level": "省级", "era": "宋元至明清", "lon": 115.976499, "lat": 38.916262, "elev": 9, "city": "保定市", "img": "", "wgs_lon": 115.976499, "wgs_lat": 38.916262, "gcj_lon": 115.98243, "gcj_lat": 38.917028, "geo_addr": "河北省保定市安新县大殿", "coord_src": "geocode"}}, {"type": "Feature", "geometry": {"type": "Point", "coordinates": [115.98243, 38.917028]}, "properties": {"name": "金河寺大殿", "level": "省级", "era": "宋元至明清", "lon": 115.976499, "lat": 38.916262, "elev": 9, "city": "保定市", "img": "", "wgs_lon": 115.976499, "wgs_lat": 38.916262, "gcj_lon": 115.98243, "gcj_lat": 38.917028, "geo_addr": "河北省保定市安新县大殿", "coord_src": "geocode", "gcj_note": "api_error:10021:CUQPS_HAS_EXCEEDED_THE_LIMIT"}}, {"type": "Feature", "geometry": {"type": "Point", "coordinates": [115.464523, 38.874476]}, "properties": {"name": "陈调元庄园", "level": "省级", "era": "近代以来", "lon": 115.862722, "lat": 38.795698, "elev": 14, "city": "保定市", "img": "", "wgs_lon": 115.862722, "wgs_lat": 38.795698, "gcj_lon": 115.464523, "gcj_lat": 38.874476, "geo_addr": "河北省保定市", "coord_src": "geocode", "gcj_note": "api_error:30001:ENGINE_RESPONSE_DATA_ERROR"}}, {"type": "Feature", "geometry": {"type": "Point", "coordinates": [116.094693, 38.437039]}, "properties": {"name": "光明戏院", "level": "省级", "era": "近代以来", "lon": 116.08855, "lat": 38.436197, "elev": 16, "city": "沧州市", "img": "", "wgs_lon": 116.088931, "wgs_lat": 38.4365, "gcj_lon": 116.094693, "gcj_lat": 38.437039, "geo_addr": "河北省沧州市河间市光明戏院", "coord_src": "geocode"}}, {"type": "Feature", "geometry": {"type": "Point", "coordinates": [116.212942, 38.757387]}, "properties": {"name": "东庄店遗址", "level": "省级", "era": "史前至先秦", "lon": 116.206794, "lat": 38.75609, "elev": 10, "city": "沧州市", "img": "", "wgs_lon": 116.206794, "wgs_lat": 38.75609, "gcj_lon": 116.212942, "gcj_lat": 38.757387, "geo_addr": "河北省沧州市任丘市东庄店村", "coord_src": "geocode"}}, {"type": "Feature", "geometry": {"type": "Point", "coordinates": [116.339897, 38.88334]}, "properties": {"name": "小王东遗址", "level": "省级", "era": "史前至先秦", "lon": 116.333876, "lat": 38.882412, "elev": 6, "city": "廊坊市", "img": "", "wgs_lon": 116.333876, "wgs_lat": 38.882412, "gcj_lon": 116.339897, "gcj_lat": 38.88334, "geo_addr": "河北省廊坊市文安县小王东村", "coord_src": "geocode"}}, {"type": "Feature", "geometry": {"type": "Point", "coordinates": [115.956139, 38.739403]}, "properties": {"name": "小关村遗址", "level": "省级", "era": "宋元至明清", "lon": 115.950299, "lat": 38.738796, "elev": 11, "city": "沧州市", "img": "", "wgs_lon": 115.950299, "wgs_lat": 38.738796, "gcj_lon": 115.956139, "gcj_lat": 38.739403, "geo_addr": "河北省沧州市任丘市小关村", "coord_src": "geocode"}}, {"type": "Feature", "geometry": {"type": "Point", "coordinates": [116.838715, 38.304676]}, "properties": {"name": "毛公墓", "level": "省级", "era": "秦汉至隋唐", "lon": 116.071094, "lat": 38.558354, "elev": 12, "city": "沧州市", "img": "", "wgs_lon": 116.071094, "wgs_lat": 38.558354, "gcj_lon": 116.838715, "gcj_lat": 38.304676, "geo_addr": "河北省沧州市", "coord_src": "geocode", "gcj_note": "api_error:30001:ENGINE_RESPONSE_DATA_ERROR"}}, {"type": "Feature", "geometry": {"type": "Point", "coordinates": [115.98243, 38.917028]}, "properties": {"name": "兴国寺大殿", "level": "省级", "era": "宋元至明清", "lon": 115.976499, "lat": 38.916262, "elev": 9, "city": "保定市", "img": "", "wgs_lon": 115.976499, "wgs_lat": 38.916262, "gcj_lon": 115.98243, "gcj_lat": 38.917028, "geo_addr": "河北省保定市安新县大殿", "coord_src": "geocode"}}, {"type": "Feature", "geometry": {"type": "Point", "coordinates": [116.26622, 38.615537]}, "properties": {"name": "卧佛寺摩崖造像", "level": "省级", "era": "宋元至明清", "lon": 116.260347, "lat": 38.614836, "elev": 10, "city": "沧州市", "img": "", "wgs_lon": 116.260347, "wgs_lat": 38.614836, "gcj_lon": 116.26622, "gcj_lat": 38.615537, "geo_addr": "河北省沧州市河间市卧佛寺", "coord_src": "geocode", "gcj_note": "api_error:10021:CUQPS_HAS_EXCEEDED_THE_LIMIT"}}, {"type": "Feature", "geometry": {"type": "Point", "coordinates": [115.98001, 38.932173]}, "properties": {"name": "大庙村炮楼", "level": "省级", "era": "近代以来", "lon": 115.974085, "lat": 38.931405, "elev": 7, "city": "保定市", "img": "", "wgs_lon": 115.974085, "wgs_lat": 38.931405, "gcj_lon": 115.98001, "gcj_lat": 38.932173, "geo_addr": "河北省保定市安新县炮楼", "coord_src": "geocode"}}, {"type": "Feature", "geometry": {"type": "Point", "coordinates": [116.121313, 38.537313]}, "properties": {"name": "冯国璋故居", "level": "省级", "era": "近代以来", "lon": 116.115174, "lat": 38.536459, "elev": 15, "city": "沧州市", "img": "", "wgs_lon": 116.115174, "wgs_lat": 38.536459, "gcj_lon": 116.121313, "gcj_lat": 38.537313, "geo_addr": "河北省沧州市河间市冯国璋故居", "coord_src": "geocode", "gcj_note": "api_error:10021:CUQPS_HAS_EXCEEDED_THE_LIMIT"}}, {"type": "Feature", "geometry": {"type": "Point", "coordinates": [116.094693, 38.437039]}, "properties": {"name": "光明戏院", "level": "国家级", "era": "近代以来", "lon": 116.088931, "lat": 38.4365, "elev": 17, "city": "沧州市", "img": "", "wgs_lon": 116.088931, "wgs_lat": 38.4365, "gcj_lon": 116.094693, "gcj_lat": 38.437039, "geo_addr": "河北省沧州市河间市光明戏院", "coord_src": "geocode"}}, {"type": "Feature", "geometry": {"type": "Point", "coordinates": [116.080239, 38.717592]}, "properties": {"name": "哑叭庄遗址", "level": "国家级", "era": "史前至先秦", "lon": 116.053694, "lat": 38.726972, "elev": 8, "city": "沧州市", "img": "", "wgs_lon": 116.053694, "wgs_lat": 38.726972, "gcj_lon": 116.080239, "gcj_lat": 38.717592, "geo_addr": "河北省沧州市任丘市哑叭庄村", "coord_src": "geocode"}}, {"type": "Feature", "geometry": {"type": "Point", "coordinates": [116.076736, 38.809538]}, "properties": {"name": "三各庄遗址", "level": "国家级", "era": "史前至先秦", "lon": 116.06525, "lat": 38.814139, "elev": 9, "city": "沧州市", "img": "", "wgs_lon": 116.06525, "wgs_lat": 38.814139, "gcj_lon": 116.076736, "gcj_lat": 38.809538, "geo_addr": "河北省沧州市任丘市三各庄村", "coord_src": "geocode", "gcj_note": "api_error:10021:CUQPS_HAS_EXCEEDED_THE_LIMIT"}}, {"type": "Feature", "geometry": {"type": "Point", "coordinates": [115.843646, 38.630982]}, "properties": {"name": "布里留法工艺学校旧址", "level": "国家级", "era": "近代以来", "lon": 115.837639, "lat": 38.630333, "elev": 13, "city": "保定市", "img": "", "wgs_lon": 115.837639, "wgs_lat": 38.630333, "gcj_lon": 115.843646, "gcj_lat": 38.630982, "geo_addr": "河北省保定市高阳县布里留法工艺学校旧址", "coord_src": "geocode"}}, {"type": "Feature", "geometry": {"type": "Point", "coordinates": [116.890309, 38.69697]}, "properties": {"name": "九宣闸", "level": "省级", "era": "宋元至明清", "lon": 116.87411, "lat": 38.700764, "elev": 7, "city": "天津城区", "img": "", "wgs_lon": 116.87411, "wgs_lat": 38.700764, "gcj_lon": 116.890309, "gcj_lat": 38.69697, "geo_addr": "天津市静海区九宣闸(公交站)", "coord_src": "geocode", "gcj_note": "api_error:10021:CUQPS_HAS_EXCEEDED_THE_LIMIT"}}, {"type": "Feature", "geometry": {"type": "Point", "coordinates": [116.91685, 38.764913]}, "properties": {"name": "张官屯窑址", "level": "省级", "era": "宋元至明清", "lon": 116.911052, "lat": 38.764323, "elev": 9, "city": "天津城区", "img": "", "wgs_lon": 116.911052, "wgs_lat": 38.764323, "gcj_lon": 116.91685, "gcj_lat": 38.764913, "geo_addr": "天津市静海区张官屯村", "coord_src": "geocode"}}, {"type": "Feature", "geometry": {"type": "Point", "coordinates": [116.92856, 38.93297]}, "properties": {"name": "静海火车站", "level": "省级", "era": "近代以来", "lon": 116.922763, "lat": 38.933616, "elev": 6, "city": "天津城区", "img": "", "wgs_lon": 116.922763, "wgs_lat": 38.933616, "gcj_lon": 116.92856, "gcj_lat": 38.93297, "geo_addr": "天津市静海区静海火车站(公交站)", "coord_src": "geocode", "gcj_note": "api_error:10021:CUQPS_HAS_EXCEEDED_THE_LIMIT"}}, {"type": "Feature", "geometry": {"type": "Point", "coordinates": [116.901955, 38.802761]}, "properties": {"name": "西钓台古城址", "level": "省级", "era": "秦汉至隋唐", "lon": 116.897894, "lat": 38.801875, "elev": 6, "city": "天津城区", "img": "", "wgs_lon": 116.897894, "wgs_lat": 38.801875, "gcj_lon": 116.901955, "gcj_lat": 38.802761, "geo_addr": "天津市静海区西钓台古城址", "coord_src": "geocode"}}, {"type": "Feature", "geometry": {"type": "Point", "coordinates": [116.917412, 38.711096]}, "properties": {"name": "唐官屯火车站", "level": "省级", "era": "宋元至明清", "lon": 116.925166, "lat": 38.712575, "elev": 8, "city": "天津城区", "img": "", "wgs_lon": 116.925166, "wgs_lat": 38.712575, "gcj_lon": 116.917412, "gcj_lat": 38.711096, "geo_addr": "天津市静海区唐官屯", "coord_src": "geocode", "gcj_note": "api_error:10021:CUQPS_HAS_EXCEEDED_THE_LIMIT"}}, {"type": "Feature", "geometry": {"type": "Point", "coordinates": [116.776047, 38.882483]}, "properties": {"name": "小刘村宋元墓葬群", "level": "省级", "era": "宋元至明清", "lon": 116.770089, "lat": 38.881659, "elev": 8, "city": "天津城区", "img": "", "wgs_lon": 116.770089, "wgs_lat": 38.881659, "gcj_lon": 116.776047, "gcj_lat": 38.882483, "geo_addr": "天津市静海区小刘村", "coord_src": "geocode"}}, {"type": "Feature", "geometry": {"type": "Point", "coordinates": [116.515741, 38.955786]}, "properties": {"name": "西张村遗址", "level": "省级", "era": "史前至先秦", "lon": 116.509887, "lat": 38.954946, "elev": 11, "city": "廊坊市", "img": "", "wgs_lon": 116.509887, "wgs_lat": 38.954946, "gcj_lon": 116.515741, "gcj_lat": 38.955786, "geo_addr": "河北省廊坊市文安县西张村", "coord_src": "geocode", "gcj_note": "api_error:10021:CUQPS_HAS_EXCEEDED_THE_LIMIT"}}, {"type": "Feature", "geometry": {"type": "Point", "coordinates": [116.630853, 38.738425]}, "properties": {"name": "龙冢", "level": "省级", "era": "史前至先秦", "lon": 116.625178, "lat": 38.73784, "elev": 8, "city": "廊坊市", "img": "", "wgs_lon": 116.625178, "wgs_lat": 38.73784, "gcj_lon": 116.630853, "gcj_lat": 38.738425, "geo_addr": "河北省廊坊市大城县龙冢村", "coord_src": "geocode", "gcj_note": "api_error:10021:CUQPS_HAS_EXCEEDED_THE_LIMIT"}}, {"type": "Feature", "geometry": {"type": "Point", "coordinates": [116.799347, 38.63281]}, "properties": {"name": "北张庄桥墓群", "level": "省级", "era": "秦汉至隋唐", "lon": 116.79344, "lat": 38.632127, "elev": 9, "city": "沧州市", "img": "", "wgs_lon": 116.79344, "wgs_lat": 38.632127, "gcj_lon": 116.799347, "gcj_lat": 38.63281, "geo_addr": "河北省沧州市青县北张庄桥", "coord_src": "geocode"}}, {"type": "Feature", "geometry": {"type": "Point", "coordinates": [116.519973, 38.70897]}, "properties": {"name": "齐圪垯汉墓", "level": "省级", "era": "秦汉至隋唐", "lon": 116.514164, "lat": 38.708273, "elev": 7, "city": "廊坊市", "img": "", "wgs_lon": 116.514164, "wgs_lat": 38.708273, "gcj_lon": 116.519973, "gcj_lat": 38.70897, "geo_addr": "河北省廊坊市大城县齐圪垯汉墓", "coord_src": "geocode", "gcj_note": "api_error:10021:CUQPS_HAS_EXCEEDED_THE_LIMIT"}}, {"type": "Feature", "geometry": {"type": "Point", "coordinates": [116.626162, 38.766714]}, "properties": {"name": "郭底村墓群", "level": "省级", "era": "宋元至明清", "lon": 116.620492, "lat": 38.766121, "elev": 5, "city": "廊坊市", "img": "", "wgs_lon": 116.620492, "wgs_lat": 38.766121, "gcj_lon": 116.626162, "gcj_lat": 38.766714, "geo_addr": "河北省廊坊市大城县郭底村", "coord_src": "geocode"}}, {"type": "Feature", "geometry": {"type": "Point", "coordinates": [116.865241, 38.676776]}, "properties": {"name": "马厂炮台", "level": "省级", "era": "宋元至明清", "lon": 116.859441, "lat": 38.676192, "elev": 12, "city": "沧州市", "img": "", "wgs_lon": 116.859405, "wgs_lat": 38.67614, "gcj_lon": 116.865241, "gcj_lat": 38.676776, "geo_addr": "河北省沧州市青县马厂炮台(不对外开放)", "coord_src": "geocode"}}, {"type": "Feature", "geometry": {"type": "Point", "coordinates": [116.815205, 38.561518]}, "properties": {"name": "河沟遗址", "level": "省级", "era": "史前至先秦", "lon": 116.809331, "lat": 38.560882, "elev": 8, "city": "沧州市", "img": "", "wgs_lon": 116.809331, "wgs_lat": 38.560882, "gcj_lon": 116.815205, "gcj_lat": 38.561518, "geo_addr": "河北省沧州市青县河沟", "coord_src": "geocode"}}, {"type": "Feature", "geometry": {"type": "Point", "coordinates": [116.683546, 39.538304]}, "properties": {"name": "李松墓", "level": "省级", "era": "宋元至明清", "lon": 116.558417, "lat": 38.669824, "elev": 7, "city": "廊坊市", "img": "", "wgs_lon": 116.558417, "wgs_lat": 38.669824, "gcj_lon": 116.683546, "gcj_lat": 39.538304, "geo_addr": "河北省廊坊市", "coord_src": "geocode", "gcj_note": "api_error:30001:ENGINE_RESPONSE_DATA_ERROR"}}, {"type": "Feature", "geometry": {"type": "Point", "coordinates": [116.804137, 38.583657]}, "properties": {"name": "青县铁路给水所", "level": "省级", "era": "宋元至明清", "lon": 116.798243, "lat": 38.582997, "elev": 4, "city": "沧州市", "img": "", "wgs_lon": 116.798243, "wgs_lat": 38.582997, "gcj_lon": 116.804137, "gcj_lat": 38.583657, "geo_addr": "河北省沧州市青县", "coord_src": "geocode"}}, {"type": "Feature", "geometry": {"type": "Point", "coordinates": [116.865241, 38.676776]}, "properties": {"name": "马厂炮台", "level": "国家级", "era": "近代以来", "lon": 116.859405, "lat": 38.67614, "elev": 12, "city": "沧州市", "img": "", "wgs_lon": 116.859405, "wgs_lat": 38.67614, "gcj_lon": 116.865241, "gcj_lat": 38.676776, "geo_addr": "河北省沧州市青县马厂炮台(不对外开放)", "coord_src": "geocode"}}, {"type": "Feature", "geometry": {"type": "Point", "coordinates": [116.975474, 38.947772]}, "properties": {"name": "文化部静海五七干校旧址", "level": "省级", "era": "近代以来", "lon": 117.116801, "lat": 38.858472, "elev": 3, "city": "天津城区", "img": "", "wgs_lon": 117.116801, "wgs_lat": 38.858472, "gcj_lon": 116.975474, "gcj_lat": 38.947772, "geo_addr": "天津市静海区", "coord_src": "geocode"}}, {"type": "Feature", "geometry": {"type": "Point", "coordinates": [117.028747, 38.854946]}, "properties": {"name": "崔庄古枣园", "level": "省级", "era": "宋元至明清", "lon": 117.231395, "lat": 38.624269, "elev": 5, "city": "天津城区", "img": "", "wgs_lon": 117.231395, "wgs_lat": 38.624269, "gcj_lon": 117.028747, "gcj_lat": 38.854946, "geo_addr": "天津市静海区崔庄", "coord_src": "geocode", "gcj_note": "api_error:10021:CUQPS_HAS_EXCEEDED_THE_LIMIT"}}, {"type": "Feature", "geometry": {"type": "Point", "coordinates": [117.323998, 38.973446]}, "properties": {"name": "巨葛庄遗址", "level": "省级", "era": "史前至先秦", "lon": 117.31762, "lat": 38.972474, "elev": 4, "city": "天津城区", "img": "", "wgs_lon": 117.31762, "wgs_lat": 38.972474, "gcj_lon": 117.323998, "gcj_lat": 38.973446, "geo_addr": "天津市津南区巨葛庄村", "coord_src": "geocode", "gcj_note": "api_error:10021:CUQPS_HAS_EXCEEDED_THE_LIMIT"}}, {"type": "Feature", "geometry": {"type": "Point", "coordinates": [117.425109, 38.89868]}, "properties": {"name": "周公祠", "level": "省级", "era": "宋元至明清", "lon": 117.410596, "lat": 38.892285, "elev": 5, "city": "天津城区", "img": "", "wgs_lon": 117.410596, "wgs_lat": 38.892285, "gcj_lon": 117.425109, "gcj_lat": 38.89868, "geo_addr": "天津市津南区周公祠", "coord_src": "geocode"}}, {"type": "Feature", "geometry": {"type": "Point", "coordinates": [117.201509, 39.085318]}, "properties": {"name": "南塘遗址", "level": "省级", "era": "秦汉至隋唐", "lon": 117.247688, "lat": 38.690145, "elev": 3, "city": "天津城区", "img": "", "wgs_lon": 117.247688, "wgs_lat": 38.690145, "gcj_lon": 117.201509, "gcj_lat": 39.085318, "geo_addr": "天津市", "coord_src": "geocode", "gcj_note": "api_error:10021:CUQPS_HAS_EXCEEDED_THE_LIMIT"}}, {"type": "Feature", "geometry": {"type": "Point", "coordinates": [116.742326, 38.419966]}, "properties": {"name": "聚馆古贡枣园", "level": "国家级", "era": "宋元至明清", "lon": 117.213833, "lat": 38.624111, "elev": 5, "city": "沧州市", "img": "", "wgs_lon": 117.213833, "wgs_lat": 38.624111, "gcj_lon": 116.742326, "gcj_lat": 38.419966, "geo_addr": "河北省沧州市青县枣园村", "coord_src": "geocode", "gcj_note": "api_error:30001:ENGINE_RESPONSE_DATA_ERROR"}}, {"type": "Feature", "geometry": {"type": "Point", "coordinates": [117.201509, 39.085318]}, "properties": {"name": "港5井", "level": "省级", "era": "宋元至明清", "lon": 117.514377, "lat": 38.721078, "elev": 3, "city": "天津城区", "img": "", "wgs_lon": 117.514377, "wgs_lat": 38.721078, "gcj_lon": 117.201509, "gcj_lat": 39.085318, "geo_addr": "天津市", "coord_src": "geocode", "gcj_note": "api_error:30001:ENGINE_RESPONSE_DATA_ERROR"}}, {"type": "Feature", "geometry": {"type": "Point", "coordinates": [117.668754, 39.015328]}, "properties": {"name": "亚细亚火油公司塘沽油库旧址", "level": "省级", "era": "近代以来", "lon": 117.678865, "lat": 38.987915, "elev": 3, "city": "天津城区", "img": "", "wgs_lon": 117.678865, "wgs_lat": 38.987915, "gcj_lon": 117.668754, "gcj_lat": 39.015328, "geo_addr": "天津市滨海新区塘沽街道", "coord_src": "geocode", "gcj_note": "api_error:30001:ENGINE_RESPONSE_DATA_ERROR"}}, {"type": "Feature", "geometry": {"type": "Point", "coordinates": [117.201509, 39.085318]}, "properties": {"name": "津东书院旧址", "level": "省级", "era": "宋元至明清", "lon": 117.508306, "lat": 38.99407, "elev": 6, "city": "天津城区", "img": "", "wgs_lon": 117.508306, "wgs_lat": 38.99407, "gcj_lon": 117.201509, "gcj_lat": 39.085318, "geo_addr": "天津市", "coord_src": "geocode", "gcj_note": "api_error:30001:ENGINE_RESPONSE_DATA_ERROR"}}, {"type": "Feature", "geometry": {"type": "Point", "coordinates": [117.685019, 38.978928]}, "properties": {"name": "北洋水师大沽船坞遗址", "level": "国家级", "era": "近代以来", "lon": 117.680028, "lat": 38.980222, "elev": 6, "city": "天津城区", "img": "", "wgs_lon": 117.680028, "wgs_lat": 38.980222, "gcj_lon": 117.685019, "gcj_lat": 38.978928, "geo_addr": "天津市滨海新区北洋水师大沽船坞遗址(暂停开放)", "coord_src": "geocode"}}, {"type": "Feature", "geometry": {"type": "Point", "coordinates": [117.201509, 39.085318]}, "properties": {"name": "大沽口炮台", "level": "国家级", "era": "近代以来", "lon": 117.705306, "lat": 38.977139, "elev": 7, "city": "天津城区", "img": "", "wgs_lon": 117.705306, "wgs_lat": 38.977139, "gcj_lon": 117.201509, "gcj_lat": 39.085318, "geo_addr": "天津市", "coord_src": "geocode", "gcj_note": "api_error:30001:ENGINE_RESPONSE_DATA_ERROR"}}, {"type": "Feature", "geometry": {"type": "Point", "coordinates": [114.649903, 39.263554]}, "properties": {"name": "插箭岭墓群", "level": "省级", "era": "秦汉至隋唐", "lon": 114.643943, "lat": 39.262687, "elev": 903, "city": "保定市", "img": "", "wgs_lon": 114.643943, "wgs_lat": 39.262687, "gcj_lon": 114.649903, "gcj_lat": 39.263554, "geo_addr": "河北省保定市涞源县插箭岭", "coord_src": "geocode"}}, {"type": "Feature", "geometry": {"type": "Point", "coordinates": [114.165141, 39.037391]}, "properties": {"name": "黄崖寺塔群", "level": "省级", "era": "宋元至明清", "lon": 114.158633, "lat": 39.036404, "elev": 830, "city": "保定市", "img": "", "wgs_lon": 114.158633, "wgs_lat": 39.036404, "gcj_lon": 114.165141, "gcj_lat": 39.037391, "geo_addr": "河北省保定市阜平县黄崖", "coord_src": "geocode"}}, {"type": "Feature", "geometry": {"type": "Point", "coordinates": [114.50553, 39.11621]}, "properties": {"name": "天佑寺观音像", "level": "省级", "era": "秦汉至隋唐", "lon": 114.499366, "lat": 39.115285, "elev": 617, "city": "保定市", "img": "", "wgs_lon": 114.499366, "wgs_lat": 39.115285, "gcj_lon": 114.50553, "gcj_lat": 39.11621, "geo_addr": "河北省保定市涞源县南海观音", "coord_src": "geocode", "gcj_note": "api_error:10021:CUQPS_HAS_EXCEEDED_THE_LIMIT"}}, {"type": "Feature", "geometry": {"type": "Point", "coordinates": [115.123289, 39.383433]}, "properties": {"name": "庄窠遗址", "level": "省级", "era": "史前至先秦", "lon": 115.116841, "lat": 39.382175, "elev": 532, "city": "保定市", "img": "", "wgs_lon": 115.116841, "wgs_lat": 39.382175, "gcj_lon": 115.123289, "gcj_lat": 39.383433, "geo_addr": "河北省保定市易县庄窠", "coord_src": "geocode"}}, {"type": "Feature", "geometry": {"type": "Point", "coordinates": [115.464523, 38.874476]}, "properties": {"name": "兴文塔", "level": "省级", "era": "宋元至明清", "lon": 114.690666, "lat": 39.350659, "elev": 830, "city": "保定市", "img": "", "wgs_lon": 114.69086, "wgs_lat": 39.350556, "gcj_lon": 115.464523, "gcj_lat": 38.874476, "geo_addr": "河北省保定市", "coord_src": "geocode", "gcj_note": "api_error:30001:ENGINE_RESPONSE_DATA_ERROR"}}, {"type": "Feature", "geometry": {"type": "Point", "coordinates": [114.688425, 39.353834]}, "properties": {"name": "阁院寺", "level": "省级", "era": "宋元至明清", "lon": 114.682367, "lat": 39.352851, "elev": 842, "city": "保定市", "img": "", "wgs_lon": 114.681306, "wgs_lat": 39.353221, "gcj_lon": 114.688425, "gcj_lat": 39.353834, "geo_addr": "河北省保定市涞源县阁院寺", "coord_src": "geocode", "gcj_note": "api_error:10021:CUQPS_HAS_EXCEEDED_THE_LIMIT"}}, {"type": "Feature", "geometry": {"type": "Point", "coordinates": [115.174942, 39.428063]}, "properties": {"name": "万里长城", "level": "省级", "era": "宋元至明清", "lon": 115.168577, "lat": 39.426862, "elev": 525, "city": "保定市", "img": "", "wgs_lon": 115.168577, "wgs_lat": 39.426862, "gcj_lon": 115.174942, "gcj_lat": 39.428063, "geo_addr": "河北省保定市易县万里长城(紫荆关段)", "coord_src": "geocode"}}, {"type": "Feature", "geometry": {"type": "Point", "coordinates": [115.174942, 39.428063]}, "properties": {"name": "万里长城—山海关", "level": "省级", "era": "宋元至明清", "lon": 115.168577, "lat": 39.426862, "elev": 525, "city": "保定市", "img": "", "wgs_lon": 115.168577, "wgs_lat": 39.426862, "gcj_lon": 115.174942, "gcj_lat": 39.428063, "geo_addr": "河北省保定市易县万里长城(紫荆关段)", "coord_src": "geocode"}}, {"type": "Feature", "geometry": {"type": "Point", "coordinates": [115.16294063943997, 39.14343683635313]}, "properties": {"name": "五勇士跳崖处", "level": "省级", "era": "近代以来", "lon": 115.156585, "lat": 39.14236, "elev": 773, "city": "保定市", "img": "", "wgs_lon": 115.156585, "wgs_lat": 39.14236, "gcj_lon": 115.16294063943997, "gcj_lat": 39.14343683635313, "geo_addr": "", "coord_src": "fallback_local", "gcj_note": "tries_exhausted"}}, {"type": "Feature", "geometry": {"type": "Point", "coordinates": [115.049172, 39.443264]}, "properties": {"name": "哑叭庄遗址", "level": "省级", "era": "史前至先秦", "lon": 115.042809, "lat": 39.442042, "elev": 641, "city": "保定市", "img": "", "wgs_lon": 115.042809, "wgs_lat": 39.442042, "gcj_lon": 115.049172, "gcj_lat": 39.443264, "geo_addr": "河北省保定市涞源县哑叭庄", "coord_src": "geocode"}}, {"type": "Feature", "geometry": {"type": "Point", "coordinates": [114.74594, 39.366923]}, "properties": {"name": "甲村遗址", "level": "省级", "era": "史前至先秦", "lon": 114.739789, "lat": 39.36586, "elev": 825, "city": "保定市", "img": "", "wgs_lon": 114.739789, "wgs_lat": 39.36586, "gcj_lon": 114.74594, "gcj_lat": 39.366923, "geo_addr": "河北省保定市涞源县甲村", "coord_src": "geocode"}}, {"type": "Feature", "geometry": {"type": "Point", "coordinates": [115.002069, 39.241835]}, "properties": {"name": "小兰城城址", "level": "省级", "era": "宋元至明清", "lon": 114.99591, "lat": 39.24084, "elev": 311, "city": "保定市", "img": "", "wgs_lon": 114.99591, "wgs_lat": 39.24084, "gcj_lon": 115.002069, "gcj_lat": 39.241835, "geo_addr": "河北省保定市易县小兰村", "coord_src": "geocode", "gcj_note": "api_error:10021:CUQPS_HAS_EXCEEDED_THE_LIMIT"}}, {"type": "Feature", "geometry": {"type": "Point", "coordinates": [115.175957, 39.427361]}, "properties": {"name": "万里长城-紫荆关", "level": "省级", "era": "宋元至明清", "lon": 115.169594, "lat": 39.426162, "elev": 529, "city": "保定市", "img": "", "wgs_lon": 115.169594, "wgs_lat": 39.426162, "gcj_lon": 115.175957, "gcj_lat": 39.427361, "geo_addr": "河北省保定市易县万里长城(紫荆关段)紫荆关", "coord_src": "geocode"}}, {"type": "Feature", "geometry": {"type": "Point", "coordinates": [115.214621, 39.22545]}, "properties": {"name": "黄土岭战役旧址", "level": "省级", "era": "近代以来", "lon": 115.208363, "lat": 39.224416, "elev": 329, "city": "保定市", "img": "", "wgs_lon": 115.208363, "wgs_lat": 39.224416, "gcj_lon": 115.214621, "gcj_lat": 39.22545, "geo_addr": "河北省保定市易县黄土岭", "coord_src": "geocode", "gcj_note": "api_error:10021:CUQPS_HAS_EXCEEDED_THE_LIMIT"}}, {"type": "Feature", "geometry": {"type": "Point", "coordinates": [115.082943, 39.026618]}, "properties": {"name": "白云山庆福寺遗址", "level": "省级", "era": "宋元至明清", "lon": 115.076553, "lat": 39.025562, "elev": 219, "city": "保定市", "img": "", "wgs_lon": 115.076553, "wgs_lat": 39.025562, "gcj_lon": 115.082943, "gcj_lat": 39.026618, "geo_addr": "河北省保定市满城区白云山", "coord_src": "geocode"}}, {"type": "Feature", "geometry": {"type": "Point", "coordinates": [115.464523, 38.874476]}, "properties": {"name": "兴文塔", "level": "国家级", "era": "宋元至明清", "lon": 114.69086, "lat": 39.350556, "elev": 832, "city": "保定市", "img": "", "wgs_lon": 114.69086, "wgs_lat": 39.350556, "gcj_lon": 115.464523, "gcj_lat": 38.874476, "geo_addr": "河北省保定市", "coord_src": "geocode", "gcj_note": "api_error:30001:ENGINE_RESPONSE_DATA_ERROR"}}, {"type": "Feature", "geometry": {"type": "Point", "coordinates": [115.175957, 39.427361]}, "properties": {"name": "万里长城--紫荆关", "level": "国家级", "era": "秦汉至隋唐", "lon": 115.170194, "lat": 39.425694, "elev": 530, "city": "保定市", "img": "", "wgs_lon": 115.170194, "wgs_lat": 39.425694, "gcj_lon": 115.175957, "gcj_lat": 39.427361, "geo_addr": "河北省保定市易县万里长城(紫荆关段)紫荆关", "coord_src": "geocode"}}, {"type": "Feature", "geometry": {"type": "Point", "coordinates": [114.688425, 39.353834]}, "properties": {"name": "阁院寺", "level": "国家级", "era": "宋元至明清", "lon": 114.681306, "lat": 39.353221, "elev": 842, "city": "保定市", "img": "", "wgs_lon": 114.681306, "wgs_lat": 39.353221, "gcj_lon": 114.688425, "gcj_lat": 39.353834, "geo_addr": "河北省保定市涞源县阁院寺", "coord_src": "geocode", "gcj_note": "api_error:10021:CUQPS_HAS_EXCEEDED_THE_LIMIT"}}, {"type": "Feature", "geometry": {"type": "Point", "coordinates": [115.371334, 38.998015]}, "properties": {"name": "夜借遗址", "level": "省级", "era": "史前至先秦", "lon": 115.364925, "lat": 38.996988, "elev": 33, "city": "保定市", "img": "", "wgs_lon": 115.364925, "wgs_lat": 38.996988, "gcj_lon": 115.371334, "gcj_lat": 38.998015, "geo_addr": "河北省保定市满城区夜借村", "coord_src": "geocode"}}, {"type": "Feature", "geometry": {"type": "Point", "coordinates": [115.531378, 39.306602]}, "properties": {"name": "燕下都遗址", "level": "省级", "era": "史前至先秦", "lon": 115.525238, "lat": 39.305622, "elev": 50, "city": "保定市", "img": "", "wgs_lon": 115.492222, "wgs_lat": 39.261667, "gcj_lon": 115.531378, "gcj_lat": 39.306602, "geo_addr": "河北省保定市易县燕下都遗址", "coord_src": "geocode"}}, {"type": "Feature", "geometry": {"type": "Point", "coordinates": [115.555603, 39.242344]}, "properties": {"name": "丛葬墓群", "level": "省级", "era": "史前至先秦", "lon": 115.549552, "lat": 39.241457, "elev": 42, "city": "保定市", "img": "", "wgs_lon": 115.549552, "wgs_lat": 39.241457, "gcj_lon": 115.555603, "gcj_lat": 39.242344, "geo_addr": "河北省保定市易县丛葬墓群", "coord_src": "geocode"}}, {"type": "Feature", "geometry": {"type": "Point", "coordinates": [115.315227, 39.028381]}, "properties": {"name": "张柔墓", "level": "省级", "era": "宋元至明清", "lon": 115.308944, "lat": 39.027435, "elev": 54, "city": "保定市", "img": "", "wgs_lon": 115.310556, "wgs_lat": 39.028333, "gcj_lon": 115.315227, "gcj_lat": 39.028381, "geo_addr": "河北省保定市满城区张柔墓", "coord_src": "geocode"}}, {"type": "Feature", "geometry": {"type": "Point", "coordinates": [115.362235, 39.371801]}, "properties": {"name": "清西陵", "level": "省级", "era": "宋元至明清", "lon": 115.355797, "lat": 39.370576, "elev": 110, "city": "保定市", "img": "", "wgs_lon": 115.345194, "wgs_lat": 39.370556, "gcj_lon": 115.362235, "gcj_lat": 39.371801, "geo_addr": "河北省保定市易县清西陵", "coord_src": "geocode"}}, {"type": "Feature", "geometry": {"type": "Point", "coordinates": [115.464523, 38.874476]}, "properties": {"name": "怡贤亲王墓", "level": "省级", "era": "宋元至明清", "lon": 115.696808, "lat": 39.493067, "elev": 67, "city": "保定市", "img": "", "wgs_lon": 115.40527, "wgs_lat": 39.29449, "gcj_lon": 115.464523, "gcj_lat": 38.874476, "geo_addr": "河北省保定市", "coord_src": "geocode", "gcj_note": "api_error:10021:CUQPS_HAS_EXCEEDED_THE_LIMIT"}}, {"type": "Feature", "geometry": {"type": "Point", "coordinates": [115.464523, 38.874476]}, "properties": {"name": "刘伶墓", "level": "省级", "era": "史前至先秦", "lon": 115.532234, "lat": 39.047298, "elev": 29, "city": "保定市", "img": "", "wgs_lon": 115.532234, "wgs_lat": 39.047298, "gcj_lon": 115.464523, "gcj_lat": 38.874476, "geo_addr": "河北省保定市", "coord_src": "geocode", "gcj_note": "api_error:30001:ENGINE_RESPONSE_DATA_ERROR"}}, {"type": "Feature", "geometry": {"type": "Point", "coordinates": [115.525357, 39.046375]}, "properties": {"name": "张华墓", "level": "省级", "era": "史前至先秦", "lon": 115.519226, "lat": 39.045529, "elev": 25, "city": "保定市", "img": "", "wgs_lon": 115.519226, "wgs_lat": 39.045529, "gcj_lon": 115.525357, "gcj_lat": 39.046375, "geo_addr": "河北省保定市徐水区张华村", "coord_src": "geocode"}}, {"type": "Feature", "geometry": {"type": "Point", "coordinates": [115.667939, 39.312328]}, "properties": {"name": "义慈惠石柱", "level": "省级", "era": "宋元至明清", "lon": 115.661882, "lat": 39.311382, "elev": 35, "city": "保定市", "img": "", "wgs_lon": 115.661944, "wgs_lat": 39.311389, "gcj_lon": 115.667939, "gcj_lat": 39.312328, "geo_addr": "河北省保定市定兴县义慈惠石柱", "coord_src": "geocode", "gcj_note": "api_error:10021:CUQPS_HAS_EXCEEDED_THE_LIMIT"}}, {"type": "Feature", "geometry": {"type": "Point", "coordinates": [115.497782, 39.343502]}, "properties": {"name": "易县道德经幢", "level": "省级", "era": "秦汉至隋唐", "lon": 115.491505, "lat": 39.342406, "elev": 58, "city": "保定市", "img": "", "wgs_lon": 115.491505, "wgs_lat": 39.342406, "gcj_lon": 115.497782, "gcj_lat": 39.343502, "geo_addr": "河北省保定市易县道德经幢", "coord_src": "geocode"}}, {"type": "Feature", "geometry": {"type": "Point", "coordinates": [115.457142, 39.343816]}, "properties": {"name": "圣塔院塔", "level": "省级", "era": "宋元至明清", "lon": 115.450723, "lat": 39.342613, "elev": 101, "city": "保定市", "img": "", "wgs_lon": 115.450611, "wgs_lat": 39.341972, "gcj_lon": 115.457142, "gcj_lat": 39.343816, "geo_addr": "河北省保定市易县荆轲塔", "coord_src": "geocode"}}, {"type": "Feature", "geometry": {"type": "Point", "coordinates": [115.670324, 39.487706]}, "properties": {"name": "镇江塔", "level": "省级", "era": "宋元至明清", "lon": 115.66424, "lat": 39.486681, "elev": 68, "city": "保定市", "img": "", "wgs_lon": 115.66424, "wgs_lat": 39.486681, "gcj_lon": 115.670324, "gcj_lat": 39.487706, "geo_addr": "河北省保定市涞水县镇江塔", "coord_src": "geocode"}}, {"type": "Feature", "geometry": {"type": "Point", "coordinates": [115.705393, 39.400896]}, "properties": {"name": "西岗塔", "level": "省级", "era": "宋元至明清", "lon": 115.69925, "lat": 39.399839, "elev": 54, "city": "保定市", "img": "", "wgs_lon": 115.41576, "wgs_lat": 39.23593, "gcj_lon": 115.705393, "gcj_lat": 39.400896, "geo_addr": "河北省保定市涞水县西岗塔", "coord_src": "geocode"}}, {"type": "Feature", "geometry": {"type": "Point", "coordinates": [115.518271, 39.283261]}, "properties": {"name": "燕子村塔", "level": "省级", "era": "宋元至明清", "lon": 115.512083, "lat": 39.282256, "elev": 51, "city": "保定市", "img": "", "wgs_lon": 115.512083, "wgs_lat": 39.282256, "gcj_lon": 115.518271, "gcj_lat": 39.283261, "geo_addr": "河北省保定市易县燕子村", "coord_src": "geocode"}}, {"type": "Feature", "geometry": {"type": "Point", "coordinates": [115.668286, 39.127466]}, "properties": {"name": "南庄头遗址", "level": "省级", "era": "史前至先秦", "lon": 115.66225, "lat": 39.126623, "elev": 20, "city": "保定市", "img": "", "wgs_lon": 115.39739, "wgs_lat": 39.07598, "gcj_lon": 115.668286, "gcj_lat": 39.127466, "geo_addr": "河北省保定市定兴县南庄头遗址", "coord_src": "geocode", "gcj_note": "api_error:10021:CUQPS_HAS_EXCEEDED_THE_LIMIT"}}, {"type": "Feature", "geometry": {"type": "Point", "coordinates": [115.712463, 39.301686]}, "properties": {"name": "富位遗址", "level": "省级", "era": "史前至先秦", "lon": 115.70632, "lat": 39.300665, "elev": 37, "city": "保定市", "img": "", "wgs_lon": 115.70632, "wgs_lat": 39.300665, "gcj_lon": 115.712463, "gcj_lat": 39.301686, "geo_addr": "河北省保定市涞水县富位村", "coord_src": "geocode"}}, {"type": "Feature", "geometry": {"type": "Point", "coordinates": [115.534323, 39.046202]}, "properties": {"name": "遂城遗址", "level": "省级", "era": "宋元至明清", "lon": 115.528226, "lat": 39.045381, "elev": 26, "city": "保定市", "img": "", "wgs_lon": 115.528226, "wgs_lat": 39.045381, "gcj_lon": 115.534323, "gcj_lat": 39.046202, "geo_addr": "河北省保定市徐水区遂城镇", "coord_src": "geocode"}}, {"type": "Feature", "geometry": {"type": "Point", "coordinates": [115.402686, 39.381324]}, "properties": {"name": "崇宁真君庙牌楼", "level": "省级", "era": "宋元至明清", "lon": 115.396194, "lat": 39.380054, "elev": 83, "city": "保定市", "img": "", "wgs_lon": 115.396194, "wgs_lat": 39.380054, "gcj_lon": 115.402686, "gcj_lat": 39.381324, "geo_addr": "河北省保定市易县牌楼", "coord_src": "geocode"}}, {"type": "Feature", "geometry": {"type": "Point", "coordinates": [115.716316, 39.395045]}, "properties": {"name": "涞水城隍庙", "level": "省级", "era": "宋元至明清", "lon": 115.710156, "lat": 39.393974, "elev": 48, "city": "保定市", "img": "", "wgs_lon": 115.710156, "wgs_lat": 39.393974, "gcj_lon": 115.716316, "gcj_lat": 39.395045, "geo_addr": "河北省保定市涞水县涞水城隍庙", "coord_src": "geocode"}}, {"type": "Feature", "geometry": {"type": "Point", "coordinates": [115.499462, 39.34718]}, "properties": {"name": "易县清真寺", "level": "省级", "era": "宋元至明清", "lon": 115.493191, "lat": 39.346087, "elev": 59, "city": "保定市", "img": "", "wgs_lon": 115.493191, "wgs_lat": 39.346087, "gcj_lon": 115.499462, "gcj_lat": 39.34718, "geo_addr": "河北省保定市易县清真寺", "coord_src": "geocode", "gcj_note": "api_error:10021:CUQPS_HAS_EXCEEDED_THE_LIMIT"}}, {"type": "Feature", "geometry": {"type": "Point", "coordinates": [115.273108, 39.124836]}, "properties": {"name": "塔峪村千佛宝塔", "level": "省级", "era": "宋元至明清", "lon": 115.266887, "lat": 39.123885, "elev": 133, "city": "保定市", "img": "", "wgs_lon": 115.266887, "wgs_lat": 39.123885, "gcj_lon": 115.273108, "gcj_lat": 39.124836, "geo_addr": "河北省保定市易县塔峪村千佛宝塔", "coord_src": "geocode"}}, {"type": "Feature", "geometry": {"type": "Point", "coordinates": [115.483106, 39.071018]}, "properties": {"name": "大赤鲁遗址", "level": "省级", "era": "史前至先秦", "lon": 115.476806, "lat": 39.070033, "elev": 34, "city": "保定市", "img": "", "wgs_lon": 115.476806, "wgs_lat": 39.070033, "gcj_lon": 115.483106, "gcj_lat": 39.071018, "geo_addr": "河北省保定市徐水区大赤鲁村", "coord_src": "geocode", "gcj_note": "api_error:10021:CUQPS_HAS_EXCEEDED_THE_LIMIT"}}, {"type": "Feature", "geometry": {"type": "Point", "coordinates": [115.472555, 38.890154]}, "properties": {"name": "刘伶醉酒厂古烧锅遗址", "level": "省级", "era": "宋元至明清", "lon": 115.648127, "lat": 39.014668, "elev": 20, "city": "保定市", "img": "", "wgs_lon": 115.648127, "wgs_lat": 39.014668, "gcj_lon": 115.472555, "gcj_lat": 38.890154, "geo_addr": "河北省保定市竞秀区刘伶醉(翠园街店)", "coord_src": "geocode", "gcj_note": "api_error:30001:ENGINE_RESPONSE_DATA_ERROR"}}, {"type": "Feature", "geometry": {"type": "Point", "coordinates": [115.632617, 39.524544]}, "properties": {"name": "玉泉寺", "level": "省级", "era": "宋元至明清", "lon": 115.626594, "lat": 39.523567, "elev": 202, "city": "保定市", "img": "", "wgs_lon": 115.626594, "wgs_lat": 39.523567, "gcj_lon": 115.632617, "gcj_lat": 39.524544, "geo_addr": "河北省保定市涞水县玉泉寺", "coord_src": "geocode", "gcj_note": "api_error:10021:CUQPS_HAS_EXCEEDED_THE_LIMIT"}}, {"type": "Feature", "geometry": {"type": "Point", "coordinates": [115.347649, 39.16884]}, "properties": {"name": "赵国易阳南界石刻", "level": "省级", "era": "秦汉至隋唐", "lon": 115.341269, "lat": 39.167748, "elev": 77, "city": "保定市", "img": "", "wgs_lon": 115.341269, "wgs_lat": 39.167748, "gcj_lon": 115.347649, "gcj_lat": 39.16884, "geo_addr": "河北省保定市易县南界村", "coord_src": "geocode"}}, {"type": "Feature", "geometry": {"type": "Point", "coordinates": [115.378788, 39.359019]}, "properties": {"name": "华北制药厂办公楼", "level": "省级", "era": "近代以来", "lon": 115.372321, "lat": 39.357777, "elev": 90, "city": "保定市", "img": "", "wgs_lon": 115.372321, "wgs_lat": 39.357777, "gcj_lon": 115.378788, "gcj_lat": 39.359019, "geo_addr": "河北省保定市易县华北村", "coord_src": "geocode", "gcj_note": "api_error:10021:CUQPS_HAS_EXCEEDED_THE_LIMIT"}}, {"type": "Feature", "geometry": {"type": "Point", "coordinates": [115.38341378966946, 39.25307885503996]}, "properties": {"name": "裕悼亲王保寿园寝", "level": "省级", "era": "宋元至明清", "lon": 115.376954, "lat": 39.251885, "elev": 88, "city": "保定市", "img": "", "wgs_lon": 115.376954, "wgs_lat": 39.251885, "gcj_lon": 115.38341378966946, "gcj_lat": 39.25307885503996, "geo_addr": "", "coord_src": "fallback_local", "gcj_note": "tries_exhausted"}}, {"type": "Feature", "geometry": {"type": "Point", "coordinates": [115.38996800839526, 39.25843368849235]}, "properties": {"name": "裕庄亲王广禄园寝", "level": "省级", "era": "宋元至明清", "lon": 115.3835, "lat": 39.257231, "elev": 81, "city": "保定市", "img": "", "wgs_lon": 115.3835, "wgs_lat": 39.257231, "gcj_lon": 115.38996800839526, "gcj_lat": 39.25843368849235, "geo_addr": "", "coord_src": "fallback_local", "gcj_note": "tries_exhausted"}}, {"type": "Feature", "geometry": {"type": "Point", "coordinates": [115.550751, 39.043246]}, "properties": {"name": "巩固庄福隆号旧址", "level": "省级", "era": "宋元至明清", "lon": 115.544709, "lat": 39.042467, "elev": 24, "city": "保定市", "img": "", "wgs_lon": 115.544709, "wgs_lat": 39.042467, "gcj_lon": 115.550751, "gcj_lat": 39.043246, "geo_addr": "河北省保定市徐水区巩固庄", "coord_src": "geocode"}}, {"type": "Feature", "geometry": {"type": "Point", "coordinates": [115.773217, 39.547794]}, "properties": {"name": "照塔", "level": "省级", "era": "宋元至明清", "lon": 115.767031, "lat": 39.546644, "elev": 232, "city": "北京城区", "img": "", "wgs_lon": 115.767031, "wgs_lat": 39.546644, "gcj_lon": 115.773217, "gcj_lat": 39.547794, "geo_addr": "北京市房山区照塔", "coord_src": "geocode"}}, {"type": "Feature", "geometry": {"type": "Point", "coordinates": [115.728219, 39.550238]}, "properties": {"name": "蔡庄土城遗址", "level": "省级", "era": "史前至先秦", "lon": 115.722026, "lat": 39.549098, "elev": 96, "city": "北京城区", "img": "", "wgs_lon": 115.722026, "wgs_lat": 39.549098, "gcj_lon": 115.728219, "gcj_lat": 39.550238, "geo_addr": "北京市房山区蔡庄村", "coord_src": "geocode", "gcj_note": "api_error:10021:CUQPS_HAS_EXCEEDED_THE_LIMIT"}}, {"type": "Feature", "geometry": {"type": "Point", "coordinates": [115.670324, 39.487706]}, "properties": {"name": "涞水龙严寺塔", "level": "国家级", "era": "宋元至明清", "lon": 115.664269, "lat": 39.486777, "elev": 68, "city": "保定市", "img": "", "wgs_lon": 115.664269, "wgs_lat": 39.486777, "gcj_lon": 115.670324, "gcj_lat": 39.487706, "geo_addr": "河北省保定市涞水县镇江塔", "coord_src": "geocode"}}, {"type": "Feature", "geometry": {"type": "Point", "coordinates": [115.975254, 39.531849]}, "properties": {"name": "下胡良桥", "level": "国家级", "era": "宋元至明清", "lon": 115.4212, "lat": 39.3525, "elev": 74, "city": "保定市", "img": "", "wgs_lon": 115.969271, "wgs_lat": 39.530783, "gcj_lon": 115.975254, "gcj_lat": 39.531849, "geo_addr": "河北省保定市涿州市下胡良桥", "coord_src": "geocode"}}, {"type": "Feature", "geometry": {"type": "Point", "coordinates": [115.464523, 38.874476]}, "properties": {"name": "金山寺舍利塔", "level": "国家级", "era": "宋元至明清", "lon": 115.4027, "lat": 39.32216, "elev": 208, "city": "保定市", "img": "", "wgs_lon": 115.4027, "wgs_lat": 39.32216, "gcj_lon": 115.464523, "gcj_lat": 38.874476, "geo_addr": "河北省保定市", "coord_src": "geocode", "gcj_note": "api_error:30001:ENGINE_RESPONSE_DATA_ERROR"}}, {"type": "Feature", "geometry": {"type": "Point", "coordinates": [115.799306, 39.400386]}, "properties": {"name": "皇甫寺塔", "level": "国家级", "era": "宋元至明清", "lon": 115.47356, "lat": 39.23574, "elev": 60, "city": "保定市", "img": "", "wgs_lon": 115.793185, "wgs_lat": 39.399316, "gcj_lon": 115.799306, "gcj_lat": 39.400386, "geo_addr": "河北省保定市涞水县皇甫寺塔", "coord_src": "geocode"}}, {"type": "Feature", "geometry": {"type": "Point", "coordinates": [115.976762, 39.493727]}, "properties": {"name": "双塔庵双塔", "level": "国家级", "era": "宋元至明清", "lon": 115.243528, "lat": 39.392194, "elev": 564, "city": "保定市", "img": "", "wgs_lon": 115.243528, "wgs_lat": 39.392194, "gcj_lon": 115.976762, "gcj_lat": 39.493727, "geo_addr": "河北省保定市涿州市双塔街道", "coord_src": "geocode"}}, {"type": "Feature", "geometry": {"type": "Point", "coordinates": [115.418803, 39.081257]}, "properties": {"name": "东黑山遗址", "level": "国家级", "era": "史前至先秦", "lon": 115.409056, "lat": 39.075722, "elev": 49, "city": "保定市", "img": "", "wgs_lon": 115.409056, "wgs_lat": 39.075722, "gcj_lon": 115.418803, "gcj_lat": 39.081257, "geo_addr": "河北省保定市徐水区东黑山村", "coord_src": "geocode", "gcj_note": "api_error:10021:CUQPS_HAS_EXCEEDED_THE_LIMIT"}}, {"type": "Feature", "geometry": {"type": "Point", "coordinates": [115.464523, 38.874476]}, "properties": {"name": "金门闸", "level": "国家级", "era": "宋元至明清", "lon": 115.4212, "lat": 39.3525, "elev": 74, "city": "保定市", "img": "", "wgs_lon": 115.4212, "wgs_lat": 39.3525, "gcj_lon": 115.464523, "gcj_lat": 38.874476, "geo_addr": "河北省保定市", "coord_src": "geocode", "gcj_note": "api_error:30001:ENGINE_RESPONSE_DATA_ERROR"}}, {"type": "Feature", "geometry": {"type": "Point", "coordinates": [115.464523, 38.874476]}, "properties": {"name": "永济桥", "level": "国家级", "era": "宋元至明清", "lon": 115.4212, "lat": 39.3525, "elev": 74, "city": "保定市", "img": "", "wgs_lon": 115.4212, "wgs_lat": 39.3525, "gcj_lon": 115.464523, "gcj_lat": 38.874476, "geo_addr": "河北省保定市", "coord_src": "geocode", "gcj_note": "api_error:10021:CUQPS_HAS_EXCEEDED_THE_LIMIT"}}, {"type": "Feature", "geometry": {"type": "Point", "coordinates": [115.705393, 39.400896]}, "properties": {"name": "西岗塔", "level": "国家级", "era": "宋元至明清", "lon": 115.41576, "lat": 39.23593, "elev": 72, "city": "保定市", "img": "", "wgs_lon": 115.41576, "wgs_lat": 39.23593, "gcj_lon": 115.705393, "gcj_lat": 39.400896, "geo_addr": "河北省保定市涞水县西岗塔", "coord_src": "geocode"}}, {"type": "Feature", "geometry": {"type": "Point", "coordinates": [115.457142, 39.343816]}, "properties": {"name": "圣塔院塔", "level": "国家级", "era": "宋元至明清", "lon": 115.450611, "lat": 39.341972, "elev": 98, "city": "保定市", "img": "", "wgs_lon": 115.450611, "wgs_lat": 39.341972, "gcj_lon": 115.457142, "gcj_lat": 39.343816, "geo_addr": "河北省保定市易县荆轲塔", "coord_src": "geocode"}}, {"type": "Feature", "geometry": {"type": "Point", "coordinates": [115.464523, 38.874476]}, "properties": {"name": "怡贤亲王墓", "level": "国家级", "era": "宋元至明清", "lon": 115.40527, "lat": 39.29449, "elev": 78, "city": "保定市", "img": "", "wgs_lon": 115.40527, "wgs_lat": 39.29449, "gcj_lon": 115.464523, "gcj_lat": 38.874476, "geo_addr": "河北省保定市", "coord_src": "geocode", "gcj_note": "api_error:10021:CUQPS_HAS_EXCEEDED_THE_LIMIT"}}, {"type": "Feature", "geometry": {"type": "Point", "coordinates": [115.315227, 39.028381]}, "properties": {"name": "张柔墓", "level": "国家级", "era": "宋元至明清", "lon": 115.310556, "lat": 39.028333, "elev": 61, "city": "保定市", "img": "", "wgs_lon": 115.310556, "wgs_lat": 39.028333, "gcj_lon": 115.315227, "gcj_lat": 39.028381, "geo_addr": "河北省保定市满城区张柔墓", "coord_src": "geocode"}}, {"type": "Feature", "geometry": {"type": "Point", "coordinates": [115.472555, 38.890154]}, "properties": {"name": "刘伶醉烧锅遗址", "level": "国家级", "era": "史前至先秦", "lon": 115.649639, "lat": 39.014806, "elev": 20, "city": "保定市", "img": "", "wgs_lon": 115.649639, "wgs_lat": 39.014806, "gcj_lon": 115.472555, "gcj_lat": 38.890154, "geo_addr": "河北省保定市竞秀区刘伶醉(翠园街店)", "coord_src": "geocode", "gcj_note": "api_error:10021:CUQPS_HAS_EXCEEDED_THE_LIMIT"}}, {"type": "Feature", "geometry": {"type": "Point", "coordinates": [115.385062, 39.29136]}, "properties": {"name": "北福地遗址", "level": "国家级", "era": "史前至先秦", "lon": 115.377944, "lat": 39.288528, "elev": 89, "city": "保定市", "img": "", "wgs_lon": 115.377944, "wgs_lat": 39.288528, "gcj_lon": 115.385062, "gcj_lat": 39.29136, "geo_addr": "河北省保定市易县北福地村", "coord_src": "geocode"}}, {"type": "Feature", "geometry": {"type": "Point", "coordinates": [114.835541, 39.056081]}, "properties": {"name": "庆化寺花塔", "level": "国家级", "era": "宋元至明清", "lon": 115.34561, "lat": 39.28517, "elev": 136, "city": "保定市", "img": "", "wgs_lon": 115.34561, "wgs_lat": 39.28517, "gcj_lon": 114.835541, "gcj_lat": 39.056081, "geo_addr": "河北省保定市唐县花塔村", "coord_src": "geocode", "gcj_note": "api_error:10021:CUQPS_HAS_EXCEEDED_THE_LIMIT"}}, {"type": "Feature", "geometry": {"type": "Point", "coordinates": [115.976762, 39.493727]}, "properties": {"name": "涿州双塔", "level": "国家级", "era": "宋元至明清", "lon": 115.57592, "lat": 39.29451, "elev": 42, "city": "保定市", "img": "", "wgs_lon": 115.57592, "wgs_lat": 39.29451, "gcj_lon": 115.976762, "gcj_lat": 39.493727, "geo_addr": "河北省保定市涿州市双塔街道", "coord_src": "geocode"}}, {"type": "Feature", "geometry": {"type": "Point", "coordinates": [115.668286, 39.127466]}, "properties": {"name": "南庄头遗址", "level": "国家级", "era": "史前至先秦", "lon": 115.39739, "lat": 39.07598, "elev": 57, "city": "保定市", "img": "", "wgs_lon": 115.39739, "wgs_lat": 39.07598, "gcj_lon": 115.668286, "gcj_lat": 39.127466, "geo_addr": "河北省保定市定兴县南庄头遗址", "coord_src": "geocode", "gcj_note": "api_error:10021:CUQPS_HAS_EXCEEDED_THE_LIMIT"}}, {"type": "Feature", "geometry": {"type": "Point", "coordinates": [115.497782, 39.343502]}, "properties": {"name": "龙兴观道德经幢", "level": "国家级", "era": "宋元至明清", "lon": 115.491556, "lat": 39.342389, "elev": 57, "city": "保定市", "img": "", "wgs_lon": 115.491556, "wgs_lat": 39.342389, "gcj_lon": 115.497782, "gcj_lat": 39.343502, "geo_addr": "河北省保定市易县道德经幢", "coord_src": "geocode"}}, {"type": "Feature", "geometry": {"type": "Point", "coordinates": [115.779703, 39.273424]}, "properties": {"name": "慈云阁", "level": "国家级", "era": "宋元至明清", "lon": 115.756944, "lat": 39.272222, "elev": 30, "city": "保定市", "img": "", "wgs_lon": 115.756944, "wgs_lat": 39.272222, "gcj_lon": 115.779703, "gcj_lat": 39.273424, "geo_addr": "河北省保定市定兴县慈云阁", "coord_src": "geocode", "gcj_note": "api_error:10021:CUQPS_HAS_EXCEEDED_THE_LIMIT"}}, {"type": "Feature", "geometry": {"type": "Point", "coordinates": [115.362235, 39.371801]}, "properties": {"name": "清西陵", "level": "国家级", "era": "宋元至明清", "lon": 115.345194, "lat": 39.370556, "elev": 114, "city": "保定市", "img": "", "wgs_lon": 115.345194, "wgs_lat": 39.370556, "gcj_lon": 115.362235, "gcj_lat": 39.371801, "geo_addr": "河北省保定市易县清西陵", "coord_src": "geocode"}}, {"type": "Feature", "geometry": {"type": "Point", "coordinates": [115.531378, 39.306602]}, "properties": {"name": "燕下都遗址", "level": "国家级", "era": "史前至先秦", "lon": 115.492222, "lat": 39.261667, "elev": 47, "city": "保定市", "img": "", "wgs_lon": 115.492222, "wgs_lat": 39.261667, "gcj_lon": 115.531378, "gcj_lat": 39.306602, "geo_addr": "河北省保定市易县燕下都遗址", "coord_src": "geocode"}}, {"type": "Feature", "geometry": {"type": "Point", "coordinates": [115.667939, 39.312328]}, "properties": {"name": "义慈惠石柱", "level": "国家级", "era": "宋元至明清", "lon": 115.661944, "lat": 39.311389, "elev": 35, "city": "保定市", "img": "", "wgs_lon": 115.661944, "wgs_lat": 39.311389, "gcj_lon": 115.667939, "gcj_lat": 39.312328, "geo_addr": "河北省保定市定兴县义慈惠石柱", "coord_src": "geocode", "gcj_note": "api_error:10021:CUQPS_HAS_EXCEEDED_THE_LIMIT"}}, {"type": "Feature", "geometry": {"type": "Point", "coordinates": [115.998448, 39.090339]}, "properties": {"name": "晾马台遗址", "level": "省级", "era": "史前至先秦", "lon": 115.992445, "lat": 39.089421, "elev": 15, "city": "保定市", "img": "", "wgs_lon": 115.992445, "wgs_lat": 39.089421, "gcj_lon": 115.998448, "gcj_lat": 39.090339, "geo_addr": "河北省保定市容城县晾马台乡", "coord_src": "geocode"}}, {"type": "Feature", "geometry": {"type": "Point", "coordinates": [116.004715, 39.041638]}, "properties": {"name": "南阳遗址", "level": "省级", "era": "史前至先秦", "lon": 115.998697, "lat": 39.040731, "elev": 12, "city": "保定市", "img": "", "wgs_lon": 115.958333, "wgs_lat": 39.042778, "gcj_lon": 116.004715, "gcj_lat": 39.041638, "geo_addr": "河北省保定市容城县南阳遗址", "coord_src": "geocode", "gcj_note": "api_error:10021:CUQPS_HAS_EXCEEDED_THE_LIMIT"}}, {"type": "Feature", "geometry": {"type": "Point", "coordinates": [116.182161, 39.37473]}, "properties": {"name": "半截塔村古城", "level": "省级", "era": "史前至先秦", "lon": 116.302477, "lat": 39.452846, "elev": 26, "city": "廊坊市", "img": "", "wgs_lon": 116.302477, "wgs_lat": 39.452846, "gcj_lon": 116.182161, "gcj_lat": 39.37473, "geo_addr": "河北省廊坊市固安县半截塔村", "coord_src": "geocode"}}, {"type": "Feature", "geometry": {"type": "Point", "coordinates": [116.027203, 39.371444]}, "properties": {"name": "高官庄墓群", "level": "省级", "era": "秦汉至隋唐", "lon": 116.02107, "lat": 39.370286, "elev": 28, "city": "保定市", "img": "", "wgs_lon": 116.02107, "wgs_lat": 39.370286, "gcj_lon": 116.027203, "gcj_lat": 39.371444, "geo_addr": "河北省保定市涿州市高官庄", "coord_src": "geocode", "gcj_note": "api_error:10021:CUQPS_HAS_EXCEEDED_THE_LIMIT"}}, {"type": "Feature", "geometry": {"type": "Point", "coordinates": [115.464523, 38.874476]}, "properties": {"name": "云居寺塔", "level": "省级", "era": "宋元至明清", "lon": 115.965961, "lat": 39.498295, "elev": 41, "city": "保定市", "img": "", "wgs_lon": 115.965961, "wgs_lat": 39.498295, "gcj_lon": 115.464523, "gcj_lat": 38.874476, "geo_addr": "河北省保定市", "coord_src": "geocode", "gcj_note": "api_error:30001:ENGINE_RESPONSE_DATA_ERROR"}}, {"type": "Feature", "geometry": {"type": "Point", "coordinates": [115.464523, 38.874476]}, "properties": {"name": "智度寺塔", "level": "省级", "era": "宋元至明清", "lon": 115.966491, "lat": 39.495914, "elev": 39, "city": "保定市", "img": "", "wgs_lon": 115.966491, "wgs_lat": 39.495914, "gcj_lon": 115.464523, "gcj_lat": 38.874476, "geo_addr": "河北省保定市", "coord_src": "geocode", "gcj_note": "api_error:10021:CUQPS_HAS_EXCEEDED_THE_LIMIT"}}, {"type": "Feature", "geometry": {"type": "Point", "coordinates": [115.98943, 39.246741]}, "properties": {"name": "开善寺", "level": "省级", "era": "宋元至明清", "lon": 115.983274, "lat": 39.245593, "elev": 22, "city": "保定市", "img": "", "wgs_lon": 115.984167, "wgs_lat": 39.245833, "gcj_lon": 115.98943, "gcj_lat": 39.246741, "geo_addr": "河北省保定市高碑店市开善寺", "coord_src": "geocode"}}, {"type": "Feature", "geometry": {"type": "Point", "coordinates": [115.799306, 39.400386]}, "properties": {"name": "皇甫寺塔", "level": "省级", "era": "宋元至明清", "lon": 115.793185, "lat": 39.399316, "elev": 41, "city": "保定市", "img": "", "wgs_lon": 115.793185, "wgs_lat": 39.399316, "gcj_lon": 115.799306, "gcj_lat": 39.400386, "geo_addr": "河北省保定市涞水县皇甫寺塔", "coord_src": "geocode"}}, {"type": "Feature", "geometry": {"type": "Point", "coordinates": [115.975254, 39.531849]}, "properties": {"name": "下胡良桥", "level": "省级", "era": "宋元至明清", "lon": 115.969271, "lat": 39.530783, "elev": 29, "city": "保定市", "img": "", "wgs_lon": 115.969271, "wgs_lat": 39.530783, "gcj_lon": 115.975254, "gcj_lat": 39.531849, "geo_addr": "河北省保定市涿州市下胡良桥", "coord_src": "geocode"}}, {"type": "Feature", "geometry": {"type": "Point", "coordinates": [115.97444, 39.485684]}, "properties": {"name": "涿州永济桥", "level": "省级", "era": "宋元至明清", "lon": 115.963917, "lat": 39.512024, "elev": 29, "city": "保定市", "img": "", "wgs_lon": 115.963917, "wgs_lat": 39.512024, "gcj_lon": 115.97444, "gcj_lat": 39.485684, "geo_addr": "河北省保定市涿州市", "coord_src": "geocode"}}, {"type": "Feature", "geometry": {"type": "Point", "coordinates": [115.973202, 39.475659]}, "properties": {"name": "涿州清行宫", "level": "省级", "era": "宋元至明清", "lon": 115.967232, "lat": 39.474617, "elev": 37, "city": "保定市", "img": "", "wgs_lon": 115.967232, "wgs_lat": 39.474617, "gcj_lon": 115.973202, "gcj_lat": 39.475659, "geo_addr": "河北省保定市涿州市涿州清行宫", "coord_src": "geocode", "gcj_note": "api_error:10021:CUQPS_HAS_EXCEEDED_THE_LIMIT"}}, {"type": "Feature", "geometry": {"type": "Point", "coordinates": [115.942451, 39.427121]}, "properties": {"name": "楼桑庙三义宫", "level": "省级", "era": "宋元至明清", "lon": 115.942509, "lat": 39.424813, "elev": 43, "city": "保定市", "img": "", "wgs_lon": 115.942509, "wgs_lat": 39.424813, "gcj_lon": 115.942451, "gcj_lat": 39.427121, "geo_addr": "河北省保定市涿州市楼桑庙村三义宫(公交站)", "coord_src": "geocode"}}, {"type": "Feature", "geometry": {"type": "Point", "coordinates": [115.972596, 39.487766]}, "properties": {"name": "涿州学宫（文庙）", "level": "省级", "era": "宋元至明清", "lon": 115.966626, "lat": 39.486721, "elev": 37, "city": "保定市", "img": "", "wgs_lon": 115.966626, "wgs_lat": 39.486721, "gcj_lon": 115.972596, "gcj_lat": 39.487766, "geo_addr": "河北省保定市涿州市涿州学宫", "coord_src": "geocode", "gcj_note": "api_error:10021:CUQPS_HAS_EXCEEDED_THE_LIMIT"}}, {"type": "Feature", "geometry": {"type": "Point", "coordinates": [115.944801, 39.550889]}, "properties": {"name": "青岗遗址", "level": "省级", "era": "史前至先秦", "lon": 115.938886, "lat": 39.549884, "elev": 39, "city": "保定市", "img": "", "wgs_lon": 115.938886, "wgs_lat": 39.549884, "gcj_lon": 115.944801, "gcj_lat": 39.550889, "geo_addr": "河北省保定市涿州市青岗", "coord_src": "geocode"}}, {"type": "Feature", "geometry": {"type": "Point", "coordinates": [116.034687, 39.109821]}, "properties": {"name": "乔氏墓群", "level": "省级", "era": "宋元至明清", "lon": 116.005253, "lat": 39.48807, "elev": 34, "city": "保定市", "img": "", "wgs_lon": 116.005253, "wgs_lat": 39.48807, "gcj_lon": 116.034687, "gcj_lat": 39.109821, "geo_addr": "河北省保定市高碑店市乔氏(兰天名品城店)", "coord_src": "geocode", "gcj_note": "api_error:10021:CUQPS_HAS_EXCEEDED_THE_LIMIT"}}, {"type": "Feature", "geometry": {"type": "Point", "coordinates": [115.97444, 39.485684]}, "properties": {"name": "涿州药王庙", "level": "省级", "era": "宋元至明清", "lon": 115.968465, "lat": 39.484635, "elev": 39, "city": "保定市", "img": "", "wgs_lon": 115.968465, "wgs_lat": 39.484635, "gcj_lon": 115.97444, "gcj_lat": 39.485684, "geo_addr": "河北省保定市涿州市", "coord_src": "geocode"}}, {"type": "Feature", "geometry": {"type": "Point", "coordinates": [116.296751, 39.375986]}, "properties": {"name": "野场惨案遗址", "level": "省级", "era": "近代以来", "lon": 116.290759, "lat": 39.374853, "elev": 23, "city": "廊坊市", "img": "", "wgs_lon": 116.290759, "wgs_lat": 39.374853, "gcj_lon": 116.296751, "gcj_lat": 39.375986, "geo_addr": "河北省廊坊市固安县野场村", "coord_src": "geocode", "gcj_note": "api_error:10021:CUQPS_HAS_EXCEEDED_THE_LIMIT"}}, {"type": "Feature", "geometry": {"type": "Point", "coordinates": [116.082487, 39.269049]}, "properties": {"name": "新桥遗址", "level": "省级", "era": "史前至先秦", "lon": 116.076247, "lat": 39.267829, "elev": 22, "city": "保定市", "img": "", "wgs_lon": 116.076247, "wgs_lat": 39.267829, "gcj_lon": 116.082487, "gcj_lat": 39.269049, "geo_addr": "河北省保定市高碑店市新桥乡", "coord_src": "geocode"}}, {"type": "Feature", "geometry": {"type": "Point", "coordinates": [116.342974, 39.219595]}, "properties": {"name": "洗马林城", "level": "省级", "era": "宋元至明清", "lon": 116.336905, "lat": 39.21846, "elev": 15, "city": "廊坊市", "img": "", "wgs_lon": 116.336905, "wgs_lat": 39.21846, "gcj_lon": 116.342974, "gcj_lat": 39.219595, "geo_addr": "河北省廊坊市固安县林城村", "coord_src": "geocode"}}, {"type": "Feature", "geometry": {"type": "Point", "coordinates": [115.965778, 39.498729]}, "properties": {"name": "涿州古城墙", "level": "省级", "era": "宋元至明清", "lon": 115.959825, "lat": 39.497697, "elev": 37, "city": "保定市", "img": "", "wgs_lon": 115.959825, "wgs_lat": 39.497697, "gcj_lon": 115.965778, "gcj_lat": 39.498729, "geo_addr": "河北省保定市涿州市涿州古城墙", "coord_src": "geocode", "gcj_note": "api_error:10021:CUQPS_HAS_EXCEEDED_THE_LIMIT"}}, {"type": "Feature", "geometry": {"type": "Point", "coordinates": [116.096088, 39.495303]}, "properties": {"name": "永安寺塔", "level": "省级", "era": "宋元至明清", "lon": 116.089814, "lat": 39.493974, "elev": 30, "city": "保定市", "img": "", "wgs_lon": 116.05232, "wgs_lat": 39.29382, "gcj_lon": 116.096088, "gcj_lat": 39.495303, "geo_addr": "河北省保定市涿州市永安寺塔", "coord_src": "geocode"}}, {"type": "Feature", "geometry": {"type": "Point", "coordinates": [115.464523, 38.874476]}, "properties": {"name": "陈子正故居", "level": "省级", "era": "近代以来", "lon": 116.170483, "lat": 39.032813, "elev": 12, "city": "保定市", "img": "", "wgs_lon": 116.170483, "wgs_lat": 39.032813, "gcj_lon": 115.464523, "gcj_lat": 38.874476, "geo_addr": "河北省保定市", "coord_src": "geocode", "gcj_note": "api_error:10021:CUQPS_HAS_EXCEEDED_THE_LIMIT"}}, {"type": "Feature", "geometry": {"type": "Point", "coordinates": [115.975236, 39.415307]}, "properties": {"name": "楼桑铺遗址", "level": "省级", "era": "史前至先秦", "lon": 115.969267, "lat": 39.414282, "elev": 39, "city": "保定市", "img": "", "wgs_lon": 115.969267, "wgs_lat": 39.414282, "gcj_lon": 115.975236, "gcj_lat": 39.415307, "geo_addr": "河北省保定市涿州市楼桑铺村", "coord_src": "geocode"}}, {"type": "Feature", "geometry": {"type": "Point", "coordinates": [116.407387, 39.904179]}, "properties": {"name": "无碍禅师塔", "level": "省级", "era": "宋元至明清", "lon": 116.274861, "lat": 39.55319, "elev": 36, "city": "北京城区", "img": "", "wgs_lon": 116.274861, "wgs_lat": 39.55319, "gcj_lon": 116.407387, "gcj_lat": 39.904179, "geo_addr": "北京市", "coord_src": "geocode", "gcj_note": "api_error:10021:CUQPS_HAS_EXCEEDED_THE_LIMIT"}}, {"type": "Feature", "geometry": {"type": "Point", "coordinates": [116.096088, 39.495303]}, "properties": {"name": "永安寺塔", "level": "国家级", "era": "宋元至明清", "lon": 116.05232, "lat": 39.29382, "elev": 19, "city": "保定市", "img": "", "wgs_lon": 116.05232, "wgs_lat": 39.29382, "gcj_lon": 116.096088, "gcj_lat": 39.495303, "geo_addr": "河北省保定市涿州市永安寺塔", "coord_src": "geocode"}}, {"type": "Feature", "geometry": {"type": "Point", "coordinates": [116.004715, 39.041638]}, "properties": {"name": "南阳遗址", "level": "国家级", "era": "史前至先秦", "lon": 115.958333, "lat": 39.042778, "elev": 12, "city": "保定市", "img": "", "wgs_lon": 115.958333, "wgs_lat": 39.042778, "gcj_lon": 116.004715, "gcj_lat": 39.041638, "geo_addr": "河北省保定市容城县南阳遗址", "coord_src": "geocode", "gcj_note": "api_error:10021:CUQPS_HAS_EXCEEDED_THE_LIMIT"}}, {"type": "Feature", "geometry": {"type": "Point", "coordinates": [115.98943, 39.246741]}, "properties": {"name": "开善寺", "level": "国家级", "era": "宋元至明清", "lon": 115.984167, "lat": 39.245833, "elev": 20, "city": "保定市", "img": "", "wgs_lon": 115.984167, "wgs_lat": 39.245833, "gcj_lon": 115.98943, "gcj_lat": 39.246741, "geo_addr": "河北省保定市高碑店市开善寺", "coord_src": "geocode"}}, {"type": "Feature", "geometry": {"type": "Point", "coordinates": [115.464523, 38.874476]}, "properties": {"name": "真觉寺金刚宝座", "level": "国家级", "era": "宋元至明清", "lon": 116.19279, "lat": 39.56338, "elev": 31, "city": "保定市", "img": "", "wgs_lon": 116.19279, "wgs_lat": 39.56338, "gcj_lon": 115.464523, "gcj_lat": 38.874476, "geo_addr": "河北省保定市", "coord_src": "geocode", "gcj_note": "api_error:10021:CUQPS_HAS_EXCEEDED_THE_LIMIT"}}, {"type": "Feature", "geometry": {"type": "Point", "coordinates": [117.201509, 39.085318]}, "properties": {"name": "孙氏宗祠", "level": "省级", "era": "近代以来", "lon": 116.781077, "lat": 39.01779, "elev": 10, "city": "天津城区", "img": "", "wgs_lon": 116.781077, "wgs_lat": 39.01779, "gcj_lon": 117.201509, "gcj_lat": 39.085318, "geo_addr": "天津市", "coord_src": "geocode", "gcj_note": "api_error:30001:ENGINE_RESPONSE_DATA_ERROR"}}, {"type": "Feature", "geometry": {"type": "Point", "coordinates": [117.201509, 39.085318]}, "properties": {"name": "赵窑遗址", "level": "省级", "era": "史前至先秦", "lon": 116.852833, "lat": 39.344916, "elev": 15, "city": "天津城区", "img": "", "wgs_lon": 116.852833, "wgs_lat": 39.344916, "gcj_lon": 117.201509, "gcj_lat": 39.085318, "geo_addr": "天津市", "coord_src": "geocode", "gcj_note": "api_error:30001:ENGINE_RESPONSE_DATA_ERROR"}}, {"type": "Feature", "geometry": {"type": "Point", "coordinates": [116.554425, 39.069874]}, "properties": {"name": "史邱庄古墓", "level": "省级", "era": "宋元至明清", "lon": 116.548682, "lat": 39.069065, "elev": 7, "city": "廊坊市", "img": "", "wgs_lon": 116.548682, "wgs_lat": 39.069065, "gcj_lon": 116.554425, "gcj_lat": 39.069874, "geo_addr": "河北省廊坊市霸州市邱庄", "coord_src": "geocode"}}, {"type": "Feature", "geometry": {"type": "Point", "coordinates": [116.490002, 39.093727]}, "properties": {"name": "唐王坟", "level": "省级", "era": "秦汉至隋唐", "lon": 116.484035, "lat": 39.092726, "elev": 7, "city": "廊坊市", "img": "", "wgs_lon": 116.484035, "wgs_lat": 39.092726, "gcj_lon": 116.490002, "gcj_lat": 39.093727, "geo_addr": "河北省廊坊市霸州市王坟村", "coord_src": "geocode"}}, {"type": "Feature", "geometry": {"type": "Point", "coordinates": [116.478245, 39.156368]}, "properties": {"name": "北庄汉墓石刻", "level": "省级", "era": "秦汉至隋唐", "lon": 116.472229, "lat": 39.155296, "elev": 7, "city": "廊坊市", "img": "", "wgs_lon": 116.472229, "wgs_lat": 39.155296, "gcj_lon": 116.478245, "gcj_lat": 39.156368, "geo_addr": "河北省廊坊市霸州市北庄", "coord_src": "geocode", "gcj_note": "api_error:10021:CUQPS_HAS_EXCEEDED_THE_LIMIT"}}, {"type": "Feature", "geometry": {"type": "Point", "coordinates": [116.478245, 39.156368]}, "properties": {"name": "北庄遗址", "level": "省级", "era": "史前至先秦", "lon": 116.472229, "lat": 39.155296, "elev": 7, "city": "廊坊市", "img": "", "wgs_lon": 116.472229, "wgs_lat": 39.155296, "gcj_lon": 116.478245, "gcj_lat": 39.156368, "geo_addr": "河北省廊坊市霸州市北庄", "coord_src": "geocode"}}, {"type": "Feature", "geometry": {"type": "Point", "coordinates": [116.833791, 39.23201]}, "properties": {"name": "孟家坟民宅", "level": "省级", "era": "宋元至明清", "lon": 116.827871, "lat": 39.231061, "elev": 15, "city": "廊坊市", "img": "", "wgs_lon": 116.827871, "wgs_lat": 39.231061, "gcj_lon": 116.833791, "gcj_lat": 39.23201, "geo_addr": "河北省廊坊市安次区孟家坟村", "coord_src": "geocode", "gcj_note": "api_error:10021:CUQPS_HAS_EXCEEDED_THE_LIMIT"}}, {"type": "Feature", "geometry": {"type": "Point", "coordinates": [116.713352, 39.539881]}, "properties": {"name": "董家村寺庙遗址", "level": "省级", "era": "宋元至明清", "lon": 116.707376, "lat": 39.53874, "elev": 14, "city": "廊坊市", "img": "", "wgs_lon": 116.707376, "wgs_lat": 39.53874, "gcj_lon": 116.713352, "gcj_lat": 39.539881, "geo_addr": "河北省廊坊市广阳区董家村", "coord_src": "geocode"}}, {"type": "Feature", "geometry": {"type": "Point", "coordinates": [116.694699, 39.059173]}, "properties": {"name": "胜芳张家大院", "level": "省级", "era": "宋元至明清", "lon": 116.688827, "lat": 39.058299, "elev": 12, "city": "廊坊市", "img": "", "wgs_lon": 116.688827, "wgs_lat": 39.058299, "gcj_lon": 116.694699, "gcj_lat": 39.059173, "geo_addr": "河北省廊坊市霸州市胜芳镇张家大院", "coord_src": "geocode", "gcj_note": "api_error:10021:CUQPS_HAS_EXCEEDED_THE_LIMIT"}}, {"type": "Feature", "geometry": {"type": "Point", "coordinates": [116.694049, 39.061448]}, "properties": {"name": "胜芳王家大院", "level": "省级", "era": "宋元至明清", "lon": 116.688179, "lat": 39.060574, "elev": 12, "city": "廊坊市", "img": "", "wgs_lon": 116.688179, "wgs_lat": 39.060574, "gcj_lon": 116.694049, "gcj_lat": 39.061448, "geo_addr": "河北省廊坊市霸州市胜芳镇王家大院", "coord_src": "geocode"}}, {"type": "Feature", "geometry": {"type": "Point", "coordinates": [116.432915, 39.335288]}, "properties": {"name": "大辛阁石塔", "level": "国家级", "era": "宋元至明清", "lon": 116.427111, "lat": 39.326222, "elev": 11, "city": "廊坊市", "img": "", "wgs_lon": 116.427111, "wgs_lat": 39.326222, "gcj_lon": 116.432915, "gcj_lat": 39.335288, "geo_addr": "河北省廊坊市永清县大辛阁镇", "coord_src": "geocode", "gcj_note": "api_error:10021:CUQPS_HAS_EXCEEDED_THE_LIMIT"}}, {"type": "Feature", "geometry": {"type": "Point", "coordinates": [117.201509, 39.085318]}, "properties": {"name": "王占元旧居", "level": "省级", "era": "近代以来", "lon": 117.199261, "lat": 39.110601, "elev": 6, "city": "天津城区", "img": "", "wgs_lon": 117.199261, "wgs_lat": 39.110601, "gcj_lon": 117.201509, "gcj_lat": 39.085318, "geo_addr": "天津市", "coord_src": "geocode", "gcj_note": "api_error:30001:ENGINE_RESPONSE_DATA_ERROR"}}, {"type": "Feature", "geometry": {"type": "Point", "coordinates": [117.195151, 39.105152]}, "properties": {"name": "茂根大楼旧址", "level": "省级", "era": "近代以来", "lon": 117.188145, "lat": 39.103518, "elev": 6, "city": "天津城区", "img": "", "wgs_lon": 117.188145, "wgs_lat": 39.103518, "gcj_lon": 117.195151, "gcj_lat": 39.105152, "geo_addr": "天津市和平区茂根大楼(西北1门)", "coord_src": "geocode"}}, {"type": "Feature", "geometry": {"type": "Point", "coordinates": [117.19718103330607, 39.11593332093049]}, "properties": {"name": "陈亦侯旧居", "level": "省级", "era": "近代以来", "lon": 117.190863, "lat": 39.114892, "elev": 15, "city": "天津城区", "img": "", "wgs_lon": 117.190863, "wgs_lat": 39.114892, "gcj_lon": 117.19718103330607, "gcj_lat": 39.11593332093049, "geo_addr": "", "coord_src": "fallback_local", "gcj_note": "tries_exhausted"}}, {"type": "Feature", "geometry": {"type": "Point", "coordinates": [117.20081, 39.133741]}, "properties": {"name": "张鸣岐旧居", "level": "省级", "era": "近代以来", "lon": 117.187353, "lat": 39.104074, "elev": 8, "city": "天津城区", "img": "", "wgs_lon": 117.187353, "wgs_lat": 39.104074, "gcj_lon": 117.20081, "gcj_lat": 39.133741, "geo_addr": "天津市河北区张鸣岐旧居", "coord_src": "geocode"}}, {"type": "Feature", "geometry": {"type": "Point", "coordinates": [117.211251, 39.117933]}, "properties": {"name": "孙传芳旧宅", "level": "省级", "era": "近代以来", "lon": 117.204925, "lat": 39.11693, "elev": 10, "city": "天津城区", "img": "", "wgs_lon": 117.204925, "wgs_lat": 39.11693, "gcj_lon": 117.211251, "gcj_lat": 39.117933, "geo_addr": "天津市和平区孙传芳旧宅", "coord_src": "geocode", "gcj_note": "api_error:10021:CUQPS_HAS_EXCEEDED_THE_LIMIT"}}, {"type": "Feature", "geometry": {"type": "Point", "coordinates": [117.217095, 39.120432]}, "properties": {"name": "原英国俱乐部（英国球房）", "level": "省级", "era": "近代以来", "lon": 117.210806, "lat": 39.119419, "elev": 13, "city": "天津城区", "img": "", "wgs_lon": 117.210806, "wgs_lat": 39.119419, "gcj_lon": 117.217095, "gcj_lat": 39.120432, "geo_addr": "天津市和平区英国俱乐部", "coord_src": "geocode"}}, {"type": "Feature", "geometry": {"type": "Point", "coordinates": [117.214312, 39.119008]}, "properties": {"name": "英国领事官邸旧址", "level": "省级", "era": "近代以来", "lon": 117.208803, "lat": 39.116325, "elev": 10, "city": "天津城区", "img": "", "wgs_lon": 117.208803, "wgs_lat": 39.116325, "gcj_lon": 117.214312, "gcj_lat": 39.119008, "geo_addr": "天津市和平区英国领事官邸旧址", "coord_src": "geocode", "gcj_note": "api_error:10021:CUQPS_HAS_EXCEEDED_THE_LIMIT"}}, {"type": "Feature", "geometry": {"type": "Point", "coordinates": [117.210242, 39.12]}, "properties": {"name": "吴重熹旧居", "level": "省级", "era": "近代以来", "lon": 117.203944, "lat": 39.118977, "elev": 13, "city": "天津城区", "img": "", "wgs_lon": 117.203944, "wgs_lat": 39.118977, "gcj_lon": 117.210242, "gcj_lat": 39.12, "geo_addr": "天津市和平区吴重熹旧居", "coord_src": "geocode"}}, {"type": "Feature", "geometry": {"type": "Point", "coordinates": [117.21056, 39.126798]}, "properties": {"name": "原横滨正金银行大楼", "level": "省级", "era": "近代以来", "lon": 117.204429, "lat": 39.125761, "elev": 12, "city": "天津城区", "img": "", "wgs_lon": 117.204429, "wgs_lat": 39.125761, "gcj_lon": 117.21056, "gcj_lat": 39.126798, "geo_addr": "天津市和平区横滨正金银行大楼", "coord_src": "geocode", "gcj_note": "api_error:10021:CUQPS_HAS_EXCEEDED_THE_LIMIT"}}, {"type": "Feature", "geometry": {"type": "Point", "coordinates": [117.210731, 39.126379]}, "properties": {"name": "原汇丰银行大楼", "level": "省级", "era": "近代以来", "lon": 117.204533, "lat": 39.125574, "elev": 10, "city": "天津城区", "img": "", "wgs_lon": 117.204533, "wgs_lat": 39.125574, "gcj_lon": 117.210731, "gcj_lat": 39.126379, "geo_addr": "天津市和平区汇丰银行大楼", "coord_src": "geocode"}}, {"type": "Feature", "geometry": {"type": "Point", "coordinates": [117.211306, 39.126719]}, "properties": {"name": "原华俄道胜银行大楼", "level": "省级", "era": "近代以来", "lon": 117.204828, "lat": 39.124822, "elev": 22, "city": "天津城区", "img": "", "wgs_lon": 117.204828, "wgs_lat": 39.124822, "gcj_lon": 117.211306, "gcj_lat": 39.126719, "geo_addr": "天津市和平区原华俄道胜银行大楼", "coord_src": "geocode", "gcj_note": "api_error:10021:CUQPS_HAS_EXCEEDED_THE_LIMIT"}}, {"type": "Feature", "geometry": {"type": "Point", "coordinates": [117.211875, 39.125867]}, "properties": {"name": "仁记洋行天津分行旧址", "level": "省级", "era": "近代以来", "lon": 117.206179, "lat": 39.124961, "elev": 12, "city": "天津城区", "img": "", "wgs_lon": 117.206179, "wgs_lat": 39.124961, "gcj_lon": 117.211875, "gcj_lat": 39.125867, "geo_addr": "天津市和平区仁记洋行天津分行旧址", "coord_src": "geocode"}}, {"type": "Feature", "geometry": {"type": "Point", "coordinates": [117.201509, 39.085318]}, "properties": {"name": "庄乐峰旧宅", "level": "省级", "era": "近代以来", "lon": 117.199636, "lat": 39.124012, "elev": 12, "city": "天津城区", "img": "", "wgs_lon": 117.199636, "wgs_lat": 39.124012, "gcj_lon": 117.201509, "gcj_lat": 39.085318, "geo_addr": "天津市", "coord_src": "geocode", "gcj_note": "api_error:30001:ENGINE_RESPONSE_DATA_ERROR"}}, {"type": "Feature", "geometry": {"type": "Point", "coordinates": [117.201509, 39.085318]}, "properties": {"name": "张公撝旧居", "level": "省级", "era": "近代以来", "lon": 117.197004, "lat": 39.123734, "elev": 6, "city": "天津城区", "img": "", "wgs_lon": 117.197004, "wgs_lat": 39.123734, "gcj_lon": 117.201509, "gcj_lat": 39.085318, "geo_addr": "天津市", "coord_src": "geocode", "gcj_note": "api_error:10021:CUQPS_HAS_EXCEEDED_THE_LIMIT"}}, {"type": "Feature", "geometry": {"type": "Point", "coordinates": [117.209586, 39.129031]}, "properties": {"name": "东方汇理银行旧址", "level": "省级", "era": "近代以来", "lon": 117.204079, "lat": 39.126356, "elev": 10, "city": "天津城区", "img": "", "wgs_lon": 117.204079, "wgs_lat": 39.126356, "gcj_lon": 117.209586, "gcj_lat": 39.129031, "geo_addr": "天津市和平区东方汇理银行旧址(西南门)", "coord_src": "geocode"}}, {"type": "Feature", "geometry": {"type": "Point", "coordinates": [117.207918, 39.130921]}, "properties": {"name": "法国俱乐部旧址", "level": "省级", "era": "近代以来", "lon": 117.201642, "lat": 39.129919, "elev": 10, "city": "天津城区", "img": "", "wgs_lon": 117.201642, "wgs_lat": 39.129919, "gcj_lon": 117.207918, "gcj_lat": 39.130921, "geo_addr": "天津市和平区法国俱乐部旧址", "coord_src": "geocode", "gcj_note": "api_error:10021:CUQPS_HAS_EXCEEDED_THE_LIMIT"}}, {"type": "Feature", "geometry": {"type": "Point", "coordinates": [117.210388, 39.12828]}, "properties": {"name": "朝鲜银行旧址", "level": "省级", "era": "近代以来", "lon": 117.205169, "lat": 39.125095, "elev": 17, "city": "天津城区", "img": "", "wgs_lon": 117.205169, "wgs_lat": 39.125095, "gcj_lon": 117.210388, "gcj_lat": 39.12828, "geo_addr": "天津市和平区朝鲜银行旧址", "coord_src": "geocode"}}, {"type": "Feature", "geometry": {"type": "Point", "coordinates": [117.210306, 39.127324]}, "properties": {"name": "原中法工商银行大楼", "level": "省级", "era": "近代以来", "lon": 117.203298, "lat": 39.127833, "elev": 11, "city": "天津城区", "img": "", "wgs_lon": 117.203298, "wgs_lat": 39.127833, "gcj_lon": 117.210306, "gcj_lat": 39.127324, "geo_addr": "天津市和平区原中法工商银行大楼", "coord_src": "geocode", "gcj_note": "api_error:10021:CUQPS_HAS_EXCEEDED_THE_LIMIT"}}, {"type": "Feature", "geometry": {"type": "Point", "coordinates": [117.202726, 39.123604]}, "properties": {"name": "元隆孙旧宅", "level": "省级", "era": "近代以来", "lon": 117.197837, "lat": 39.122127, "elev": 10, "city": "天津城区", "img": "", "wgs_lon": 117.197837, "wgs_lat": 39.122127, "gcj_lon": 117.202726, "gcj_lat": 39.123604, "geo_addr": "天津市和平区元隆孙旧宅", "coord_src": "geocode"}}, {"type": "Feature", "geometry": {"type": "Point", "coordinates": [117.20813, 39.126786]}, "properties": {"name": "首善堂旧址", "level": "省级", "era": "近代以来", "lon": 117.201712, "lat": 39.125776, "elev": 9, "city": "天津城区", "img": "", "wgs_lon": 117.201712, "wgs_lat": 39.125776, "gcj_lon": 117.20813, "gcj_lat": 39.126786, "geo_addr": "天津市和平区首善堂旧址", "coord_src": "geocode", "gcj_note": "api_error:10021:CUQPS_HAS_EXCEEDED_THE_LIMIT"}}, {"type": "Feature", "geometry": {"type": "Point", "coordinates": [117.205387, 39.128771]}, "properties": {"name": "大陆银行旧址", "level": "省级", "era": "近代以来", "lon": 117.199416, "lat": 39.127698, "elev": 8, "city": "天津城区", "img": "", "wgs_lon": 117.199416, "wgs_lat": 39.127698, "gcj_lon": 117.205387, "gcj_lat": 39.128771, "geo_addr": "天津市和平区大陆银行旧址", "coord_src": "geocode"}}, {"type": "Feature", "geometry": {"type": "Point", "coordinates": [117.197077, 39.128429]}, "properties": {"name": "大公报社旧址", "level": "省级", "era": "宋元至明清", "lon": 117.190757, "lat": 39.12738, "elev": 9, "city": "天津城区", "img": "", "wgs_lon": 117.190757, "wgs_lat": 39.12738, "gcj_lon": 117.197077, "gcj_lat": 39.128429, "geo_addr": "天津市和平区大公报社旧址", "coord_src": "geocode", "gcj_note": "api_error:10021:CUQPS_HAS_EXCEEDED_THE_LIMIT"}}, {"type": "Feature", "geometry": {"type": "Point", "coordinates": [117.201297, 39.126391]}, "properties": {"name": "原光明社", "level": "省级", "era": "近代以来", "lon": 117.195018, "lat": 39.125397, "elev": 16, "city": "天津城区", "img": "", "wgs_lon": 117.195018, "wgs_lat": 39.125397, "gcj_lon": 117.201297, "gcj_lat": 39.126391, "geo_addr": "天津市和平区原光明社", "coord_src": "geocode"}}, {"type": "Feature", "geometry": {"type": "Point", "coordinates": [117.250802, 39.10323]}, "properties": {"name": "天津市第二工人文化宫建筑群(第二工人文化宫展览馆、第二工人文化宫剧场、第二工人文化宫图书馆)", "level": "省级", "era": "近代以来", "lon": 117.241905, "lat": 39.102199, "elev": 6, "city": "天津城区", "img": "", "wgs_lon": 117.244534, "wgs_lat": 39.102254, "gcj_lon": 117.250802, "gcj_lat": 39.10323, "geo_addr": "天津市河东区天津市第二工人文化宫", "coord_src": "geocode", "gcj_note": "api_error:10021:CUQPS_HAS_EXCEEDED_THE_LIMIT"}}, {"type": "Feature", "geometry": {"type": "Point", "coordinates": [117.201509, 39.085318]}, "properties": {"name": "王仲山旧宅", "level": "省级", "era": "宋元至明清", "lon": 117.213377, "lat": 39.111119, "elev": 10, "city": "天津城区", "img": "", "wgs_lon": 117.213377, "wgs_lat": 39.111119, "gcj_lon": 117.201509, "gcj_lat": 39.085318, "geo_addr": "天津市", "coord_src": "geocode", "gcj_note": "api_error:10021:CUQPS_HAS_EXCEEDED_THE_LIMIT"}}, {"type": "Feature", "geometry": {"type": "Point", "coordinates": [117.1963, 39.101255]}, "properties": {"name": "朱启钤旧居", "level": "省级", "era": "近代以来", "lon": 117.190096, "lat": 39.100253, "elev": 10, "city": "天津城区", "img": "", "wgs_lon": 117.190096, "wgs_lat": 39.100253, "gcj_lon": 117.1963, "gcj_lat": 39.101255, "geo_addr": "天津市河西区朱启钤旧居", "coord_src": "geocode"}}, {"type": "Feature", "geometry": {"type": "Point", "coordinates": [117.19146338812958, 39.09382696396231]}, "properties": {"name": "原英国乡谊俱乐部主楼", "level": "省级", "era": "近代以来", "lon": 117.185138, "lat": 39.092789, "elev": 7, "city": "天津城区", "img": "", "wgs_lon": 117.185138, "wgs_lat": 39.092789, "gcj_lon": 117.19146338812958, "gcj_lat": 39.09382696396231, "geo_addr": "", "coord_src": "fallback_local", "gcj_note": "tries_exhausted"}}, {"type": "Feature", "geometry": {"type": "Point", "coordinates": [117.182885, 39.141585]}, "properties": {"name": "徐朴庵旧居", "level": "省级", "era": "近代以来", "lon": 117.144234, "lat": 39.137412, "elev": 7, "city": "天津城区", "img": "", "wgs_lon": 117.144234, "wgs_lat": 39.137412, "gcj_lon": 117.182885, "gcj_lat": 39.141585, "geo_addr": "天津市南开区徐朴庵旧居", "coord_src": "geocode"}}, {"type": "Feature", "geometry": {"type": "Point", "coordinates": [117.201509, 39.085318]}, "properties": {"name": "文庙（天津文庙）", "level": "省级", "era": "宋元至明清", "lon": 117.18294, "lat": 39.141259, "elev": 9, "city": "天津城区", "img": "", "wgs_lon": 117.18294, "wgs_lat": 39.141259, "gcj_lon": 117.201509, "gcj_lat": 39.085318, "geo_addr": "天津市", "coord_src": "geocode", "gcj_note": "api_error:10021:CUQPS_HAS_EXCEEDED_THE_LIMIT"}}, {"type": "Feature", "geometry": {"type": "Point", "coordinates": [117.33974, 39.008737]}, "properties": {"name": "南开学校范孙楼", "level": "省级", "era": "近代以来", "lon": 117.165673, "lat": 39.129887, "elev": 6, "city": "天津城区", "img": "", "wgs_lon": 117.165673, "wgs_lat": 39.129887, "gcj_lon": 117.33974, "gcj_lat": 39.008737, "geo_addr": "天津市津南区南开学校(公交站)", "coord_src": "geocode"}}, {"type": "Feature", "geometry": {"type": "Point", "coordinates": [117.201509, 39.085318]}, "properties": {"name": "曹禺旧居", "level": "省级", "era": "近代以来", "lon": 117.19501, "lat": 39.135784, "elev": 14, "city": "天津城区", "img": "", "wgs_lon": 117.19501, "wgs_lat": 39.135784, "gcj_lon": 117.201509, "gcj_lat": 39.085318, "geo_addr": "天津市", "coord_src": "geocode", "gcj_note": "api_error:10021:CUQPS_HAS_EXCEEDED_THE_LIMIT"}}, {"type": "Feature", "geometry": {"type": "Point", "coordinates": [117.202058, 39.137191]}, "properties": {"name": "意大利兵营旧址", "level": "省级", "era": "近代以来", "lon": 117.195212, "lat": 39.138156, "elev": 9, "city": "天津城区", "img": "", "wgs_lon": 117.195212, "wgs_lat": 39.138156, "gcj_lon": 117.202058, "gcj_lat": 39.137191, "geo_addr": "天津市河北区意大利兵营", "coord_src": "geocode"}}, {"type": "Feature", "geometry": {"type": "Point", "coordinates": [117.195694, 39.159684]}, "properties": {"name": "女星社旧址", "level": "省级", "era": "近代以来", "lon": 117.189378, "lat": 39.157771, "elev": 7, "city": "天津城区", "img": "", "wgs_lon": 117.189378, "wgs_lat": 39.157771, "gcj_lon": 117.195694, "gcj_lat": 39.159684, "geo_addr": "天津市河北区女星社旧址", "coord_src": "geocode", "gcj_note": "api_error:10021:CUQPS_HAS_EXCEEDED_THE_LIMIT"}}, {"type": "Feature", "geometry": {"type": "Point", "coordinates": [117.203545, 39.161017]}, "properties": {"name": "冈纬路教堂", "level": "省级", "era": "近代以来", "lon": 117.198326, "lat": 39.157772, "elev": 10, "city": "天津城区", "img": "", "wgs_lon": 117.198326, "wgs_lat": 39.157772, "gcj_lon": 117.203545, "gcj_lat": 39.161017, "geo_addr": "天津市河北区冈纬路", "coord_src": "geocode"}}, {"type": "Feature", "geometry": {"type": "Point", "coordinates": [117.20313, 39.166798]}, "properties": {"name": "扶轮中学旧址", "level": "省级", "era": "近代以来", "lon": 117.197541, "lat": 39.165988, "elev": 8, "city": "天津城区", "img": "", "wgs_lon": 117.197541, "wgs_lat": 39.165988, "gcj_lon": 117.20313, "gcj_lat": 39.166798, "geo_addr": "天津市河北区扶轮中学", "coord_src": "geocode"}}, {"type": "Feature", "geometry": {"type": "Point", "coordinates": [117.190917, 39.154389]}, "properties": {"name": "大悲院", "level": "省级", "era": "宋元至明清", "lon": 117.18533, "lat": 39.154192, "elev": 6, "city": "天津城区", "img": "", "wgs_lon": 117.18533, "wgs_lat": 39.154192, "gcj_lon": 117.190917, "gcj_lat": 39.154389, "geo_addr": "天津市河北区大悲院", "coord_src": "geocode"}}, {"type": "Feature", "geometry": {"type": "Point", "coordinates": [116.92363, 38.922344]}, "properties": {"name": "原直隶女子师范学校主楼", "level": "省级", "era": "近代以来", "lon": 117.187422, "lat": 39.152275, "elev": 7, "city": "天津城区", "img": "", "wgs_lon": 117.187422, "wgs_lat": 39.152275, "gcj_lon": 116.92363, "gcj_lat": 38.922344, "geo_addr": "天津市静海区师范学校(公交站)", "coord_src": "geocode", "gcj_note": "api_error:30001:ENGINE_RESPONSE_DATA_ERROR"}}, {"type": "Feature", "geometry": {"type": "Point", "coordinates": [117.16821343500224, 39.15331125029912]}, "properties": {"name": "红灯照黄莲圣母停船场", "level": "省级", "era": "近代以来", "lon": 117.161837, "lat": 39.152194, "elev": 10, "city": "天津城区", "img": "", "wgs_lon": 117.161837, "wgs_lat": 39.152194, "gcj_lon": 117.16821343500224, "gcj_lat": 39.15331125029912, "geo_addr": "", "coord_src": "fallback_local", "gcj_note": "tries_exhausted"}}, {"type": "Feature", "geometry": {"type": "Point", "coordinates": [117.201509, 39.085318]}, "properties": {"name": "泰山行宫", "level": "省级", "era": "宋元至明清", "lon": 117.263487, "lat": 39.202005, "elev": 5, "city": "天津城区", "img": "", "wgs_lon": 117.263487, "wgs_lat": 39.202005, "gcj_lon": 117.201509, "gcj_lat": 39.085318, "geo_addr": "天津市", "coord_src": "geocode", "gcj_note": "api_error:30001:ENGINE_RESPONSE_DATA_ERROR"}}, {"type": "Feature", "geometry": {"type": "Point", "coordinates": [117.365867, 39.158297]}, "properties": {"name": "平津战役天津前线指挥部遗址", "level": "省级", "era": "近代以来", "lon": 116.998671, "lat": 39.13415, "elev": 8, "city": "天津城区", "img": "", "wgs_lon": 116.998671, "wgs_lat": 39.13415, "gcj_lon": 117.365867, "gcj_lat": 39.158297, "geo_addr": "天津市东丽区天津(和丰精品车)", "coord_src": "geocode", "gcj_note": "api_error:10021:CUQPS_HAS_EXCEEDED_THE_LIMIT"}}, {"type": "Feature", "geometry": {"type": "Point", "coordinates": [117.201509, 39.085318]}, "properties": {"name": "文昌阁", "level": "省级", "era": "宋元至明清", "lon": 117.009821, "lat": 39.132719, "elev": 3, "city": "天津城区", "img": "", "wgs_lon": 117.009821, "wgs_lat": 39.132719, "gcj_lon": 117.201509, "gcj_lat": 39.085318, "geo_addr": "天津市", "coord_src": "geocode", "gcj_note": "api_error:30001:ENGINE_RESPONSE_DATA_ERROR"}}, {"type": "Feature", "geometry": {"type": "Point", "coordinates": [117.365867, 39.158297]}, "properties": {"name": "王兰庄天津学生抗日救亡义务教育点纪念地", "level": "省级", "era": "近代以来", "lon": 117.184659, "lat": 39.052742, "elev": 4, "city": "天津城区", "img": "", "wgs_lon": 117.184659, "wgs_lat": 39.052742, "gcj_lon": 117.365867, "gcj_lat": 39.158297, "geo_addr": "天津市东丽区天津(和丰精品车)", "coord_src": "geocode", "gcj_note": "api_error:10021:CUQPS_HAS_EXCEEDED_THE_LIMIT"}}, {"type": "Feature", "geometry": {"type": "Point", "coordinates": [117.199022, 39.156483]}, "properties": {"name": "清户部造币总厂旧址", "level": "省级", "era": "近代以来", "lon": 117.192702, "lat": 39.15542, "elev": 8, "city": "天津城区", "img": "", "wgs_lon": 117.192702, "wgs_lat": 39.15542, "gcj_lon": 117.199022, "gcj_lat": 39.156483, "geo_addr": "天津市河北区户部造币总厂旧址", "coord_src": "geocode"}}, {"type": "Feature", "geometry": {"type": "Point", "coordinates": [117.250802, 39.10323]}, "properties": {"name": "天津市第二工人文化宫建筑群(第二工人文化宫展览馆、第二工人文化宫剧场、第二工人文化宫图书馆)", "level": "省级", "era": "近代以来", "lon": 117.244534, "lat": 39.102254, "elev": 6, "city": "天津城区", "img": "", "wgs_lon": 117.244534, "wgs_lat": 39.102254, "gcj_lon": 117.250802, "gcj_lat": 39.10323, "geo_addr": "天津市河东区天津市第二工人文化宫", "coord_src": "geocode", "gcj_note": "api_error:10021:CUQPS_HAS_EXCEEDED_THE_LIMIT"}}, {"type": "Feature", "geometry": {"type": "Point", "coordinates": [117.201509, 39.085318]}, "properties": {"name": "香港大楼旧址", "level": "省级", "era": "近代以来", "lon": 117.206746, "lat": 39.112444, "elev": 8, "city": "天津城区", "img": "", "wgs_lon": 117.206746, "wgs_lat": 39.112444, "gcj_lon": 117.201509, "gcj_lat": 39.085318, "geo_addr": "天津市", "coord_src": "geocode", "gcj_note": "api_error:30001:ENGINE_RESPONSE_DATA_ERROR"}}, {"type": "Feature", "geometry": {"type": "Point", "coordinates": [117.210302, 39.110719]}, "properties": {"name": "王氏旧居", "level": "省级", "era": "近代以来", "lon": 117.203908, "lat": 39.109868, "elev": 8, "city": "天津城区", "img": "", "wgs_lon": 117.203908, "wgs_lat": 39.109868, "gcj_lon": 117.210302, "gcj_lat": 39.110719, "geo_addr": "天津市河西区王氏旧居", "coord_src": "geocode", "gcj_note": "api_error:10021:CUQPS_HAS_EXCEEDED_THE_LIMIT"}}, {"type": "Feature", "geometry": {"type": "Point", "coordinates": [117.201509, 39.085318]}, "properties": {"name": "张志潭旧居", "level": "省级", "era": "近代以来", "lon": 117.202408, "lat": 39.111719, "elev": 9, "city": "天津城区", "img": "", "wgs_lon": 117.202408, "wgs_lat": 39.111719, "gcj_lon": 117.201509, "gcj_lat": 39.085318, "geo_addr": "天津市", "coord_src": "geocode", "gcj_note": "api_error:30001:ENGINE_RESPONSE_DATA_ERROR"}}, {"type": "Feature", "geometry": {"type": "Point", "coordinates": [117.200744, 39.110638]}, "properties": {"name": "常德道孟氏旧居", "level": "省级", "era": "近代以来", "lon": 117.194523, "lat": 39.109548, "elev": 8, "city": "天津城区", "img": "", "wgs_lon": 117.194523, "wgs_lat": 39.109548, "gcj_lon": 117.200744, "gcj_lat": 39.110638, "geo_addr": "天津市和平区常德道孟氏旧居", "coord_src": "geocode"}}, {"type": "Feature", "geometry": {"type": "Point", "coordinates": [117.215955, 39.118788]}, "properties": {"name": "基督教女青年会旧址", "level": "省级", "era": "近代以来", "lon": 117.209665, "lat": 39.117774, "elev": 11, "city": "天津城区", "img": "", "wgs_lon": 117.209665, "wgs_lat": 39.117774, "gcj_lon": 117.215955, "gcj_lat": 39.118788, "geo_addr": "天津市和平区基督教女青年会旧址", "coord_src": "geocode", "gcj_note": "api_error:10021:CUQPS_HAS_EXCEEDED_THE_LIMIT"}}, {"type": "Feature", "geometry": {"type": "Point", "coordinates": [117.21488737774179, 39.119350514713524]}, "properties": {"name": "原开滦矿务局大楼", "level": "省级", "era": "近代以来", "lon": 117.208596, "lat": 39.118335, "elev": 8, "city": "天津城区", "img": "", "wgs_lon": 117.208596, "wgs_lat": 39.118335, "gcj_lon": 117.21488737774179, "gcj_lat": 39.119350514713524, "geo_addr": "", "coord_src": "fallback_local", "gcj_note": "tries_exhausted"}}, {"type": "Feature", "geometry": {"type": "Point", "coordinates": [117.383613, 38.98582]}, "properties": {"name": "耀华学校礼堂", "level": "省级", "era": "近代以来", "lon": 117.194324, "lat": 39.118007, "elev": 8, "city": "天津城区", "img": "", "wgs_lon": 117.194324, "wgs_lat": 39.118007, "gcj_lon": 117.383613, "gcj_lat": 38.98582, "geo_addr": "天津市津南区耀华", "coord_src": "geocode", "gcj_note": "api_error:10021:CUQPS_HAS_EXCEEDED_THE_LIMIT"}}, {"type": "Feature", "geometry": {"type": "Point", "coordinates": [117.215606, 39.121734]}, "properties": {"name": "天津印字馆旧址", "level": "省级", "era": "宋元至明清", "lon": 117.209315, "lat": 39.120718, "elev": 9, "city": "天津城区", "img": "", "wgs_lon": 117.209315, "wgs_lat": 39.120718, "gcj_lon": 117.215606, "gcj_lat": 39.121734, "geo_addr": "天津市和平区天津印字馆旧址", "coord_src": "geocode"}}, {"type": "Feature", "geometry": {"type": "Point", "coordinates": [117.214154, 39.120699]}, "properties": {"name": "美最时洋行旧址", "level": "省级", "era": "近代以来", "lon": 117.207862, "lat": 39.119682, "elev": 11, "city": "天津城区", "img": "", "wgs_lon": 117.207862, "wgs_lat": 39.119682, "gcj_lon": 117.214154, "gcj_lat": 39.120699, "geo_addr": "天津市和平区美最时洋行旧址", "coord_src": "geocode", "gcj_note": "api_error:10021:CUQPS_HAS_EXCEEDED_THE_LIMIT"}}, {"type": "Feature", "geometry": {"type": "Point", "coordinates": [117.208909, 39.129123]}, "properties": {"name": "北洋保商银行旧址", "level": "省级", "era": "近代以来", "lon": 117.202778, "lat": 39.128159, "elev": 11, "city": "天津城区", "img": "", "wgs_lon": 117.202778, "wgs_lat": 39.128159, "gcj_lon": 117.208909, "gcj_lat": 39.129123, "geo_addr": "天津市和平区北洋保商银行旧址", "coord_src": "geocode"}}, {"type": "Feature", "geometry": {"type": "Point", "coordinates": [117.21092, 39.129067]}, "properties": {"name": "法国领事馆旧址", "level": "省级", "era": "近代以来", "lon": 117.204589, "lat": 39.12801, "elev": 10, "city": "天津城区", "img": "", "wgs_lon": 117.204589, "wgs_lat": 39.12801, "gcj_lon": 117.21092, "gcj_lat": 39.129067, "geo_addr": "天津市和平区法国领事馆旧址", "coord_src": "geocode", "gcj_note": "api_error:10021:CUQPS_HAS_EXCEEDED_THE_LIMIT"}}, {"type": "Feature", "geometry": {"type": "Point", "coordinates": [117.201509, 39.085318]}, "properties": {"name": "原安里甘教堂", "level": "省级", "era": "近代以来", "lon": 117.208803, "lat": 39.116325, "elev": 10, "city": "天津城区", "img": "", "wgs_lon": 117.208803, "wgs_lat": 39.116325, "gcj_lon": 117.201509, "gcj_lat": 39.085318, "geo_addr": "天津市", "coord_src": "geocode", "gcj_note": "api_error:30001:ENGINE_RESPONSE_DATA_ERROR"}}, {"type": "Feature", "geometry": {"type": "Point", "coordinates": [117.201509, 39.085318]}, "properties": {"name": "原万国桥", "level": "省级", "era": "近代以来", "lon": 117.206401, "lat": 39.123506, "elev": 9, "city": "天津城区", "img": "", "wgs_lon": 117.206401, "wgs_lat": 39.123506, "gcj_lon": 117.201509, "gcj_lat": 39.085318, "geo_addr": "天津市", "coord_src": "geocode", "gcj_note": "api_error:10021:CUQPS_HAS_EXCEEDED_THE_LIMIT"}}, {"type": "Feature", "geometry": {"type": "Point", "coordinates": [117.202866, 39.12827]}, "properties": {"name": "基泰大楼旧址", "level": "省级", "era": "近代以来", "lon": 117.196856, "lat": 39.12749, "elev": 11, "city": "天津城区", "img": "", "wgs_lon": 117.196856, "wgs_lat": 39.12749, "gcj_lon": 117.202866, "gcj_lat": 39.12827, "geo_addr": "天津市和平区基泰大楼旧址", "coord_src": "geocode"}}, {"type": "Feature", "geometry": {"type": "Point", "coordinates": [117.221687, 39.120488]}, "properties": {"name": "俄国领事馆旧址", "level": "省级", "era": "近代以来", "lon": 117.215403, "lat": 39.119481, "elev": 6, "city": "天津城区", "img": "", "wgs_lon": 117.215403, "wgs_lat": 39.119481, "gcj_lon": 117.221687, "gcj_lat": 39.120488, "geo_addr": "天津市河东区俄国领事馆旧址", "coord_src": "geocode", "gcj_note": "api_error:10021:CUQPS_HAS_EXCEEDED_THE_LIMIT"}}, {"type": "Feature", "geometry": {"type": "Point", "coordinates": [117.20704, 39.109035]}, "properties": {"name": "达文士楼", "level": "省级", "era": "近代以来", "lon": 117.200741, "lat": 39.107963, "elev": 10, "city": "天津城区", "img": "", "wgs_lon": 117.200741, "wgs_lat": 39.107963, "gcj_lon": 117.20704, "gcj_lat": 39.109035, "geo_addr": "天津市河西区达文士楼", "coord_src": "geocode"}}, {"type": "Feature", "geometry": {"type": "Point", "coordinates": [117.201509, 39.085318]}, "properties": {"name": "刘冠雄旧居", "level": "省级", "era": "近代以来", "lon": 117.200456, "lat": 39.107434, "elev": 10, "city": "天津城区", "img": "", "wgs_lon": 117.200456, "wgs_lat": 39.107434, "gcj_lon": 117.201509, "gcj_lat": 39.085318, "geo_addr": "天津市", "coord_src": "geocode", "gcj_note": "api_error:30001:ENGINE_RESPONSE_DATA_ERROR"}}, {"type": "Feature", "geometry": {"type": "Point", "coordinates": [117.183517, 39.141543]}, "properties": {"name": "基督教会仓门口堂", "level": "省级", "era": "近代以来", "lon": 117.144234, "lat": 39.137412, "elev": 7, "city": "天津城区", "img": "", "wgs_lon": 117.144234, "wgs_lat": 39.137412, "gcj_lon": 117.183517, "gcj_lat": 39.141543, "geo_addr": "天津市南开区天津市基督教会仓门口堂", "coord_src": "geocode", "gcj_note": "api_error:10021:CUQPS_HAS_EXCEEDED_THE_LIMIT"}}, {"type": "Feature", "geometry": {"type": "Point", "coordinates": [117.201509, 39.085318]}, "properties": {"name": "圣心堂旧址", "level": "省级", "era": "近代以来", "lon": 117.19677, "lat": 39.136213, "elev": 9, "city": "天津城区", "img": "", "wgs_lon": 117.19677, "wgs_lat": 39.136213, "gcj_lon": 117.201509, "gcj_lat": 39.085318, "geo_addr": "天津市", "coord_src": "geocode", "gcj_note": "api_error:30001:ENGINE_RESPONSE_DATA_ERROR"}}, {"type": "Feature", "geometry": {"type": "Point", "coordinates": [117.201509, 39.085318]}, "properties": {"name": "潘毓桂旧居", "level": "省级", "era": "近代以来", "lon": 117.192626, "lat": 39.132772, "elev": 13, "city": "天津城区", "img": "", "wgs_lon": 117.192626, "wgs_lat": 39.132772, "gcj_lon": 117.201509, "gcj_lat": 39.085318, "geo_addr": "天津市", "coord_src": "geocode", "gcj_note": "api_error:10021:CUQPS_HAS_EXCEEDED_THE_LIMIT"}}, {"type": "Feature", "geometry": {"type": "Point", "coordinates": [117.201509, 39.085318]}, "properties": {"name": "天津电话六局旧址", "level": "省级", "era": "近代以来", "lon": 117.194835, "lat": 39.15957, "elev": 12, "city": "天津城区", "img": "", "wgs_lon": 117.194835, "wgs_lat": 39.15957, "gcj_lon": 117.201509, "gcj_lat": 39.085318, "geo_addr": "天津市", "coord_src": "geocode"}}, {"type": "Feature", "geometry": {"type": "Point", "coordinates": [117.182891, 39.153995]}, "properties": {"name": "福聚兴机器厂旧址", "level": "省级", "era": "近代以来", "lon": 117.176542, "lat": 39.152905, "elev": 9, "city": "天津城区", "img": "", "wgs_lon": 117.176542, "wgs_lat": 39.152905, "gcj_lon": 117.182891, "gcj_lat": 39.153995, "geo_addr": "天津市红桥区福聚兴机器厂旧址", "coord_src": "geocode", "gcj_note": "api_error:10021:CUQPS_HAS_EXCEEDED_THE_LIMIT"}}, {"type": "Feature", "geometry": {"type": "Point", "coordinates": [117.16957014194074, 39.16275337512993]}, "properties": {"name": "直隶全省内河行轮董事局旧址", "level": "省级", "era": "近代以来", "lon": 117.163195, "lat": 39.161633, "elev": 9, "city": "天津城区", "img": "", "wgs_lon": 117.163195, "wgs_lat": 39.161633, "gcj_lon": 117.16957014194074, "gcj_lat": 39.16275337512993, "geo_addr": "", "coord_src": "fallback_local", "gcj_note": "tries_exhausted"}}, {"type": "Feature", "geometry": {"type": "Point", "coordinates": [117.010288, 39.135391]}, "properties": {"name": "安家大院", "level": "省级", "era": "宋元至明清", "lon": 117.011258, "lat": 39.138618, "elev": 7, "city": "天津城区", "img": "", "wgs_lon": 117.011258, "wgs_lat": 39.138618, "gcj_lon": 117.010288, "gcj_lat": 39.135391, "geo_addr": "天津市西青区安家大院", "coord_src": "geocode", "gcj_note": "api_error:10021:CUQPS_HAS_EXCEEDED_THE_LIMIT"}}, {"type": "Feature", "geometry": {"type": "Point", "coordinates": [117.362488, 39.042092]}, "properties": {"name": "辛庄慈云寺", "level": "省级", "era": "宋元至明清", "lon": 117.354312, "lat": 39.042018, "elev": 4, "city": "天津城区", "img": "", "wgs_lon": 117.354312, "wgs_lat": 39.042018, "gcj_lon": 117.362488, "gcj_lat": 39.042092, "geo_addr": "天津市津南区辛庄慈云寺", "coord_src": "geocode"}}, {"type": "Feature", "geometry": {"type": "Point", "coordinates": [117.208612, 39.123459]}, "properties": {"name": "中共中央在津秘密印刷厂遗址", "level": "省级", "era": "近代以来", "lon": 117.2024, "lat": 39.122382, "elev": 16, "city": "天津城区", "img": "", "wgs_lon": 117.2024, "wgs_lat": 39.122382, "gcj_lon": 117.208612, "gcj_lat": 39.123459, "geo_addr": "天津市和平区中共中央在津秘密印刷厂", "coord_src": "geocode", "gcj_note": "api_error:10021:CUQPS_HAS_EXCEEDED_THE_LIMIT"}}, {"type": "Feature", "geometry": {"type": "Point", "coordinates": [117.21341, 39.123283]}, "properties": {"name": "利华大楼", "level": "省级", "era": "近代以来", "lon": 117.205426, "lat": 39.124876, "elev": 13, "city": "天津城区", "img": "", "wgs_lon": 117.205426, "wgs_lat": 39.124876, "gcj_lon": 117.21341, "gcj_lat": 39.123283, "geo_addr": "天津市和平区利华大楼", "coord_src": "geocode"}}, {"type": "Feature", "geometry": {"type": "Point", "coordinates": [117.213004, 39.123672]}, "properties": {"name": "原金城银行大楼", "level": "省级", "era": "近代以来", "lon": 117.204353, "lat": 39.126591, "elev": 15, "city": "天津城区", "img": "", "wgs_lon": 117.204353, "wgs_lat": 39.126591, "gcj_lon": 117.213004, "gcj_lat": 39.123672, "geo_addr": "天津市和平区金城银行大楼", "coord_src": "geocode"}}, {"type": "Feature", "geometry": {"type": "Point", "coordinates": [117.210865, 39.127233]}, "properties": {"name": "美国海军俱乐部旧址", "level": "省级", "era": "近代以来", "lon": 117.204581, "lat": 39.126182, "elev": 11, "city": "天津城区", "img": "", "wgs_lon": 117.204581, "wgs_lat": 39.126182, "gcj_lon": 117.210865, "gcj_lat": 39.127233, "geo_addr": "天津市和平区美国海军俱乐部旧址", "coord_src": "geocode", "gcj_note": "api_error:10021:CUQPS_HAS_EXCEEDED_THE_LIMIT"}}, {"type": "Feature", "geometry": {"type": "Point", "coordinates": [117.211521, 39.125489]}, "properties": {"name": "原中南银行大楼", "level": "省级", "era": "近代以来", "lon": 117.205316, "lat": 39.124544, "elev": 19, "city": "天津城区", "img": "", "wgs_lon": 117.205316, "wgs_lat": 39.124544, "gcj_lon": 117.211521, "gcj_lat": 39.125489, "geo_addr": "天津市和平区中南银行大楼", "coord_src": "geocode"}}, {"type": "Feature", "geometry": {"type": "Point", "coordinates": [117.213118, 39.124404]}, "properties": {"name": "原怡和洋行大楼", "level": "省级", "era": "近代以来", "lon": 117.206501, "lat": 39.12355, "elev": 9, "city": "天津城区", "img": "", "wgs_lon": 117.206501, "wgs_lat": 39.12355, "gcj_lon": 117.213118, "gcj_lat": 39.124404, "geo_addr": "天津市和平区怡和洋行大楼", "coord_src": "geocode", "gcj_note": "api_error:10021:CUQPS_HAS_EXCEEDED_THE_LIMIT"}}, {"type": "Feature", "geometry": {"type": "Point", "coordinates": [117.21275, 39.124945]}, "properties": {"name": "原麦加利银行大楼", "level": "省级", "era": "近代以来", "lon": 117.204828, "lat": 39.124822, "elev": 22, "city": "天津城区", "img": "", "wgs_lon": 117.204828, "wgs_lat": 39.124822, "gcj_lon": 117.21275, "gcj_lat": 39.124945, "geo_addr": "天津市和平区原麦加利银行大楼", "coord_src": "geocode"}}, {"type": "Feature", "geometry": {"type": "Point", "coordinates": [117.202817, 39.124751]}, "properties": {"name": "天津电报总局旧址", "level": "省级", "era": "近代以来", "lon": 117.196335, "lat": 39.124025, "elev": 9, "city": "天津城区", "img": "", "wgs_lon": 117.196335, "wgs_lat": 39.124025, "gcj_lon": 117.202817, "gcj_lat": 39.124751, "geo_addr": "天津市和平区天津电报总局旧址", "coord_src": "geocode", "gcj_note": "api_error:10021:CUQPS_HAS_EXCEEDED_THE_LIMIT"}}, {"type": "Feature", "geometry": {"type": "Point", "coordinates": [117.201509, 39.085318]}, "properties": {"name": "吉鸿昌旧居", "level": "省级", "era": "近代以来", "lon": 117.187394, "lat": 39.122938, "elev": 7, "city": "天津城区", "img": "", "wgs_lon": 117.187394, "wgs_lat": 39.122938, "gcj_lon": 117.201509, "gcj_lat": 39.085318, "geo_addr": "天津市", "coord_src": "geocode", "gcj_note": "api_error:30001:ENGINE_RESPONSE_DATA_ERROR"}}, {"type": "Feature", "geometry": {"type": "Point", "coordinates": [117.20371, 39.126398]}, "properties": {"name": "渤海大楼", "level": "省级", "era": "近代以来", "lon": 117.197402, "lat": 39.125361, "elev": 10, "city": "天津城区", "img": "", "wgs_lon": 117.197402, "wgs_lat": 39.125361, "gcj_lon": 117.20371, "gcj_lat": 39.126398, "geo_addr": "天津市和平区渤海大楼", "coord_src": "geocode", "gcj_note": "api_error:10021:CUQPS_HAS_EXCEEDED_THE_LIMIT"}}, {"type": "Feature", "geometry": {"type": "Point", "coordinates": [117.201509, 39.085318]}, "properties": {"name": "张学良旧宅", "level": "省级", "era": "近代以来", "lon": 117.195772, "lat": 39.123157, "elev": 8, "city": "天津城区", "img": "", "wgs_lon": 117.195772, "wgs_lat": 39.123157, "gcj_lon": 117.201509, "gcj_lat": 39.085318, "geo_addr": "天津市", "coord_src": "geocode", "gcj_note": "api_error:30001:ENGINE_RESPONSE_DATA_ERROR"}}, {"type": "Feature", "geometry": {"type": "Point", "coordinates": [117.21070406558178, 39.12756147974332]}, "properties": {"name": "大清邮政津局旧址", "level": "省级", "era": "近代以来", "lon": 117.204406, "lat": 39.126535, "elev": 15, "city": "天津城区", "img": "", "wgs_lon": 117.204406, "wgs_lat": 39.126535, "gcj_lon": 117.21070406558178, "gcj_lat": 39.12756147974332, "geo_addr": "", "coord_src": "fallback_local", "gcj_note": "tries_exhausted"}}, {"type": "Feature", "geometry": {"type": "Point", "coordinates": [117.201509, 39.085318]}, "properties": {"name": "紫竹林教堂旧址", "level": "省级", "era": "近代以来", "lon": 117.204886, "lat": 39.126738, "elev": 12, "city": "天津城区", "img": "", "wgs_lon": 117.204886, "wgs_lat": 39.126738, "gcj_lon": 117.201509, "gcj_lat": 39.085318, "geo_addr": "天津市", "coord_src": "geocode", "gcj_note": "api_error:30001:ENGINE_RESPONSE_DATA_ERROR"}}, {"type": "Feature", "geometry": {"type": "Point", "coordinates": [117.205725, 39.125936]}, "properties": {"name": "原东莱银行大楼", "level": "省级", "era": "近代以来", "lon": 117.195827, "lat": 39.125326, "elev": 10, "city": "天津城区", "img": "", "wgs_lon": 117.195827, "wgs_lat": 39.125326, "gcj_lon": 117.205725, "gcj_lat": 39.125936, "geo_addr": "天津市和平区原东莱银行大楼", "coord_src": "geocode", "gcj_note": "api_error:10021:CUQPS_HAS_EXCEEDED_THE_LIMIT"}}, {"type": "Feature", "geometry": {"type": "Point", "coordinates": [117.21637064854626, 39.120474182909014]}, "properties": {"name": "四行储蓄会旧址", "level": "省级", "era": "近代以来", "lon": 117.210081, "lat": 39.11946, "elev": 10, "city": "天津城区", "img": "", "wgs_lon": 117.210081, "wgs_lat": 39.11946, "gcj_lon": 117.21637064854626, "gcj_lat": 39.120474182909014, "geo_addr": "", "coord_src": "fallback_local", "gcj_note": "tries_exhausted"}}, {"type": "Feature", "geometry": {"type": "Point", "coordinates": [117.201509, 39.085318]}, "properties": {"name": "袁克定旧居", "level": "省级", "era": "近代以来", "lon": 117.21793, "lat": 39.108095, "elev": 10, "city": "天津城区", "img": "", "wgs_lon": 117.21793, "wgs_lat": 39.108095, "gcj_lon": 117.201509, "gcj_lat": 39.085318, "geo_addr": "天津市", "coord_src": "geocode", "gcj_note": "api_error:30001:ENGINE_RESPONSE_DATA_ERROR"}}, {"type": "Feature", "geometry": {"type": "Point", "coordinates": [117.226685, 39.106916]}, "properties": {"name": "吴毓麟旧宅", "level": "省级", "era": "近代以来", "lon": 117.220778, "lat": 39.105923, "elev": 10, "city": "天津城区", "img": "", "wgs_lon": 117.220778, "wgs_lat": 39.105923, "gcj_lon": 117.226685, "gcj_lat": 39.106916, "geo_addr": "天津市河西区吴毓麟旧宅", "coord_src": "geocode", "gcj_note": "api_error:10021:CUQPS_HAS_EXCEEDED_THE_LIMIT"}}, {"type": "Feature", "geometry": {"type": "Point", "coordinates": [117.201509, 39.085318]}, "properties": {"name": "美国兵营旧址", "level": "省级", "era": "近代以来", "lon": 117.207613, "lat": 39.110338, "elev": 11, "city": "天津城区", "img": "", "wgs_lon": 117.207613, "wgs_lat": 39.110338, "gcj_lon": 117.201509, "gcj_lat": 39.085318, "geo_addr": "天津市", "coord_src": "geocode", "gcj_note": "api_error:30001:ENGINE_RESPONSE_DATA_ERROR"}}, {"type": "Feature", "geometry": {"type": "Point", "coordinates": [117.200677, 39.075649]}, "properties": {"name": "义和团纪庄子战场", "level": "省级", "era": "近代以来", "lon": 117.191182, "lat": 39.074884, "elev": 7, "city": "天津城区", "img": "", "wgs_lon": 117.191182, "wgs_lat": 39.074884, "gcj_lon": 117.200677, "gcj_lat": 39.075649, "geo_addr": "天津市河西区义和团纪庄子战场", "coord_src": "geocode", "gcj_note": "api_error:10021:CUQPS_HAS_EXCEEDED_THE_LIMIT"}}, {"type": "Feature", "geometry": {"type": "Point", "coordinates": [117.199446, 39.138239]}, "properties": {"name": "汤玉麟旧宅", "level": "省级", "era": "近代以来", "lon": 117.193756, "lat": 39.136591, "elev": 20, "city": "天津城区", "img": "", "wgs_lon": 117.193756, "wgs_lat": 39.136591, "gcj_lon": 117.199446, "gcj_lat": 39.138239, "geo_addr": "天津市河北区汤玉麟旧宅(不对外开放)", "coord_src": "geocode"}}, {"type": "Feature", "geometry": {"type": "Point", "coordinates": [117.201509, 39.085318]}, "properties": {"name": "袁氏旧宅", "level": "省级", "era": "近代以来", "lon": 117.195663, "lat": 39.136816, "elev": 14, "city": "天津城区", "img": "", "wgs_lon": 117.195663, "wgs_lat": 39.136816, "gcj_lon": 117.201509, "gcj_lat": 39.085318, "geo_addr": "天津市", "coord_src": "geocode", "gcj_note": "api_error:10021:CUQPS_HAS_EXCEEDED_THE_LIMIT"}}, {"type": "Feature", "geometry": {"type": "Point", "coordinates": [117.201509, 39.085318]}, "properties": {"name": "原意国领事馆", "level": "省级", "era": "近代以来", "lon": 117.197002, "lat": 39.136391, "elev": 9, "city": "天津城区", "img": "", "wgs_lon": 117.197002, "wgs_lat": 39.136391, "gcj_lon": 117.201509, "gcj_lat": 39.085318, "geo_addr": "天津市", "coord_src": "geocode", "gcj_note": "api_error:30001:ENGINE_RESPONSE_DATA_ERROR"}}, {"type": "Feature", "geometry": {"type": "Point", "coordinates": [117.199611, 39.132961]}, "properties": {"name": "孟氏家庙", "level": "省级", "era": "近代以来", "lon": 117.193415, "lat": 39.131944, "elev": 12, "city": "天津城区", "img": "", "wgs_lon": 117.193415, "wgs_lat": 39.131944, "gcj_lon": 117.199611, "gcj_lat": 39.132961, "geo_addr": "天津市河北区孟氏家庙(公交站)", "coord_src": "geocode", "gcj_note": "api_error:10021:CUQPS_HAS_EXCEEDED_THE_LIMIT"}}, {"type": "Feature", "geometry": {"type": "Point", "coordinates": [117.200326, 39.134281]}, "properties": {"name": "顺直水利委员会旧址", "level": "省级", "era": "近代以来", "lon": 117.194011, "lat": 39.133234, "elev": 12, "city": "天津城区", "img": "", "wgs_lon": 117.194011, "wgs_lat": 39.133234, "gcj_lon": 117.200326, "gcj_lat": 39.134281, "geo_addr": "天津市河北区顺直水利委员会旧址", "coord_src": "geocode"}}, {"type": "Feature", "geometry": {"type": "Point", "coordinates": [117.201509, 39.085318]}, "properties": {"name": "天津十五烈士纪念碑", "level": "省级", "era": "近代以来", "lon": 117.196869, "lat": 39.15673, "elev": 9, "city": "天津城区", "img": "", "wgs_lon": 117.196869, "wgs_lat": 39.15673, "gcj_lon": 117.201509, "gcj_lat": 39.085318, "geo_addr": "天津市", "coord_src": "geocode", "gcj_note": "api_error:10021:CUQPS_HAS_EXCEEDED_THE_LIMIT"}}, {"type": "Feature", "geometry": {"type": "Point", "coordinates": [117.202857, 39.157796]}, "properties": {"name": "中山公园", "level": "省级", "era": "近代以来", "lon": 117.196638, "lat": 39.155975, "elev": 9, "city": "天津城区", "img": "", "wgs_lon": 117.196638, "wgs_lat": 39.155975, "gcj_lon": 117.202857, "gcj_lat": 39.157796, "geo_addr": "天津市河北区中山公园(北门)", "coord_src": "geocode"}}, {"type": "Feature", "geometry": {"type": "Point", "coordinates": [117.185309, 39.168886]}, "properties": {"name": "津浦路西沽机厂旧址", "level": "省级", "era": "近代以来", "lon": 117.189562, "lat": 39.171717, "elev": 9, "city": "天津城区", "img": "", "wgs_lon": 117.189562, "wgs_lat": 39.171717, "gcj_lon": 117.185309, "gcj_lat": 39.168886, "geo_addr": "天津市河北区津浦北路", "coord_src": "geocode", "gcj_note": "api_error:10021:CUQPS_HAS_EXCEEDED_THE_LIMIT"}}, {"type": "Feature", "geometry": {"type": "Point", "coordinates": [117.189379, 39.150512]}, "properties": {"name": "引滦入津工程纪念碑", "level": "省级", "era": "近代以来", "lon": 117.14516, "lat": 39.166195, "elev": 11, "city": "天津城区", "img": "", "wgs_lon": 117.14516, "wgs_lat": 39.166195, "gcj_lon": 117.189379, "gcj_lat": 39.150512, "geo_addr": "天津市红桥区引滦入津工程纪念碑", "coord_src": "geocode"}}, {"type": "Feature", "geometry": {"type": "Point", "coordinates": [117.167954, 39.151586]}, "properties": {"name": "清真大寺", "level": "省级", "era": "宋元至明清", "lon": 117.14516, "lat": 39.166195, "elev": 11, "city": "天津城区", "img": "", "wgs_lon": 117.14516, "wgs_lat": 39.166195, "gcj_lon": 117.167954, "gcj_lat": 39.151586, "geo_addr": "天津市红桥区红桥清真大寺", "coord_src": "geocode"}}, {"type": "Feature", "geometry": {"type": "Point", "coordinates": [117.198183, 39.139906]}, "properties": {"name": "东天仙戏园旧址", "level": "省级", "era": "宋元至明清", "lon": 117.190743, "lat": 39.139714, "elev": 9, "city": "天津城区", "img": "", "wgs_lon": 117.190743, "wgs_lat": 39.139714, "gcj_lon": 117.198183, "gcj_lat": 39.139906, "geo_addr": "天津市河北区东天仙戏园旧址", "coord_src": "geocode", "gcj_note": "api_error:10021:CUQPS_HAS_EXCEEDED_THE_LIMIT"}}, {"type": "Feature", "geometry": {"type": "Point", "coordinates": [117.218263, 39.164776]}, "properties": {"name": "宁园", "level": "省级", "era": "宋元至明清", "lon": 117.202808, "lat": 39.164134, "elev": 10, "city": "天津城区", "img": "", "wgs_lon": 117.202808, "wgs_lat": 39.164134, "gcj_lon": 117.218263, "gcj_lat": 39.164776, "geo_addr": "天津市河北区宁园", "coord_src": "geocode"}}, {"type": "Feature", "geometry": {"type": "Point", "coordinates": [117.195746, 39.150692]}, "properties": {"name": "金家窑清真寺", "level": "省级", "era": "宋元至明清", "lon": 117.188871, "lat": 39.149411, "elev": 7, "city": "天津城区", "img": "", "wgs_lon": 117.188871, "wgs_lat": 39.149411, "gcj_lon": 117.195746, "gcj_lat": 39.150692, "geo_addr": "天津市河北区金家窑清真寺", "coord_src": "geocode", "gcj_note": "api_error:10021:CUQPS_HAS_EXCEEDED_THE_LIMIT"}}, {"type": "Feature", "geometry": {"type": "Point", "coordinates": [117.204481, 39.114238]}, "properties": {"name": "马占山旧居", "level": "省级", "era": "近代以来", "lon": 117.198213, "lat": 39.113111, "elev": 12, "city": "天津城区", "img": "", "wgs_lon": 117.198213, "wgs_lat": 39.113111, "gcj_lon": 117.204481, "gcj_lat": 39.114238, "geo_addr": "天津市和平区马占山", "coord_src": "geocode"}}, {"type": "Feature", "geometry": {"type": "Point", "coordinates": [117.212158, 39.117865]}, "properties": {"name": "陆洪涛旧居", "level": "省级", "era": "近代以来", "lon": 117.205863, "lat": 39.116847, "elev": 10, "city": "天津城区", "img": "", "wgs_lon": 117.205863, "wgs_lat": 39.116847, "gcj_lon": 117.212158, "gcj_lat": 39.117865, "geo_addr": "天津市和平区陆洪涛旧居", "coord_src": "geocode", "gcj_note": "api_error:10021:CUQPS_HAS_EXCEEDED_THE_LIMIT"}}, {"type": "Feature", "geometry": {"type": "Point", "coordinates": [117.215272, 39.117097]}, "properties": {"name": "大阔饭店旧址", "level": "省级", "era": "近代以来", "lon": 117.208981, "lat": 39.116083, "elev": 10, "city": "天津城区", "img": "", "wgs_lon": 117.208981, "wgs_lat": 39.116083, "gcj_lon": 117.215272, "gcj_lat": 39.117097, "geo_addr": "天津市和平区大阔饭店旧址", "coord_src": "geocode"}}, {"type": "Feature", "geometry": {"type": "Point", "coordinates": [117.204818, 39.110414]}, "properties": {"name": "纳森旧宅", "level": "省级", "era": "近代以来", "lon": 117.208596, "lat": 39.118335, "elev": 8, "city": "天津城区", "img": "", "wgs_lon": 117.208596, "wgs_lat": 39.118335, "gcj_lon": 117.204818, "gcj_lat": 39.110414, "geo_addr": "天津市和平区纳森旧宅", "coord_src": "geocode", "gcj_note": "api_error:10021:CUQPS_HAS_EXCEEDED_THE_LIMIT"}}, {"type": "Feature", "geometry": {"type": "Point", "coordinates": [117.211051, 39.126979]}, "properties": {"name": "原中央银行天津分行大楼", "level": "省级", "era": "近代以来", "lon": 117.206271, "lat": 39.123569, "elev": 9, "city": "天津城区", "img": "", "wgs_lon": 117.206271, "wgs_lat": 39.123569, "gcj_lon": 117.211051, "gcj_lat": 39.126979, "geo_addr": "天津市和平区中央银行天津分行大楼(西南门)", "coord_src": "geocode"}}, {"type": "Feature", "geometry": {"type": "Point", "coordinates": [117.213821, 39.115375]}, "properties": {"name": "犹太会堂旧址", "level": "省级", "era": "近代以来", "lon": 117.207566, "lat": 39.114304, "elev": 8, "city": "天津城区", "img": "", "wgs_lon": 117.207566, "wgs_lat": 39.114304, "gcj_lon": 117.213821, "gcj_lat": 39.115375, "geo_addr": "天津市和平区犹太会堂旧址", "coord_src": "geocode", "gcj_note": "api_error:10021:CUQPS_HAS_EXCEEDED_THE_LIMIT"}}, {"type": "Feature", "geometry": {"type": "Point", "coordinates": [117.20563, 39.124432]}, "properties": {"name": "章瑞庭旧宅", "level": "省级", "era": "近代以来", "lon": 117.199097, "lat": 39.123464, "elev": 8, "city": "天津城区", "img": "", "wgs_lon": 117.199097, "wgs_lat": 39.123464, "gcj_lon": 117.20563, "gcj_lat": 39.124432, "geo_addr": "天津市和平区章瑞庭旧宅", "coord_src": "geocode"}}, {"type": "Feature", "geometry": {"type": "Point", "coordinates": [117.203704, 39.125488]}, "properties": {"name": "久大精盐公司旧址", "level": "省级", "era": "近代以来", "lon": 117.196107, "lat": 39.124269, "elev": 10, "city": "天津城区", "img": "", "wgs_lon": 117.196107, "wgs_lat": 39.124269, "gcj_lon": 117.203704, "gcj_lat": 39.125488, "geo_addr": "天津市和平区久大精盐公司旧址", "coord_src": "geocode"}}, {"type": "Feature", "geometry": {"type": "Point", "coordinates": [117.201342, 39.127011]}, "properties": {"name": "原浙江兴业银行大楼", "level": "省级", "era": "近代以来", "lon": 117.195123, "lat": 39.12595, "elev": 23, "city": "天津城区", "img": "", "wgs_lon": 117.195123, "wgs_lat": 39.12595, "gcj_lon": 117.201342, "gcj_lat": 39.127011, "geo_addr": "天津市和平区浙江兴业银行", "coord_src": "geocode", "gcj_note": "api_error:10021:CUQPS_HAS_EXCEEDED_THE_LIMIT"}}, {"type": "Feature", "geometry": {"type": "Point", "coordinates": [117.441431, 38.921723]}, "properties": {"name": "静园", "level": "省级", "era": "近代以来", "lon": 117.183656, "lat": 39.122384, "elev": 6, "city": "天津城区", "img": "", "wgs_lon": 117.183656, "wgs_lat": 39.122384, "gcj_lon": 117.441431, "gcj_lat": 38.921723, "geo_addr": "天津市津南区静园", "coord_src": "geocode"}}, {"type": "Feature", "geometry": {"type": "Point", "coordinates": [117.212681, 39.12412]}, "properties": {"name": "比利时领事馆旧址", "level": "省级", "era": "近代以来", "lon": 117.204876, "lat": 39.125688, "elev": 8, "city": "天津城区", "img": "", "wgs_lon": 117.204876, "wgs_lat": 39.125688, "gcj_lon": 117.212681, "gcj_lat": 39.12412, "geo_addr": "天津市和平区比利时领事馆旧址", "coord_src": "geocode", "gcj_note": "api_error:10021:CUQPS_HAS_EXCEEDED_THE_LIMIT"}}, {"type": "Feature", "geometry": {"type": "Point", "coordinates": [117.207361, 39.131033]}, "properties": {"name": "原新华信托银行大楼", "level": "省级", "era": "近代以来", "lon": 117.201058, "lat": 39.129999, "elev": 10, "city": "天津城区", "img": "", "wgs_lon": 117.201058, "wgs_lat": 39.129999, "gcj_lon": 117.207361, "gcj_lat": 39.131033, "geo_addr": "天津市和平区原新华信托银行大楼", "coord_src": "geocode"}}, {"type": "Feature", "geometry": {"type": "Point", "coordinates": [117.201509, 39.085318]}, "properties": {"name": "原日“武德殿”", "level": "省级", "era": "近代以来", "lon": 117.181734, "lat": 39.119607, "elev": 7, "city": "天津城区", "img": "", "wgs_lon": 117.181734, "wgs_lat": 39.119607, "gcj_lon": 117.201509, "gcj_lat": 39.085318, "geo_addr": "天津市", "coord_src": "geocode", "gcj_note": "api_error:10021:CUQPS_HAS_EXCEEDED_THE_LIMIT"}}, {"type": "Feature", "geometry": {"type": "Point", "coordinates": [117.201509, 39.085318]}, "properties": {"name": "惠中饭店", "level": "省级", "era": "近代以来", "lon": 117.208422, "lat": 39.11587, "elev": 11, "city": "天津城区", "img": "", "wgs_lon": 117.208422, "wgs_lat": 39.11587, "gcj_lon": 117.201509, "gcj_lat": 39.085318, "geo_addr": "天津市", "coord_src": "geocode", "gcj_note": "api_error:30001:ENGINE_RESPONSE_DATA_ERROR"}}, {"type": "Feature", "geometry": {"type": "Point", "coordinates": [117.201509, 39.085318]}, "properties": {"name": "段祺瑞旧居", "level": "省级", "era": "近代以来", "lon": 117.185393, "lat": 39.12505, "elev": 8, "city": "天津城区", "img": "", "wgs_lon": 117.185393, "wgs_lat": 39.12505, "gcj_lon": 117.201509, "gcj_lat": 39.085318, "geo_addr": "天津市", "coord_src": "geocode", "gcj_note": "api_error:10021:CUQPS_HAS_EXCEEDED_THE_LIMIT"}}, {"type": "Feature", "geometry": {"type": "Point", "coordinates": [117.201509, 39.085318]}, "properties": {"name": "中央音乐学院旧址", "level": "省级", "era": "近代以来", "lon": 117.222573, "lat": 39.122808, "elev": 10, "city": "天津城区", "img": "", "wgs_lon": 117.222573, "wgs_lat": 39.122808, "gcj_lon": 117.201509, "gcj_lat": 39.085318, "geo_addr": "天津市", "coord_src": "geocode", "gcj_note": "api_error:30001:ENGINE_RESPONSE_DATA_ERROR"}}, {"type": "Feature", "geometry": {"type": "Point", "coordinates": [117.220741, 39.115136]}, "properties": {"name": "原德国俱乐部", "level": "省级", "era": "近代以来", "lon": 117.214385, "lat": 39.114425, "elev": 12, "city": "天津城区", "img": "", "wgs_lon": 117.214385, "wgs_lat": 39.114425, "gcj_lon": 117.220741, "gcj_lat": 39.115136, "geo_addr": "天津市河西区德国俱乐部(西南门)", "coord_src": "geocode", "gcj_note": "api_error:10021:CUQPS_HAS_EXCEEDED_THE_LIMIT"}}, {"type": "Feature", "geometry": {"type": "Point", "coordinates": [117.201509, 39.085318]}, "properties": {"name": "张勋旧宅", "level": "省级", "era": "近代以来", "lon": 117.217176, "lat": 39.113107, "elev": 12, "city": "天津城区", "img": "", "wgs_lon": 117.217176, "wgs_lat": 39.113107, "gcj_lon": 117.201509, "gcj_lat": 39.085318, "geo_addr": "天津市", "coord_src": "geocode", "gcj_note": "api_error:30001:ENGINE_RESPONSE_DATA_ERROR"}}, {"type": "Feature", "geometry": {"type": "Point", "coordinates": [117.248173, 39.103176]}, "properties": {"name": "天津市总工会第二工人疗养院旧址", "level": "省级", "era": "近代以来", "lon": 117.278927, "lat": 39.068309, "elev": 6, "city": "天津城区", "img": "", "wgs_lon": 117.278927, "wgs_lat": 39.068309, "gcj_lon": 117.248173, "gcj_lat": 39.103176, "geo_addr": "天津市河东区天津市总工会", "coord_src": "geocode", "gcj_note": "api_error:10021:CUQPS_HAS_EXCEEDED_THE_LIMIT"}}, {"type": "Feature", "geometry": {"type": "Point", "coordinates": [117.265864, 39.900558]}, "properties": {"name": "玉皇阁", "level": "省级", "era": "宋元至明清", "lon": 117.144234, "lat": 39.137412, "elev": 7, "city": "天津城区", "img": "", "wgs_lon": 117.144234, "wgs_lat": 39.137412, "gcj_lon": 117.265864, "gcj_lat": 39.900558, "geo_addr": "天津市蓟州区玉皇阁", "coord_src": "geocode"}}, {"type": "Feature", "geometry": {"type": "Point", "coordinates": [117.195339, 39.1404]}, "properties": {"name": "奥匈帝国领事馆旧址", "level": "省级", "era": "近代以来", "lon": 117.189077, "lat": 39.139367, "elev": 10, "city": "天津城区", "img": "", "wgs_lon": 117.189077, "wgs_lat": 39.139367, "gcj_lon": 117.195339, "gcj_lat": 39.1404, "geo_addr": "天津市河北区奥匈帝国领事馆旧址", "coord_src": "geocode"}}, {"type": "Feature", "geometry": {"type": "Point", "coordinates": [117.201509, 39.085318]}, "properties": {"name": "冯国璋旧居", "level": "省级", "era": "近代以来", "lon": 117.18905, "lat": 39.137977, "elev": 10, "city": "天津城区", "img": "", "wgs_lon": 117.18905, "wgs_lat": 39.137977, "gcj_lon": 117.201509, "gcj_lat": 39.085318, "geo_addr": "天津市", "coord_src": "geocode", "gcj_note": "api_error:10021:CUQPS_HAS_EXCEEDED_THE_LIMIT"}}, {"type": "Feature", "geometry": {"type": "Point", "coordinates": [117.201546, 39.138732]}, "properties": {"name": "刘髯公旧居", "level": "省级", "era": "近代以来", "lon": 117.1951, "lat": 39.137522, "elev": 11, "city": "天津城区", "img": "", "wgs_lon": 117.1951, "wgs_lat": 39.137522, "gcj_lon": 117.201546, "gcj_lat": 39.138732, "geo_addr": "天津市河北区刘髯公旧居", "coord_src": "geocode"}}, {"type": "Feature", "geometry": {"type": "Point", "coordinates": [117.195388, 39.140858]}, "properties": {"name": "解放天津会师纪念地", "level": "省级", "era": "近代以来", "lon": 117.184957, "lat": 39.141149, "elev": 13, "city": "天津城区", "img": "", "wgs_lon": 117.184957, "wgs_lat": 39.141149, "gcj_lon": 117.195388, "gcj_lat": 39.140858, "geo_addr": "天津市河北区解放天津会师纪念地", "coord_src": "geocode", "gcj_note": "api_error:10021:CUQPS_HAS_EXCEEDED_THE_LIMIT"}}, {"type": "Feature", "geometry": {"type": "Point", "coordinates": [117.20295156999987, 39.15703133074865]}, "properties": {"name": "魏士毅女士纪念碑", "level": "省级", "era": "近代以来", "lon": 117.196638, "lat": 39.155975, "elev": 9, "city": "天津城区", "img": "", "wgs_lon": 117.196638, "wgs_lat": 39.155975, "gcj_lon": 117.20295156999987, "gcj_lat": 39.15703133074865, "geo_addr": "", "coord_src": "fallback_local", "gcj_note": "tries_exhausted"}}, {"type": "Feature", "geometry": {"type": "Point", "coordinates": [117.201509, 39.085318]}, "properties": {"name": "国营天津无线电厂旧址", "level": "省级", "era": "近代以来", "lon": 117.204832, "lat": 39.154253, "elev": 8, "city": "天津城区", "img": "", "wgs_lon": 117.204832, "wgs_lat": 39.154253, "gcj_lon": 117.201509, "gcj_lat": 39.085318, "geo_addr": "天津市", "coord_src": "geocode", "gcj_note": "api_error:10021:CUQPS_HAS_EXCEEDED_THE_LIMIT"}}, {"type": "Feature", "geometry": {"type": "Point", "coordinates": [117.167041, 39.146287]}, "properties": {"name": "天津普通中学堂旧址", "level": "省级", "era": "近代以来", "lon": 117.162113, "lat": 39.149286, "elev": 8, "city": "天津城区", "img": "", "wgs_lon": 117.162113, "wgs_lat": 39.149286, "gcj_lon": 117.167041, "gcj_lat": 39.146287, "geo_addr": "天津市红桥区天津市铃铛阁中学旧址", "coord_src": "geocode"}}, {"type": "Feature", "geometry": {"type": "Point", "coordinates": [117.014726, 39.136614]}, "properties": {"name": "杨柳青火车站", "level": "省级", "era": "近代以来", "lon": 116.995723, "lat": 39.138026, "elev": 8, "city": "天津城区", "img": "", "wgs_lon": 116.995723, "wgs_lat": 39.138026, "gcj_lon": 117.014726, "gcj_lat": 39.136614, "geo_addr": "天津市西青区杨柳青", "coord_src": "geocode", "gcj_note": "api_error:10021:CUQPS_HAS_EXCEEDED_THE_LIMIT"}}, {"type": "Feature", "geometry": {"type": "Point", "coordinates": [117.365867, 39.158297]}, "properties": {"name": "天津工商学院旧址建筑群", "level": "省级", "era": "近代以来", "lon": 117.197708, "lat": 39.107018, "elev": 9, "city": "天津城区", "img": "", "wgs_lon": 117.197708, "wgs_lat": 39.107018, "gcj_lon": 117.365867, "gcj_lat": 39.158297, "geo_addr": "天津市东丽区天津(和丰精品车)", "coord_src": "geocode", "gcj_note": "api_error:30001:ENGINE_RESPONSE_DATA_ERROR"}}, {"type": "Feature", "geometry": {"type": "Point", "coordinates": [117.199896, 39.085113]}, "properties": {"name": "天津市军事管制委员会和中共天津市委旧址", "level": "国家级", "era": "近代以来", "lon": 117.185361, "lat": 39.123972, "elev": 8, "city": "天津城区", "img": "", "wgs_lon": 117.185361, "wgs_lat": 39.123972, "gcj_lon": 117.199896, "gcj_lat": 39.085113, "geo_addr": "天津市河西区中共天津市委员会", "coord_src": "geocode", "gcj_note": "api_error:10021:CUQPS_HAS_EXCEEDED_THE_LIMIT"}}, {"type": "Feature", "geometry": {"type": "Point", "coordinates": [117.175687, 39.101817]}, "properties": {"name": "南开大学思源堂", "level": "国家级", "era": "近代以来", "lon": 117.169361, "lat": 39.100753, "elev": 5, "city": "天津城区", "img": "", "wgs_lon": 117.169361, "wgs_lat": 39.100753, "gcj_lon": 117.175687, "gcj_lat": 39.101817, "geo_addr": "天津市南开区南开大学八里台校区第二教学楼", "coord_src": "geocode"}}, {"type": "Feature", "geometry": {"type": "Point", "coordinates": [117.208211, 39.108481]}, "properties": {"name": "北疆博物院旧址", "level": "国家级", "era": "近代以来", "lon": 117.201861, "lat": 39.107722, "elev": 8, "city": "天津城区", "img": "", "wgs_lon": 117.201861, "wgs_lat": 39.107722, "gcj_lon": 117.208211, "gcj_lat": 39.108481, "geo_addr": "天津市河西区北疆博物院(西北门)", "coord_src": "geocode", "gcj_note": "api_error:10021:CUQPS_HAS_EXCEEDED_THE_LIMIT"}}, {"type": "Feature", "geometry": {"type": "Point", "coordinates": [117.201509, 39.085318]}, "properties": {"name": "觉悟社旧址", "level": "国家级", "era": "近代以来", "lon": 117.189944, "lat": 39.158472, "elev": 8, "city": "天津城区", "img": "", "wgs_lon": 117.189944, "wgs_lat": 39.158472, "gcj_lon": 117.201509, "gcj_lat": 39.085318, "geo_addr": "天津市", "coord_src": "geocode", "gcj_note": "api_error:30001:ENGINE_RESPONSE_DATA_ERROR"}}, {"type": "Feature", "geometry": {"type": "Point", "coordinates": [117.188782, 39.172551]}, "properties": {"name": "新开河火车站旧址", "level": "国家级", "era": "近代以来", "lon": 117.189944, "lat": 39.158472, "elev": 8, "city": "天津城区", "img": "", "wgs_lon": 117.189944, "wgs_lat": 39.158472, "gcj_lon": 117.188782, "gcj_lat": 39.172551, "geo_addr": "天津市河北区新开河", "coord_src": "geocode"}}, {"type": "Feature", "geometry": {"type": "Point", "coordinates": [117.201509, 39.085318]}, "properties": {"name": "东门里壁画墓", "level": "国家级", "era": "秦汉至隋唐", "lon": 117.189415, "lat": 39.142006, "elev": 7, "city": "天津城区", "img": "", "wgs_lon": 117.189415, "wgs_lat": 39.142006, "gcj_lon": 117.201509, "gcj_lat": 39.085318, "geo_addr": "天津市", "coord_src": "geocode", "gcj_note": "api_error:10021:CUQPS_HAS_EXCEEDED_THE_LIMIT"}}, {"type": "Feature", "geometry": {"type": "Point", "coordinates": [117.365867, 39.158297]}, "properties": {"name": "天津工商学院主楼旧址", "level": "国家级", "era": "近代以来", "lon": 117.202222, "lat": 39.108333, "elev": 7, "city": "天津城区", "img": "", "wgs_lon": 117.202222, "wgs_lat": 39.108333, "gcj_lon": 117.365867, "gcj_lat": 39.158297, "geo_addr": "天津市东丽区天津(和丰精品车)", "coord_src": "geocode", "gcj_note": "api_error:30001:ENGINE_RESPONSE_DATA_ERROR"}}, {"type": "Feature", "geometry": {"type": "Point", "coordinates": [117.18388, 39.146938]}, "properties": {"name": "谦祥益绸缎庄旧址", "level": "国家级", "era": "宋元至明清", "lon": 117.177542, "lat": 39.145838, "elev": 11, "city": "天津城区", "img": "", "wgs_lon": 117.177542, "wgs_lat": 39.145838, "gcj_lon": 117.18388, "gcj_lat": 39.146938, "geo_addr": "天津市红桥区谦祥益绸缎庄旧址", "coord_src": "geocode", "gcj_note": "api_error:10021:CUQPS_HAS_EXCEEDED_THE_LIMIT"}}, {"type": "Feature", "geometry": {"type": "Point", "coordinates": [117.210965, 39.112711]}, "properties": {"name": "天津五大道近代建筑群", "level": "国家级", "era": "近代以来", "lon": 117.19719, "lat": 39.11079, "elev": 10, "city": "天津城区", "img": "", "wgs_lon": 117.19719, "wgs_lat": 39.11079, "gcj_lon": 117.210965, "gcj_lat": 39.112711, "geo_addr": "天津市和平区天津五大道近代建筑群", "coord_src": "geocode"}}, {"type": "Feature", "geometry": {"type": "Point", "coordinates": [117.160317, 39.160522]}, "properties": {"name": "天津西站主楼", "level": "国家级", "era": "近代以来", "lon": 117.161492, "lat": 39.15551, "elev": 8, "city": "天津城区", "img": "", "wgs_lon": 117.161492, "wgs_lat": 39.15551, "gcj_lon": 117.160317, "gcj_lat": 39.160522, "geo_addr": "天津市西站", "coord_src": "geocode", "gcj_note": "api_error:10021:CUQPS_HAS_EXCEEDED_THE_LIMIT"}}, {"type": "Feature", "geometry": {"type": "Point", "coordinates": [117.19867881190159, 39.13449398811911]}, "properties": {"name": "马可·波罗广场建筑群", "level": "国家级", "era": "宋元至明清", "lon": 117.192361, "lat": 39.133444, "elev": 10, "city": "天津城区", "img": "", "wgs_lon": 117.192361, "wgs_lat": 39.133444, "gcj_lon": 117.19867881190159, "gcj_lat": 39.13449398811911, "geo_addr": "", "coord_src": "fallback_local", "gcj_note": "tries_exhausted"}}, {"type": "Feature", "geometry": {"type": "Point", "coordinates": [117.177574, 39.178101]}, "properties": {"name": "北洋大学堂旧址", "level": "国家级", "era": "近代以来", "lon": 117.171889, "lat": 39.177583, "elev": 9, "city": "天津城区", "img": "", "wgs_lon": 117.171889, "wgs_lat": 39.177583, "gcj_lon": 117.177574, "gcj_lat": 39.178101, "geo_addr": "天津市红桥区北洋大学堂旧址", "coord_src": "geocode", "gcj_note": "api_error:10021:CUQPS_HAS_EXCEEDED_THE_LIMIT"}}, {"type": "Feature", "geometry": {"type": "Point", "coordinates": [117.201509, 39.085318]}, "properties": {"name": "李纯祠堂", "level": "国家级", "era": "宋元至明清", "lon": 117.15427, "lat": 39.12117, "elev": 9, "city": "天津城区", "img": "", "wgs_lon": 117.15427, "wgs_lat": 39.12117, "gcj_lon": 117.201509, "gcj_lat": 39.085318, "geo_addr": "天津市", "coord_src": "geocode", "gcj_note": "api_error:30001:ENGINE_RESPONSE_DATA_ERROR"}}, {"type": "Feature", "geometry": {"type": "Point", "coordinates": [117.490432, 39.149482]}, "properties": {"name": "天后宫", "level": "国家级", "era": "宋元至明清", "lon": 117.186351, "lat": 39.142209, "elev": 9, "city": "天津城区", "img": "", "wgs_lon": 117.186351, "wgs_lat": 39.142209, "gcj_lon": 117.490432, "gcj_lat": 39.149482, "geo_addr": "天津市东丽区天后宫", "coord_src": "geocode", "gcj_note": "api_error:10021:CUQPS_HAS_EXCEEDED_THE_LIMIT"}}, {"type": "Feature", "geometry": {"type": "Point", "coordinates": [117.201509, 39.085318]}, "properties": {"name": "梁启超旧居", "level": "国家级", "era": "近代以来", "lon": 117.19325, "lat": 39.135861, "elev": 9, "city": "天津城区", "img": "", "wgs_lon": 117.19325, "wgs_lat": 39.135861, "gcj_lon": 117.201509, "gcj_lat": 39.085318, "geo_addr": "天津市", "coord_src": "geocode", "gcj_note": "api_error:30001:ENGINE_RESPONSE_DATA_ERROR"}}, {"type": "Feature", "geometry": {"type": "Point", "coordinates": [117.209415, 39.128064]}, "properties": {"name": "法国公议局旧址", "level": "国家级", "era": "近代以来", "lon": 117.20285, "lat": 39.12708, "elev": 9, "city": "天津城区", "img": "", "wgs_lon": 117.20285, "wgs_lat": 39.12708, "gcj_lon": 117.209415, "gcj_lat": 39.128064, "geo_addr": "天津市和平区法国公议局旧址", "coord_src": "geocode"}}, {"type": "Feature", "geometry": {"type": "Point", "coordinates": [117.210005, 39.129815]}, "properties": {"name": "盐业银行旧址", "level": "国家级", "era": "近代以来", "lon": 117.203722, "lat": 39.128611, "elev": 11, "city": "天津城区", "img": "", "wgs_lon": 117.203722, "wgs_lat": 39.128611, "gcj_lon": 117.210005, "gcj_lat": 39.129815, "geo_addr": "天津市和平区盐业银行旧址", "coord_src": "geocode", "gcj_note": "api_error:10021:CUQPS_HAS_EXCEEDED_THE_LIMIT"}}, {"type": "Feature", "geometry": {"type": "Point", "coordinates": [117.201509, 39.085318]}, "properties": {"name": "净觉寺", "level": "国家级", "era": "宋元至明清", "lon": 117.31, "lat": 39.42, "elev": 5, "city": "天津城区", "img": "", "wgs_lon": 117.31, "wgs_lat": 39.42, "gcj_lon": 117.201509, "gcj_lat": 39.085318, "geo_addr": "天津市", "coord_src": "geocode", "gcj_note": "api_error:30001:ENGINE_RESPONSE_DATA_ERROR"}}, {"type": "Feature", "geometry": {"type": "Point", "coordinates": [117.006709, 39.136619]}, "properties": {"name": "石家大院", "level": "国家级", "era": "宋元至明清", "lon": 117.00446, "lat": 39.134, "elev": 10, "city": "天津城区", "img": "", "wgs_lon": 117.00446, "wgs_lat": 39.134, "gcj_lon": 117.006709, "gcj_lat": 39.136619, "geo_addr": "天津市西青区石家大院", "coord_src": "geocode", "gcj_note": "api_error:10021:CUQPS_HAS_EXCEEDED_THE_LIMIT"}}, {"type": "Feature", "geometry": {"type": "Point", "coordinates": [117.201509, 39.085318]}, "properties": {"name": "天妃宫遗址", "level": "国家级", "era": "宋元至明清", "lon": 117.23269, "lat": 39.10915, "elev": 9, "city": "天津城区", "img": "", "wgs_lon": 117.23269, "wgs_lat": 39.10915, "gcj_lon": 117.201509, "gcj_lat": 39.085318, "geo_addr": "天津市", "coord_src": "geocode", "gcj_note": "api_error:30001:ENGINE_RESPONSE_DATA_ERROR"}}, {"type": "Feature", "geometry": {"type": "Point", "coordinates": [117.198688, 39.124809]}, "properties": {"name": "天津劝业场大楼", "level": "国家级", "era": "近代以来", "lon": 117.19459, "lat": 39.12592, "elev": 29, "city": "天津城区", "img": "", "wgs_lon": 117.19459, "wgs_lat": 39.12592, "gcj_lon": 117.198688, "gcj_lat": 39.124809, "geo_addr": "天津市和平区劝业场街道", "coord_src": "geocode", "gcj_note": "api_error:10021:CUQPS_HAS_EXCEEDED_THE_LIMIT"}}, {"type": "Feature", "geometry": {"type": "Point", "coordinates": [117.008171, 39.135071]}, "properties": {"name": "天津广东会馆", "level": "国家级", "era": "宋元至明清", "lon": 117.17522, "lat": 39.13984, "elev": 8, "city": "天津城区", "img": "", "wgs_lon": 117.17522, "wgs_lat": 39.13984, "gcj_lon": 117.008171, "gcj_lat": 39.135071, "geo_addr": "天津市西青区广东会馆", "coord_src": "geocode"}}, {"type": "Feature", "geometry": {"type": "Point", "coordinates": [117.171273, 39.131707]}, "properties": {"name": "南开学校旧址", "level": "国家级", "era": "近代以来", "lon": 117.16596, "lat": 39.1304, "elev": 8, "city": "天津城区", "img": "", "wgs_lon": 117.16596, "wgs_lat": 39.1304, "gcj_lon": 117.171273, "gcj_lat": 39.131707, "geo_addr": "天津市南开区南开学校旧址(不对外开放)", "coord_src": "geocode", "gcj_note": "api_error:10021:CUQPS_HAS_EXCEEDED_THE_LIMIT"}}, {"type": "Feature", "geometry": {"type": "Point", "coordinates": [117.216278, 39.120813]}, "properties": {"name": "天津利顺德饭店旧址", "level": "国家级", "era": "近代以来", "lon": 117.21001, "lat": 39.11986, "elev": 13, "city": "天津城区", "img": "", "wgs_lon": 117.21001, "wgs_lat": 39.11986, "gcj_lon": 117.216278, "gcj_lat": 39.120813, "geo_addr": "天津市和平区天津利顺德饭店旧址", "coord_src": "geocode"}}, {"type": "Feature", "geometry": {"type": "Point", "coordinates": [117.194586, 39.14801]}, "properties": {"name": "望海楼教堂", "level": "国家级", "era": "近代以来", "lon": 117.18905, "lat": 39.14677, "elev": 9, "city": "天津城区", "img": "", "wgs_lon": 117.18905, "wgs_lat": 39.14677, "gcj_lon": 117.194586, "gcj_lat": 39.14801, "geo_addr": "天津市河北区望海楼教堂(公交站)", "coord_src": "geocode", "gcj_note": "api_error:10021:CUQPS_HAS_EXCEEDED_THE_LIMIT"}}, {"type": "Feature", "geometry": {"type": "Point", "coordinates": [117.157944, 39.146812]}, "properties": {"name": "义和团吕祖堂坛口遗址", "level": "国家级", "era": "近代以来", "lon": 117.15175, "lat": 39.145278, "elev": 6, "city": "天津城区", "img": "", "wgs_lon": 117.15175, "wgs_lat": 39.145278, "gcj_lon": 117.157944, "gcj_lat": 39.146812, "geo_addr": "天津市红桥区吕祖堂(公交站)", "coord_src": "geocode"}}, {"type": "Feature", "geometry": {"type": "Point", "coordinates": [117.72357, 39.106292]}, "properties": {"name": "北塘炮台遗址", "level": "省级", "era": "宋元至明清", "lon": 117.746172, "lat": 39.107345, "elev": -9999, "city": "天津城区", "img": "", "wgs_lon": 117.746172, "wgs_lat": 39.107345, "gcj_lon": 117.72357, "gcj_lat": 39.106292, "geo_addr": "天津市滨海新区北塘炮台遗址", "coord_src": "geocode"}}, {"type": "Feature", "geometry": {"type": "Point", "coordinates": [117.560552, 39.330315]}, "properties": {"name": "于方舟故居、墓", "level": "省级", "era": "近代以来", "lon": 117.604762, "lat": 39.333198, "elev": 2, "city": "天津城区", "img": "", "wgs_lon": 117.604762, "wgs_lat": 39.333198, "gcj_lon": 117.560552, "gcj_lat": 39.330315, "geo_addr": "天津市宁河区于方舟故居(公交站)", "coord_src": "geocode", "gcj_note": "api_error:10021:CUQPS_HAS_EXCEEDED_THE_LIMIT"}}, {"type": "Feature", "geometry": {"type": "Point", "coordinates": [117.67105, 39.015828]}, "properties": {"name": "黄海化学工业研究社旧址", "level": "国家级", "era": "近代以来", "lon": 117.681389, "lat": 39.014972, "elev": 4, "city": "天津城区", "img": "", "wgs_lon": 117.681389, "wgs_lat": 39.014972, "gcj_lon": 117.67105, "gcj_lat": 39.015828, "geo_addr": "天津市滨海新区黄海化学工业研究社旧址", "coord_src": "geocode"}}, {"type": "Feature", "geometry": {"type": "Point", "coordinates": [117.643047, 39.0251]}, "properties": {"name": "塘沽火车站旧址", "level": "国家级", "era": "近代以来", "lon": 117.671222, "lat": 39.006056, "elev": 6, "city": "天津城区", "img": "", "wgs_lon": 117.671222, "wgs_lat": 39.006056, "gcj_lon": 117.643047, "gcj_lat": 39.0251, "geo_addr": "天津市滨海新区塘沽火车站(公交站)", "coord_src": "geocode", "gcj_note": "api_error:10021:CUQPS_HAS_EXCEEDED_THE_LIMIT"}}, {"type": "Feature", "geometry": {"type": "Point", "coordinates": [117.758554, 39.558423]}, "properties": {"name": "天尊阁", "level": "国家级", "era": "宋元至明清", "lon": 117.752222, "lat": 39.557167, "elev": 7, "city": "天津城区", "img": "", "wgs_lon": 117.752222, "wgs_lat": 39.557167, "gcj_lon": 117.758554, "gcj_lat": 39.558423, "geo_addr": "天津市宁河区天尊阁", "coord_src": "geocode"}}, {"type": "Feature", "geometry": {"type": "Point", "coordinates": [118.203801, 39.608261]}, "properties": {"name": "唐山大地震遗址", "level": "国家级", "era": "近代以来", "lon": 118.105889, "lat": 39.357419, "elev": 6, "city": "唐山市", "img": "", "wgs_lon": 118.105889, "wgs_lat": 39.357419, "gcj_lon": 118.203801, "gcj_lat": 39.608261, "geo_addr": "河北省唐山市路南区唐山十中地震遗址", "coord_src": "geocode", "gcj_note": "api_error:10021:CUQPS_HAS_EXCEEDED_THE_LIMIT"}}, {"type": "Feature", "geometry": {"type": "Point", "coordinates": [119.085564, 39.386953]}, "properties": {"name": "李大钊故居", "level": "省级", "era": "宋元至明清", "lon": 119.07928, "lat": 39.385606, "elev": 5, "city": "唐山市", "img": "", "wgs_lon": 119.083333, "wgs_lat": 39.433333, "gcj_lon": 119.085564, "gcj_lat": 39.386953, "geo_addr": "河北省唐山市乐亭县李大钊故居", "coord_src": "geocode"}}, {"type": "Feature", "geometry": {"type": "Point", "coordinates": [118.64552, 39.560916]}, "properties": {"name": "潘家戴庄惨案遗址", "level": "省级", "era": "近代以来", "lon": 118.63968, "lat": 39.559844, "elev": 23, "city": "唐山市", "img": "", "wgs_lon": 118.63968, "wgs_lat": 39.559844, "gcj_lon": 118.64552, "gcj_lat": 39.560916, "geo_addr": "河北省唐山市滦南县潘家戴庄", "coord_src": "geocode", "gcj_note": "api_error:10021:CUQPS_HAS_EXCEEDED_THE_LIMIT"}}, {"type": "Feature", "geometry": {"type": "Point", "coordinates": [118.180149, 39.63068]}, "properties": {"name": "成兆才墓", "level": "省级", "era": "宋元至明清", "lon": 118.675342, "lat": 39.505496, "elev": 19, "city": "唐山市", "img": "", "wgs_lon": 118.675342, "wgs_lat": 39.505496, "gcj_lon": 118.180149, "gcj_lat": 39.63068, "geo_addr": "河北省唐山市", "coord_src": "geocode", "gcj_note": "api_error:30001:ENGINE_RESPONSE_DATA_ERROR"}}, {"type": "Feature", "geometry": {"type": "Point", "coordinates": [118.180149, 39.63068]}, "properties": {"name": "潮音寺", "level": "省级", "era": "宋元至明清", "lon": 118.831017, "lat": 39.136359, "elev": 3, "city": "唐山市", "img": "", "wgs_lon": 118.831017, "wgs_lat": 39.136359, "gcj_lon": 118.180149, "gcj_lat": 39.63068, "geo_addr": "河北省唐山市", "coord_src": "geocode", "gcj_note": "api_error:10021:CUQPS_HAS_EXCEEDED_THE_LIMIT"}}, {"type": "Feature", "geometry": {"type": "Point", "coordinates": [118.931503, 39.377129]}, "properties": {"name": "独幽城遗址", "level": "省级", "era": "宋元至明清", "lon": 118.925691, "lat": 39.376139, "elev": 5, "city": "唐山市", "img": "", "wgs_lon": 118.925691, "wgs_lat": 39.376139, "gcj_lon": 118.931503, "gcj_lat": 39.377129, "geo_addr": "河北省唐山市乐亭县独幽城村", "coord_src": "geocode"}}, {"type": "Feature", "geometry": {"type": "Point", "coordinates": [118.654013, 39.483838]}, "properties": {"name": "西张士坎遗址", "level": "省级", "era": "史前至先秦", "lon": 118.648166, "lat": 39.482776, "elev": 16, "city": "唐山市", "img": "", "wgs_lon": 118.648166, "wgs_lat": 39.482776, "gcj_lon": 118.654013, "gcj_lat": 39.483838, "geo_addr": "河北省唐山市滦南县西张士坎村", "coord_src": "geocode"}}, {"type": "Feature", "geometry": {"type": "Point", "coordinates": [119.099394, 39.52108]}, "properties": {"name": "双阳塔", "level": "省级", "era": "宋元至明清", "lon": 119.093082, "lat": 39.519674, "elev": 9, "city": "秦皇岛市", "img": "", "wgs_lon": 119.093082, "wgs_lat": 39.519674, "gcj_lon": 119.099394, "gcj_lat": 39.52108, "geo_addr": "河北省秦皇岛市昌黎县双阳塔", "coord_src": "geocode", "gcj_note": "api_error:10021:CUQPS_HAS_EXCEEDED_THE_LIMIT"}}, {"type": "Feature", "geometry": {"type": "Point", "coordinates": [119.085564, 39.386953]}, "properties": {"name": "李大钊故居", "level": "国家级", "era": "近代以来", "lon": 119.083333, "lat": 39.433333, "elev": 7, "city": "唐山市", "img": "", "wgs_lon": 119.083333, "wgs_lat": 39.433333, "gcj_lon": 119.085564, "gcj_lat": 39.386953, "geo_addr": "河北省唐山市乐亭县李大钊故居", "coord_src": "geocode"}}, {"type": "Feature", "geometry": {"type": "Point", "coordinates": [119.775187, 39.978882]}, "properties": {"name": "万里长城--山海关", "level": "国家级", "era": "秦汉至隋唐", "lon": 119.24, "lat": 39.48, "elev": 6, "city": "秦皇岛市", "img": "", "wgs_lon": 119.24, "wgs_lat": 39.48, "gcj_lon": 119.775187, "gcj_lat": 39.978882, "geo_addr": "河北省秦皇岛市山海关区", "coord_src": "geocode", "gcj_note": "api_error:10021:CUQPS_HAS_EXCEEDED_THE_LIMIT"}}, {"type": "Feature", "geometry": {"type": "Point", "coordinates": [114.885895, 40.768931]}, "properties": {"name": "侯家窑遗址", "level": "省级", "era": "史前至先秦", "lon": 113.978322, "lat": 40.100518, "elev": 968, "city": "张家口市", "img": "", "wgs_lon": 113.978322, "wgs_lat": 40.100518, "gcj_lon": 114.885895, "gcj_lat": 40.768931, "geo_addr": "河北省张家口市", "coord_src": "geocode", "gcj_note": "api_error:30001:ENGINE_RESPONSE_DATA_ERROR"}}, {"type": "Feature", "geometry": {"type": "Point", "coordinates": [114.082352, 39.947645]}, "properties": {"name": "澍鹫寺塔", "level": "省级", "era": "宋元至明清", "lon": 114.075588, "lat": 39.946303, "elev": 1085, "city": "张家口市", "img": "", "wgs_lon": 114.666666, "wgs_lat": 39.933332, "gcj_lon": 114.082352, "gcj_lat": 39.947645, "geo_addr": "河北省张家口市阳原县澍鹫寺塔", "coord_src": "geocode", "gcj_note": "api_error:10021:CUQPS_HAS_EXCEEDED_THE_LIMIT"}}, {"type": "Feature", "geometry": {"type": "Point", "coordinates": [114.888447, 40.807162]}, "properties": {"name": "晋察冀军区司令部旧址", "level": "国家级", "era": "近代以来", "lon": 114.000009, "lat": 40.000007, "elev": 875, "city": "张家口市", "img": "", "wgs_lon": 114.88233, "wgs_lat": 40.805847, "gcj_lon": 114.888447, "gcj_lat": 40.807162, "geo_addr": "河北省张家口市桥东区晋察冀军区司令部旧址", "coord_src": "geocode", "gcj_note": "api_error:10021:CUQPS_HAS_EXCEEDED_THE_LIMIT"}}, {"type": "Feature", "geometry": {"type": "Point", "coordinates": [114.885895, 40.768931]}, "properties": {"name": "泥河湾遗址群", "level": "国家级", "era": "史前至先秦", "lon": 114.006953, "lat": 40.001396, "elev": 874, "city": "张家口市", "img": "", "wgs_lon": 114.006953, "wgs_lat": 40.001396, "gcj_lon": 114.885895, "gcj_lat": 40.768931, "geo_addr": "河北省张家口市", "coord_src": "geocode", "gcj_note": "api_error:10021:CUQPS_HAS_EXCEEDED_THE_LIMIT"}}, {"type": "Feature", "geometry": {"type": "Point", "coordinates": [114.623286, 40.019793]}, "properties": {"name": "赵家窑墓群", "level": "省级", "era": "秦汉至隋唐", "lon": 114.617273, "lat": 40.018787, "elev": 1054, "city": "张家口市", "img": "", "wgs_lon": 114.617273, "wgs_lat": 40.018787, "gcj_lon": 114.623286, "gcj_lat": 40.019793, "geo_addr": "河北省张家口市蔚县赵家窑", "coord_src": "geocode"}}, {"type": "Feature", "geometry": {"type": "Point", "coordinates": [114.885895, 40.768931]}, "properties": {"name": "南安寺塔", "level": "省级", "era": "宋元至明清", "lon": 114.564155, "lat": 39.837158, "elev": 912, "city": "张家口市", "img": "", "wgs_lon": 114.564139, "wgs_lat": 39.837139, "gcj_lon": 114.885895, "gcj_lat": 40.768931, "geo_addr": "河北省张家口市", "coord_src": "geocode", "gcj_note": "api_error:30001:ENGINE_RESPONSE_DATA_ERROR"}}, {"type": "Feature", "geometry": {"type": "Point", "coordinates": [114.574651, 39.842655]}, "properties": {"name": "澧水石桥碑", "level": "省级", "era": "秦汉至隋唐", "lon": 114.568635, "lat": 39.841647, "elev": 909, "city": "张家口市", "img": "", "wgs_lon": 114.568635, "wgs_lat": 39.841647, "gcj_lon": 114.574651, "gcj_lat": 39.842655, "geo_addr": "河北省张家口市蔚县石桥", "coord_src": "geocode"}}, {"type": "Feature", "geometry": {"type": "Point", "coordinates": [114.570735, 39.83434]}, "properties": {"name": "蔚州释迦寺", "level": "省级", "era": "宋元至明清", "lon": 114.564034, "lat": 39.834055, "elev": 913, "city": "张家口市", "img": "", "wgs_lon": 114.564034, "wgs_lat": 39.834055, "gcj_lon": 114.570735, "gcj_lat": 39.83434, "geo_addr": "河北省张家口市蔚县蔚州镇释迦寺(南门)", "coord_src": "geocode"}}, {"type": "Feature", "geometry": {"type": "Point", "coordinates": [114.567437, 39.845809]}, "properties": {"name": "蔚州真武庙", "level": "省级", "era": "宋元至明清", "lon": 114.561347, "lat": 39.845187, "elev": 912, "city": "张家口市", "img": "", "wgs_lon": 114.561347, "wgs_lat": 39.845187, "gcj_lon": 114.567437, "gcj_lat": 39.845809, "geo_addr": "河北省张家口市蔚县蔚州镇真武庙(南门)", "coord_src": "geocode", "gcj_note": "api_error:10021:CUQPS_HAS_EXCEEDED_THE_LIMIT"}}, {"type": "Feature", "geometry": {"type": "Point", "coordinates": [114.438705, 39.803119]}, "properties": {"name": "暖泉华严寺", "level": "省级", "era": "宋元至明清", "lon": 114.432218, "lat": 39.801786, "elev": 944, "city": "张家口市", "img": "", "wgs_lon": 114.432668, "wgs_lat": 39.801945, "gcj_lon": 114.438705, "gcj_lat": 39.803119, "geo_addr": "河北省张家口市蔚县暖泉华严寺(装修中)", "coord_src": "geocode"}}, {"type": "Feature", "geometry": {"type": "Point", "coordinates": [114.878691, 40.820062]}, "properties": {"name": "蔚州关帝庙", "level": "省级", "era": "宋元至明清", "lon": 114.577688, "lat": 39.842746, "elev": 909, "city": "张家口市", "img": "", "wgs_lon": 114.577688, "wgs_lat": 39.842746, "gcj_lon": 114.878691, "gcj_lat": 40.820062, "geo_addr": "河北省张家口市桥西区关帝庙", "coord_src": "geocode", "gcj_note": "api_error:10021:CUQPS_HAS_EXCEEDED_THE_LIMIT"}}, {"type": "Feature", "geometry": {"type": "Point", "coordinates": [114.583689, 39.843745]}, "properties": {"name": "蔚州常平仓", "level": "省级", "era": "宋元至明清", "lon": 114.564588, "lat": 39.843606, "elev": 907, "city": "张家口市", "img": "", "wgs_lon": 114.564588, "wgs_lat": 39.843606, "gcj_lon": 114.583689, "gcj_lat": 39.843745, "geo_addr": "河北省张家口市蔚县蔚州镇", "coord_src": "geocode"}}, {"type": "Feature", "geometry": {"type": "Point", "coordinates": [114.583689, 39.843745]}, "properties": {"name": "蔚州灵严寺", "level": "省级", "era": "宋元至明清", "lon": 114.577688, "lat": 39.842746, "elev": 909, "city": "张家口市", "img": "", "wgs_lon": 114.577688, "wgs_lat": 39.842746, "gcj_lon": 114.583689, "gcj_lat": 39.843745, "geo_addr": "河北省张家口市蔚县蔚州镇", "coord_src": "geocode", "gcj_note": "api_error:10021:CUQPS_HAS_EXCEEDED_THE_LIMIT"}}, {"type": "Feature", "geometry": {"type": "Point", "coordinates": [114.488323, 39.924359]}, "properties": {"name": "重泰寺", "level": "省级", "era": "宋元至明清", "lon": 114.481985, "lat": 39.923129, "elev": 1112, "city": "张家口市", "img": "", "wgs_lon": 114.481985, "wgs_lat": 39.923129, "gcj_lon": 114.488323, "gcj_lat": 39.924359, "geo_addr": "河北省张家口市蔚县重泰寺", "coord_src": "geocode"}}, {"type": "Feature", "geometry": {"type": "Point", "coordinates": [114.43362, 39.80091]}, "properties": {"name": "西古堡", "level": "省级", "era": "宋元至明清", "lon": 114.427123, "lat": 39.799571, "elev": 946, "city": "张家口市", "img": "", "wgs_lon": 114.435751, "wgs_lat": 39.805668, "gcj_lon": 114.43362, "gcj_lat": 39.80091, "geo_addr": "河北省张家口市蔚县西古堡", "coord_src": "geocode"}}, {"type": "Feature", "geometry": {"type": "Point", "coordinates": [114.492169, 39.890035]}, "properties": {"name": "单侯村关帝庙石旗杆", "level": "省级", "era": "宋元至明清", "lon": 114.485852, "lat": 39.888818, "elev": 1031, "city": "张家口市", "img": "", "wgs_lon": 114.485852, "wgs_lat": 39.888818, "gcj_lon": 114.492169, "gcj_lat": 39.890035, "geo_addr": "河北省张家口市蔚县单侯村", "coord_src": "geocode"}}, {"type": "Feature", "geometry": {"type": "Point", "coordinates": [114.574651, 39.842655]}, "properties": {"name": "彩亭石桥", "level": "省级", "era": "宋元至明清", "lon": 114.568635, "lat": 39.841647, "elev": 909, "city": "张家口市", "img": "", "wgs_lon": 114.568635, "wgs_lat": 39.841647, "gcj_lon": 114.574651, "gcj_lat": 39.842655, "geo_addr": "河北省张家口市蔚县石桥", "coord_src": "geocode", "gcj_note": "api_error:10021:CUQPS_HAS_EXCEEDED_THE_LIMIT"}}, {"type": "Feature", "geometry": {"type": "Point", "coordinates": [114.583685, 39.846411]}, "properties": {"name": "天齐庙", "level": "省级", "era": "宋元至明清", "lon": 114.577684, "lat": 39.845412, "elev": 907, "city": "张家口市", "img": "", "wgs_lon": 114.579028, "wgs_lat": 39.843528, "gcj_lon": 114.583685, "gcj_lat": 39.846411, "geo_addr": "河北省张家口市蔚县天齐庙", "coord_src": "geocode"}}, {"type": "Feature", "geometry": {"type": "Point", "coordinates": [114.885895, 40.768931]}, "properties": {"name": "吉星楼", "level": "省级", "era": "宋元至明清", "lon": 114.565679, "lat": 39.843112, "elev": 913, "city": "张家口市", "img": "", "wgs_lon": 114.565679, "wgs_lat": 39.843112, "gcj_lon": 114.885895, "gcj_lat": 40.768931, "geo_addr": "河北省张家口市", "coord_src": "geocode", "gcj_note": "api_error:30001:ENGINE_RESPONSE_DATA_ERROR"}}, {"type": "Feature", "geometry": {"type": "Point", "coordinates": [114.329059, 40.080252]}, "properties": {"name": "开阳堡", "level": "省级", "era": "宋元至明清", "lon": 114.322581, "lat": 40.078989, "elev": 893, "city": "张家口市", "img": "", "wgs_lon": 114.322581, "wgs_lat": 40.078989, "gcj_lon": 114.329059, "gcj_lat": 40.080252, "geo_addr": "河北省张家口市阳原县开阳村", "coord_src": "geocode", "gcj_note": "api_error:10021:CUQPS_HAS_EXCEEDED_THE_LIMIT"}}, {"type": "Feature", "geometry": {"type": "Point", "coordinates": [114.885895, 40.768931]}, "properties": {"name": "峰山寺", "level": "省级", "era": "宋元至明清", "lon": 114.643178, "lat": 39.760245, "elev": 1021, "city": "张家口市", "img": "", "wgs_lon": 114.643178, "wgs_lat": 39.760245, "gcj_lon": 114.885895, "gcj_lat": 40.768931, "geo_addr": "河北省张家口市", "coord_src": "geocode", "gcj_note": "api_error:30001:ENGINE_RESPONSE_DATA_ERROR"}}, {"type": "Feature", "geometry": {"type": "Point", "coordinates": [114.452107, 39.862883]}, "properties": {"name": "南留庄泰山庙", "level": "省级", "era": "宋元至明清", "lon": 114.445646, "lat": 39.861568, "elev": 1020, "city": "张家口市", "img": "", "wgs_lon": 114.445646, "wgs_lat": 39.861568, "gcj_lon": 114.452107, "gcj_lat": 39.862883, "geo_addr": "河北省张家口市蔚县南留庄", "coord_src": "geocode", "gcj_note": "api_error:10021:CUQPS_HAS_EXCEEDED_THE_LIMIT"}}, {"type": "Feature", "geometry": {"type": "Point", "coordinates": [114.56875, 39.845954]}, "properties": {"name": "代王城三面戏楼及财神庙、龙王庙", "level": "省级", "era": "宋元至明清", "lon": 114.562721, "lat": 39.844937, "elev": 909, "city": "张家口市", "img": "", "wgs_lon": 114.562721, "wgs_lat": 39.844937, "gcj_lon": 114.56875, "gcj_lat": 39.845954, "geo_addr": "河北省张家口市蔚县代王城镇财神庙", "coord_src": "geocode"}}, {"type": "Feature", "geometry": {"type": "Point", "coordinates": [114.56875, 39.845954]}, "properties": {"name": "蔚县财神庙", "level": "省级", "era": "宋元至明清", "lon": 114.562721, "lat": 39.844937, "elev": 909, "city": "张家口市", "img": "", "wgs_lon": 114.562721, "wgs_lat": 39.844937, "gcj_lon": 114.56875, "gcj_lat": 39.845954, "geo_addr": "河北省张家口市蔚县财神庙", "coord_src": "geocode", "gcj_note": "api_error:10021:CUQPS_HAS_EXCEEDED_THE_LIMIT"}}, {"type": "Feature", "geometry": {"type": "Point", "coordinates": [114.567023, 39.839768]}, "properties": {"name": "蔚县城隍庙", "level": "省级", "era": "宋元至明清", "lon": 114.560991, "lat": 39.838749, "elev": 907, "city": "张家口市", "img": "", "wgs_lon": 114.560991, "wgs_lat": 39.838749, "gcj_lon": 114.567023, "gcj_lat": 39.839768, "geo_addr": "河北省张家口市蔚县城隍庙", "coord_src": "geocode"}}, {"type": "Feature", "geometry": {"type": "Point", "coordinates": [114.519877, 39.902401]}, "properties": {"name": "北方城真武庙", "level": "省级", "era": "宋元至明清", "lon": 114.561347, "lat": 39.845187, "elev": 912, "city": "张家口市", "img": "", "wgs_lon": 114.561347, "wgs_lat": 39.845187, "gcj_lon": 114.519877, "gcj_lat": 39.902401, "geo_addr": "河北省张家口市蔚县北方城村", "coord_src": "geocode", "gcj_note": "api_error:10021:CUQPS_HAS_EXCEEDED_THE_LIMIT"}}, {"type": "Feature", "geometry": {"type": "Point", "coordinates": [114.452107, 39.862883]}, "properties": {"name": "南留庄关帝庙", "level": "省级", "era": "宋元至明清", "lon": 114.445646, "lat": 39.861568, "elev": 1020, "city": "张家口市", "img": "", "wgs_lon": 114.445646, "wgs_lat": 39.861568, "gcj_lon": 114.452107, "gcj_lat": 39.862883, "geo_addr": "河北省张家口市蔚县南留庄", "coord_src": "geocode"}}, {"type": "Feature", "geometry": {"type": "Point", "coordinates": [114.434907, 39.807532]}, "properties": {"name": "沙子坡老君观", "level": "省级", "era": "宋元至明清", "lon": 114.428411, "lat": 39.806194, "elev": 956, "city": "张家口市", "img": "", "wgs_lon": 114.428334, "wgs_lat": 39.806418, "gcj_lon": 114.434907, "gcj_lat": 39.807532, "geo_addr": "河北省张家口市蔚县老君观", "coord_src": "geocode"}}, {"type": "Feature", "geometry": {"type": "Point", "coordinates": [114.436461, 39.78147]}, "properties": {"name": "苏官堡华严寺", "level": "省级", "era": "宋元至明清", "lon": 114.429972, "lat": 39.780136, "elev": 941, "city": "张家口市", "img": "", "wgs_lon": 114.429972, "wgs_lat": 39.780136, "gcj_lon": 114.436461, "gcj_lat": 39.78147, "geo_addr": "河北省张家口市蔚县苏官堡村", "coord_src": "geocode", "gcj_note": "api_error:10021:CUQPS_HAS_EXCEEDED_THE_LIMIT"}}, {"type": "Feature", "geometry": {"type": "Point", "coordinates": [114.531272, 40.021602]}, "properties": {"name": "北庄子遗址", "level": "省级", "era": "史前至先秦", "lon": 114.525102, "lat": 40.020495, "elev": 1291, "city": "张家口市", "img": "", "wgs_lon": 114.525102, "wgs_lat": 40.020495, "gcj_lon": 114.531272, "gcj_lat": 40.021602, "geo_addr": "河北省张家口市蔚县北庄子", "coord_src": "geocode"}}, {"type": "Feature", "geometry": {"type": "Point", "coordinates": [114.589136, 39.840154]}, "properties": {"name": "蔚县古堡建筑群", "level": "省级", "era": "宋元至明清", "lon": 114.583142, "lat": 39.83916, "elev": 911, "city": "张家口市", "img": "", "wgs_lon": 114.583142, "wgs_lat": 39.83916, "gcj_lon": 114.589136, "gcj_lat": 39.840154, "geo_addr": "河北省张家口市蔚县", "coord_src": "geocode", "gcj_note": "api_error:10021:CUQPS_HAS_EXCEEDED_THE_LIMIT"}}, {"type": "Feature", "geometry": {"type": "Point", "coordinates": [114.558086, 39.753576]}, "properties": {"name": "蔚县小探口堡门及戏楼", "level": "省级", "era": "宋元至明清", "lon": 114.552041, "lat": 39.752548, "elev": 1036, "city": "张家口市", "img": "", "wgs_lon": 114.552041, "wgs_lat": 39.752548, "gcj_lon": 114.558086, "gcj_lat": 39.753576, "geo_addr": "河北省张家口市蔚县小探口", "coord_src": "geocode"}}, {"type": "Feature", "geometry": {"type": "Point", "coordinates": [114.488323, 39.924359]}, "properties": {"name": "蔚县重泰寺", "level": "国家级", "era": "宋元至明清", "lon": 114.48239, "lat": 39.92214, "elev": 1109, "city": "张家口市", "img": "", "wgs_lon": 114.48239, "wgs_lat": 39.92214, "gcj_lon": 114.488323, "gcj_lat": 39.924359, "geo_addr": "河北省张家口市蔚县重泰寺", "coord_src": "geocode"}}, {"type": "Feature", "geometry": {"type": "Point", "coordinates": [114.434907, 39.807532]}, "properties": {"name": "沙子坡老君观", "level": "国家级", "era": "宋元至明清", "lon": 114.428334, "lat": 39.806418, "elev": 959, "city": "张家口市", "img": "", "wgs_lon": 114.428334, "wgs_lat": 39.806418, "gcj_lon": 114.434907, "gcj_lat": 39.807532, "geo_addr": "河北省张家口市蔚县老君观", "coord_src": "geocode"}}, {"type": "Feature", "geometry": {"type": "Point", "coordinates": [114.538685, 39.847129]}, "properties": {"name": "卜北堡玉泉寺", "level": "国家级", "era": "宋元至明清", "lon": 114.5325, "lat": 39.846, "elev": 912, "city": "张家口市", "img": "", "wgs_lon": 114.5325, "wgs_lat": 39.846, "gcj_lon": 114.538685, "gcj_lat": 39.847129, "geo_addr": "河北省张家口市蔚县卜北堡玉泉寺", "coord_src": "geocode", "gcj_note": "api_error:10021:CUQPS_HAS_EXCEEDED_THE_LIMIT"}}, {"type": "Feature", "geometry": {"type": "Point", "coordinates": [114.583689, 39.843745]}, "properties": {"name": "蔚州古城墙", "level": "国家级", "era": "宋元至明清", "lon": 114.563778, "lat": 39.84925, "elev": 905, "city": "张家口市", "img": "", "wgs_lon": 114.563778, "wgs_lat": 39.84925, "gcj_lon": 114.583689, "gcj_lat": 39.843745, "geo_addr": "河北省张家口市蔚县蔚州镇", "coord_src": "geocode"}}, {"type": "Feature", "geometry": {"type": "Point", "coordinates": [114.583685, 39.846411]}, "properties": {"name": "天齐庙", "level": "国家级", "era": "宋元至明清", "lon": 114.579028, "lat": 39.843528, "elev": 908, "city": "张家口市", "img": "", "wgs_lon": 114.579028, "wgs_lat": 39.843528, "gcj_lon": 114.583685, "gcj_lat": 39.846411, "geo_addr": "河北省张家口市蔚县天齐庙", "coord_src": "geocode"}}, {"type": "Feature", "geometry": {"type": "Point", "coordinates": [114.589136, 39.840154]}, "properties": {"name": "蔚县关帝庙", "level": "国家级", "era": "宋元至明清", "lon": 114.563333, "lat": 39.83375, "elev": 912, "city": "张家口市", "img": "", "wgs_lon": 114.563333, "wgs_lat": 39.83375, "gcj_lon": 114.589136, "gcj_lat": 39.840154, "geo_addr": "河北省张家口市蔚县", "coord_src": "geocode"}}, {"type": "Feature", "geometry": {"type": "Point", "coordinates": [114.502664, 39.766607]}, "properties": {"name": "筛子绫罗遗址", "level": "国家级", "era": "史前至先秦", "lon": 114.497778, "lat": 39.765417, "elev": 933, "city": "张家口市", "img": "", "wgs_lon": 114.497778, "wgs_lat": 39.765417, "gcj_lon": 114.502664, "gcj_lat": 39.766607, "geo_addr": "河北省张家口市蔚县筛子绫罗村", "coord_src": "geocode"}}, {"type": "Feature", "geometry": {"type": "Point", "coordinates": [114.568325, 39.84401]}, "properties": {"name": "蔚州灵岩寺", "level": "国家级", "era": "宋元至明清", "lon": 114.561667, "lat": 39.843528, "elev": 908, "city": "张家口市", "img": "", "wgs_lon": 114.561667, "wgs_lat": 39.843528, "gcj_lon": 114.568325, "gcj_lat": 39.84401, "geo_addr": "河北省张家口市蔚县蔚州镇灵岩寺(南门)", "coord_src": "geocode", "gcj_note": "api_error:10021:CUQPS_HAS_EXCEEDED_THE_LIMIT"}}, {"type": "Feature", "geometry": {"type": "Point", "coordinates": [114.885895, 40.768931]}, "properties": {"name": "常平仓", "level": "国家级", "era": "宋元至明清", "lon": 114.564278, "lat": 39.843444, "elev": 909, "city": "张家口市", "img": "", "wgs_lon": 114.564278, "wgs_lat": 39.843444, "gcj_lon": 114.885895, "gcj_lat": 40.768931, "geo_addr": "河北省张家口市", "coord_src": "geocode", "gcj_note": "api_error:30001:ENGINE_RESPONSE_DATA_ERROR"}}, {"type": "Feature", "geometry": {"type": "Point", "coordinates": [114.47102, 40.467196]}, "properties": {"name": "真武庙", "level": "国家级", "era": "宋元至明清", "lon": 114.5615, "lat": 39.845306, "elev": 912, "city": "张家口市", "img": "", "wgs_lon": 114.5615, "wgs_lat": 39.845306, "gcj_lon": 114.47102, "gcj_lat": 40.467196, "geo_addr": "河北省张家口市怀安县真武庙", "coord_src": "geocode", "gcj_note": "api_error:10021:CUQPS_HAS_EXCEEDED_THE_LIMIT"}}, {"type": "Feature", "geometry": {"type": "Point", "coordinates": [114.438705, 39.803119]}, "properties": {"name": "暖泉华严寺", "level": "国家级", "era": "宋元至明清", "lon": 114.432668, "lat": 39.801945, "elev": 943, "city": "张家口市", "img": "", "wgs_lon": 114.432668, "wgs_lat": 39.801945, "gcj_lon": 114.438705, "gcj_lat": 39.803119, "geo_addr": "河北省张家口市蔚县暖泉华严寺(装修中)", "coord_src": "geocode"}}, {"type": "Feature", "geometry": {"type": "Point", "coordinates": [114.43362, 39.80091]}, "properties": {"name": "西古堡", "level": "国家级", "era": "宋元至明清", "lon": 114.435751, "lat": 39.805668, "elev": 933, "city": "张家口市", "img": "", "wgs_lon": 114.435751, "wgs_lat": 39.805668, "gcj_lon": 114.43362, "gcj_lat": 39.80091, "geo_addr": "河北省张家口市蔚县西古堡", "coord_src": "geocode"}}, {"type": "Feature", "geometry": {"type": "Point", "coordinates": [114.570735, 39.83434]}, "properties": {"name": "释迦寺", "level": "国家级", "era": "宋元至明清", "lon": 114.564194, "lat": 39.83375, "elev": 913, "city": "张家口市", "img": "", "wgs_lon": 114.564194, "wgs_lat": 39.83375, "gcj_lon": 114.570735, "gcj_lat": 39.83434, "geo_addr": "河北省张家口市蔚县释迦寺(南门)", "coord_src": "geocode"}}, {"type": "Feature", "geometry": {"type": "Point", "coordinates": [114.885895, 40.768931]}, "properties": {"name": "南安寺塔", "level": "国家级", "era": "宋元至明清", "lon": 114.564139, "lat": 39.837139, "elev": 912, "city": "张家口市", "img": "", "wgs_lon": 114.564139, "wgs_lat": 39.837139, "gcj_lon": 114.885895, "gcj_lat": 40.768931, "geo_addr": "河北省张家口市", "coord_src": "geocode", "gcj_note": "api_error:30001:ENGINE_RESPONSE_DATA_ERROR"}}, {"type": "Feature", "geometry": {"type": "Point", "coordinates": [114.570718, 39.848629]}, "properties": {"name": "蔚州玉皇阁", "level": "国家级", "era": "宋元至明清", "lon": 114.564056, "lat": 39.8485, "elev": 907, "city": "张家口市", "img": "", "wgs_lon": 114.564056, "wgs_lat": 39.8485, "gcj_lon": 114.570718, "gcj_lat": 39.848629, "geo_addr": "河北省张家口市蔚县蔚州镇玉皇阁", "coord_src": "geocode"}}, {"type": "Feature", "geometry": {"type": "Point", "coordinates": [114.885895, 40.768931]}, "properties": {"name": "代王城址", "level": "省级", "era": "秦汉至隋唐", "lon": 114.668567, "lat": 39.876683, "elev": 914, "city": "张家口市", "img": "", "wgs_lon": 114.668567, "wgs_lat": 39.876683, "gcj_lon": 114.885895, "gcj_lat": 40.768931, "geo_addr": "河北省张家口市", "coord_src": "geocode", "gcj_note": "api_error:30001:ENGINE_RESPONSE_DATA_ERROR"}}, {"type": "Feature", "geometry": {"type": "Point", "coordinates": [114.682349, 39.885783]}, "properties": {"name": "代王城墓群", "level": "省级", "era": "秦汉至隋唐", "lon": 114.676241, "lat": 39.88469, "elev": 914, "city": "张家口市", "img": "", "wgs_lon": 114.676241, "wgs_lat": 39.88469, "gcj_lon": 114.682349, "gcj_lat": 39.885783, "geo_addr": "河北省张家口市蔚县代王城镇", "coord_src": "geocode"}}, {"type": "Feature", "geometry": {"type": "Point", "coordinates": [114.885895, 40.768931]}, "properties": {"name": "杨赟碑", "level": "省级", "era": "宋元至明清", "lon": 114.753537, "lat": 39.88613, "elev": 994, "city": "张家口市", "img": "", "wgs_lon": 114.753537, "wgs_lat": 39.88613, "gcj_lon": 114.885895, "gcj_lat": 40.768931, "geo_addr": "河北省张家口市", "coord_src": "geocode", "gcj_note": "api_error:30001:ENGINE_RESPONSE_DATA_ERROR"}}, {"type": "Feature", "geometry": {"type": "Point", "coordinates": [114.885895, 40.768931]}, "properties": {"name": "东谷坨遗址", "level": "省级", "era": "史前至先秦", "lon": 115.025281, "lat": 40.072083, "elev": 1061, "city": "张家口市", "img": "", "wgs_lon": 115.025281, "wgs_lat": 40.072083, "gcj_lon": 114.885895, "gcj_lat": 40.768931, "geo_addr": "河北省张家口市", "coord_src": "geocode", "gcj_note": "api_error:10021:CUQPS_HAS_EXCEEDED_THE_LIMIT"}}, {"type": "Feature", "geometry": {"type": "Point", "coordinates": [115.026105, 40.067904]}, "properties": {"name": "下沙河遗址", "level": "省级", "era": "史前至先秦", "lon": 115.019746, "lat": 40.066651, "elev": 1053, "city": "张家口市", "img": "", "wgs_lon": 115.019746, "wgs_lat": 40.066651, "gcj_lon": 115.026105, "gcj_lat": 40.067904, "geo_addr": "河北省张家口市涿鹿县下沙河村", "coord_src": "geocode"}}, {"type": "Feature", "geometry": {"type": "Point", "coordinates": [114.665891, 39.818406]}, "properties": {"name": "故城寺", "level": "省级", "era": "宋元至明清", "lon": 114.65983, "lat": 39.817348, "elev": 944, "city": "张家口市", "img": "", "wgs_lon": 114.659526, "wgs_lat": 39.817082, "gcj_lon": 114.665891, "gcj_lat": 39.818406, "geo_addr": "河北省张家口市蔚县故城寺", "coord_src": "geocode", "gcj_note": "api_error:10021:CUQPS_HAS_EXCEEDED_THE_LIMIT"}}, {"type": "Feature", "geometry": {"type": "Point", "coordinates": [115.294369, 39.898302]}, "properties": {"name": "西高庄玉皇庙", "level": "省级", "era": "宋元至明清", "lon": 114.685396, "lat": 39.904181, "elev": 916, "city": "张家口市", "img": "", "wgs_lon": 114.685396, "wgs_lat": 39.904181, "gcj_lon": 115.294369, "gcj_lat": 39.898302, "geo_addr": "河北省张家口市涿鹿县玉皇庙", "coord_src": "geocode"}}, {"type": "Feature", "geometry": {"type": "Point", "coordinates": [114.718439, 39.896642]}, "properties": {"name": "西北江泰山庙", "level": "省级", "era": "宋元至明清", "lon": 114.712253, "lat": 39.895488, "elev": 936, "city": "张家口市", "img": "", "wgs_lon": 114.712253, "wgs_lat": 39.895488, "gcj_lon": 114.718439, "gcj_lat": 39.896642, "geo_addr": "河北省张家口市蔚县西北江村", "coord_src": "geocode", "gcj_note": "api_error:10021:CUQPS_HAS_EXCEEDED_THE_LIMIT"}}, {"type": "Feature", "geometry": {"type": "Point", "coordinates": [114.856219, 40.052247]}, "properties": {"name": "蔚县大蔡庄李家祠堂", "level": "省级", "era": "宋元至明清", "lon": 114.850146, "lat": 40.051192, "elev": 971, "city": "张家口市", "img": "", "wgs_lon": 114.850146, "wgs_lat": 40.051192, "gcj_lon": 114.856219, "gcj_lat": 40.052247, "geo_addr": "河北省张家口市蔚县大蔡庄村", "coord_src": "geocode"}}, {"type": "Feature", "geometry": {"type": "Point", "coordinates": [114.736043, 40.121611]}, "properties": {"name": "蔚县杨庄极乐寺", "level": "省级", "era": "宋元至明清", "lon": 114.729805, "lat": 40.120427, "elev": 1019, "city": "张家口市", "img": "", "wgs_lon": 114.729805, "wgs_lat": 40.120427, "gcj_lon": 114.736043, "gcj_lat": 40.121611, "geo_addr": "河北省张家口市蔚县杨庄村极乐寺", "coord_src": "geocode", "gcj_note": "api_error:10021:CUQPS_HAS_EXCEEDED_THE_LIMIT"}}, {"type": "Feature", "geometry": {"type": "Point", "coordinates": [114.762086, 39.955551]}, "properties": {"name": "蔚县西合营师范旧址", "level": "省级", "era": "近代以来", "lon": 114.75586, "lat": 39.954368, "elev": 907, "city": "张家口市", "img": "", "wgs_lon": 114.75586, "wgs_lat": 39.954368, "gcj_lon": 114.762086, "gcj_lat": 39.955551, "geo_addr": "河北省张家口市蔚县西合营师范旧址(暂停开放)", "coord_src": "geocode"}}, {"type": "Feature", "geometry": {"type": "Point", "coordinates": [114.665891, 39.818406]}, "properties": {"name": "故城寺", "level": "国家级", "era": "宋元至明清", "lon": 114.659526, "lat": 39.817082, "elev": 943, "city": "张家口市", "img": "", "wgs_lon": 114.659526, "wgs_lat": 39.817082, "gcj_lon": 114.665891, "gcj_lat": 39.818406, "geo_addr": "河北省张家口市蔚县故城寺", "coord_src": "geocode", "gcj_note": "api_error:10021:CUQPS_HAS_EXCEEDED_THE_LIMIT"}}, {"type": "Feature", "geometry": {"type": "Point", "coordinates": [114.96950876613055, 39.94341702011201]}, "properties": {"name": "金河寺悬空庵塔群", "level": "国家级", "era": "宋元至明清", "lon": 114.963389, "lat": 39.942333, "elev": 1390, "city": "张家口市", "img": "", "wgs_lon": 114.963389, "wgs_lat": 39.942333, "gcj_lon": 114.96950876613055, "gcj_lat": 39.94341702011201, "geo_addr": "", "coord_src": "fallback_local", "gcj_note": "tries_exhausted"}}, {"type": "Feature", "geometry": {"type": "Point", "coordinates": [114.082352, 39.947645]}, "properties": {"name": "澍鹫寺塔", "level": "国家级", "era": "宋元至明清", "lon": 114.666666, "lat": 39.933332, "elev": 882, "city": "张家口市", "img": "", "wgs_lon": 114.666666, "wgs_lat": 39.933332, "gcj_lon": 114.082352, "gcj_lat": 39.947645, "geo_addr": "河北省张家口市阳原县澍鹫寺塔", "coord_src": "geocode", "gcj_note": "api_error:10021:CUQPS_HAS_EXCEEDED_THE_LIMIT"}}, {"type": "Feature", "geometry": {"type": "Point", "coordinates": [114.74879, 39.891596]}, "properties": {"name": "杨赟家族墓地", "level": "国家级", "era": "史前至先秦", "lon": 114.741248, "lat": 39.891804, "elev": 973, "city": "张家口市", "img": "", "wgs_lon": 114.741248, "wgs_lat": 39.891804, "gcj_lon": 114.74879, "gcj_lat": 39.891596, "geo_addr": "河北省张家口市蔚县杨赟家族墓地", "coord_src": "geocode", "gcj_note": "api_error:10021:CUQPS_HAS_EXCEEDED_THE_LIMIT"}}, {"type": "Feature", "geometry": {"type": "Point", "coordinates": [114.784508, 39.924088]}, "properties": {"name": "三关遗址", "level": "国家级", "era": "史前至先秦", "lon": 114.78722, "lat": 39.919415, "elev": 922, "city": "张家口市", "img": "", "wgs_lon": 114.78722, "wgs_lat": 39.919415, "gcj_lon": 114.784508, "gcj_lat": 39.924088, "geo_addr": "河北省张家口市蔚县三关村", "coord_src": "geocode"}}, {"type": "Feature", "geometry": {"type": "Point", "coordinates": [114.822484, 39.886904]}, "properties": {"name": "庄窠遗址", "level": "国家级", "era": "史前至先秦", "lon": 114.932223, "lat": 40.02839, "elev": 922, "city": "张家口市", "img": "", "wgs_lon": 114.932223, "wgs_lat": 40.02839, "gcj_lon": 114.822484, "gcj_lat": 39.886904, "geo_addr": "河北省张家口市蔚县庄窠村", "coord_src": "geocode", "gcj_note": "api_error:10021:CUQPS_HAS_EXCEEDED_THE_LIMIT"}}, {"type": "Feature", "geometry": {"type": "Point", "coordinates": [114.674656, 39.877761]}, "properties": {"name": "代王城遗址", "level": "国家级", "era": "史前至先秦", "lon": 114.67636, "lat": 39.883221, "elev": 914, "city": "张家口市", "img": "", "wgs_lon": 114.67636, "wgs_lat": 39.883221, "gcj_lon": 114.674656, "gcj_lat": 39.877761, "geo_addr": "河北省张家口市蔚县代王城遗址", "coord_src": "geocode"}}, {"type": "Feature", "geometry": {"type": "Point", "coordinates": [115.368763, 39.841381]}, "properties": {"name": "大龙门摩崖石刻", "level": "省级", "era": "宋元至明清", "lon": 115.362252, "lat": 39.840035, "elev": 444, "city": "保定市", "img": "", "wgs_lon": 115.362252, "wgs_lat": 39.840035, "gcj_lon": 115.368763, "gcj_lat": 39.841381, "geo_addr": "河北省保定市涞水县大龙门村摩崖石刻(建设中)", "coord_src": "geocode", "gcj_note": "api_error:10021:CUQPS_HAS_EXCEEDED_THE_LIMIT"}}, {"type": "Feature", "geometry": {"type": "Point", "coordinates": [115.53761, 39.81322]}, "properties": {"name": "北边桥遗址", "level": "省级", "era": "史前至先秦", "lon": 115.53143, "lat": 39.812117, "elev": 1000, "city": "保定市", "img": "", "wgs_lon": 115.53143, "wgs_lat": 39.812117, "gcj_lon": 115.53761, "gcj_lat": 39.81322, "geo_addr": "河北省保定市涞水县北边桥村", "coord_src": "geocode"}}, {"type": "Feature", "geometry": {"type": "Point", "coordinates": [115.36009, 39.708917]}, "properties": {"name": "房子城遗址", "level": "省级", "era": "史前至先秦", "lon": 115.353613, "lat": 39.707598, "elev": 333, "city": "保定市", "img": "", "wgs_lon": 115.353613, "wgs_lat": 39.707598, "gcj_lon": 115.36009, "gcj_lat": 39.708917, "geo_addr": "河北省保定市涞水县房子", "coord_src": "geocode", "gcj_note": "api_error:10021:CUQPS_HAS_EXCEEDED_THE_LIMIT"}}, {"type": "Feature", "geometry": {"type": "Point", "coordinates": [115.313701, 39.589221]}, "properties": {"name": "光园", "level": "省级", "era": "近代以来", "lon": 115.307352, "lat": 39.58801, "elev": 483, "city": "保定市", "img": "", "wgs_lon": 115.307352, "wgs_lat": 39.58801, "gcj_lon": 115.313701, "gcj_lat": 39.589221, "geo_addr": "河北省保定市涞水县光园", "coord_src": "geocode"}}, {"type": "Feature", "geometry": {"type": "Point", "coordinates": [115.49881995379876, 40.08810652142364]}, "properties": {"name": "燕峰山炬禅师灵塔", "level": "省级", "era": "宋元至明清", "lon": 115.492452, "lat": 40.086877, "elev": 1338, "city": "张家口市", "img": "", "wgs_lon": 115.492452, "wgs_lat": 40.086877, "gcj_lon": 115.49881995379876, "gcj_lat": 40.08810652142364, "geo_addr": "", "coord_src": "fallback_local", "gcj_note": "tries_exhausted"}}, {"type": "Feature", "geometry": {"type": "Point", "coordinates": [115.69475835179617, 39.937152020770476]}, "properties": {"name": "八路军冀热察挺进军司令部旧址", "level": "省级", "era": "近代以来", "lon": 115.688568, "lat": 39.936011, "elev": 600, "city": "北京城区", "img": "", "wgs_lon": 115.688568, "wgs_lat": 39.936011, "gcj_lon": 115.69475835179617, "gcj_lat": 39.937152020770476, "geo_addr": "", "coord_src": "fallback_local", "gcj_note": "tries_exhausted"}}, {"type": "Feature", "geometry": {"type": "Point", "coordinates": [115.612357, 39.951488]}, "properties": {"name": "双林寺", "level": "省级", "era": "宋元至明清", "lon": 115.606296, "lat": 39.950469, "elev": 555, "city": "北京城区", "img": "", "wgs_lon": 115.606296, "wgs_lat": 39.950469, "gcj_lon": 115.612357, "gcj_lat": 39.951488, "geo_addr": "北京市门头沟区双林寺", "coord_src": "geocode"}}, {"type": "Feature", "geometry": {"type": "Point", "coordinates": [115.614689, 39.705123]}, "properties": {"name": "北关龙王庙", "level": "省级", "era": "宋元至明清", "lon": 115.608658, "lat": 39.704121, "elev": 405, "city": "北京城区", "img": "", "wgs_lon": 115.608658, "wgs_lat": 39.704121, "gcj_lon": 115.614689, "gcj_lat": 39.705123, "geo_addr": "北京市房山区龙王庙", "coord_src": "geocode", "gcj_note": "api_error:10021:CUQPS_HAS_EXCEEDED_THE_LIMIT"}}, {"type": "Feature", "geometry": {"type": "Point", "coordinates": [115.745732, 39.990508]}, "properties": {"name": "东胡林人遗址", "level": "省级", "era": "史前至先秦", "lon": 115.739475, "lat": 39.989303, "elev": 427, "city": "北京城区", "img": "", "wgs_lon": 115.739475, "wgs_lat": 39.989303, "gcj_lon": 115.745732, "gcj_lat": 39.990508, "geo_addr": "北京市门头沟区东胡林人遗址", "coord_src": "geocode"}}, {"type": "Feature", "geometry": {"type": "Point", "coordinates": [115.703158, 40.130425]}, "properties": {"name": "唐幽州卢龙节度使刘济墓", "level": "省级", "era": "秦汉至隋唐", "lon": 115.710044, "lat": 40.073045, "elev": 460, "city": "北京城区", "img": "", "wgs_lon": 115.710044, "wgs_lat": 40.073045, "gcj_lon": 115.703158, "gcj_lat": 40.130425, "geo_addr": "北京市门头沟区幽州村", "coord_src": "geocode", "gcj_note": "api_error:30001:ENGINE_RESPONSE_DATA_ERROR"}}, {"type": "Feature", "geometry": {"type": "Point", "coordinates": [115.544047, 39.884489]}, "properties": {"name": "龙王观音禅林大殿", "level": "省级", "era": "宋元至明清", "lon": 115.53788, "lat": 39.883398, "elev": 744, "city": "北京城区", "img": "", "wgs_lon": 115.53788, "wgs_lat": 39.883398, "gcj_lon": 115.544047, "gcj_lat": 39.884489, "geo_addr": "北京市门头沟区龙王村", "coord_src": "geocode"}}, {"type": "Feature", "geometry": {"type": "Point", "coordinates": [115.58466246877225, 39.78102889905414]}, "properties": {"name": "没有共产党就没有新中国词曲创作地旧址", "level": "省级", "era": "近代以来", "lon": 115.578607, "lat": 39.780013, "elev": 876, "city": "北京城区", "img": "", "wgs_lon": 115.578607, "wgs_lat": 39.780013, "gcj_lon": 115.58466246877225, "gcj_lat": 39.78102889905414, "geo_addr": "", "coord_src": "fallback_local", "gcj_note": "tries_exhausted"}}, {"type": "Feature", "geometry": {"type": "Point", "coordinates": [115.678993, 39.996791]}, "properties": {"name": "平津战役指挥部宋庄旧址", "level": "省级", "era": "近代以来", "lon": 115.672828, "lat": 39.995677, "elev": 773, "city": "北京城区", "img": "", "wgs_lon": 115.672828, "wgs_lat": 39.995677, "gcj_lon": 115.678993, "gcj_lat": 39.996791, "geo_addr": "北京市门头沟区宋庄", "coord_src": "geocode"}}, {"type": "Feature", "geometry": {"type": "Point", "coordinates": [115.32919229919887, 39.81399434618422]}, "properties": {"name": "长城马水口段、样边段、板场峪段", "level": "国家级", "era": "秦汉至隋唐", "lon": 115.322777, "lat": 39.812721, "elev": 1209, "city": "张家口市", "img": "", "wgs_lon": 115.322777, "wgs_lat": 39.812721, "gcj_lon": 115.32919229919887, "gcj_lat": 39.81399434618422, "geo_addr": "", "coord_src": "fallback_local", "gcj_note": "tries_exhausted"}}, {"type": "Feature", "geometry": {"type": "Point", "coordinates": [115.676675, 39.999564]}, "properties": {"name": "灵岳寺", "level": "国家级", "era": "宋元至明清", "lon": 115.671749, "lat": 39.998443, "elev": 841, "city": "北京城区", "img": "", "wgs_lon": 115.671749, "wgs_lat": 39.998443, "gcj_lon": 115.676675, "gcj_lat": 39.999564, "geo_addr": "北京市门头沟区灵岳寺", "coord_src": "geocode"}}, {"type": "Feature", "geometry": {"type": "Point", "coordinates": [115.644407, 39.997848]}, "properties": {"name": "爨底下村古建筑群", "level": "国家级", "era": "宋元至明清", "lon": 115.638388, "lat": 39.997028, "elev": 635, "city": "北京城区", "img": "", "wgs_lon": 115.638388, "wgs_lat": 39.997028, "gcj_lon": 115.644407, "gcj_lat": 39.997848, "geo_addr": "北京市门头沟区爨底下村", "coord_src": "geocode"}}, {"type": "Feature", "geometry": {"type": "Point", "coordinates": [115.773394, 39.610081]}, "properties": {"name": "房山云居寺塔及石经", "level": "国家级", "era": "宋元至明清", "lon": 115.768886, "lat": 39.608276, "elev": 123, "city": "北京城区", "img": "", "wgs_lon": 115.768886, "wgs_lat": 39.608276, "gcj_lon": 115.773394, "gcj_lat": 39.610081, "geo_addr": "北京市房山区云居寺塔及石经", "coord_src": "geocode", "gcj_note": "api_error:10021:CUQPS_HAS_EXCEEDED_THE_LIMIT"}}, {"type": "Feature", "geometry": {"type": "Point", "coordinates": [116.407387, 39.904179]}, "properties": {"name": "半壁店墓群", "level": "省级", "era": "秦汉至隋唐", "lon": 116.303012, "lat": 40.083924, "elev": 42, "city": "北京城区", "img": "", "wgs_lon": 116.303012, "wgs_lat": 40.083924, "gcj_lon": 116.407387, "gcj_lat": 39.904179, "geo_addr": "北京市", "coord_src": "geocode", "gcj_note": "api_error:30001:ENGINE_RESPONSE_DATA_ERROR"}}, {"type": "Feature", "geometry": {"type": "Point", "coordinates": [116.407387, 39.904179]}, "properties": {"name": "老农湾墓群", "level": "省级", "era": "秦汉至隋唐", "lon": 116.357294, "lat": 39.795351, "elev": 44, "city": "北京城区", "img": "", "wgs_lon": 116.357294, "wgs_lat": 39.795351, "gcj_lon": 116.407387, "gcj_lat": 39.904179, "geo_addr": "北京市", "coord_src": "geocode", "gcj_note": "api_error:10021:CUQPS_HAS_EXCEEDED_THE_LIMIT"}}, {"type": "Feature", "geometry": {"type": "Point", "coordinates": [116.407387, 39.904179]}, "properties": {"name": "窦氏青山（墓）", "level": "省级", "era": "史前至先秦", "lon": 116.209594, "lat": 40.021814, "elev": 81, "city": "北京城区", "img": "", "wgs_lon": 116.209594, "wgs_lat": 40.021814, "gcj_lon": 116.407387, "gcj_lat": 39.904179, "geo_addr": "北京市", "coord_src": "geocode", "gcj_note": "api_error:30001:ENGINE_RESPONSE_DATA_ERROR"}}, {"type": "Feature", "geometry": {"type": "Point", "coordinates": [116.407387, 39.904179]}, "properties": {"name": "金门闸", "level": "省级", "era": "宋元至明清", "lon": 116.213341, "lat": 39.599689, "elev": 44, "city": "北京城区", "img": "", "wgs_lon": 116.213341, "wgs_lat": 39.599689, "gcj_lon": 116.407387, "gcj_lat": 39.904179, "geo_addr": "北京市", "coord_src": "geocode", "gcj_note": "api_error:30001:ENGINE_RESPONSE_DATA_ERROR"}}, {"type": "Feature", "geometry": {"type": "Point", "coordinates": [115.924043, 39.567811]}, "properties": {"name": "东仙坡杜村遗址", "level": "省级", "era": "史前至先秦", "lon": 115.918148, "lat": 39.566826, "elev": 37, "city": "保定市", "img": "", "wgs_lon": 115.918148, "wgs_lat": 39.566826, "gcj_lon": 115.924043, "gcj_lat": 39.567811, "geo_addr": "河北省保定市涿州市东仙坡杜村遗址", "coord_src": "geocode"}}, {"type": "Feature", "geometry": {"type": "Point", "coordinates": [116.188069, 39.952428]}, "properties": {"name": "西山八大处", "level": "省级", "era": "宋元至明清", "lon": 116.181915, "lat": 39.951137, "elev": 88, "city": "北京城区", "img": "", "wgs_lon": 116.181915, "wgs_lat": 39.951137, "gcj_lon": 116.188069, "gcj_lat": 39.952428, "geo_addr": "北京市石景山区西山八大处(公交站)", "coord_src": "geocode"}}, {"type": "Feature", "geometry": {"type": "Point", "coordinates": [116.407387, 39.904179]}, "properties": {"name": "窦店土城", "level": "省级", "era": "秦汉至隋唐", "lon": 116.075264, "lat": 39.651873, "elev": 38, "city": "北京城区", "img": "", "wgs_lon": 116.075264, "wgs_lat": 39.651873, "gcj_lon": 116.407387, "gcj_lat": 39.904179, "geo_addr": "北京市", "coord_src": "geocode", "gcj_note": "api_error:30001:ENGINE_RESPONSE_DATA_ERROR"}}, {"type": "Feature", "geometry": {"type": "Point", "coordinates": [116.345774, 39.878627]}, "properties": {"name": "金中都太液池遗址", "level": "省级", "era": "宋元至明清", "lon": 116.339618, "lat": 39.877295, "elev": 50, "city": "北京城区", "img": "", "wgs_lon": 116.339618, "wgs_lat": 39.877295, "gcj_lon": 116.345774, "gcj_lat": 39.878627, "geo_addr": "北京市西城区鱼藻池遗址", "coord_src": "geocode"}}, {"type": "Feature", "geometry": {"type": "Point", "coordinates": [116.407387, 39.904179]}, "properties": {"name": "金中都城遗迹", "level": "省级", "era": "宋元至明清", "lon": 116.343583, "lat": 39.87009, "elev": 48, "city": "北京城区", "img": "", "wgs_lon": 116.343583, "wgs_lat": 39.87009, "gcj_lon": 116.407387, "gcj_lat": 39.904179, "geo_addr": "北京市", "coord_src": "geocode", "gcj_note": "api_error:30001:ENGINE_RESPONSE_DATA_ERROR"}}, {"type": "Feature", "geometry": {"type": "Point", "coordinates": [116.114699, 40.075294]}, "properties": {"name": "孚郡王墓", "level": "省级", "era": "宋元至明清", "lon": 116.10836, "lat": 40.073891, "elev": 75, "city": "北京城区", "img": "", "wgs_lon": 116.10836, "wgs_lat": 40.073891, "gcj_lon": 116.114699, "gcj_lat": 40.075294, "geo_addr": "北京市海淀区孚郡王墓", "coord_src": "geocode"}}, {"type": "Feature", "geometry": {"type": "Point", "coordinates": [116.100571, 40.082979]}, "properties": {"name": "金台书院", "level": "省级", "era": "宋元至明清", "lon": 116.094223, "lat": 40.081574, "elev": 134, "city": "北京城区", "img": "", "wgs_lon": 116.094223, "wgs_lat": 40.081574, "gcj_lon": 116.100571, "gcj_lat": 40.082979, "geo_addr": "北京市海淀区书院村", "coord_src": "geocode", "gcj_note": "api_error:10021:CUQPS_HAS_EXCEEDED_THE_LIMIT"}}, {"type": "Feature", "geometry": {"type": "Point", "coordinates": [116.360203, 39.910425]}, "properties": {"name": "都城隍庙后殿（寝祠）", "level": "省级", "era": "宋元至明清", "lon": 116.354012, "lat": 39.909066, "elev": 61, "city": "北京城区", "img": "", "wgs_lon": 116.354012, "wgs_lat": 39.909066, "gcj_lon": 116.360203, "gcj_lat": 39.910425, "geo_addr": "北京市西城区都城隍庙后殿", "coord_src": "geocode"}}, {"type": "Feature", "geometry": {"type": "Point", "coordinates": [116.407387, 39.904179]}, "properties": {"name": "达园", "level": "省级", "era": "宋元至明清", "lon": 116.293589, "lat": 39.999129, "elev": 50, "city": "北京城区", "img": "", "wgs_lon": 116.293589, "wgs_lat": 39.999129, "gcj_lon": 116.407387, "gcj_lat": 39.904179, "geo_addr": "北京市", "coord_src": "geocode", "gcj_note": "api_error:10021:CUQPS_HAS_EXCEEDED_THE_LIMIT"}}, {"type": "Feature", "geometry": {"type": "Point", "coordinates": [116.33216, 39.914223]}, "properties": {"name": "钓鱼台与养源斋", "level": "省级", "era": "宋元至明清", "lon": 116.32603, "lat": 39.912915, "elev": 52, "city": "北京城区", "img": "", "wgs_lon": 116.32603, "wgs_lat": 39.912915, "gcj_lon": 116.33216, "gcj_lat": 39.914223, "geo_addr": "北京市海淀区钓鱼台与养源斋", "coord_src": "geocode"}}, {"type": "Feature", "geometry": {"type": "Point", "coordinates": [116.350144, 40.025196]}, "properties": {"name": "广济桥", "level": "省级", "era": "宋元至明清", "lon": 116.343959, "lat": 40.02385, "elev": 43, "city": "北京城区", "img": "", "wgs_lon": 116.343959, "wgs_lat": 40.02385, "gcj_lon": 116.350144, "gcj_lat": 40.025196, "geo_addr": "北京市海淀区广济桥", "coord_src": "geocode"}}, {"type": "Feature", "geometry": {"type": "Point", "coordinates": [116.407387, 39.904179]}, "properties": {"name": "静宜园", "level": "省级", "era": "宋元至明清", "lon": 116.190433, "lat": 39.989945, "elev": 131, "city": "北京城区", "img": "", "wgs_lon": 116.190433, "wgs_lat": 39.989945, "gcj_lon": 116.407387, "gcj_lat": 39.904179, "geo_addr": "北京市", "coord_src": "geocode", "gcj_note": "api_error:30001:ENGINE_RESPONSE_DATA_ERROR"}}, {"type": "Feature", "geometry": {"type": "Point", "coordinates": [116.407387, 39.904179]}, "properties": {"name": "旭华之阁及松堂", "level": "省级", "era": "宋元至明清", "lon": 116.268181, "lat": 40.000099, "elev": 66, "city": "北京城区", "img": "", "wgs_lon": 116.268181, "wgs_lat": 40.000099, "gcj_lon": 116.407387, "gcj_lat": 39.904179, "geo_addr": "北京市", "coord_src": "geocode", "gcj_note": "api_error:30001:ENGINE_RESPONSE_DATA_ERROR"}}, {"type": "Feature", "geometry": {"type": "Point", "coordinates": [115.813518, 39.667863]}, "properties": {"name": "上方山诸寺及云水洞", "level": "省级", "era": "宋元至明清", "lon": 115.8074, "lat": 39.666736, "elev": 197, "city": "北京城区", "img": "", "wgs_lon": 115.8074, "wgs_lat": 39.666736, "gcj_lon": 115.813518, "gcj_lat": 39.667863, "geo_addr": "北京市房山区上方山云水洞", "coord_src": "geocode"}}, {"type": "Feature", "geometry": {"type": "Point", "coordinates": [116.267334, 40.134471]}, "properties": {"name": "朝宗桥", "level": "省级", "era": "宋元至明清", "lon": 116.261276, "lat": 40.13324, "elev": 45, "city": "北京城区", "img": "", "wgs_lon": 116.261276, "wgs_lat": 40.13324, "gcj_lon": 116.267334, "gcj_lat": 40.134471, "geo_addr": "北京市昌平区朝宗桥", "coord_src": "geocode"}}, {"type": "Feature", "geometry": {"type": "Point", "coordinates": [116.363884, 39.914665]}, "properties": {"name": "齐白石故居", "level": "省级", "era": "近代以来", "lon": 116.357685, "lat": 39.9133, "elev": 55, "city": "北京城区", "img": "", "wgs_lon": 116.357685, "wgs_lat": 39.9133, "gcj_lon": 116.363884, "gcj_lat": 39.914665, "geo_addr": "北京市西城区齐白石故居(公交站)", "coord_src": "geocode"}}, {"type": "Feature", "geometry": {"type": "Point", "coordinates": [116.231435, 39.981047]}, "properties": {"name": "李大钊烈士陵园", "level": "省级", "era": "近代以来", "lon": 116.225375, "lat": 39.979818, "elev": 61, "city": "北京城区", "img": "", "wgs_lon": 116.225375, "wgs_lat": 39.979818, "gcj_lon": 116.231435, "gcj_lat": 39.981047, "geo_addr": "北京市海淀区李大钊烈士陵园", "coord_src": "geocode"}}, {"type": "Feature", "geometry": {"type": "Point", "coordinates": [116.278761, 39.923962]}, "properties": {"name": "定慧寺", "level": "省级", "era": "宋元至明清", "lon": 116.272723, "lat": 39.922736, "elev": 58, "city": "北京城区", "img": "", "wgs_lon": 116.272723, "wgs_lat": 39.922736, "gcj_lon": 116.278761, "gcj_lat": 39.923962, "geo_addr": "北京市海淀区定慧寺(不对外开放)", "coord_src": "geocode", "gcj_note": "api_error:10021:CUQPS_HAS_EXCEEDED_THE_LIMIT"}}, {"type": "Feature", "geometry": {"type": "Point", "coordinates": [116.08949, 39.969517]}, "properties": {"name": "三官阁过街楼", "level": "省级", "era": "宋元至明清", "lon": 116.083157, "lat": 39.968123, "elev": 117, "city": "北京城区", "img": "", "wgs_lon": 116.083157, "wgs_lat": 39.968123, "gcj_lon": 116.08949, "gcj_lat": 39.969517, "geo_addr": "北京市门头沟区三官阁过街楼", "coord_src": "geocode"}}, {"type": "Feature", "geometry": {"type": "Point", "coordinates": [116.287517, 39.803501]}, "properties": {"name": "大葆台西汉墓遗址", "level": "省级", "era": "秦汉至隋唐", "lon": 116.281485, "lat": 39.802273, "elev": 52, "city": "北京城区", "img": "", "wgs_lon": 116.281485, "wgs_lat": 39.802273, "gcj_lon": 116.287517, "gcj_lat": 39.803501, "geo_addr": "北京市丰台区大葆台村", "coord_src": "geocode"}}, {"type": "Feature", "geometry": {"type": "Point", "coordinates": [116.157246, 39.979529]}, "properties": {"name": "慈善寺", "level": "省级", "era": "宋元至明清", "lon": 116.148883, "lat": 39.97656, "elev": 300, "city": "北京城区", "img": "", "wgs_lon": 116.148883, "wgs_lat": 39.97656, "gcj_lon": 116.157246, "gcj_lat": 39.979529, "geo_addr": "北京市石景山区慈善寺", "coord_src": "geocode"}}, {"type": "Feature", "geometry": {"type": "Point", "coordinates": [115.806797, 39.577608]}, "properties": {"name": "玉皇塔", "level": "省级", "era": "宋元至明清", "lon": 115.800672, "lat": 39.576489, "elev": 125, "city": "北京城区", "img": "", "wgs_lon": 115.800672, "wgs_lat": 39.576489, "gcj_lon": 115.806797, "gcj_lat": 39.577608, "geo_addr": "北京市房山区玉皇塔", "coord_src": "geocode", "gcj_note": "api_error:10021:CUQPS_HAS_EXCEEDED_THE_LIMIT"}}, {"type": "Feature", "geometry": {"type": "Point", "coordinates": [115.883267, 39.636369]}, "properties": {"name": "应公长老寿塔", "level": "省级", "era": "宋元至明清", "lon": 115.877335, "lat": 39.635363, "elev": 89, "city": "北京城区", "img": "", "wgs_lon": 115.877335, "wgs_lat": 39.635363, "gcj_lon": 115.883267, "gcj_lat": 39.636369, "geo_addr": "北京市房山区房山应公长老寿塔", "coord_src": "geocode"}}, {"type": "Feature", "geometry": {"type": "Point", "coordinates": [115.867227, 39.641972]}, "properties": {"name": "周吉祥塔", "level": "省级", "era": "宋元至明清", "lon": 115.861261, "lat": 39.640945, "elev": 111, "city": "北京城区", "img": "", "wgs_lon": 115.861261, "wgs_lat": 39.640945, "gcj_lon": 115.867227, "gcj_lat": 39.641972, "geo_addr": "北京市房山区周吉祥塔", "coord_src": "geocode", "gcj_note": "api_error:10021:CUQPS_HAS_EXCEEDED_THE_LIMIT"}}, {"type": "Feature", "geometry": {"type": "Point", "coordinates": [116.293979, 40.1309]}, "properties": {"name": "巩华城", "level": "省级", "era": "宋元至明清", "lon": 116.287898, "lat": 40.129646, "elev": 40, "city": "北京城区", "img": "", "wgs_lon": 116.287898, "wgs_lat": 40.129646, "gcj_lon": 116.293979, "gcj_lat": 40.1309, "geo_addr": "北京市昌平区巩华城(地铁站)", "coord_src": "geocode"}}, {"type": "Feature", "geometry": {"type": "Point", "coordinates": [116.091398, 40.103297]}, "properties": {"name": "白龙潭龙泉寺", "level": "省级", "era": "宋元至明清", "lon": 116.085047, "lat": 40.101894, "elev": 163, "city": "北京城区", "img": "", "wgs_lon": 116.085047, "wgs_lat": 40.101894, "gcj_lon": 116.091398, "gcj_lat": 40.103297, "geo_addr": "北京市海淀区龙泉寺", "coord_src": "geocode", "gcj_note": "api_error:10021:CUQPS_HAS_EXCEEDED_THE_LIMIT"}}, {"type": "Feature", "geometry": {"type": "Point", "coordinates": [116.346661, 39.942856]}, "properties": {"name": "平绥西直门车站旧址", "level": "省级", "era": "近代以来", "lon": 116.34724, "lat": 39.945167, "elev": 53, "city": "北京城区", "img": "", "wgs_lon": 116.34724, "wgs_lat": 39.945167, "gcj_lon": 116.346661, "gcj_lat": 39.942856, "geo_addr": "北京市西城区西直门", "coord_src": "geocode", "gcj_note": "api_error:30001:ENGINE_RESPONSE_DATA_ERROR"}}, {"type": "Feature", "geometry": {"type": "Point", "coordinates": [116.294814, 40.014954]}, "properties": {"name": "清河城址", "level": "省级", "era": "秦汉至隋唐", "lon": 116.288746, "lat": 40.013706, "elev": 48, "city": "北京城区", "img": "", "wgs_lon": 116.288746, "wgs_lat": 40.013706, "gcj_lon": 116.294814, "gcj_lat": 40.014954, "geo_addr": "北京市海淀区清河", "coord_src": "geocode", "gcj_note": "api_error:10021:CUQPS_HAS_EXCEEDED_THE_LIMIT"}}, {"type": "Feature", "geometry": {"type": "Point", "coordinates": [116.157961, 39.935224]}, "properties": {"name": "田义墓", "level": "省级", "era": "宋元至明清", "lon": 116.151725, "lat": 39.933878, "elev": 101, "city": "北京城区", "img": "", "wgs_lon": 116.151725, "wgs_lat": 39.933878, "gcj_lon": 116.157961, "gcj_lat": 39.935224, "geo_addr": "北京市石景山区田义墓", "coord_src": "geocode"}}, {"type": "Feature", "geometry": {"type": "Point", "coordinates": [116.224122, 39.914139]}, "properties": {"name": "老山汉墓", "level": "省级", "era": "秦汉至隋唐", "lon": 116.218058, "lat": 39.912905, "elev": 88, "city": "北京城区", "img": "", "wgs_lon": 116.218058, "wgs_lat": 39.912905, "gcj_lon": 116.224122, "gcj_lat": 39.914139, "geo_addr": "北京市石景山区老山汉墓(南门)", "coord_src": "geocode"}}, {"type": "Feature", "geometry": {"type": "Point", "coordinates": [116.407387, 39.904179]}, "properties": {"name": "伊桑阿墓石刻", "level": "省级", "era": "宋元至明清", "lon": 115.889584, "lat": 39.611807, "elev": 62, "city": "北京城区", "img": "", "wgs_lon": 115.889584, "wgs_lat": 39.611807, "gcj_lon": 116.407387, "gcj_lat": 39.904179, "geo_addr": "北京市", "coord_src": "geocode", "gcj_note": "api_error:10021:CUQPS_HAS_EXCEEDED_THE_LIMIT"}}, {"type": "Feature", "geometry": {"type": "Point", "coordinates": [116.407387, 39.904179]}, "properties": {"name": "广仁宫（西顶）", "level": "省级", "era": "宋元至明清", "lon": 116.28381, "lat": 39.959066, "elev": 57, "city": "北京城区", "img": "", "wgs_lon": 116.28381, "wgs_lat": 39.959066, "gcj_lon": 116.407387, "gcj_lat": 39.904179, "geo_addr": "北京市", "coord_src": "geocode", "gcj_note": "api_error:30001:ENGINE_RESPONSE_DATA_ERROR"}}, {"type": "Feature", "geometry": {"type": "Point", "coordinates": [116.191197, 39.793723]}, "properties": {"name": "南岗洼桥", "level": "省级", "era": "宋元至明清", "lon": 116.185071, "lat": 39.792446, "elev": 55, "city": "北京城区", "img": "", "wgs_lon": 116.185071, "wgs_lat": 39.792446, "gcj_lon": 116.191197, "gcj_lat": 39.793723, "geo_addr": "北京市丰台区南岗洼", "coord_src": "geocode", "gcj_note": "api_error:10021:CUQPS_HAS_EXCEEDED_THE_LIMIT"}}, {"type": "Feature", "geometry": {"type": "Point", "coordinates": [116.407387, 39.904179]}, "properties": {"name": "天利煤厂旧址", "level": "省级", "era": "宋元至明清", "lon": 116.099135, "lat": 39.965256, "elev": 113, "city": "北京城区", "img": "", "wgs_lon": 116.099135, "wgs_lat": 39.965256, "gcj_lon": 116.407387, "gcj_lat": 39.904179, "geo_addr": "北京市", "coord_src": "geocode", "gcj_note": "api_error:30001:ENGINE_RESPONSE_DATA_ERROR"}}, {"type": "Feature", "geometry": {"type": "Point", "coordinates": [115.938584, 39.819768]}, "properties": {"name": "铁瓦寺", "level": "省级", "era": "宋元至明清", "lon": 115.932646, "lat": 39.818728, "elev": 124, "city": "北京城区", "img": "", "wgs_lon": 115.932646, "wgs_lat": 39.818728, "gcj_lon": 115.938584, "gcj_lat": 39.819768, "geo_addr": "北京市房山区铁瓦寺", "coord_src": "geocode", "gcj_note": "api_error:10021:CUQPS_HAS_EXCEEDED_THE_LIMIT"}}, {"type": "Feature", "geometry": {"type": "Point", "coordinates": [116.349252, 39.927621]}, "properties": {"name": "百万庄路8号墓园石刻", "level": "省级", "era": "近代以来", "lon": 116.343082, "lat": 39.92628, "elev": 53, "city": "北京城区", "img": "", "wgs_lon": 116.343082, "wgs_lat": 39.92628, "gcj_lon": 116.349252, "gcj_lat": 39.927621, "geo_addr": "北京市西城区百万庄大街8号", "coord_src": "geocode"}}, {"type": "Feature", "geometry": {"type": "Point", "coordinates": [116.213655, 40.004514]}, "properties": {"name": "梁启超墓", "level": "省级", "era": "近代以来", "lon": 116.207559, "lat": 40.003263, "elev": 114, "city": "北京城区", "img": "", "wgs_lon": 116.207559, "wgs_lat": 40.003263, "gcj_lon": 116.213655, "gcj_lat": 40.004514, "geo_addr": "北京市海淀区梁启超墓", "coord_src": "geocode", "gcj_note": "api_error:10021:CUQPS_HAS_EXCEEDED_THE_LIMIT"}}, {"type": "Feature", "geometry": {"type": "Point", "coordinates": [116.218365, 40.120161]}, "properties": {"name": "上庄东岳庙", "level": "省级", "era": "宋元至明清", "lon": 116.212264, "lat": 40.11891, "elev": 49, "city": "北京城区", "img": "", "wgs_lon": 116.212264, "wgs_lat": 40.11891, "gcj_lon": 116.218365, "gcj_lat": 40.120161, "geo_addr": "北京市海淀区上庄东岳庙", "coord_src": "geocode"}}, {"type": "Feature", "geometry": {"type": "Point", "coordinates": [116.274892, 39.837413]}, "properties": {"name": "丰台药王庙", "level": "省级", "era": "宋元至明清", "lon": 116.268868, "lat": 39.836194, "elev": 55, "city": "北京城区", "img": "", "wgs_lon": 116.268868, "wgs_lat": 39.836194, "gcj_lon": 116.274892, "gcj_lat": 39.837413, "geo_addr": "北京市丰台区药王庙", "coord_src": "geocode", "gcj_note": "api_error:10021:CUQPS_HAS_EXCEEDED_THE_LIMIT"}}, {"type": "Feature", "geometry": {"type": "Point", "coordinates": [116.22415, 39.851166]}, "properties": {"name": "丰台娘娘庙", "level": "省级", "era": "宋元至明清", "lon": 116.121333, "lat": 39.852622, "elev": 98, "city": "北京城区", "img": "", "wgs_lon": 116.121333, "wgs_lat": 39.852622, "gcj_lon": 116.22415, "gcj_lat": 39.851166, "geo_addr": "北京市丰台区兴隆寺", "coord_src": "geocode"}}, {"type": "Feature", "geometry": {"type": "Point", "coordinates": [115.923175, 40.116704]}, "properties": {"name": "白瀑寺", "level": "省级", "era": "宋元至明清", "lon": 115.917213, "lat": 40.115665, "elev": 503, "city": "北京城区", "img": "", "wgs_lon": 115.917213, "wgs_lat": 40.115665, "gcj_lon": 115.923175, "gcj_lat": 40.116704, "geo_addr": "北京市门头沟区白瀑寺", "coord_src": "geocode"}}, {"type": "Feature", "geometry": {"type": "Point", "coordinates": [116.031581, 39.612441]}, "properties": {"name": "岫云观", "level": "省级", "era": "宋元至明清", "lon": 116.025404, "lat": 39.61119, "elev": 38, "city": "北京城区", "img": "", "wgs_lon": 116.025404, "wgs_lat": 39.61119, "gcj_lon": 116.031581, "gcj_lat": 39.612441, "geo_addr": "北京市房山区岫云观", "coord_src": "geocode", "gcj_note": "api_error:10021:CUQPS_HAS_EXCEEDED_THE_LIMIT"}}, {"type": "Feature", "geometry": {"type": "Point", "coordinates": [116.407387, 39.904179]}, "properties": {"name": "孙岳墓", "level": "省级", "era": "近代以来", "lon": 116.231123, "lat": 40.048517, "elev": 48, "city": "北京城区", "img": "", "wgs_lon": 116.231123, "wgs_lat": 40.048517, "gcj_lon": 116.407387, "gcj_lat": 39.904179, "geo_addr": "北京市", "coord_src": "geocode", "gcj_note": "api_error:30001:ENGINE_RESPONSE_DATA_ERROR"}}, {"type": "Feature", "geometry": {"type": "Point", "coordinates": [116.325976, 39.877441]}, "properties": {"name": "顺天府大堂", "level": "省级", "era": "宋元至明清", "lon": 116.319865, "lat": 39.876147, "elev": 45, "city": "北京城区", "img": "", "wgs_lon": 116.319865, "wgs_lat": 39.876147, "gcj_lon": 116.325976, "gcj_lat": 39.877441, "geo_addr": "北京市西城区顺天府(新年华店)", "coord_src": "geocode", "gcj_note": "api_error:10021:CUQPS_HAS_EXCEEDED_THE_LIMIT"}}, {"type": "Feature", "geometry": {"type": "Point", "coordinates": [116.360327, 39.902805]}, "properties": {"name": "醇亲王府南府", "level": "省级", "era": "宋元至明清", "lon": 116.354136, "lat": 39.901446, "elev": 53, "city": "北京城区", "img": "", "wgs_lon": 116.354136, "wgs_lat": 39.901446, "gcj_lon": 116.360327, "gcj_lat": 39.902805, "geo_addr": "北京市西城区醇亲王府南府", "coord_src": "geocode"}}, {"type": "Feature", "geometry": {"type": "Point", "coordinates": [116.407387, 39.904179]}, "properties": {"name": "承泽园", "level": "省级", "era": "宋元至明清", "lon": 116.292339, "lat": 39.993016, "elev": 51, "city": "北京城区", "img": "", "wgs_lon": 116.292339, "wgs_lat": 39.993016, "gcj_lon": 116.407387, "gcj_lat": 39.904179, "geo_addr": "北京市", "coord_src": "geocode", "gcj_note": "api_error:10021:CUQPS_HAS_EXCEEDED_THE_LIMIT"}}, {"type": "Feature", "geometry": {"type": "Point", "coordinates": [116.190082, 39.855338]}, "properties": {"name": "福生寺", "level": "省级", "era": "宋元至明清", "lon": 116.183946, "lat": 39.854055, "elev": 68, "city": "北京城区", "img": "", "wgs_lon": 116.183946, "wgs_lat": 39.854055, "gcj_lon": 116.190082, "gcj_lat": 39.855338, "geo_addr": "北京市丰台区福生寺(建设中)", "coord_src": "geocode"}}, {"type": "Feature", "geometry": {"type": "Point", "coordinates": [116.201226, 39.935127]}, "properties": {"name": "显应寺", "level": "省级", "era": "宋元至明清", "lon": 116.195109, "lat": 39.93386, "elev": 70, "city": "北京城区", "img": "", "wgs_lon": 116.195109, "wgs_lat": 39.93386, "gcj_lon": 116.201226, "gcj_lat": 39.935127, "geo_addr": "北京市石景山区显应寺", "coord_src": "geocode", "gcj_note": "api_error:10021:CUQPS_HAS_EXCEEDED_THE_LIMIT"}}, {"type": "Feature", "geometry": {"type": "Point", "coordinates": [116.10509, 40.060877]}, "properties": {"name": "贝家花园", "level": "省级", "era": "近代以来", "lon": 116.098746, "lat": 40.059473, "elev": 115, "city": "北京城区", "img": "", "wgs_lon": 116.098746, "wgs_lat": 40.059473, "gcj_lon": 116.10509, "gcj_lat": 40.060877, "geo_addr": "北京市海淀区贝家花园", "coord_src": "geocode"}}, {"type": "Feature", "geometry": {"type": "Point", "coordinates": [116.076988, 40.05519]}, "properties": {"name": "鹫峰地震台", "level": "省级", "era": "近代以来", "lon": 116.070654, "lat": 40.053804, "elev": 594, "city": "北京城区", "img": "", "wgs_lon": 116.070654, "wgs_lat": 40.053804, "gcj_lon": 116.076988, "gcj_lat": 40.05519, "geo_addr": "北京市海淀区鹫峰", "coord_src": "geocode", "gcj_note": "api_error:10021:CUQPS_HAS_EXCEEDED_THE_LIMIT"}}, {"type": "Feature", "geometry": {"type": "Point", "coordinates": [116.184985, 39.74793]}, "properties": {"name": "广阳城遗址", "level": "省级", "era": "秦汉至隋唐", "lon": 116.178848, "lat": 39.746646, "elev": 45, "city": "北京城区", "img": "", "wgs_lon": 116.178848, "wgs_lat": 39.746646, "gcj_lon": 116.184985, "gcj_lat": 39.74793, "geo_addr": "北京市房山区广阳城(地铁站)", "coord_src": "geocode", "gcj_note": "api_error:10021:CUQPS_HAS_EXCEEDED_THE_LIMIT"}}, {"type": "Feature", "geometry": {"type": "Point", "coordinates": [115.992468, 39.803015]}, "properties": {"name": "庄亲王园寝", "level": "省级", "era": "宋元至明清", "lon": 115.986398, "lat": 39.801852, "elev": 118, "city": "北京城区", "img": "", "wgs_lon": 115.986398, "wgs_lat": 39.801852, "gcj_lon": 115.992468, "gcj_lat": 39.803015, "geo_addr": "北京市房山区庄亲王园寝", "coord_src": "geocode"}}, {"type": "Feature", "geometry": {"type": "Point", "coordinates": [116.407387, 39.904179]}, "properties": {"name": "恩佑寺山门", "level": "省级", "era": "宋元至明清", "lon": 116.298227, "lat": 39.99207, "elev": 51, "city": "北京城区", "img": "", "wgs_lon": 116.298227, "wgs_lat": 39.99207, "gcj_lon": 116.407387, "gcj_lat": 39.904179, "geo_addr": "北京市", "coord_src": "geocode", "gcj_note": "api_error:10021:CUQPS_HAS_EXCEEDED_THE_LIMIT"}}, {"type": "Feature", "geometry": {"type": "Point", "coordinates": [116.3043131296947, 39.993035004178026]}, "properties": {"name": "恩慕寺山门", "level": "省级", "era": "宋元至明清", "lon": 116.298232, "lat": 39.991774, "elev": 50, "city": "北京城区", "img": "", "wgs_lon": 116.298232, "wgs_lat": 39.991774, "gcj_lon": 116.3043131296947, "gcj_lat": 39.993035004178026, "geo_addr": "", "coord_src": "fallback_local", "gcj_note": "tries_exhausted"}}, {"type": "Feature", "geometry": {"type": "Point", "coordinates": [116.275179, 39.999617]}, "properties": {"name": "颐和园升平署", "level": "省级", "era": "宋元至明清", "lon": 116.269134, "lat": 39.99839, "elev": 97, "city": "北京城区", "img": "", "wgs_lon": 116.269134, "wgs_lat": 39.99839, "gcj_lon": 116.275179, "gcj_lat": 39.999617, "geo_addr": "北京市海淀区颐和园", "coord_src": "geocode", "gcj_note": "api_error:10021:CUQPS_HAS_EXCEEDED_THE_LIMIT"}}, {"type": "Feature", "geometry": {"type": "Point", "coordinates": [115.889578, 39.960062]}, "properties": {"name": "妙峰山娘娘庙", "level": "省级", "era": "宋元至明清", "lon": 115.883617, "lat": 39.95903, "elev": 526, "city": "北京城区", "img": "", "wgs_lon": 115.883617, "wgs_lat": 39.95903, "gcj_lon": 115.889578, "gcj_lat": 39.960062, "geo_addr": "北京市门头沟区妙峰山镇娘娘庙", "coord_src": "geocode"}}, {"type": "Feature", "geometry": {"type": "Point", "coordinates": [116.02625031057292, 39.80657999291924]}, "properties": {"name": "奕绘、顾太清庄园及园寝", "level": "省级", "era": "宋元至明清", "lon": 116.020066, "lat": 39.805316, "elev": 154, "city": "北京城区", "img": "", "wgs_lon": 116.020066, "wgs_lat": 39.805316, "gcj_lon": 116.02625031057292, "gcj_lat": 39.80657999291924, "geo_addr": "", "coord_src": "fallback_local", "gcj_note": "tries_exhausted"}}, {"type": "Feature", "geometry": {"type": "Point", "coordinates": [116.407378, 40.056192]}, "properties": {"name": "北惠济庙雍正御制碑及碑亭", "level": "省级", "era": "宋元至明清", "lon": 116.148056, "lat": 39.906857, "elev": 86, "city": "北京城区", "img": "", "wgs_lon": 116.148056, "wgs_lat": 39.906857, "gcj_lon": 116.407378, "gcj_lat": 40.056192, "geo_addr": "北京市北", "coord_src": "geocode", "gcj_note": "api_error:30001:ENGINE_RESPONSE_DATA_ERROR"}}, {"type": "Feature", "geometry": {"type": "Point", "coordinates": [115.954649, 39.726691]}, "properties": {"name": "北齐河清三年摩崖造像", "level": "省级", "era": "宋元至明清", "lon": 115.948695, "lat": 39.725633, "elev": 109, "city": "北京城区", "img": "", "wgs_lon": 115.948695, "wgs_lat": 39.725633, "gcj_lon": 115.954649, "gcj_lat": 39.726691, "geo_addr": "北京市房山区北齐河清三年摩崖造像", "coord_src": "geocode", "gcj_note": "api_error:10021:CUQPS_HAS_EXCEEDED_THE_LIMIT"}}, {"type": "Feature", "geometry": {"type": "Point", "coordinates": [116.265699, 40.023672]}, "properties": {"name": "上义师范学校黑山扈校区旧址", "level": "省级", "era": "近代以来", "lon": 116.348204, "lat": 39.932212, "elev": 57, "city": "北京城区", "img": "", "wgs_lon": 116.348204, "wgs_lat": 39.932212, "gcj_lon": 116.265699, "gcj_lat": 40.023672, "geo_addr": "北京市海淀区黑山扈(公交站)", "coord_src": "geocode", "gcj_note": "api_error:30001:ENGINE_RESPONSE_DATA_ERROR"}}, {"type": "Feature", "geometry": {"type": "Point", "coordinates": [116.278453, 40.007824]}, "properties": {"name": "中央党校南院近代建筑群", "level": "省级", "era": "近代以来", "lon": 116.272405, "lat": 40.006594, "elev": 62, "city": "北京城区", "img": "", "wgs_lon": 116.272405, "wgs_lat": 40.006594, "gcj_lon": 116.278453, "gcj_lat": 40.007824, "geo_addr": "北京市海淀区中共中央党校", "coord_src": "geocode", "gcj_note": "api_error:10021:CUQPS_HAS_EXCEEDED_THE_LIMIT"}}, {"type": "Feature", "geometry": {"type": "Point", "coordinates": [116.407387, 39.904179]}, "properties": {"name": "赵登禹将军墓", "level": "省级", "era": "近代以来", "lon": 116.231602, "lat": 39.854138, "elev": 60, "city": "北京城区", "img": "", "wgs_lon": 116.231602, "wgs_lat": 39.854138, "gcj_lon": 116.407387, "gcj_lat": 39.904179, "geo_addr": "北京市", "coord_src": "geocode", "gcj_note": "api_error:10021:CUQPS_HAS_EXCEEDED_THE_LIMIT"}}, {"type": "Feature", "geometry": {"type": "Point", "coordinates": [115.997261, 39.913915]}, "properties": {"name": "北京日报社西山基地", "level": "省级", "era": "近代以来", "lon": 115.991161, "lat": 39.912732, "elev": 414, "city": "北京城区", "img": "", "wgs_lon": 115.991161, "wgs_lat": 39.912732, "gcj_lon": 115.997261, "gcj_lat": 39.913915, "geo_addr": "北京市门头沟区北京日报社西山基地", "coord_src": "geocode"}}, {"type": "Feature", "geometry": {"type": "Point", "coordinates": [116.126242, 39.654401]}, "properties": {"name": "窦店志愿军烈士陵园", "level": "省级", "era": "近代以来", "lon": 116.119972, "lat": 39.653039, "elev": 41, "city": "北京城区", "img": "", "wgs_lon": 116.119972, "wgs_lat": 39.653039, "gcj_lon": 116.126242, "gcj_lat": 39.654401, "geo_addr": "北京市房山区窦店志愿军烈士陵园", "coord_src": "geocode", "gcj_note": "api_error:10021:CUQPS_HAS_EXCEEDED_THE_LIMIT"}}, {"type": "Feature", "geometry": {"type": "Point", "coordinates": [116.165845, 39.734043]}, "properties": {"name": "良乡烈士陵园", "level": "省级", "era": "近代以来", "lon": 116.159656, "lat": 39.732725, "elev": 56, "city": "北京城区", "img": "", "wgs_lon": 116.159656, "wgs_lat": 39.732725, "gcj_lon": 116.165845, "gcj_lat": 39.734043, "geo_addr": "北京市房山区良乡烈士陵园(暂停营业)", "coord_src": "geocode"}}, {"type": "Feature", "geometry": {"type": "Point", "coordinates": [116.319208, 39.912626]}, "properties": {"name": "宋庆龄儿童科学技术馆", "level": "国家级", "era": "近代以来", "lon": 116.312902, "lat": 39.911257, "elev": 57, "city": "北京城区", "img": "", "wgs_lon": 116.312902, "wgs_lat": 39.911257, "gcj_lon": 116.319208, "gcj_lat": 39.912626, "geo_addr": "北京市海淀区宋庆龄儿童科学技术馆", "coord_src": "geocode", "gcj_note": "api_error:10021:CUQPS_HAS_EXCEEDED_THE_LIMIT"}}, {"type": "Feature", "geometry": {"type": "Point", "coordinates": [116.04484084226506, 39.746027951599665]}, "properties": {"name": "原子能“一堆一器”旧址", "level": "国家级", "era": "近代以来", "lon": 116.038609, "lat": 39.74472, "elev": 68, "city": "北京城区", "img": "", "wgs_lon": 116.038609, "wgs_lat": 39.74472, "gcj_lon": 116.04484084226506, "gcj_lat": 39.746027951599665, "geo_addr": "", "coord_src": "fallback_local", "gcj_note": "tries_exhausted"}}, {"type": "Feature", "geometry": {"type": "Point", "coordinates": [116.407387, 39.904179]}, "properties": {"name": "双清别墅", "level": "国家级", "era": "近代以来", "lon": 116.333333, "lat": 39.983333, "elev": 52, "city": "北京城区", "img": "", "wgs_lon": 116.333333, "wgs_lat": 39.983333, "gcj_lon": 116.407387, "gcj_lat": 39.904179, "geo_addr": "北京市", "coord_src": "geocode", "gcj_note": "api_error:10021:CUQPS_HAS_EXCEEDED_THE_LIMIT"}}, {"type": "Feature", "geometry": {"type": "Point", "coordinates": [116.407387, 39.904179]}, "properties": {"name": "醇亲王墓", "level": "国家级", "era": "宋元至明清", "lon": 116.078968, "lat": 40.081057, "elev": 265, "city": "北京城区", "img": "", "wgs_lon": 116.078968, "wgs_lat": 40.081057, "gcj_lon": 116.407387, "gcj_lat": 39.904179, "geo_addr": "北京市", "coord_src": "geocode", "gcj_note": "api_error:30001:ENGINE_RESPONSE_DATA_ERROR"}}, {"type": "Feature", "geometry": {"type": "Point", "coordinates": [116.242503, 39.912492]}, "properties": {"name": "八宝山革命公墓", "level": "国家级", "era": "近代以来", "lon": 116.235499, "lat": 39.906416, "elev": 67, "city": "北京城区", "img": "", "wgs_lon": 116.235499, "wgs_lat": 39.906416, "gcj_lon": 116.242503, "gcj_lat": 39.912492, "geo_addr": "北京市石景山区八宝山革命公墓", "coord_src": "geocode", "gcj_note": "api_error:10021:CUQPS_HAS_EXCEEDED_THE_LIMIT"}}, {"type": "Feature", "geometry": {"type": "Point", "coordinates": [116.527267, 40.062172]}, "properties": {"name": "翰林院子和蚕房院子", "level": "国家级", "era": "宋元至明清", "lon": 116.331983, "lat": 39.726702, "elev": 44, "city": "北京城区", "img": "", "wgs_lon": 116.331983, "wgs_lat": 39.726702, "gcj_lon": 116.527267, "gcj_lat": 40.062172, "geo_addr": "北京市朝阳区北京院子", "coord_src": "geocode", "gcj_note": "api_error:30001:ENGINE_RESPONSE_DATA_ERROR"}}, {"type": "Feature", "geometry": {"type": "Point", "coordinates": [115.926871, 39.676378]}, "properties": {"name": "房山大白玉塘采石场遗址", "level": "国家级", "era": "史前至先秦", "lon": 115.981242, "lat": 39.705153, "elev": 56, "city": "北京城区", "img": "", "wgs_lon": 115.981242, "wgs_lat": 39.705153, "gcj_lon": 115.926871, "gcj_lat": 39.676378, "geo_addr": "北京市房山区采石场", "coord_src": "geocode", "gcj_note": "api_error:10021:CUQPS_HAS_EXCEEDED_THE_LIMIT"}}, {"type": "Feature", "geometry": {"type": "Point", "coordinates": [116.207437, 39.823474]}, "properties": {"name": "长辛店二七大罢工旧址", "level": "国家级", "era": "近代以来", "lon": 116.200054, "lat": 39.830388, "elev": 73, "city": "北京城区", "img": "", "wgs_lon": 116.200054, "wgs_lat": 39.830388, "gcj_lon": 116.207437, "gcj_lat": 39.823474, "geo_addr": "北京市丰台区长辛店二七大罢工旧址", "coord_src": "geocode"}}, {"type": "Feature", "geometry": {"type": "Point", "coordinates": [116.295296, 39.928067]}, "properties": {"name": "慈寿寺塔", "level": "国家级", "era": "宋元至明清", "lon": 116.289221, "lat": 39.927082, "elev": 63, "city": "北京城区", "img": "", "wgs_lon": 116.289221, "wgs_lat": 39.927082, "gcj_lon": 116.295296, "gcj_lat": 39.928067, "geo_addr": "北京市海淀区慈寿寺塔", "coord_src": "geocode"}}, {"type": "Feature", "geometry": {"type": "Point", "coordinates": [116.029692, 39.604406]}, "properties": {"name": "琉璃河大桥", "level": "国家级", "era": "宋元至明清", "lon": 116.024136, "lat": 39.604137, "elev": 30, "city": "北京城区", "img": "", "wgs_lon": 116.024136, "wgs_lat": 39.604137, "gcj_lon": 116.029692, "gcj_lat": 39.604406, "geo_addr": "北京市房山区琉璃河大桥", "coord_src": "geocode"}}, {"type": "Feature", "geometry": {"type": "Point", "coordinates": [116.299856, 39.927045]}, "properties": {"name": "摩诃庵", "level": "国家级", "era": "宋元至明清", "lon": 116.293832, "lat": 39.925749, "elev": 58, "city": "北京城区", "img": "", "wgs_lon": 116.293832, "wgs_lat": 39.925749, "gcj_lon": 116.299856, "gcj_lat": 39.927045, "geo_addr": "北京市海淀区摩诃庵", "coord_src": "geocode"}}, {"type": "Feature", "geometry": {"type": "Point", "coordinates": [116.086015, 39.825179]}, "properties": {"name": "姚广孝墓塔", "level": "国家级", "era": "宋元至明清", "lon": 116.079665, "lat": 39.823805, "elev": 101, "city": "北京城区", "img": "", "wgs_lon": 116.079665, "wgs_lat": 39.823805, "gcj_lon": 116.086015, "gcj_lat": 39.825179, "geo_addr": "北京市房山区姚广孝墓塔", "coord_src": "geocode"}}, {"type": "Feature", "geometry": {"type": "Point", "coordinates": [116.533473, 39.801109]}, "properties": {"name": "明北京城城墙遗存", "level": "国家级", "era": "宋元至明清", "lon": 116.357324, "lat": 39.9003, "elev": 51, "city": "北京城区", "img": "", "wgs_lon": 116.357324, "wgs_lat": 39.9003, "gcj_lon": 116.533473, "gcj_lat": 39.801109, "geo_addr": "北京市大兴区北京城乡", "coord_src": "geocode"}}, {"type": "Feature", "geometry": {"type": "Point", "coordinates": [116.169742, 39.815569]}, "properties": {"name": "镇岗塔", "level": "国家级", "era": "宋元至明清", "lon": 116.162942, "lat": 39.813888, "elev": 76, "city": "北京城区", "img": "", "wgs_lon": 116.162942, "wgs_lat": 39.813888, "gcj_lon": 116.169742, "gcj_lat": 39.815569, "geo_addr": "北京市丰台区镇岗塔", "coord_src": "geocode", "gcj_note": "api_error:10021:CUQPS_HAS_EXCEEDED_THE_LIMIT"}}, {"type": "Feature", "geometry": {"type": "Point", "coordinates": [116.143054, 39.730746]}, "properties": {"name": "良乡多宝佛塔", "level": "国家级", "era": "宋元至明清", "lon": 116.147998, "lat": 39.733137, "elev": 62, "city": "北京城区", "img": "", "wgs_lon": 116.147998, "wgs_lat": 39.733137, "gcj_lon": 116.143054, "gcj_lat": 39.730746, "geo_addr": "北京市房山区良乡", "coord_src": "geocode"}}, {"type": "Feature", "geometry": {"type": "Point", "coordinates": [116.278453, 40.007824]}, "properties": {"name": "中共中央党校旧址", "level": "国家级", "era": "近代以来", "lon": 116.29451, "lat": 40.028934, "elev": 53, "city": "北京城区", "img": "", "wgs_lon": 116.29451, "wgs_lat": 40.028934, "gcj_lon": 116.278453, "gcj_lat": 40.007824, "geo_addr": "北京市海淀区中共中央党校", "coord_src": "geocode", "gcj_note": "api_error:10021:CUQPS_HAS_EXCEEDED_THE_LIMIT"}}, {"type": "Feature", "geometry": {"type": "Point", "coordinates": [116.297569, 39.877022]}, "properties": {"name": "小井红四军医院旧址", "level": "国家级", "era": "近代以来", "lon": 116.296088, "lat": 39.878703, "elev": 48, "city": "北京城区", "img": "", "wgs_lon": 116.296088, "wgs_lat": 39.878703, "gcj_lon": 116.297569, "gcj_lat": 39.877022, "geo_addr": "北京市丰台区小井", "coord_src": "geocode"}}, {"type": "Feature", "geometry": {"type": "Point", "coordinates": [116.16534195210579, 40.05058778761581]}, "properties": {"name": "辛亥滦州起义纪念园", "level": "国家级", "era": "近代以来", "lon": 116.159111, "lat": 40.04925, "elev": 60, "city": "北京城区", "img": "", "wgs_lon": 116.159111, "wgs_lat": 40.04925, "gcj_lon": 116.16534195210579, "gcj_lat": 40.05058778761581, "geo_addr": "", "coord_src": "fallback_local", "gcj_note": "tries_exhausted"}}, {"type": "Feature", "geometry": {"type": "Point", "coordinates": [116.32999133373444, 39.94044371349149]}, "properties": {"name": "清农事试验场旧址", "level": "国家级", "era": "近代以来", "lon": 116.323863, "lat": 39.939139, "elev": 56, "city": "北京城区", "img": "", "wgs_lon": 116.323863, "wgs_lat": 39.939139, "gcj_lon": 116.32999133373444, "gcj_lat": 39.94044371349149, "geo_addr": "", "coord_src": "fallback_local", "gcj_note": "tries_exhausted"}}, {"type": "Feature", "geometry": {"type": "Point", "coordinates": [116.311646, 39.947093]}, "properties": {"name": "万寿寺", "level": "国家级", "era": "宋元至明清", "lon": 116.30486, "lat": 39.944916, "elev": 58, "city": "北京城区", "img": "", "wgs_lon": 116.30486, "wgs_lat": 39.944916, "gcj_lon": 116.311646, "gcj_lat": 39.947093, "geo_addr": "北京市海淀区万寿寺", "coord_src": "geocode"}}, {"type": "Feature", "geometry": {"type": "Point", "coordinates": [116.407387, 39.904179]}, "properties": {"name": "健锐营演武厅", "level": "国家级", "era": "近代以来", "lon": 116.203917, "lat": 39.984028, "elev": 78, "city": "北京城区", "img": "", "wgs_lon": 116.203917, "wgs_lat": 39.984028, "gcj_lon": 116.407387, "gcj_lat": 39.904179, "geo_addr": "北京市", "coord_src": "geocode", "gcj_note": "api_error:30001:ENGINE_RESPONSE_DATA_ERROR"}}, {"type": "Feature", "geometry": {"type": "Point", "coordinates": [116.116901, 40.054431]}, "properties": {"name": "大觉寺", "level": "国家级", "era": "宋元至明清", "lon": 116.099444, "lat": 40.051333, "elev": 143, "city": "北京城区", "img": "", "wgs_lon": 116.099444, "wgs_lat": 40.051333, "gcj_lon": 116.116901, "gcj_lat": 40.054431, "geo_addr": "北京市海淀区大觉寺(公交站)", "coord_src": "geocode"}}, {"type": "Feature", "geometry": {"type": "Point", "coordinates": [116.344471, 39.913068]}, "properties": {"name": "月坛", "level": "国家级", "era": "宋元至明清", "lon": 116.346031, "lat": 39.915078, "elev": 50, "city": "北京城区", "img": "", "wgs_lon": 116.346031, "wgs_lat": 39.915078, "gcj_lon": 116.344471, "gcj_lat": 39.913068, "geo_addr": "北京市西城区月坛", "coord_src": "geocode"}}, {"type": "Feature", "geometry": {"type": "Point", "coordinates": [116.165149, 39.936385]}, "properties": {"name": "承恩寺", "level": "国家级", "era": "宋元至明清", "lon": 116.158582, "lat": 39.934193, "elev": 92, "city": "北京城区", "img": "", "wgs_lon": 116.158582, "wgs_lat": 39.934193, "gcj_lon": 116.165149, "gcj_lat": 39.936385, "geo_addr": "北京市石景山区承恩寺", "coord_src": "geocode"}}, {"type": "Feature", "geometry": {"type": "Point", "coordinates": [116.3477003467854, 39.93054990766918]}, "properties": {"name": "利玛窦和外国传教士墓地", "level": "国家级", "era": "宋元至明清", "lon": 116.341533, "lat": 39.929212, "elev": 59, "city": "北京城区", "img": "", "wgs_lon": 116.341533, "wgs_lat": 39.929212, "gcj_lon": 116.3477003467854, "gcj_lat": 39.93054990766918, "geo_addr": "", "coord_src": "fallback_local", "gcj_note": "tries_exhausted"}}, {"type": "Feature", "geometry": {"type": "Point", "coordinates": [116.407387, 39.904179]}, "properties": {"name": "金陵", "level": "国家级", "era": "史前至先秦", "lon": 115.912804, "lat": 39.748276, "elev": 307, "city": "北京城区", "img": "", "wgs_lon": 115.912804, "wgs_lat": 39.748276, "gcj_lon": 116.407387, "gcj_lat": 39.904179, "geo_addr": "北京市", "coord_src": "geocode", "gcj_note": "api_error:30001:ENGINE_RESPONSE_DATA_ERROR"}}, {"type": "Feature", "geometry": {"type": "Point", "coordinates": [115.907327, 39.744296]}, "properties": {"name": "十字寺遗址", "level": "国家级", "era": "宋元至明清", "lon": 115.90172, "lat": 39.743277, "elev": 310, "city": "北京城区", "img": "", "wgs_lon": 115.90172, "wgs_lat": 39.743277, "gcj_lon": 115.907327, "gcj_lat": 39.744296, "geo_addr": "北京市房山区十字寺遗址", "coord_src": "geocode", "gcj_note": "api_error:10021:CUQPS_HAS_EXCEEDED_THE_LIMIT"}}, {"type": "Feature", "geometry": {"type": "Point", "coordinates": [116.354126, 39.97305]}, "properties": {"name": "元大都城墙遗址", "level": "国家级", "era": "宋元至明清", "lon": 116.354118, "lat": 39.973083, "elev": 60, "city": "北京城区", "img": "", "wgs_lon": 116.354118, "wgs_lat": 39.973083, "gcj_lon": 116.354126, "gcj_lat": 39.97305, "geo_addr": "北京市海淀区元大都城墙遗址", "coord_src": "geocode"}}, {"type": "Feature", "geometry": {"type": "Point", "coordinates": [116.324852, 40.002154]}, "properties": {"name": "清华大学早期建筑", "level": "国家级", "era": "近代以来", "lon": 116.318417, "lat": 40.002222, "elev": 52, "city": "北京城区", "img": "", "wgs_lon": 116.318417, "wgs_lat": 40.002222, "gcj_lon": 116.324852, "gcj_lat": 40.002154, "geo_addr": "北京市海淀区清华大学早期建筑", "coord_src": "geocode", "gcj_note": "api_error:10021:CUQPS_HAS_EXCEEDED_THE_LIMIT"}}, {"type": "Feature", "geometry": {"type": "Point", "coordinates": [116.308911, 39.993827]}, "properties": {"name": "未名湖燕园建筑", "level": "国家级", "era": "宋元至明清", "lon": 116.298611, "lat": 39.993306, "elev": 49, "city": "北京城区", "img": "", "wgs_lon": 116.298611, "wgs_lat": 39.993306, "gcj_lon": 116.308911, "gcj_lat": 39.993827, "geo_addr": "北京市海淀区未名湖燕园建筑", "coord_src": "geocode"}}, {"type": "Feature", "geometry": {"type": "Point", "coordinates": [116.407387, 39.904179]}, "properties": {"name": "十方普觉寺", "level": "国家级", "era": "宋元至明清", "lon": 116.201083, "lat": 40.005389, "elev": 110, "city": "北京城区", "img": "", "wgs_lon": 116.201083, "wgs_lat": 40.005389, "gcj_lon": 116.407387, "gcj_lat": 39.904179, "geo_addr": "北京市", "coord_src": "geocode", "gcj_note": "api_error:10021:CUQPS_HAS_EXCEEDED_THE_LIMIT"}}, {"type": "Feature", "geometry": {"type": "Point", "coordinates": [116.326703, 39.951913]}, "properties": {"name": "大慧寺", "level": "国家级", "era": "宋元至明清", "lon": 116.323417, "lat": 39.95161, "elev": 59, "city": "北京城区", "img": "", "wgs_lon": 116.323417, "wgs_lat": 39.95161, "gcj_lon": 116.326703, "gcj_lat": 39.951913, "geo_addr": "北京市海淀区大慧寺", "coord_src": "geocode"}}, {"type": "Feature", "geometry": {"type": "Point", "coordinates": [116.191364, 39.997479]}, "properties": {"name": "碧云寺", "level": "国家级", "era": "宋元至明清", "lon": 116.185972, "lat": 39.995972, "elev": 149, "city": "北京城区", "img": "", "wgs_lon": 116.185972, "wgs_lat": 39.995972, "gcj_lon": 116.191364, "gcj_lat": 39.997479, "geo_addr": "北京市海淀区碧云寺", "coord_src": "geocode"}}, {"type": "Feature", "geometry": {"type": "Point", "coordinates": [116.097552, 39.904426]}, "properties": {"name": "万佛堂、孔水洞石刻及塔", "level": "国家级", "era": "宋元至明清", "lon": 115.989665, "lat": 39.789443, "elev": 91, "city": "北京城区", "img": "", "wgs_lon": 115.989665, "wgs_lat": 39.789443, "gcj_lon": 116.097552, "gcj_lat": 39.904426, "geo_addr": "北京市门头沟区万佛堂村", "coord_src": "geocode", "gcj_note": "api_error:30001:ENGINE_RESPONSE_DATA_ERROR"}}, {"type": "Feature", "geometry": {"type": "Point", "coordinates": [116.343778, 39.901266]}, "properties": {"name": "白云观", "level": "国家级", "era": "宋元至明清", "lon": 116.337626, "lat": 39.899906, "elev": 54, "city": "北京城区", "img": "", "wgs_lon": 116.337626, "wgs_lat": 39.899906, "gcj_lon": 116.343778, "gcj_lat": 39.901266, "geo_addr": "北京市西城区白云观", "coord_src": "geocode"}}, {"type": "Feature", "geometry": {"type": "Point", "coordinates": [116.030264, 39.878813]}, "properties": {"name": "潭柘寺", "level": "国家级", "era": "宋元至明清", "lon": 116.024805, "lat": 39.912638, "elev": 642, "city": "北京城区", "img": "", "wgs_lon": 116.024805, "wgs_lat": 39.912638, "gcj_lon": 116.030264, "gcj_lat": 39.878813, "geo_addr": "北京市门头沟区潭柘寺镇", "coord_src": "geocode", "gcj_note": "api_error:10021:CUQPS_HAS_EXCEEDED_THE_LIMIT"}}, {"type": "Feature", "geometry": {"type": "Point", "coordinates": [116.242294, 40.003534]}, "properties": {"name": "景泰陵", "level": "国家级", "era": "宋元至明清", "lon": 116.236056, "lat": 40.002722, "elev": 80, "city": "北京城区", "img": "", "wgs_lon": 116.236056, "wgs_lat": 40.002722, "gcj_lon": 116.242294, "gcj_lat": 40.003534, "geo_addr": "北京市海淀区景泰陵(不对外开放)", "coord_src": "geocode"}}, {"type": "Feature", "geometry": {"type": "Point", "coordinates": [116.358825, 39.862681]}, "properties": {"name": "金中都水关遗址", "level": "国家级", "era": "秦汉至隋唐", "lon": 116.354166, "lat": 39.869443, "elev": 49, "city": "北京城区", "img": "", "wgs_lon": 116.354166, "wgs_lat": 39.869443, "gcj_lon": 116.358825, "gcj_lat": 39.862681, "geo_addr": "北京市丰台区金中都水关遗址", "coord_src": "geocode", "gcj_note": "api_error:10021:CUQPS_HAS_EXCEEDED_THE_LIMIT"}}, {"type": "Feature", "geometry": {"type": "Point", "coordinates": [116.338142, 39.969078]}, "properties": {"name": "觉生寺", "level": "国家级", "era": "宋元至明清", "lon": 116.331833, "lat": 39.967056, "elev": 52, "city": "北京城区", "img": "", "wgs_lon": 116.331833, "wgs_lat": 39.967056, "gcj_lon": 116.338142, "gcj_lat": 39.969078, "geo_addr": "北京市海淀区觉生寺", "coord_src": "geocode"}}, {"type": "Feature", "geometry": {"type": "Point", "coordinates": [116.085999, 39.873455]}, "properties": {"name": "戒台寺", "level": "国家级", "era": "宋元至明清", "lon": 116.080249, "lat": 39.868888, "elev": 398, "city": "北京城区", "img": "", "wgs_lon": 116.080249, "wgs_lat": 39.868888, "gcj_lon": 116.085999, "gcj_lat": 39.873455, "geo_addr": "北京市门头沟区戒台寺(公交站)", "coord_src": "geocode", "gcj_note": "api_error:10021:CUQPS_HAS_EXCEEDED_THE_LIMIT"}}, {"type": "Feature", "geometry": {"type": "Point", "coordinates": [116.407387, 39.904179]}, "properties": {"name": "圆明园遗址", "level": "国家级", "era": "近代以来", "lon": 116.306806, "lat": 40.012056, "elev": 46, "city": "北京城区", "img": "", "wgs_lon": 116.306806, "wgs_lat": 40.012056, "gcj_lon": 116.407387, "gcj_lat": 39.904179, "geo_addr": "北京市", "coord_src": "geocode", "gcj_note": "api_error:30001:ENGINE_RESPONSE_DATA_ERROR"}}, {"type": "Feature", "geometry": {"type": "Point", "coordinates": [116.032168, 39.600109]}, "properties": {"name": "琉璃河遗址", "level": "国家级", "era": "史前至先秦", "lon": 116.050275, "lat": 39.615304, "elev": 33, "city": "北京城区", "img": "", "wgs_lon": 116.050275, "wgs_lat": 39.615304, "gcj_lon": 116.032168, "gcj_lat": 39.600109, "geo_addr": "北京市房山区琉璃河", "coord_src": "geocode", "gcj_note": "api_error:10021:CUQPS_HAS_EXCEEDED_THE_LIMIT"}}, {"type": "Feature", "geometry": {"type": "Point", "coordinates": [116.345924, 39.895064]}, "properties": {"name": "天宁寺塔", "level": "国家级", "era": "宋元至明清", "lon": 116.339765, "lat": 39.893731, "elev": 52, "city": "北京城区", "img": "", "wgs_lon": 116.339765, "wgs_lat": 39.893731, "gcj_lon": 116.345924, "gcj_lat": 39.895064, "geo_addr": "北京市西城区天宁寺塔", "coord_src": "geocode"}}, {"type": "Feature", "geometry": {"type": "Point", "coordinates": [116.363741, 39.884513]}, "properties": {"name": "牛街礼拜寺", "level": "国家级", "era": "宋元至明清", "lon": 116.271622, "lat": 40.006691, "elev": 60, "city": "北京城区", "img": "", "wgs_lon": 116.271622, "wgs_lat": 40.006691, "gcj_lon": 116.363741, "gcj_lat": 39.884513, "geo_addr": "北京市西城区牛街礼拜寺(公交站)", "coord_src": "geocode"}}, {"type": "Feature", "geometry": {"type": "Point", "coordinates": [116.159458, 39.941477]}, "properties": {"name": "法海寺", "level": "国家级", "era": "宋元至明清", "lon": 116.153693, "lat": 39.939556, "elev": 132, "city": "北京城区", "img": "", "wgs_lon": 116.153693, "wgs_lat": 39.939556, "gcj_lon": 116.159458, "gcj_lat": 39.941477, "geo_addr": "北京市石景山区法海寺", "coord_src": "geocode", "gcj_note": "api_error:10021:CUQPS_HAS_EXCEEDED_THE_LIMIT"}}, {"type": "Feature", "geometry": {"type": "Point", "coordinates": [115.932954, 39.689751]}, "properties": {"name": "周口店遗址", "level": "国家级", "era": "史前至先秦", "lon": 115.924831, "lat": 39.68897, "elev": 118, "city": "北京城区", "img": "", "wgs_lon": 115.924831, "wgs_lat": 39.68897, "gcj_lon": 115.932954, "gcj_lat": 39.689751, "geo_addr": "北京市房山区周口店遗址(出口)", "coord_src": "geocode"}}, {"type": "Feature", "geometry": {"type": "Point", "coordinates": [116.275179, 39.999617]}, "properties": {"name": "颐和园", "level": "国家级", "era": "宋元至明清", "lon": 116.163227, "lat": 39.594797, "elev": 32, "city": "北京城区", "img": "", "wgs_lon": 116.163227, "wgs_lat": 39.594797, "gcj_lon": 116.275179, "gcj_lat": 39.999617, "geo_addr": "北京市海淀区颐和园", "coord_src": "geocode", "gcj_note": "api_error:10021:CUQPS_HAS_EXCEEDED_THE_LIMIT"}}, {"type": "Feature", "geometry": {"type": "Point", "coordinates": [116.363323, 39.925652]}, "properties": {"name": "妙应寺白塔", "level": "国家级", "era": "宋元至明清", "lon": 116.357166, "lat": 39.923483, "elev": 57, "city": "北京城区", "img": "", "wgs_lon": 116.357166, "wgs_lat": 39.923483, "gcj_lon": 116.363323, "gcj_lat": 39.925652, "geo_addr": "北京市西城区妙应寺白塔", "coord_src": "geocode"}}, {"type": "Feature", "geometry": {"type": "Point", "coordinates": [116.220393, 39.850512]}, "properties": {"name": "卢沟桥", "level": "国家级", "era": "宋元至明清", "lon": 116.280486, "lat": 39.871741, "elev": 51, "city": "北京城区", "img": "", "wgs_lon": 116.280486, "wgs_lat": 39.871741, "gcj_lon": 116.220393, "gcj_lat": 39.850512, "geo_addr": "北京市丰台区卢沟桥", "coord_src": "geocode", "gcj_note": "api_error:10021:CUQPS_HAS_EXCEEDED_THE_LIMIT"}}, {"type": "Feature", "geometry": {"type": "Point", "coordinates": [117.201509, 39.085318]}, "properties": {"name": "紫竹禅林寺", "level": "省级", "era": "宋元至明清", "lon": 116.922084, "lat": 39.620689, "elev": 13, "city": "天津城区", "img": "", "wgs_lon": 116.922084, "wgs_lat": 39.620689, "gcj_lon": 117.201509, "gcj_lat": 39.085318, "geo_addr": "天津市", "coord_src": "geocode", "gcj_note": "api_error:30001:ENGINE_RESPONSE_DATA_ERROR"}}, {"type": "Feature", "geometry": {"type": "Point", "coordinates": [116.407387, 39.904179]}, "properties": {"name": "窦默墓碑", "level": "省级", "era": "宋元至明清", "lon": 116.674231, "lat": 39.990775, "elev": 29, "city": "北京城区", "img": "", "wgs_lon": 116.674231, "wgs_lat": 39.990775, "gcj_lon": 116.407387, "gcj_lat": 39.904179, "geo_addr": "北京市", "coord_src": "geocode", "gcj_note": "api_error:10021:CUQPS_HAS_EXCEEDED_THE_LIMIT"}}, {"type": "Feature", "geometry": {"type": "Point", "coordinates": [116.80787, 39.94428]}, "properties": {"name": "兴州行宫", "level": "省级", "era": "宋元至明清", "lon": 116.801816, "lat": 39.943097, "elev": 28, "city": "廊坊市", "img": "", "wgs_lon": 116.801816, "wgs_lat": 39.943097, "gcj_lon": 116.80787, "gcj_lat": 39.94428, "geo_addr": "河北省廊坊市三河市行宫村", "coord_src": "geocode"}}, {"type": "Feature", "geometry": {"type": "Point", "coordinates": [116.407387, 39.904179]}, "properties": {"name": "千秋台遗址", "level": "省级", "era": "宋元至明清", "lon": 116.535772, "lat": 39.881559, "elev": 38, "city": "北京城区", "img": "", "wgs_lon": 116.535772, "wgs_lat": 39.881559, "gcj_lon": 116.407387, "gcj_lat": 39.904179, "geo_addr": "北京市", "coord_src": "geocode", "gcj_note": "api_error:30001:ENGINE_RESPONSE_DATA_ERROR"}}, {"type": "Feature", "geometry": {"type": "Point", "coordinates": [116.58840288116161, 39.89768308890797]}, "properties": {"name": "锦承线日伪铁路碉堡群", "level": "省级", "era": "近代以来", "lon": 116.582616, "lat": 39.89664, "elev": 34, "city": "北京城区", "img": "", "wgs_lon": 116.582616, "wgs_lat": 39.89664, "gcj_lon": 116.58840288116161, "gcj_lat": 39.89768308890797, "geo_addr": "", "coord_src": "fallback_local", "gcj_note": "tries_exhausted"}}, {"type": "Feature", "geometry": {"type": "Point", "coordinates": [116.407387, 39.904179]}, "properties": {"name": "魏太和造像", "level": "省级", "era": "秦汉至隋唐", "lon": 116.395062, "lat": 39.903971, "elev": 54, "city": "北京城区", "img": "", "wgs_lon": 116.395062, "wgs_lat": 39.903971, "gcj_lon": 116.407387, "gcj_lat": 39.904179, "geo_addr": "北京市", "coord_src": "geocode", "gcj_note": "api_error:30001:ENGINE_RESPONSE_DATA_ERROR"}}, {"type": "Feature", "geometry": {"type": "Point", "coordinates": [116.381018, 39.873108]}, "properties": {"name": "陶然亭、慈悲庵", "level": "省级", "era": "宋元至明清", "lon": 116.374797, "lat": 39.871722, "elev": 45, "city": "北京城区", "img": "", "wgs_lon": 116.374797, "wgs_lat": 39.871722, "gcj_lon": 116.381018, "gcj_lat": 39.873108, "geo_addr": "北京市西城区陶然亭慈悲庵", "coord_src": "geocode", "gcj_note": "api_error:10021:CUQPS_HAS_EXCEEDED_THE_LIMIT"}}, {"type": "Feature", "geometry": {"type": "Point", "coordinates": [116.396501, 39.90292]}, "properties": {"name": "毛主席纪念堂", "level": "省级", "era": "近代以来", "lon": 116.391574, "lat": 39.901116, "elev": 59, "city": "北京城区", "img": "", "wgs_lon": 116.391574, "wgs_lat": 39.901116, "gcj_lon": 116.396501, "gcj_lat": 39.90292, "geo_addr": "北京市东城区毛主席纪念堂(西门)", "coord_src": "geocode"}}, {"type": "Feature", "geometry": {"type": "Point", "coordinates": [116.407387, 39.904179]}, "properties": {"name": "毛主席故居", "level": "省级", "era": "近代以来", "lon": 116.391054, "lat": 39.942619, "elev": 55, "city": "北京城区", "img": "", "wgs_lon": 116.391054, "wgs_lat": 39.942619, "gcj_lon": 116.407387, "gcj_lat": 39.904179, "geo_addr": "北京市", "coord_src": "geocode", "gcj_note": "api_error:10021:CUQPS_HAS_EXCEEDED_THE_LIMIT"}}, {"type": "Feature", "geometry": {"type": "Point", "coordinates": [116.663218, 39.914063]}, "properties": {"name": "李卓吾墓", "level": "省级", "era": "宋元至明清", "lon": 116.657331, "lat": 39.912959, "elev": 28, "city": "北京城区", "img": "", "wgs_lon": 116.657331, "wgs_lat": 39.912959, "gcj_lon": 116.663218, "gcj_lat": 39.914063, "geo_addr": "北京市通州区李卓吾墓", "coord_src": "geocode"}}, {"type": "Feature", "geometry": {"type": "Point", "coordinates": [116.407387, 39.904179]}, "properties": {"name": "北新仓", "level": "省级", "era": "宋元至明清", "lon": 116.422459, "lat": 39.93908, "elev": 50, "city": "北京城区", "img": "", "wgs_lon": 116.422459, "wgs_lat": 39.93908, "gcj_lon": 116.407387, "gcj_lat": 39.904179, "geo_addr": "北京市", "coord_src": "geocode", "gcj_note": "api_error:10021:CUQPS_HAS_EXCEEDED_THE_LIMIT"}}, {"type": "Feature", "geometry": {"type": "Point", "coordinates": [116.42936, 39.917773]}, "properties": {"name": "禄米仓", "level": "省级", "era": "宋元至明清", "lon": 116.423129, "lat": 39.916378, "elev": 49, "city": "北京城区", "img": "", "wgs_lon": 116.423129, "wgs_lat": 39.916378, "gcj_lon": 116.42936, "gcj_lat": 39.917773, "geo_addr": "北京市东城区禄米仓", "coord_src": "geocode"}}, {"type": "Feature", "geometry": {"type": "Point", "coordinates": [116.417008, 39.923353]}, "properties": {"name": "东四清真寺", "level": "省级", "era": "宋元至明清", "lon": 116.410765, "lat": 39.92195, "elev": 54, "city": "北京城区", "img": "", "wgs_lon": 116.410765, "wgs_lat": 39.92195, "gcj_lon": 116.417008, "gcj_lat": 39.923353, "geo_addr": "北京市东城区东四清真寺", "coord_src": "geocode", "gcj_note": "api_error:10021:CUQPS_HAS_EXCEEDED_THE_LIMIT"}}, {"type": "Feature", "geometry": {"type": "Point", "coordinates": [116.440273, 39.89544]}, "properties": {"name": "隆安寺", "level": "省级", "era": "宋元至明清", "lon": 116.434061, "lat": 39.894059, "elev": 49, "city": "北京城区", "img": "", "wgs_lon": 116.434061, "wgs_lat": 39.894059, "gcj_lon": 116.440273, "gcj_lat": 39.89544, "geo_addr": "北京市东城区隆安寺(不对外开放)", "coord_src": "geocode"}}, {"type": "Feature", "geometry": {"type": "Point", "coordinates": [116.403968, 39.928403]}, "properties": {"name": "嵩祝寺及智珠寺", "level": "省级", "era": "宋元至明清", "lon": 116.397722, "lat": 39.926998, "elev": 53, "city": "北京城区", "img": "", "wgs_lon": 116.397722, "wgs_lat": 39.926998, "gcj_lon": 116.403968, "gcj_lat": 39.928403, "geo_addr": "北京市东城区嵩祝寺及智珠寺", "coord_src": "geocode"}}, {"type": "Feature", "geometry": {"type": "Point", "coordinates": [116.402986, 39.922855]}, "properties": {"name": "宣仁庙", "level": "省级", "era": "宋元至明清", "lon": 116.39674, "lat": 39.92145, "elev": 50, "city": "北京城区", "img": "", "wgs_lon": 116.39674, "wgs_lat": 39.92145, "gcj_lon": 116.402986, "gcj_lat": 39.922855, "geo_addr": "北京市东城区宣仁庙", "coord_src": "geocode", "gcj_note": "api_error:10021:CUQPS_HAS_EXCEEDED_THE_LIMIT"}}, {"type": "Feature", "geometry": {"type": "Point", "coordinates": [116.402951, 39.918969]}, "properties": {"name": "凝和庙", "level": "省级", "era": "宋元至明清", "lon": 116.396706, "lat": 39.917565, "elev": 53, "city": "北京城区", "img": "", "wgs_lon": 116.396706, "wgs_lat": 39.917565, "gcj_lon": 116.402951, "gcj_lat": 39.918969, "geo_addr": "北京市东城区凝和庙(西1门)", "coord_src": "geocode"}}, {"type": "Feature", "geometry": {"type": "Point", "coordinates": [116.412565, 39.935621]}, "properties": {"name": "和敬公主府", "level": "省级", "era": "宋元至明清", "lon": 116.406319, "lat": 39.934216, "elev": 53, "city": "北京城区", "img": "", "wgs_lon": 116.406319, "wgs_lat": 39.934216, "gcj_lon": 116.412565, "gcj_lat": 39.935621, "geo_addr": "北京市东城区和敬公主府(北门)", "coord_src": "geocode", "gcj_note": "api_error:10021:CUQPS_HAS_EXCEEDED_THE_LIMIT"}}, {"type": "Feature", "geometry": {"type": "Point", "coordinates": [116.423742, 39.907497]}, "properties": {"name": "于谦祠", "level": "省级", "era": "宋元至明清", "lon": 116.417096, "lat": 39.906301, "elev": 51, "city": "北京城区", "img": "", "wgs_lon": 116.417096, "wgs_lat": 39.906301, "gcj_lon": 116.423742, "gcj_lat": 39.907497, "geo_addr": "北京市东城区于谦祠(入口)", "coord_src": "geocode"}}, {"type": "Feature", "geometry": {"type": "Point", "coordinates": [116.407387, 39.904179]}, "properties": {"name": "阳平会馆戏楼", "level": "省级", "era": "宋元至明清", "lon": 116.475257, "lat": 39.910803, "elev": 48, "city": "北京城区", "img": "", "wgs_lon": 116.475257, "wgs_lat": 39.910803, "gcj_lon": 116.407387, "gcj_lat": 39.904179, "geo_addr": "北京市", "coord_src": "geocode", "gcj_note": "api_error:10021:CUQPS_HAS_EXCEEDED_THE_LIMIT"}}, {"type": "Feature", "geometry": {"type": "Point", "coordinates": [116.403565726838, 39.89589882600045]}, "properties": {"name": "福建汀洲会馆北馆", "level": "省级", "era": "宋元至明清", "lon": 116.397324, "lat": 39.894496, "elev": 52, "city": "北京城区", "img": "", "wgs_lon": 116.397324, "wgs_lat": 39.894496, "gcj_lon": 116.403565726838, "gcj_lat": 39.89589882600045, "geo_addr": "", "coord_src": "fallback_local", "gcj_note": "tries_exhausted"}}, {"type": "Feature", "geometry": {"type": "Point", "coordinates": [116.399355, 39.936477]}, "properties": {"name": "旧宅园", "level": "省级", "era": "宋元至明清", "lon": 116.393109, "lat": 39.935074, "elev": 51, "city": "北京城区", "img": "", "wgs_lon": 116.393109, "wgs_lat": 39.935074, "gcj_lon": 116.399355, "gcj_lat": 39.936477, "geo_addr": "北京市东城区旧宅园(帽儿胡同)", "coord_src": "geocode", "gcj_note": "api_error:10021:CUQPS_HAS_EXCEEDED_THE_LIMIT"}}, {"type": "Feature", "geometry": {"type": "Point", "coordinates": [116.419852, 39.918463]}, "properties": {"name": "东城区礼士胡同一百二十九号四合院", "level": "省级", "era": "近代以来", "lon": 116.413611, "lat": 39.917061, "elev": 53, "city": "北京城区", "img": "", "wgs_lon": 116.413611, "wgs_lat": 39.917061, "gcj_lon": 116.419852, "gcj_lat": 39.918463, "geo_addr": "北京市东城区礼士胡同129号四合院(正门)", "coord_src": "geocode"}}, {"type": "Feature", "geometry": {"type": "Point", "coordinates": [116.425574, 39.91935]}, "properties": {"name": "东城区内务部街十一号四合院", "level": "省级", "era": "宋元至明清", "lon": 116.419338, "lat": 39.917952, "elev": 53, "city": "北京城区", "img": "", "wgs_lon": 116.419338, "wgs_lat": 39.917952, "gcj_lon": 116.425574, "gcj_lat": 39.91935, "geo_addr": "北京市东城区内务部街十一号四合院", "coord_src": "geocode", "gcj_note": "api_error:10021:CUQPS_HAS_EXCEEDED_THE_LIMIT"}}, {"type": "Feature", "geometry": {"type": "Point", "coordinates": [116.419997, 39.917986]}, "properties": {"name": "东城区圆恩寺后街七号、九号四合院", "level": "省级", "era": "近代以来", "lon": 116.413757, "lat": 39.916584, "elev": 53, "city": "北京城区", "img": "", "wgs_lon": 116.413757, "wgs_lat": 39.916584, "gcj_lon": 116.419997, "gcj_lat": 39.917986, "geo_addr": "北京市东城区四合院", "coord_src": "geocode"}}, {"type": "Feature", "geometry": {"type": "Point", "coordinates": [116.398978, 39.946524]}, "properties": {"name": "东城区国祥胡同二号四合院", "level": "省级", "era": "宋元至明清", "lon": 116.392731, "lat": 39.945121, "elev": 54, "city": "北京城区", "img": "", "wgs_lon": 116.392731, "wgs_lat": 39.945121, "gcj_lon": 116.398978, "gcj_lat": 39.946524, "geo_addr": "北京市东城区国祥胡同甲2号四合院(国祥胡同)", "coord_src": "geocode"}}, {"type": "Feature", "geometry": {"type": "Point", "coordinates": [116.414561, 39.944403]}, "properties": {"name": "东城区方家胡同十三号、十五号四合院", "level": "省级", "era": "宋元至明清", "lon": 116.408314, "lat": 39.942998, "elev": 53, "city": "北京城区", "img": "", "wgs_lon": 116.408314, "wgs_lat": 39.942998, "gcj_lon": 116.414561, "gcj_lat": 39.944403, "geo_addr": "北京市东城区方家胡同13号", "coord_src": "geocode", "gcj_note": "api_error:10021:CUQPS_HAS_EXCEEDED_THE_LIMIT"}}, {"type": "Feature", "geometry": {"type": "Point", "coordinates": [116.408852, 39.937428]}, "properties": {"name": "东城区府学胡同三十六号（包括交道口南大街一百三十六号）四合院", "level": "省级", "era": "宋元至明清", "lon": 116.41646, "lat": 39.939864, "elev": 50, "city": "北京城区", "img": "", "wgs_lon": 116.41646, "wgs_lat": 39.939864, "gcj_lon": 116.408852, "gcj_lat": 39.937428, "geo_addr": "北京市东城区府学胡同交道口南大街100号", "coord_src": "geocode"}}, {"type": "Feature", "geometry": {"type": "Point", "coordinates": [116.410012, 39.89781]}, "properties": {"name": "崇文区新开路二十号四合院", "level": "省级", "era": "近代以来", "lon": 116.40377, "lat": 39.896407, "elev": 49, "city": "北京城区", "img": "", "wgs_lon": 116.40377, "wgs_lat": 39.896407, "gcj_lon": 116.410012, "gcj_lat": 39.89781, "geo_addr": "北京市东城区崇文区新开路二十号四合院", "coord_src": "geocode", "gcj_note": "api_error:10021:CUQPS_HAS_EXCEEDED_THE_LIMIT"}}, {"type": "Feature", "geometry": {"type": "Point", "coordinates": [116.411642, 39.945485]}, "properties": {"name": "国子监街", "level": "省级", "era": "宋元至明清", "lon": 116.405394, "lat": 39.94408, "elev": 49, "city": "北京城区", "img": "", "wgs_lon": 116.405394, "wgs_lat": 39.94408, "gcj_lon": 116.411642, "gcj_lat": 39.945485, "geo_addr": "北京市东城区国子监街", "coord_src": "geocode"}}, {"type": "Feature", "geometry": {"type": "Point", "coordinates": [116.407387, 39.904179]}, "properties": {"name": "顺天府学", "level": "省级", "era": "宋元至明清", "lon": 116.411707, "lat": 39.923912, "elev": 52, "city": "北京城区", "img": "", "wgs_lon": 116.411707, "wgs_lat": 39.923912, "gcj_lon": 116.407387, "gcj_lat": 39.904179, "geo_addr": "北京市", "coord_src": "geocode", "gcj_note": "api_error:10021:CUQPS_HAS_EXCEEDED_THE_LIMIT"}}, {"type": "Feature", "geometry": {"type": "Point", "coordinates": [116.367716, 39.927861]}, "properties": {"name": "程砚秋故居", "level": "省级", "era": "近代以来", "lon": 116.361508, "lat": 39.926489, "elev": 58, "city": "北京城区", "img": "", "wgs_lon": 116.361508, "wgs_lat": 39.926489, "gcj_lon": 116.367716, "gcj_lat": 39.927861, "geo_addr": "北京市西城区程砚秋故居(不对外开放)", "coord_src": "geocode"}}, {"type": "Feature", "geometry": {"type": "Point", "coordinates": [116.391294, 39.919497]}, "properties": {"name": "福佑寺", "level": "省级", "era": "宋元至明清", "lon": 116.385056, "lat": 39.918099, "elev": 51, "city": "北京城区", "img": "", "wgs_lon": 116.385056, "wgs_lat": 39.918099, "gcj_lon": 116.391294, "gcj_lat": 39.919497, "geo_addr": "北京市西城区福佑寺(西门)", "coord_src": "geocode", "gcj_note": "api_error:10021:CUQPS_HAS_EXCEEDED_THE_LIMIT"}}, {"type": "Feature", "geometry": {"type": "Point", "coordinates": [116.390893, 39.941355]}, "properties": {"name": "广化寺", "level": "省级", "era": "宋元至明清", "lon": 116.384652, "lat": 39.939956, "elev": 52, "city": "北京城区", "img": "", "wgs_lon": 116.384652, "wgs_lat": 39.939956, "gcj_lon": 116.390893, "gcj_lat": 39.941355, "geo_addr": "北京市西城区广化寺", "coord_src": "geocode"}}, {"type": "Feature", "geometry": {"type": "Point", "coordinates": [116.3753, 39.935898]}, "properties": {"name": "护国寺金刚殿", "level": "省级", "era": "宋元至明清", "lon": 116.369079, "lat": 39.934516, "elev": 56, "city": "北京城区", "img": "", "wgs_lon": 116.369079, "wgs_lat": 39.934516, "gcj_lon": 116.3753, "gcj_lat": 39.935898, "geo_addr": "北京市西城区护国寺金刚殿(不对外开放)", "coord_src": "geocode", "gcj_note": "api_error:10021:CUQPS_HAS_EXCEEDED_THE_LIMIT"}}, {"type": "Feature", "geometry": {"type": "Point", "coordinates": [116.372003, 39.885734]}, "properties": {"name": "湖南会馆", "level": "省级", "era": "宋元至明清", "lon": 116.365793, "lat": 39.884358, "elev": 52, "city": "北京城区", "img": "", "wgs_lon": 116.365793, "wgs_lat": 39.884358, "gcj_lon": 116.372003, "gcj_lat": 39.885734, "geo_addr": "北京市西城区湖南会馆(不对外开放)", "coord_src": "geocode"}}, {"type": "Feature", "geometry": {"type": "Point", "coordinates": [116.407387, 39.904179]}, "properties": {"name": "火德真君庙", "level": "省级", "era": "宋元至明清", "lon": 116.389325, "lat": 39.935612, "elev": 52, "city": "北京城区", "img": "", "wgs_lon": 116.389325, "wgs_lat": 39.935612, "gcj_lon": 116.407387, "gcj_lat": 39.904179, "geo_addr": "北京市", "coord_src": "geocode", "gcj_note": "api_error:10021:CUQPS_HAS_EXCEEDED_THE_LIMIT"}}, {"type": "Feature", "geometry": {"type": "Point", "coordinates": [116.407387, 39.904179]}, "properties": {"name": "康有为故居", "level": "省级", "era": "宋元至明清", "lon": 116.369589, "lat": 39.886603, "elev": 55, "city": "北京城区", "img": "", "wgs_lon": 116.369589, "wgs_lat": 39.886603, "gcj_lon": 116.407387, "gcj_lat": 39.904179, "geo_addr": "北京市", "coord_src": "geocode", "gcj_note": "api_error:10021:CUQPS_HAS_EXCEEDED_THE_LIMIT"}}, {"type": "Feature", "geometry": {"type": "Point", "coordinates": [116.376444, 39.920645]}, "properties": {"name": "礼王府", "level": "省级", "era": "宋元至明清", "lon": 116.370223, "lat": 39.919262, "elev": 55, "city": "北京城区", "img": "", "wgs_lon": 116.370223, "wgs_lat": 39.919262, "gcj_lon": 116.376444, "gcj_lat": 39.920645, "geo_addr": "北京市西城区礼王府(不对外开放)", "coord_src": "geocode", "gcj_note": "api_error:10021:CUQPS_HAS_EXCEEDED_THE_LIMIT"}}, {"type": "Feature", "geometry": {"type": "Point", "coordinates": [116.382177, 39.902722]}, "properties": {"name": "吕祖阁", "level": "省级", "era": "宋元至明清", "lon": 116.37595, "lat": 39.901333, "elev": 57, "city": "北京城区", "img": "", "wgs_lon": 116.37595, "wgs_lat": 39.901333, "gcj_lon": 116.382177, "gcj_lat": 39.902722, "geo_addr": "北京市西城区吕祖阁", "coord_src": "geocode", "gcj_note": "api_error:10021:CUQPS_HAS_EXCEEDED_THE_LIMIT"}}, {"type": "Feature", "geometry": {"type": "Point", "coordinates": [116.379898, 39.936164]}, "properties": {"name": "庆王府", "level": "省级", "era": "宋元至明清", "lon": 116.37367, "lat": 39.934776, "elev": 57, "city": "北京城区", "img": "", "wgs_lon": 116.37367, "wgs_lat": 39.934776, "gcj_lon": 116.379898, "gcj_lat": 39.936164, "geo_addr": "北京市西城区庆王府(西1门)", "coord_src": "geocode"}}, {"type": "Feature", "geometry": {"type": "Point", "coordinates": [116.407387, 39.904179]}, "properties": {"name": "升平署戏楼", "level": "省级", "era": "宋元至明清", "lon": 116.383938, "lat": 39.985809, "elev": 51, "city": "北京城区", "img": "", "wgs_lon": 116.383938, "wgs_lat": 39.985809, "gcj_lon": 116.407387, "gcj_lat": 39.904179, "geo_addr": "北京市", "coord_src": "geocode", "gcj_note": "api_error:10021:CUQPS_HAS_EXCEEDED_THE_LIMIT"}}, {"type": "Feature", "geometry": {"type": "Point", "coordinates": [116.371708, 39.938582]}, "properties": {"name": "西城区前公用胡同15号四合院", "level": "省级", "era": "宋元至明清", "lon": 116.365492, "lat": 39.937204, "elev": 56, "city": "北京城区", "img": "", "wgs_lon": 116.365492, "wgs_lat": 39.937204, "gcj_lon": 116.371708, "gcj_lat": 39.938582, "geo_addr": "北京市西城区前公用胡同15号", "coord_src": "geocode"}}, {"type": "Feature", "geometry": {"type": "Point", "coordinates": [116.373161, 39.896591]}, "properties": {"name": "杨椒山祠（松筠庵）", "level": "省级", "era": "宋元至明清", "lon": 116.366948, "lat": 39.895213, "elev": 52, "city": "北京城区", "img": "", "wgs_lon": 116.366948, "wgs_lat": 39.895213, "gcj_lon": 116.373161, "gcj_lat": 39.896591, "geo_addr": "北京市西城区杨椒山祠(暂停开放)", "coord_src": "geocode", "gcj_note": "api_error:10021:CUQPS_HAS_EXCEEDED_THE_LIMIT"}}, {"type": "Feature", "geometry": {"type": "Point", "coordinates": [116.380106, 39.872581]}, "properties": {"name": "云绘楼清音阁", "level": "省级", "era": "宋元至明清", "lon": 116.373886, "lat": 39.871196, "elev": 45, "city": "北京城区", "img": "", "wgs_lon": 116.373886, "wgs_lat": 39.871196, "gcj_lon": 116.380106, "gcj_lat": 39.872581, "geo_addr": "北京市西城区云绘楼", "coord_src": "geocode"}}, {"type": "Feature", "geometry": {"type": "Point", "coordinates": [116.390622, 39.918247]}, "properties": {"name": "昭显庙", "level": "省级", "era": "宋元至明清", "lon": 116.384384, "lat": 39.91685, "elev": 52, "city": "北京城区", "img": "", "wgs_lon": 116.384384, "wgs_lat": 39.91685, "gcj_lon": 116.390622, "gcj_lat": 39.918247, "geo_addr": "北京市西城区昭显庙", "coord_src": "geocode", "gcj_note": "api_error:10021:CUQPS_HAS_EXCEEDED_THE_LIMIT"}}, {"type": "Feature", "geometry": {"type": "Point", "coordinates": [116.370746, 39.912048]}, "properties": {"name": "郑王府", "level": "省级", "era": "宋元至明清", "lon": 116.364535, "lat": 39.910673, "elev": 54, "city": "北京城区", "img": "", "wgs_lon": 116.364535, "wgs_lat": 39.910673, "gcj_lon": 116.370746, "gcj_lat": 39.912048, "geo_addr": "北京市西城区郑王府", "coord_src": "geocode"}}, {"type": "Feature", "geometry": {"type": "Point", "coordinates": [116.375301, 39.882888]}, "properties": {"name": "中山会馆", "level": "省级", "era": "宋元至明清", "lon": 116.369086, "lat": 39.881508, "elev": 49, "city": "北京城区", "img": "", "wgs_lon": 116.369086, "wgs_lat": 39.881508, "gcj_lon": 116.375301, "gcj_lat": 39.882888, "geo_addr": "北京市西城区中山会馆", "coord_src": "geocode"}}, {"type": "Feature", "geometry": {"type": "Point", "coordinates": [116.407387, 39.904179]}, "properties": {"name": "朱彝尊故居", "level": "省级", "era": "宋元至明清", "lon": 116.398423, "lat": 39.937284, "elev": 55, "city": "北京城区", "img": "", "wgs_lon": 116.398423, "wgs_lat": 39.937284, "gcj_lon": 116.407387, "gcj_lat": 39.904179, "geo_addr": "北京市", "coord_src": "geocode", "gcj_note": "api_error:30001:ENGINE_RESPONSE_DATA_ERROR"}}, {"type": "Feature", "geometry": {"type": "Point", "coordinates": [116.407387, 39.904179]}, "properties": {"name": "顺承郡王府", "level": "省级", "era": "宋元至明清", "lon": 116.480378, "lat": 39.934206, "elev": 42, "city": "北京城区", "img": "", "wgs_lon": 116.480378, "wgs_lat": 39.934206, "gcj_lon": 116.407387, "gcj_lat": 39.904179, "geo_addr": "北京市", "coord_src": "geocode", "gcj_note": "api_error:30001:ENGINE_RESPONSE_DATA_ERROR"}}, {"type": "Feature", "geometry": {"type": "Point", "coordinates": [116.451134, 39.902905]}, "properties": {"name": "乐家花园", "level": "省级", "era": "宋元至明清", "lon": 116.444945, "lat": 39.901541, "elev": 37, "city": "北京城区", "img": "", "wgs_lon": 116.444945, "wgs_lat": 39.901541, "gcj_lon": 116.451134, "gcj_lat": 39.902905, "geo_addr": "北京市朝阳区乐家花园", "coord_src": "geocode", "gcj_note": "api_error:10021:CUQPS_HAS_EXCEEDED_THE_LIMIT"}}, {"type": "Feature", "geometry": {"type": "Point", "coordinates": [116.400035, 39.887466]}, "properties": {"name": "正阳桥疏渠记方碑", "level": "省级", "era": "宋元至明清", "lon": 116.393795, "lat": 39.886065, "elev": 45, "city": "北京城区", "img": "", "wgs_lon": 116.393795, "wgs_lat": 39.886065, "gcj_lon": 116.400035, "gcj_lat": 39.887466, "geo_addr": "北京市东城区正阳桥疏渠记方碑", "coord_src": "geocode"}}, {"type": "Feature", "geometry": {"type": "Point", "coordinates": [116.407387, 39.904179]}, "properties": {"name": "燕墩", "level": "省级", "era": "宋元至明清", "lon": 116.388688, "lat": 39.86662, "elev": 44, "city": "北京城区", "img": "", "wgs_lon": 116.388688, "wgs_lat": 39.86662, "gcj_lon": 116.407387, "gcj_lat": 39.904179, "geo_addr": "北京市", "coord_src": "geocode", "gcj_note": "api_error:10021:CUQPS_HAS_EXCEEDED_THE_LIMIT"}}, {"type": "Feature", "geometry": {"type": "Point", "coordinates": [116.408367, 39.91863]}, "properties": {"name": "老舍故居", "level": "省级", "era": "近代以来", "lon": 116.402122, "lat": 39.917226, "elev": 52, "city": "北京城区", "img": "", "wgs_lon": 116.402122, "wgs_lat": 39.917226, "gcj_lon": 116.408367, "gcj_lat": 39.91863, "geo_addr": "北京市东城区老舍故居", "coord_src": "geocode"}}, {"type": "Feature", "geometry": {"type": "Point", "coordinates": [116.40467, 39.938689]}, "properties": {"name": "茅盾故居", "level": "省级", "era": "近代以来", "lon": 116.398423, "lat": 39.937284, "elev": 55, "city": "北京城区", "img": "", "wgs_lon": 116.398423, "wgs_lat": 39.937284, "gcj_lon": 116.40467, "gcj_lat": 39.938689, "geo_addr": "北京市东城区茅盾故居", "coord_src": "geocode", "gcj_note": "api_error:10021:CUQPS_HAS_EXCEEDED_THE_LIMIT"}}, {"type": "Feature", "geometry": {"type": "Point", "coordinates": [116.407387, 39.904179]}, "properties": {"name": "原中法大学", "level": "省级", "era": "近代以来", "lon": 116.400785, "lat": 39.9268, "elev": 52, "city": "北京城区", "img": "", "wgs_lon": 116.400785, "wgs_lat": 39.9268, "gcj_lon": 116.407387, "gcj_lat": 39.904179, "geo_addr": "北京市", "coord_src": "geocode", "gcj_note": "api_error:30001:ENGINE_RESPONSE_DATA_ERROR"}}, {"type": "Feature", "geometry": {"type": "Point", "coordinates": [116.380723, 39.891063]}, "properties": {"name": "京报馆", "level": "省级", "era": "近代以来", "lon": 116.3745, "lat": 39.889676, "elev": 54, "city": "北京城区", "img": "", "wgs_lon": 116.3745, "wgs_lat": 39.889676, "gcj_lon": 116.380723, "gcj_lat": 39.891063, "geo_addr": "北京市西城区京报馆", "coord_src": "geocode", "gcj_note": "api_error:10021:CUQPS_HAS_EXCEEDED_THE_LIMIT"}}, {"type": "Feature", "geometry": {"type": "Point", "coordinates": [116.376651, 39.900338]}, "properties": {"name": "天主教圣母会法文学校旧址", "level": "省级", "era": "宋元至明清", "lon": 116.370432, "lat": 39.898955, "elev": 52, "city": "北京城区", "img": "", "wgs_lon": 116.370432, "wgs_lat": 39.898955, "gcj_lon": 116.376651, "gcj_lat": 39.900338, "geo_addr": "北京市西城区天主教圣母会法文学校旧址", "coord_src": "geocode"}}, {"type": "Feature", "geometry": {"type": "Point", "coordinates": [116.384267, 39.902178]}, "properties": {"name": "西城区西交民巷87号、北新华街112号四合院", "level": "省级", "era": "近代以来", "lon": 116.378038, "lat": 39.900787, "elev": 50, "city": "北京城区", "img": "", "wgs_lon": 116.378038, "wgs_lat": 39.900787, "gcj_lon": 116.384267, "gcj_lat": 39.902178, "geo_addr": "北京市西城区西交民巷北新华街丙112号", "coord_src": "geocode", "gcj_note": "api_error:10021:CUQPS_HAS_EXCEEDED_THE_LIMIT"}}, {"type": "Feature", "geometry": {"type": "Point", "coordinates": [116.370419, 39.926705]}, "properties": {"name": "西城区西四北三条19号四合院", "level": "省级", "era": "近代以来", "lon": 116.364207, "lat": 39.92533, "elev": 55, "city": "北京城区", "img": "", "wgs_lon": 116.364207, "wgs_lat": 39.92533, "gcj_lon": 116.370419, "gcj_lat": 39.926705, "geo_addr": "北京市西城区西四北三条19号", "coord_src": "geocode"}}, {"type": "Feature", "geometry": {"type": "Point", "coordinates": [116.368707, 39.930124]}, "properties": {"name": "西城区西四北六条23号四合院", "level": "省级", "era": "近代以来", "lon": 116.362497, "lat": 39.928751, "elev": 55, "city": "北京城区", "img": "", "wgs_lon": 116.362497, "wgs_lat": 39.928751, "gcj_lon": 116.368707, "gcj_lat": 39.930124, "geo_addr": "北京市西城区西四北六条甲35号", "coord_src": "geocode"}}, {"type": "Feature", "geometry": {"type": "Point", "coordinates": [116.370827, 39.927943]}, "properties": {"name": "西城区西四北三条11号四合院", "level": "省级", "era": "近代以来", "lon": 116.364614, "lat": 39.926567, "elev": 55, "city": "北京城区", "img": "", "wgs_lon": 116.364614, "wgs_lat": 39.926567, "gcj_lon": 116.370827, "gcj_lat": 39.927943, "geo_addr": "北京市西城区西四北三条11号", "coord_src": "geocode"}}, {"type": "Feature", "geometry": {"type": "Point", "coordinates": [116.400303, 39.92547]}, "properties": {"name": "京师大学堂建筑遗存", "level": "省级", "era": "宋元至明清", "lon": 116.394058, "lat": 39.924067, "elev": 50, "city": "北京城区", "img": "", "wgs_lon": 116.394058, "wgs_lat": 39.924067, "gcj_lon": 116.400303, "gcj_lat": 39.92547, "geo_addr": "北京市东城区京师大学堂建筑遗存", "coord_src": "geocode"}}, {"type": "Feature", "geometry": {"type": "Point", "coordinates": [116.421539, 39.925014]}, "properties": {"name": "大慈延福宫建筑遗存", "level": "省级", "era": "宋元至明清", "lon": 116.415299, "lat": 39.923613, "elev": 52, "city": "北京城区", "img": "", "wgs_lon": 116.415299, "wgs_lat": 39.923613, "gcj_lon": 116.421539, "gcj_lat": 39.925014, "geo_addr": "北京市东城区大慈延福宫", "coord_src": "geocode", "gcj_note": "api_error:10021:CUQPS_HAS_EXCEEDED_THE_LIMIT"}}, {"type": "Feature", "geometry": {"type": "Point", "coordinates": [116.419819, 39.918453]}, "properties": {"name": "东城区西堂子胡同25-37号四合院", "level": "省级", "era": "宋元至明清", "lon": 116.413578, "lat": 39.917051, "elev": 53, "city": "北京城区", "img": "", "wgs_lon": 116.413578, "wgs_lat": 39.917051, "gcj_lon": 116.419819, "gcj_lat": 39.918453, "geo_addr": "北京市东城区西堂子胡同25-27号豫丰钱庄旧址", "coord_src": "geocode"}}, {"type": "Feature", "geometry": {"type": "Point", "coordinates": [116.532476, 39.875408]}, "properties": {"name": "十方诸佛宝塔", "level": "省级", "era": "宋元至明清", "lon": 116.526571, "lat": 39.874265, "elev": 32, "city": "北京城区", "img": "", "wgs_lon": 116.526571, "wgs_lat": 39.874265, "gcj_lon": 116.532476, "gcj_lat": 39.875408, "geo_addr": "北京市朝阳区十方诸佛宝塔(西门)", "coord_src": "geocode", "gcj_note": "api_error:10021:CUQPS_HAS_EXCEEDED_THE_LIMIT"}}, {"type": "Feature", "geometry": {"type": "Point", "coordinates": [116.407387, 39.904179]}, "properties": {"name": "北京饭店初期建筑", "level": "省级", "era": "近代以来", "lon": 116.401145, "lat": 39.902776, "elev": 51, "city": "北京城区", "img": "", "wgs_lon": 116.401145, "wgs_lat": 39.902776, "gcj_lon": 116.407387, "gcj_lat": 39.904179, "geo_addr": "北京市", "coord_src": "geocode"}}, {"type": "Feature", "geometry": {"type": "Point", "coordinates": [116.399739, 39.790167]}, "properties": {"name": "南苑兵营司令部旧址", "level": "省级", "era": "近代以来", "lon": 116.393512, "lat": 39.788772, "elev": 41, "city": "北京城区", "img": "", "wgs_lon": 116.393512, "wgs_lat": 39.788772, "gcj_lon": 116.399739, "gcj_lat": 39.790167, "geo_addr": "北京市丰台区南苑兵营司令部旧址(不对外开放)", "coord_src": "geocode", "gcj_note": "api_error:10021:CUQPS_HAS_EXCEEDED_THE_LIMIT"}}, {"type": "Feature", "geometry": {"type": "Point", "coordinates": [116.36754, 39.931645]}, "properties": {"name": "西城区富国街3号四合院", "level": "省级", "era": "宋元至明清", "lon": 116.361332, "lat": 39.930274, "elev": 55, "city": "北京城区", "img": "", "wgs_lon": 116.361332, "wgs_lat": 39.930274, "gcj_lon": 116.36754, "gcj_lat": 39.931645, "geo_addr": "北京市西城区富国街3号四合院", "coord_src": "geocode"}}, {"type": "Feature", "geometry": {"type": "Point", "coordinates": [116.384634, 39.93696]}, "properties": {"name": "涛贝勒府", "level": "省级", "era": "宋元至明清", "lon": 116.3784, "lat": 39.935567, "elev": 55, "city": "北京城区", "img": "", "wgs_lon": 116.3784, "wgs_lat": 39.935567, "gcj_lon": 116.384634, "gcj_lat": 39.93696, "geo_addr": "北京市西城区涛贝勒府", "coord_src": "geocode", "gcj_note": "api_error:10021:CUQPS_HAS_EXCEEDED_THE_LIMIT"}}, {"type": "Feature", "geometry": {"type": "Point", "coordinates": [115.51188, 39.940861]}, "properties": {"name": "灵严寺大殿", "level": "省级", "era": "宋元至明清", "lon": 116.398527, "lat": 39.912348, "elev": 56, "city": "北京城区", "img": "", "wgs_lon": 116.398527, "wgs_lat": 39.912348, "gcj_lon": 115.51188, "gcj_lat": 39.940861, "geo_addr": "北京市门头沟区灵严寺", "coord_src": "geocode"}}, {"type": "Feature", "geometry": {"type": "Point", "coordinates": [116.683546, 39.538304]}, "properties": {"name": "郊劳台", "level": "省级", "era": "宋元至明清", "lon": 116.815947, "lat": 39.964336, "elev": 26, "city": "廊坊市", "img": "", "wgs_lon": 116.815947, "wgs_lat": 39.964336, "gcj_lon": 116.683546, "gcj_lat": 39.538304, "geo_addr": "河北省廊坊市", "coord_src": "geocode", "gcj_note": "api_error:10021:CUQPS_HAS_EXCEEDED_THE_LIMIT"}}, {"type": "Feature", "geometry": {"type": "Point", "coordinates": [116.670137, 39.907544]}, "properties": {"name": "通州清真寺", "level": "省级", "era": "宋元至明清", "lon": 116.664231, "lat": 39.906428, "elev": 35, "city": "北京城区", "img": "", "wgs_lon": 116.664231, "wgs_lat": 39.906428, "gcj_lon": 116.670137, "gcj_lat": 39.907544, "geo_addr": "北京市通州区通州清真寺", "coord_src": "geocode"}}, {"type": "Feature", "geometry": {"type": "Point", "coordinates": [116.40617349301382, 39.91483610893698]}, "properties": {"name": "军调部1946年中共代表团驻地", "level": "省级", "era": "近代以来", "lon": 116.399929, "lat": 39.913432, "elev": 57, "city": "北京城区", "img": "", "wgs_lon": 116.399929, "wgs_lat": 39.913432, "gcj_lon": 116.40617349301382, "gcj_lat": 39.91483610893698, "geo_addr": "", "coord_src": "fallback_local", "gcj_note": "tries_exhausted"}}, {"type": "Feature", "geometry": {"type": "Point", "coordinates": [116.407387, 39.904179]}, "properties": {"name": "孑民堂", "level": "省级", "era": "近代以来", "lon": 116.398514, "lat": 39.925623, "elev": 53, "city": "北京城区", "img": "", "wgs_lon": 116.398514, "wgs_lat": 39.925623, "gcj_lon": 116.407387, "gcj_lat": 39.904179, "geo_addr": "北京市", "coord_src": "geocode", "gcj_note": "api_error:10021:CUQPS_HAS_EXCEEDED_THE_LIMIT"}}, {"type": "Feature", "geometry": {"type": "Point", "coordinates": [116.409287, 39.902798]}, "properties": {"name": "法国邮政局旧址", "level": "省级", "era": "宋元至明清", "lon": 116.403044, "lat": 39.901394, "elev": 50, "city": "北京城区", "img": "", "wgs_lon": 116.403044, "wgs_lat": 39.901394, "gcj_lon": 116.409287, "gcj_lat": 39.902798, "geo_addr": "北京市东城区法国邮政局旧址", "coord_src": "geocode"}}, {"type": "Feature", "geometry": {"type": "Point", "coordinates": [116.401508, 39.901416]}, "properties": {"name": "美国使馆旧址", "level": "省级", "era": "宋元至明清", "lon": 116.395266, "lat": 39.900013, "elev": 53, "city": "北京城区", "img": "", "wgs_lon": 116.395266, "wgs_lat": 39.900013, "gcj_lon": 116.401508, "gcj_lat": 39.901416, "geo_addr": "北京市东城区美国使馆旧址", "coord_src": "geocode", "gcj_note": "api_error:10021:CUQPS_HAS_EXCEEDED_THE_LIMIT"}}, {"type": "Feature", "geometry": {"type": "Point", "coordinates": [116.407387, 39.904179]}, "properties": {"name": "荷兰使馆旧址", "level": "省级", "era": "宋元至明清", "lon": 116.407282, "lat": 39.904513, "elev": 54, "city": "北京城区", "img": "", "wgs_lon": 116.407282, "wgs_lat": 39.904513, "gcj_lon": 116.407387, "gcj_lat": 39.904179, "geo_addr": "北京市", "coord_src": "geocode", "gcj_note": "api_error:30001:ENGINE_RESPONSE_DATA_ERROR"}}, {"type": "Feature", "geometry": {"type": "Point", "coordinates": [116.396135, 39.898846]}, "properties": {"name": "交通银行旧址", "level": "省级", "era": "近代以来", "lon": 116.389896, "lat": 39.897446, "elev": 48, "city": "北京城区", "img": "", "wgs_lon": 116.389896, "wgs_lat": 39.897446, "gcj_lon": 116.396135, "gcj_lat": 39.898846, "geo_addr": "北京市西城区交通银行旧址", "coord_src": "geocode", "gcj_note": "api_error:10021:CUQPS_HAS_EXCEEDED_THE_LIMIT"}}, {"type": "Feature", "geometry": {"type": "Point", "coordinates": [116.396689, 39.898504]}, "properties": {"name": "盐业银行旧址", "level": "省级", "era": "近代以来", "lon": 116.39045, "lat": 39.897104, "elev": 46, "city": "北京城区", "img": "", "wgs_lon": 116.39045, "wgs_lat": 39.897104, "gcj_lon": 116.396689, "gcj_lat": 39.898504, "geo_addr": "北京市西城区盐业银行旧址(西南2门)", "coord_src": "geocode"}}, {"type": "Feature", "geometry": {"type": "Point", "coordinates": [116.381964, 39.923289]}, "properties": {"name": "北京水准原点", "level": "省级", "era": "近代以来", "lon": 116.375735, "lat": 39.921899, "elev": 55, "city": "北京城区", "img": "", "wgs_lon": 116.375735, "wgs_lat": 39.921899, "gcj_lon": 116.381964, "gcj_lat": 39.923289, "geo_addr": "北京市西城区水准原点", "coord_src": "geocode", "gcj_note": "api_error:10021:CUQPS_HAS_EXCEEDED_THE_LIMIT"}}, {"type": "Feature", "geometry": {"type": "Point", "coordinates": [116.382357, 39.751282]}, "properties": {"name": "团河行宫遗址", "level": "省级", "era": "宋元至明清", "lon": 116.376149, "lat": 39.749904, "elev": 39, "city": "北京城区", "img": "", "wgs_lon": 116.376149, "wgs_lat": 39.749904, "gcj_lon": 116.382357, "gcj_lat": 39.751282, "geo_addr": "北京市大兴区团河行宫(公交站)", "coord_src": "geocode"}}, {"type": "Feature", "geometry": {"type": "Point", "coordinates": [116.40258, 39.936394]}, "properties": {"name": "东城区帽儿胡同5号四合院", "level": "省级", "era": "宋元至明清", "lon": 116.396333, "lat": 39.934989, "elev": 53, "city": "北京城区", "img": "", "wgs_lon": 116.396333, "wgs_lat": 39.934989, "gcj_lon": 116.40258, "gcj_lat": 39.936394, "geo_addr": "北京市东城区帽儿胡同5号四合院", "coord_src": "geocode", "gcj_note": "api_error:10021:CUQPS_HAS_EXCEEDED_THE_LIMIT"}}, {"type": "Feature", "geometry": {"type": "Point", "coordinates": [116.407014, 39.935738]}, "properties": {"name": "东城区东棉花胡同15号院及拱门砖雕", "level": "省级", "era": "近代以来", "lon": 116.400768, "lat": 39.934333, "elev": 53, "city": "北京城区", "img": "", "wgs_lon": 116.400768, "wgs_lat": 39.934333, "gcj_lon": 116.407014, "gcj_lat": 39.935738, "geo_addr": "北京市东城区东棉花胡同15号", "coord_src": "geocode"}}, {"type": "Feature", "geometry": {"type": "Point", "coordinates": [116.398978, 39.946524]}, "properties": {"name": "东城区前鼓楼苑胡同7、9号四合院", "level": "省级", "era": "宋元至明清", "lon": 116.392731, "lat": 39.945121, "elev": 54, "city": "北京城区", "img": "", "wgs_lon": 116.392731, "wgs_lat": 39.945121, "gcj_lon": 116.398978, "gcj_lat": 39.946524, "geo_addr": "北京市东城区前鼓楼苑胡同7号四合院(国祥胡同)", "coord_src": "geocode", "gcj_note": "api_error:10021:CUQPS_HAS_EXCEEDED_THE_LIMIT"}}, {"type": "Feature", "geometry": {"type": "Point", "coordinates": [116.418763, 39.910717]}, "properties": {"name": "宁郡王府", "level": "省级", "era": "宋元至明清", "lon": 116.412523, "lat": 39.909315, "elev": 54, "city": "北京城区", "img": "", "wgs_lon": 116.412523, "wgs_lat": 39.909315, "gcj_lon": 116.418763, "gcj_lat": 39.910717, "geo_addr": "北京市东城区宁郡王府", "coord_src": "geocode"}}, {"type": "Feature", "geometry": {"type": "Point", "coordinates": [116.407387, 39.904179]}, "properties": {"name": "旧式铺面房", "level": "省级", "era": "宋元至明清", "lon": 116.389934, "lat": 39.937754, "elev": 56, "city": "北京城区", "img": "", "wgs_lon": 116.389934, "wgs_lat": 39.937754, "gcj_lon": 116.407387, "gcj_lat": 39.904179, "geo_addr": "北京市", "coord_src": "geocode", "gcj_note": "api_error:30001:ENGINE_RESPONSE_DATA_ERROR"}}, {"type": "Feature", "geometry": {"type": "Point", "coordinates": [116.382105, 39.881824]}, "properties": {"name": "三圣庵", "level": "省级", "era": "宋元至明清", "lon": 116.375881, "lat": 39.880436, "elev": 50, "city": "北京城区", "img": "", "wgs_lon": 116.375881, "wgs_lat": 39.880436, "gcj_lon": 116.382105, "gcj_lat": 39.881824, "geo_addr": "北京市西城区三圣庵", "coord_src": "geocode", "gcj_note": "api_error:10021:CUQPS_HAS_EXCEEDED_THE_LIMIT"}}, {"type": "Feature", "geometry": {"type": "Point", "coordinates": [116.386903, 39.933736]}, "properties": {"name": "贤良祠", "level": "省级", "era": "宋元至明清", "lon": 116.380667, "lat": 39.932341, "elev": 52, "city": "北京城区", "img": "", "wgs_lon": 116.380667, "wgs_lat": 39.932341, "gcj_lon": 116.386903, "gcj_lat": 39.933736, "geo_addr": "北京市西城区贤良祠", "coord_src": "geocode"}}, {"type": "Feature", "geometry": {"type": "Point", "coordinates": [116.407387, 39.904179]}, "properties": {"name": "正乙祠", "level": "省级", "era": "宋元至明清", "lon": 116.379763, "lat": 39.897403, "elev": 51, "city": "北京城区", "img": "", "wgs_lon": 116.379763, "wgs_lat": 39.897403, "gcj_lon": 116.407387, "gcj_lat": 39.904179, "geo_addr": "北京市", "coord_src": "geocode", "gcj_note": "api_error:10021:CUQPS_HAS_EXCEEDED_THE_LIMIT"}}, {"type": "Feature", "geometry": {"type": "Point", "coordinates": [116.410374, 39.925372]}, "properties": {"name": "东城区美术馆东街25号四合院", "level": "省级", "era": "宋元至明清", "lon": 116.404128, "lat": 39.923967, "elev": 51, "city": "北京城区", "img": "", "wgs_lon": 116.404128, "wgs_lat": 39.923967, "gcj_lon": 116.410374, "gcj_lat": 39.925372, "geo_addr": "北京市东城区美术馆东街25号", "coord_src": "geocode"}}, {"type": "Feature", "geometry": {"type": "Point", "coordinates": [116.398978, 39.946524]}, "properties": {"name": "东城区鼓楼东大街255号四合院", "level": "省级", "era": "近代以来", "lon": 116.392731, "lat": 39.945121, "elev": 54, "city": "北京城区", "img": "", "wgs_lon": 116.392731, "wgs_lat": 39.945121, "gcj_lon": 116.398978, "gcj_lat": 39.946524, "geo_addr": "北京市东城区鼓楼东大街255号四合院(国祥胡同)", "coord_src": "geocode", "gcj_note": "api_error:10021:CUQPS_HAS_EXCEEDED_THE_LIMIT"}}, {"type": "Feature", "geometry": {"type": "Point", "coordinates": [116.404106, 39.917353]}, "properties": {"name": "陈独秀旧居", "level": "省级", "era": "近代以来", "lon": 116.397861, "lat": 39.915949, "elev": 54, "city": "北京城区", "img": "", "wgs_lon": 116.397861, "wgs_lat": 39.915949, "gcj_lon": 116.404106, "gcj_lat": 39.917353, "geo_addr": "北京市东城区陈独秀旧居", "coord_src": "geocode"}}, {"type": "Feature", "geometry": {"type": "Point", "coordinates": [116.399902, 39.899842]}, "properties": {"name": "京奉铁路正阳门东车站旧址", "level": "省级", "era": "宋元至明清", "lon": 116.393661, "lat": 39.89844, "elev": 53, "city": "北京城区", "img": "", "wgs_lon": 116.393661, "wgs_lat": 39.89844, "gcj_lon": 116.399902, "gcj_lat": 39.899842, "geo_addr": "北京市东城区京奉铁路正阳门东车站旧址", "coord_src": "geocode", "gcj_note": "api_error:10021:CUQPS_HAS_EXCEEDED_THE_LIMIT"}}, {"type": "Feature", "geometry": {"type": "Point", "coordinates": [116.397787, 39.89352]}, "properties": {"name": "粮食店街第十旅馆", "level": "省级", "era": "近代以来", "lon": 116.391386, "lat": 39.890824, "elev": 53, "city": "北京城区", "img": "", "wgs_lon": 116.391386, "wgs_lat": 39.890824, "gcj_lon": 116.397787, "gcj_lat": 39.89352, "geo_addr": "北京市西城区粮食店街", "coord_src": "geocode"}}, {"type": "Feature", "geometry": {"type": "Point", "coordinates": [116.416334, 39.928359]}, "properties": {"name": "皇城墙遗址东城段、西城段", "level": "省级", "era": "宋元至明清", "lon": 116.42167, "lat": 39.899868, "elev": 46, "city": "北京城区", "img": "", "wgs_lon": 116.42167, "wgs_lat": 39.899868, "gcj_lon": 116.416334, "gcj_lat": 39.928359, "geo_addr": "北京市东城区", "coord_src": "geocode", "gcj_note": "api_error:10021:CUQPS_HAS_EXCEEDED_THE_LIMIT"}}, {"type": "Feature", "geometry": {"type": "Point", "coordinates": [116.401367, 39.938587]}, "properties": {"name": "东城区黑芝麻胡同13号四合院", "level": "省级", "era": "宋元至明清", "lon": 116.39512, "lat": 39.937183, "elev": 54, "city": "北京城区", "img": "", "wgs_lon": 116.39512, "wgs_lat": 39.937183, "gcj_lon": 116.401367, "gcj_lat": 39.938587, "geo_addr": "北京市东城区黑芝麻胡同13号四合院", "coord_src": "geocode"}}, {"type": "Feature", "geometry": {"type": "Point", "coordinates": [116.403825, 39.937428]}, "properties": {"name": "绮园花园", "level": "省级", "era": "宋元至明清", "lon": 116.397578, "lat": 39.936023, "elev": 54, "city": "北京城区", "img": "", "wgs_lon": 116.397578, "wgs_lat": 39.936023, "gcj_lon": 116.403825, "gcj_lat": 39.937428, "geo_addr": "北京市东城区绮园花园", "coord_src": "geocode", "gcj_note": "api_error:10021:CUQPS_HAS_EXCEEDED_THE_LIMIT"}}, {"type": "Feature", "geometry": {"type": "Point", "coordinates": [116.403889, 39.934465]}, "properties": {"name": "僧王府", "level": "省级", "era": "宋元至明清", "lon": 116.397642, "lat": 39.93306, "elev": 55, "city": "北京城区", "img": "", "wgs_lon": 116.397642, "wgs_lat": 39.93306, "gcj_lon": 116.403889, "gcj_lat": 39.934465, "geo_addr": "北京市东城区僧王府", "coord_src": "geocode", "gcj_note": "api_error:10021:CUQPS_HAS_EXCEEDED_THE_LIMIT"}}, {"type": "Feature", "geometry": {"type": "Point", "coordinates": [116.42154, 39.914313]}, "properties": {"name": "总理各国事务衙门建筑遗存", "level": "省级", "era": "宋元至明清", "lon": 116.415301, "lat": 39.912912, "elev": 53, "city": "北京城区", "img": "", "wgs_lon": 116.415301, "wgs_lat": 39.912912, "gcj_lon": 116.42154, "gcj_lat": 39.914313, "geo_addr": "北京市东城区总理各国事务衙门建筑遗存", "coord_src": "geocode"}}, {"type": "Feature", "geometry": {"type": "Point", "coordinates": [116.430915, 39.92584]}, "properties": {"name": "恒亲王府", "level": "省级", "era": "宋元至明清", "lon": 116.424685, "lat": 39.924446, "elev": 52, "city": "北京城区", "img": "", "wgs_lon": 116.424685, "wgs_lat": 39.924446, "gcj_lon": 116.430915, "gcj_lat": 39.92584, "geo_addr": "北京市东城区恒亲王府", "coord_src": "geocode"}}, {"type": "Feature", "geometry": {"type": "Point", "coordinates": [116.401633, 39.937842]}, "properties": {"name": "东城区沙井胡同15号四合院", "level": "省级", "era": "宋元至明清", "lon": 116.395386, "lat": 39.936438, "elev": 56, "city": "北京城区", "img": "", "wgs_lon": 116.395386, "wgs_lat": 39.936438, "gcj_lon": 116.401633, "gcj_lat": 39.937842, "geo_addr": "北京市东城区沙井胡同15号四合院", "coord_src": "geocode"}}, {"type": "Feature", "geometry": {"type": "Point", "coordinates": [116.421083, 39.897591]}, "properties": {"name": "花市火神庙", "level": "省级", "era": "宋元至明清", "lon": 116.414846, "lat": 39.896191, "elev": 46, "city": "北京城区", "img": "", "wgs_lon": 116.414846, "wgs_lat": 39.896191, "gcj_lon": 116.421083, "gcj_lat": 39.897591, "geo_addr": "北京市东城区花市火神庙", "coord_src": "geocode"}}, {"type": "Feature", "geometry": {"type": "Point", "coordinates": [116.379079, 39.933871]}, "properties": {"name": "西城区地安门西大街153号四合院", "level": "省级", "era": "宋元至明清", "lon": 116.372853, "lat": 39.932484, "elev": 54, "city": "北京城区", "img": "", "wgs_lon": 116.372853, "wgs_lat": 39.932484, "gcj_lon": 116.379079, "gcj_lat": 39.933871, "geo_addr": "北京市西城区地安门西大街153号", "coord_src": "geocode"}}, {"type": "Feature", "geometry": {"type": "Point", "coordinates": [116.369462, 39.923994]}, "properties": {"name": "西城区阜成门内大街93号四合院", "level": "省级", "era": "近代以来", "lon": 116.363252, "lat": 39.92262, "elev": 53, "city": "北京城区", "img": "", "wgs_lon": 116.363252, "wgs_lat": 39.92262, "gcj_lon": 116.369462, "gcj_lat": 39.923994, "geo_addr": "北京市西城区阜成门内大街93号", "coord_src": "geocode"}}, {"type": "Feature", "geometry": {"type": "Point", "coordinates": [116.393433, 39.930147]}, "properties": {"name": "恭俭冰窖", "level": "省级", "era": "宋元至明清", "lon": 116.387192, "lat": 39.928747, "elev": 53, "city": "北京城区", "img": "", "wgs_lon": 116.387192, "wgs_lat": 39.928747, "gcj_lon": 116.393433, "gcj_lat": 39.930147, "geo_addr": "北京市西城区恭俭冰窖", "coord_src": "geocode"}}, {"type": "Feature", "geometry": {"type": "Point", "coordinates": [116.390667, 39.936641]}, "properties": {"name": "会贤堂", "level": "省级", "era": "宋元至明清", "lon": 116.384427, "lat": 39.935243, "elev": 52, "city": "北京城区", "img": "", "wgs_lon": 116.384427, "wgs_lat": 39.935243, "gcj_lon": 116.390667, "gcj_lat": 39.936641, "geo_addr": "北京市西城区会贤堂(不对外开放)", "coord_src": "geocode"}}, {"type": "Feature", "geometry": {"type": "Point", "coordinates": [116.387191, 39.890058]}, "properties": {"name": "纪晓岚故居", "level": "省级", "era": "宋元至明清", "lon": 116.38096, "lat": 39.888665, "elev": 50, "city": "北京城区", "img": "", "wgs_lon": 116.38096, "wgs_lat": 39.888665, "gcj_lon": 116.387191, "gcj_lat": 39.890058, "geo_addr": "北京市西城区纪晓岚故居", "coord_src": "geocode"}}, {"type": "Feature", "geometry": {"type": "Point", "coordinates": [116.387025, 39.947412]}, "properties": {"name": "拈花寺", "level": "省级", "era": "宋元至明清", "lon": 116.380787, "lat": 39.946016, "elev": 57, "city": "北京城区", "img": "", "wgs_lon": 116.380787, "wgs_lat": 39.946016, "gcj_lon": 116.387025, "gcj_lat": 39.947412, "geo_addr": "北京市西城区拈花寺(不对外开放)", "coord_src": "geocode"}}, {"type": "Feature", "geometry": {"type": "Point", "coordinates": [116.392286, 39.926467]}, "properties": {"name": "雪池冰窖", "level": "省级", "era": "宋元至明清", "lon": 116.386046, "lat": 39.925068, "elev": 53, "city": "北京城区", "img": "", "wgs_lon": 116.386046, "wgs_lat": 39.925068, "gcj_lon": 116.392286, "gcj_lat": 39.926467, "geo_addr": "北京市西城区雪池冰窖", "coord_src": "geocode"}}, {"type": "Feature", "geometry": {"type": "Point", "coordinates": [116.39016, 39.990468]}, "properties": {"name": "北顶娘娘庙", "level": "省级", "era": "宋元至明清", "lon": 116.383914, "lat": 39.989068, "elev": 50, "city": "北京城区", "img": "", "wgs_lon": 116.383914, "wgs_lat": 39.989068, "gcj_lon": 116.39016, "gcj_lat": 39.990468, "geo_addr": "北京市朝阳区北顶娘娘庙", "coord_src": "geocode", "gcj_note": "api_error:10021:CUQPS_HAS_EXCEEDED_THE_LIMIT"}}, {"type": "Feature", "geometry": {"type": "Point", "coordinates": [116.420932, 39.94432]}, "properties": {"name": "东城区前永康胡同7号四合院", "level": "省级", "era": "宋元至明清", "lon": 116.414689, "lat": 39.942918, "elev": 53, "city": "北京城区", "img": "", "wgs_lon": 116.414689, "wgs_lat": 39.942918, "gcj_lon": 116.420932, "gcj_lat": 39.94432, "geo_addr": "北京市东城区前永康胡同7号四合院", "coord_src": "geocode", "gcj_note": "api_error:10021:CUQPS_HAS_EXCEEDED_THE_LIMIT"}}, {"type": "Feature", "geometry": {"type": "Point", "coordinates": [116.407387, 39.904179]}, "properties": {"name": "原麦加利银行", "level": "省级", "era": "近代以来", "lon": 116.394246, "lat": 39.900853, "elev": 52, "city": "北京城区", "img": "", "wgs_lon": 116.394246, "wgs_lat": 39.900853, "gcj_lon": 116.407387, "gcj_lat": 39.904179, "geo_addr": "北京市", "coord_src": "geocode", "gcj_note": "api_error:30001:ENGINE_RESPONSE_DATA_ERROR"}}, {"type": "Feature", "geometry": {"type": "Point", "coordinates": [116.420618, 39.910512]}, "properties": {"name": "协和医院住宅群", "level": "省级", "era": "近代以来", "lon": 116.414379, "lat": 39.909111, "elev": 55, "city": "北京城区", "img": "", "wgs_lon": 116.414379, "wgs_lat": 39.909111, "gcj_lon": 116.420618, "gcj_lat": 39.910512, "geo_addr": "北京市东城区协和医院住宅群", "coord_src": "geocode", "gcj_note": "api_error:10021:CUQPS_HAS_EXCEEDED_THE_LIMIT"}}, {"type": "Feature", "geometry": {"type": "Point", "coordinates": [116.352896, 40.025533]}, "properties": {"name": "北京大学女生宿舍", "level": "省级", "era": "近代以来", "lon": 116.655289, "lat": 40.036574, "elev": 29, "city": "北京城区", "img": "", "wgs_lon": 116.655289, "wgs_lat": 40.036574, "gcj_lon": 116.352896, "gcj_lat": 40.025533, "geo_addr": "北京市朝阳区女生宿舍", "coord_src": "geocode"}}, {"type": "Feature", "geometry": {"type": "Point", "coordinates": [116.407387, 39.904179]}, "properties": {"name": "德寿堂药店", "level": "省级", "era": "近代以来", "lon": 116.383483, "lat": 39.888536, "elev": 49, "city": "北京城区", "img": "", "wgs_lon": 116.383483, "wgs_lat": 39.888536, "gcj_lon": 116.407387, "gcj_lat": 39.904179, "geo_addr": "北京市", "coord_src": "geocode", "gcj_note": "api_error:10021:CUQPS_HAS_EXCEEDED_THE_LIMIT"}}, {"type": "Feature", "geometry": {"type": "Point", "coordinates": [116.384285, 39.889892]}, "properties": {"name": "京华印书局", "level": "省级", "era": "近代以来", "lon": 116.378057, "lat": 39.888501, "elev": 49, "city": "北京城区", "img": "", "wgs_lon": 116.378057, "wgs_lat": 39.888501, "gcj_lon": 116.384285, "gcj_lat": 39.889892, "geo_addr": "北京市西城区京华印书局", "coord_src": "geocode"}}, {"type": "Feature", "geometry": {"type": "Point", "coordinates": [116.407149, 39.922059]}, "properties": {"name": "东城区东皇城根南街32号宅院", "level": "省级", "era": "宋元至明清", "lon": 116.400904, "lat": 39.920655, "elev": 53, "city": "北京城区", "img": "", "wgs_lon": 116.400904, "wgs_lat": 39.920655, "gcj_lon": 116.407149, "gcj_lat": 39.922059, "geo_addr": "北京市东城区东皇城根南街32号宅院", "coord_src": "geocode", "gcj_note": "api_error:10021:CUQPS_HAS_EXCEEDED_THE_LIMIT"}}, {"type": "Feature", "geometry": {"type": "Point", "coordinates": [116.40928689215585, 39.90279773054063]}, "properties": {"name": "大清邮政总局旧址", "level": "省级", "era": "宋元至明清", "lon": 116.403044, "lat": 39.901394, "elev": 50, "city": "北京城区", "img": "", "wgs_lon": 116.403044, "wgs_lat": 39.901394, "gcj_lon": 116.40928689215585, "gcj_lat": 39.90279773054063, "geo_addr": "", "coord_src": "fallback_local", "gcj_note": "tries_exhausted"}}, {"type": "Feature", "geometry": {"type": "Point", "coordinates": [116.419613, 39.918533]}, "properties": {"name": "东城区史家胡同51、53、55号宅院", "level": "省级", "era": "宋元至明清", "lon": 116.413372, "lat": 39.917131, "elev": 52, "city": "北京城区", "img": "", "wgs_lon": 116.413372, "wgs_lat": 39.917131, "gcj_lon": 116.419613, "gcj_lat": 39.918533, "geo_addr": "北京市东城区史家胡同51、53、55号宅院", "coord_src": "geocode", "gcj_note": "api_error:10021:CUQPS_HAS_EXCEEDED_THE_LIMIT"}}, {"type": "Feature", "geometry": {"type": "Point", "coordinates": [116.394856, 39.939381]}, "properties": {"name": "广福观", "level": "省级", "era": "宋元至明清", "lon": 116.388613, "lat": 39.93798, "elev": 53, "city": "北京城区", "img": "", "wgs_lon": 116.388613, "wgs_lat": 39.93798, "gcj_lon": 116.394856, "gcj_lat": 39.939381, "geo_addr": "北京市西城区广福观", "coord_src": "geocode"}}, {"type": "Feature", "geometry": {"type": "Point", "coordinates": [116.407387, 39.904179]}, "properties": {"name": "浏阳会馆", "level": "省级", "era": "宋元至明清", "lon": 116.367769, "lat": 39.885136, "elev": 53, "city": "北京城区", "img": "", "wgs_lon": 116.367769, "wgs_lat": 39.885136, "gcj_lon": 116.407387, "gcj_lat": 39.904179, "geo_addr": "北京市", "coord_src": "geocode", "gcj_note": "api_error:10021:CUQPS_HAS_EXCEEDED_THE_LIMIT"}}, {"type": "Feature", "geometry": {"type": "Point", "coordinates": [116.392985, 39.925976]}, "properties": {"name": "清稽查内务府御史衙门", "level": "省级", "era": "宋元至明清", "lon": 116.386745, "lat": 39.924577, "elev": 54, "city": "北京城区", "img": "", "wgs_lon": 116.386745, "wgs_lat": 39.924577, "gcj_lon": 116.392985, "gcj_lat": 39.925976, "geo_addr": "北京市西城区清稽查内务府御史衙门", "coord_src": "geocode", "gcj_note": "api_error:10021:CUQPS_HAS_EXCEEDED_THE_LIMIT"}}, {"type": "Feature", "geometry": {"type": "Point", "coordinates": [116.373604, 39.905627]}, "properties": {"name": "清学部遗存", "level": "省级", "era": "宋元至明清", "lon": 116.367389, "lat": 39.904248, "elev": 53, "city": "北京城区", "img": "", "wgs_lon": 116.367389, "wgs_lat": 39.904248, "gcj_lon": 116.373604, "gcj_lat": 39.905627, "geo_addr": "北京市西城区清学部", "coord_src": "geocode"}}, {"type": "Feature", "geometry": {"type": "Point", "coordinates": [116.37309, 39.886211]}, "properties": {"name": "绍兴会馆", "level": "省级", "era": "宋元至明清", "lon": 116.366878, "lat": 39.884834, "elev": 54, "city": "北京城区", "img": "", "wgs_lon": 116.366878, "wgs_lat": 39.884834, "gcj_lon": 116.37309, "gcj_lat": 39.886211, "geo_addr": "北京市西城区绍兴会馆", "coord_src": "geocode", "gcj_note": "api_error:10021:CUQPS_HAS_EXCEEDED_THE_LIMIT"}}, {"type": "Feature", "geometry": {"type": "Point", "coordinates": [116.390048, 39.938541]}, "properties": {"name": "兆惠府第遗存", "level": "省级", "era": "宋元至明清", "lon": 116.383808, "lat": 39.937143, "elev": 53, "city": "北京城区", "img": "", "wgs_lon": 116.383808, "wgs_lat": 39.937143, "gcj_lon": 116.390048, "gcj_lat": 39.938541, "geo_addr": "北京市西城区兆惠府第遗存", "coord_src": "geocode"}}, {"type": "Feature", "geometry": {"type": "Point", "coordinates": [116.671536, 39.894492]}, "properties": {"name": "清工部琉璃窑厂办事公所", "level": "省级", "era": "宋元至明清", "lon": 116.378341, "lat": 39.893922, "elev": 49, "city": "北京城区", "img": "", "wgs_lon": 116.378341, "wgs_lat": 39.893922, "gcj_lon": 116.671536, "gcj_lat": 39.894492, "geo_addr": "北京市通州区窑厂", "coord_src": "geocode", "gcj_note": "api_error:10021:CUQPS_HAS_EXCEEDED_THE_LIMIT"}}, {"type": "Feature", "geometry": {"type": "Point", "coordinates": [116.414651, 39.931418]}, "properties": {"name": "东城区魏家胡同18号宅院", "level": "省级", "era": "近代以来", "lon": 116.408406, "lat": 39.930014, "elev": 52, "city": "北京城区", "img": "", "wgs_lon": 116.408406, "wgs_lat": 39.930014, "gcj_lon": 116.414651, "gcj_lat": 39.931418, "geo_addr": "北京市东城区魏家胡同18号宅院", "coord_src": "geocode"}}, {"type": "Feature", "geometry": {"type": "Point", "coordinates": [116.407387, 39.904179]}, "properties": {"name": "全聚德烤鸭店门面", "level": "省级", "era": "宋元至明清", "lon": 116.392004, "lat": 39.895229, "elev": 53, "city": "北京城区", "img": "", "wgs_lon": 116.392004, "wgs_lat": 39.895229, "gcj_lon": 116.407387, "gcj_lat": 39.904179, "geo_addr": "北京市", "coord_src": "geocode", "gcj_note": "api_error:10021:CUQPS_HAS_EXCEEDED_THE_LIMIT"}}, {"type": "Feature", "geometry": {"type": "Point", "coordinates": [116.407387, 39.904179]}, "properties": {"name": "北平电话北局旧址", "level": "省级", "era": "近代以来", "lon": 116.393746, "lat": 39.894136, "elev": 51, "city": "北京城区", "img": "", "wgs_lon": 116.393746, "wgs_lat": 39.894136, "gcj_lon": 116.407387, "gcj_lat": 39.904179, "geo_addr": "北京市", "coord_src": "geocode", "gcj_note": "api_error:30001:ENGINE_RESPONSE_DATA_ERROR"}}, {"type": "Feature", "geometry": {"type": "Point", "coordinates": [116.406435, 39.90909]}, "properties": {"name": "欧美同学会", "level": "省级", "era": "近代以来", "lon": 116.400192, "lat": 39.907686, "elev": 56, "city": "北京城区", "img": "", "wgs_lon": 116.400192, "wgs_lat": 39.907686, "gcj_lon": 116.406435, "gcj_lat": 39.90909, "geo_addr": "北京市东城区欧美同学会", "coord_src": "geocode", "gcj_note": "api_error:10021:CUQPS_HAS_EXCEEDED_THE_LIMIT"}}, {"type": "Feature", "geometry": {"type": "Point", "coordinates": [116.407387, 39.904179]}, "properties": {"name": "蔡元培旧居", "level": "省级", "era": "近代以来", "lon": 116.412186, "lat": 39.913003, "elev": 52, "city": "北京城区", "img": "", "wgs_lon": 116.412186, "wgs_lat": 39.913003, "gcj_lon": 116.407387, "gcj_lat": 39.904179, "geo_addr": "北京市", "coord_src": "geocode", "gcj_note": "api_error:30001:ENGINE_RESPONSE_DATA_ERROR"}}, {"type": "Feature", "geometry": {"type": "Point", "coordinates": [116.431768, 39.915208]}, "properties": {"name": "东城区北总布胡同2号宅院", "level": "省级", "era": "近代以来", "lon": 116.42554, "lat": 39.913816, "elev": 50, "city": "北京城区", "img": "", "wgs_lon": 116.42554, "wgs_lat": 39.913816, "gcj_lon": 116.431768, "gcj_lat": 39.915208, "geo_addr": "北京市东城区北总布胡同2号宅院", "coord_src": "geocode", "gcj_note": "api_error:10021:CUQPS_HAS_EXCEEDED_THE_LIMIT"}}, {"type": "Feature", "geometry": {"type": "Point", "coordinates": [116.407387, 39.904179]}, "properties": {"name": "清代自来水厂", "level": "省级", "era": "宋元至明清", "lon": 116.518224, "lat": 39.772881, "elev": 32, "city": "北京城区", "img": "", "wgs_lon": 116.518224, "wgs_lat": 39.772881, "gcj_lon": 116.407387, "gcj_lat": 39.904179, "geo_addr": "北京市", "coord_src": "geocode", "gcj_note": "api_error:30001:ENGINE_RESPONSE_DATA_ERROR"}}, {"type": "Feature", "geometry": {"type": "Point", "coordinates": [116.381537, 39.917676]}, "properties": {"name": "张自忠旧居", "level": "省级", "era": "近代以来", "lon": 116.375309, "lat": 39.916287, "elev": 53, "city": "北京城区", "img": "", "wgs_lon": 116.375309, "wgs_lat": 39.916287, "gcj_lon": 116.381537, "gcj_lat": 39.917676, "geo_addr": "北京市西城区张自忠旧居", "coord_src": "geocode", "gcj_note": "api_error:10021:CUQPS_HAS_EXCEEDED_THE_LIMIT"}}, {"type": "Feature", "geometry": {"type": "Point", "coordinates": [116.37162, 39.919641]}, "properties": {"name": "中国地质调查所旧址", "level": "省级", "era": "近代以来", "lon": 116.365407, "lat": 39.918264, "elev": 56, "city": "北京城区", "img": "", "wgs_lon": 116.365407, "wgs_lat": 39.918264, "gcj_lon": 116.37162, "gcj_lat": 39.919641, "geo_addr": "北京市西城区中国地质调查所旧址", "coord_src": "geocode", "gcj_note": "api_error:10021:CUQPS_HAS_EXCEEDED_THE_LIMIT"}}, {"type": "Feature", "geometry": {"type": "Point", "coordinates": [116.671354, 39.899]}, "properties": {"name": "通州兵营旧址", "level": "省级", "era": "近代以来", "lon": 116.66689, "lat": 39.897142, "elev": 30, "city": "北京城区", "img": "", "wgs_lon": 116.66689, "wgs_lat": 39.897142, "gcj_lon": 116.671354, "gcj_lat": 39.899, "geo_addr": "北京市通州区通州兵营旧址(北门)", "coord_src": "geocode"}}, {"type": "Feature", "geometry": {"type": "Point", "coordinates": [116.407387, 39.904179]}, "properties": {"name": "澄清下闸遗址", "level": "省级", "era": "宋元至明清", "lon": 116.399298, "lat": 39.930946, "elev": 52, "city": "北京城区", "img": "", "wgs_lon": 116.399298, "wgs_lat": 39.930946, "gcj_lon": 116.407387, "gcj_lat": 39.904179, "geo_addr": "北京市", "coord_src": "geocode", "gcj_note": "api_error:10021:CUQPS_HAS_EXCEEDED_THE_LIMIT"}}, {"type": "Feature", "geometry": {"type": "Point", "coordinates": [116.400059, 39.868631]}, "properties": {"name": "永定门御道遗存", "level": "省级", "era": "宋元至明清", "lon": 116.393121, "lat": 39.871079, "elev": 43, "city": "北京城区", "img": "", "wgs_lon": 116.393121, "wgs_lat": 39.871079, "gcj_lon": 116.400059, "gcj_lat": 39.868631, "geo_addr": "北京市东城区永定门", "coord_src": "geocode"}}, {"type": "Feature", "geometry": {"type": "Point", "coordinates": [116.71990871908258, 39.91257066160933]}, "properties": {"name": "路县故城遗址", "level": "省级", "era": "秦汉至隋唐", "lon": 116.713872, "lat": 39.911368, "elev": 22, "city": "北京城区", "img": "", "wgs_lon": 116.713872, "wgs_lat": 39.911368, "gcj_lon": 116.71990871908258, "gcj_lat": 39.91257066160933, "geo_addr": "", "coord_src": "fallback_local", "gcj_note": "tries_exhausted"}}, {"type": "Feature", "geometry": {"type": "Point", "coordinates": [116.396058, 39.944071]}, "properties": {"name": "宏恩观", "level": "省级", "era": "宋元至明清", "lon": 116.389813, "lat": 39.942669, "elev": 54, "city": "北京城区", "img": "", "wgs_lon": 116.389813, "wgs_lat": 39.942669, "gcj_lon": 116.396058, "gcj_lat": 39.944071, "geo_addr": "北京市东城区宏恩观", "coord_src": "geocode"}}, {"type": "Feature", "geometry": {"type": "Point", "coordinates": [116.400227, 39.933687]}, "properties": {"name": "玉河庵", "level": "省级", "era": "宋元至明清", "lon": 116.393981, "lat": 39.932284, "elev": 51, "city": "北京城区", "img": "", "wgs_lon": 116.393981, "wgs_lat": 39.932284, "gcj_lon": 116.400227, "gcj_lat": 39.933687, "geo_addr": "北京市东城区玉河庵", "coord_src": "geocode", "gcj_note": "api_error:10021:CUQPS_HAS_EXCEEDED_THE_LIMIT"}}, {"type": "Feature", "geometry": {"type": "Point", "coordinates": [116.407387, 39.904179]}, "properties": {"name": "僧格林沁祠堂", "level": "省级", "era": "宋元至明清", "lon": 116.400761, "lat": 39.932281, "elev": 53, "city": "北京城区", "img": "", "wgs_lon": 116.400761, "wgs_lat": 39.932281, "gcj_lon": 116.407387, "gcj_lat": 39.904179, "geo_addr": "北京市", "coord_src": "geocode", "gcj_note": "api_error:30001:ENGINE_RESPONSE_DATA_ERROR"}}, {"type": "Feature", "geometry": {"type": "Point", "coordinates": [116.390918, 39.920304]}, "properties": {"name": "万寿兴隆寺", "level": "省级", "era": "宋元至明清", "lon": 116.38468, "lat": 39.918906, "elev": 54, "city": "北京城区", "img": "", "wgs_lon": 116.38468, "wgs_lat": 39.918906, "gcj_lon": 116.390918, "gcj_lat": 39.920304, "geo_addr": "北京市西城区万寿兴隆寺", "coord_src": "geocode", "gcj_note": "api_error:10021:CUQPS_HAS_EXCEEDED_THE_LIMIT"}}, {"type": "Feature", "geometry": {"type": "Point", "coordinates": [116.390637, 39.894251]}, "properties": {"name": "护国观音寺", "level": "省级", "era": "宋元至明清", "lon": 116.384402, "lat": 39.892855, "elev": 50, "city": "北京城区", "img": "", "wgs_lon": 116.384402, "wgs_lat": 39.892855, "gcj_lon": 116.390637, "gcj_lat": 39.894251, "geo_addr": "北京市西城区护国观音寺", "coord_src": "geocode"}}, {"type": "Feature", "geometry": {"type": "Point", "coordinates": [116.393671, 39.926061]}, "properties": {"name": "西板桥", "level": "省级", "era": "宋元至明清", "lon": 116.38743, "lat": 39.924661, "elev": 52, "city": "北京城区", "img": "", "wgs_lon": 116.38743, "wgs_lat": 39.924661, "gcj_lon": 116.393671, "gcj_lat": 39.926061, "geo_addr": "北京市西城区西板桥(公交站)", "coord_src": "geocode", "gcj_note": "api_error:10021:CUQPS_HAS_EXCEEDED_THE_LIMIT"}}, {"type": "Feature", "geometry": {"type": "Point", "coordinates": [116.384597, 39.944958]}, "properties": {"name": "醇亲王府马号", "level": "省级", "era": "宋元至明清", "lon": 116.378362, "lat": 39.943565, "elev": 52, "city": "北京城区", "img": "", "wgs_lon": 116.378362, "wgs_lat": 39.943565, "gcj_lon": 116.384597, "gcj_lat": 39.944958, "geo_addr": "北京市西城区醇亲王府", "coord_src": "geocode", "gcj_note": "api_error:10021:CUQPS_HAS_EXCEEDED_THE_LIMIT"}}, {"type": "Feature", "geometry": {"type": "Point", "coordinates": [116.407387, 39.904179]}, "properties": {"name": "上方寺遗存", "level": "省级", "era": "宋元至明清", "lon": 116.422857, "lat": 39.939994, "elev": 51, "city": "北京城区", "img": "", "wgs_lon": 116.422857, "wgs_lat": 39.939994, "gcj_lon": 116.407387, "gcj_lat": 39.904179, "geo_addr": "北京市", "coord_src": "geocode", "gcj_note": "api_error:30001:ENGINE_RESPONSE_DATA_ERROR"}}, {"type": "Feature", "geometry": {"type": "Point", "coordinates": [116.665739, 39.915329]}, "properties": {"name": "通州文庙", "level": "省级", "era": "宋元至明清", "lon": 116.659845, "lat": 39.91422, "elev": 32, "city": "北京城区", "img": "", "wgs_lon": 116.659845, "wgs_lat": 39.91422, "gcj_lon": 116.665739, "gcj_lat": 39.915329, "geo_addr": "北京市通州区通州文庙", "coord_src": "geocode", "gcj_note": "api_error:10021:CUQPS_HAS_EXCEEDED_THE_LIMIT"}}, {"type": "Feature", "geometry": {"type": "Point", "coordinates": [116.3907, 39.972665]}, "properties": {"name": "北京长城及其遗迹", "level": "省级", "era": "宋元至明清", "lon": 116.384455, "lat": 39.971265, "elev": 58, "city": "北京城区", "img": "", "wgs_lon": 116.384455, "wgs_lat": 39.971265, "gcj_lon": 116.3907, "gcj_lat": 39.972665, "geo_addr": "北京市长城", "coord_src": "geocode"}}, {"type": "Feature", "geometry": {"type": "Point", "coordinates": [116.464686, 39.972469]}, "properties": {"name": "河北村东魏武定三年石刻", "level": "省级", "era": "宋元至明清", "lon": 116.443511, "lat": 39.908026, "elev": 47, "city": "北京城区", "img": "", "wgs_lon": 116.443511, "wgs_lat": 39.908026, "gcj_lon": 116.464686, "gcj_lat": 39.972469, "geo_addr": "北京市朝阳区河北村", "coord_src": "geocode", "gcj_note": "api_error:10021:CUQPS_HAS_EXCEEDED_THE_LIMIT"}}, {"type": "Feature", "geometry": {"type": "Point", "coordinates": [116.42120901148037, 39.929387443804295]}, "properties": {"name": "原贝满女中建筑", "level": "省级", "era": "宋元至明清", "lon": 116.414968, "lat": 39.927986, "elev": 50, "city": "北京城区", "img": "", "wgs_lon": 116.414968, "wgs_lat": 39.927986, "gcj_lon": 116.42120901148037, "gcj_lat": 39.929387443804295, "geo_addr": "", "coord_src": "fallback_local", "gcj_note": "tries_exhausted"}}, {"type": "Feature", "geometry": {"type": "Point", "coordinates": [116.396596, 39.89671]}, "properties": {"name": "钱市胡同炉房银号建筑群", "level": "省级", "era": "宋元至明清", "lon": 116.390168, "lat": 39.895301, "elev": 52, "city": "北京城区", "img": "", "wgs_lon": 116.390168, "wgs_lat": 39.895301, "gcj_lon": 116.396596, "gcj_lat": 39.89671, "geo_addr": "北京市西城区钱市胡同", "coord_src": "geocode", "gcj_note": "api_error:30001:ENGINE_RESPONSE_DATA_ERROR"}}, {"type": "Feature", "geometry": {"type": "Point", "coordinates": [116.365499, 39.961081]}, "properties": {"name": "北师大旧址", "level": "省级", "era": "近代以来", "lon": 116.359291, "lat": 39.959711, "elev": 59, "city": "北京城区", "img": "", "wgs_lon": 116.359291, "wgs_lat": 39.959711, "gcj_lon": 116.365499, "gcj_lat": 39.961081, "geo_addr": "北京市海淀区北京师范大学(海淀校园)", "coord_src": "geocode"}}, {"type": "Feature", "geometry": {"type": "Point", "coordinates": [116.39347091687843, 39.88755502202176]}, "properties": {"name": "泰安里民国早期建筑", "level": "省级", "era": "近代以来", "lon": 116.387235, "lat": 39.886157, "elev": 45, "city": "北京城区", "img": "", "wgs_lon": 116.387235, "wgs_lat": 39.886157, "gcj_lon": 116.39347091687843, "gcj_lat": 39.88755502202176, "geo_addr": "", "coord_src": "fallback_local", "gcj_note": "tries_exhausted"}}, {"type": "Feature", "geometry": {"type": "Point", "coordinates": [116.407387, 39.904179]}, "properties": {"name": "高君宇烈士墓", "level": "省级", "era": "近代以来", "lon": 116.375941, "lat": 39.873227, "elev": 53, "city": "北京城区", "img": "", "wgs_lon": 116.375941, "wgs_lat": 39.873227, "gcj_lon": 116.407387, "gcj_lat": 39.904179, "geo_addr": "北京市", "coord_src": "geocode", "gcj_note": "api_error:30001:ENGINE_RESPONSE_DATA_ERROR"}}, {"type": "Feature", "geometry": {"type": "Point", "coordinates": [116.407387, 39.904179]}, "properties": {"name": "马骏烈士墓", "level": "省级", "era": "近代以来", "lon": 116.435103, "lat": 39.915649, "elev": 47, "city": "北京城区", "img": "", "wgs_lon": 116.435103, "wgs_lat": 39.915649, "gcj_lon": 116.407387, "gcj_lat": 39.904179, "geo_addr": "北京市", "coord_src": "geocode", "gcj_note": "api_error:10021:CUQPS_HAS_EXCEEDED_THE_LIMIT"}}, {"type": "Feature", "geometry": {"type": "Point", "coordinates": [116.368612, 39.90226]}, "properties": {"name": "佟麟阁将军墓", "level": "省级", "era": "近代以来", "lon": 116.362406, "lat": 39.900888, "elev": 52, "city": "北京城区", "img": "", "wgs_lon": 116.362406, "wgs_lat": 39.900888, "gcj_lon": 116.368612, "gcj_lat": 39.90226, "geo_addr": "北京市西城区佟麟阁", "coord_src": "geocode"}}, {"type": "Feature", "geometry": {"type": "Point", "coordinates": [116.36962265964186, 39.901249267081404]}, "properties": {"name": "八路军宋邓支队会师地旧址", "level": "省级", "era": "近代以来", "lon": 116.363415, "lat": 39.899876, "elev": 58, "city": "北京城区", "img": "", "wgs_lon": 116.363415, "wgs_lat": 39.899876, "gcj_lon": 116.36962265964186, "gcj_lat": 39.901249267081404, "geo_addr": "", "coord_src": "fallback_local", "gcj_note": "tries_exhausted"}}, {"type": "Feature", "geometry": {"type": "Point", "coordinates": [116.39069390169892, 39.83395809276797]}, "properties": {"name": "长城新广武村段、荷叶坪—王家岔段、竹帛口段、阳方口段", "level": "国家级", "era": "秦汉至隋唐", "lon": 116.384467, "lat": 39.832565, "elev": 43, "city": "北京城区", "img": "", "wgs_lon": 116.384467, "wgs_lat": 39.832565, "gcj_lon": 116.39069390169892, "gcj_lat": 39.83395809276797, "geo_addr": "", "coord_src": "fallback_local", "gcj_note": "tries_exhausted"}}, {"type": "Feature", "geometry": {"type": "Point", "coordinates": [116.41901633400322, 39.90390046802983]}, "properties": {"name": "圣米厄尔教堂", "level": "国家级", "era": "宋元至明清", "lon": 116.412777, "lat": 39.902499, "elev": 50, "city": "北京城区", "img": "", "wgs_lon": 116.412777, "wgs_lat": 39.902499, "gcj_lon": 116.41901633400322, "gcj_lat": 39.90390046802983, "geo_addr": "", "coord_src": "fallback_local", "gcj_note": "tries_exhausted"}}, {"type": "Feature", "geometry": {"type": "Point", "coordinates": [116.664264, 39.909698]}, "properties": {"name": "通州燃灯塔", "level": "国家级", "era": "宋元至明清", "lon": 116.659833, "lat": 39.914416, "elev": 33, "city": "北京城区", "img": "", "wgs_lon": 116.659833, "wgs_lat": 39.914416, "gcj_lon": 116.664264, "gcj_lat": 39.909698, "geo_addr": "北京市通州区", "coord_src": "geocode"}}, {"type": "Feature", "geometry": {"type": "Point", "coordinates": [116.427354, 39.90283]}, "properties": {"name": "北京站车站大楼", "level": "国家级", "era": "近代以来", "lon": 116.569721, "lat": 39.889443, "elev": 35, "city": "北京城区", "img": "", "wgs_lon": 116.569721, "wgs_lat": 39.889443, "gcj_lon": 116.427354, "gcj_lat": 39.90283, "geo_addr": "北京市东城区北京站", "coord_src": "geocode"}}, {"type": "Feature", "geometry": {"type": "Point", "coordinates": [116.384032, 39.8889]}, "properties": {"name": "北京湖广会馆", "level": "国家级", "era": "宋元至明清", "lon": 116.383888, "lat": 39.88861, "elev": 48, "city": "北京城区", "img": "", "wgs_lon": 116.383888, "wgs_lat": 39.88861, "gcj_lon": 116.384032, "gcj_lat": 39.8889, "geo_addr": "北京市西城区北京湖广会馆", "coord_src": "geocode"}}, {"type": "Feature", "geometry": {"type": "Point", "coordinates": [116.407387, 39.904179]}, "properties": {"name": "智珠寺", "level": "国家级", "era": "宋元至明清", "lon": 116.397221, "lat": 39.926388, "elev": 52, "city": "北京城区", "img": "", "wgs_lon": 116.397221, "wgs_lat": 39.926388, "gcj_lon": 116.407387, "gcj_lat": 39.904179, "geo_addr": "北京市", "coord_src": "geocode", "gcj_note": "api_error:30001:ENGINE_RESPONSE_DATA_ERROR"}}, {"type": "Feature", "geometry": {"type": "Point", "coordinates": [116.407387, 39.904179]}, "properties": {"name": "长椿寺", "level": "国家级", "era": "宋元至明清", "lon": 116.358832, "lat": 39.891166, "elev": 55, "city": "北京城区", "img": "", "wgs_lon": 116.358832, "wgs_lat": 39.891166, "gcj_lon": 116.407387, "gcj_lat": 39.904179, "geo_addr": "北京市", "coord_src": "geocode", "gcj_note": "api_error:30001:ENGINE_RESPONSE_DATA_ERROR"}}, {"type": "Feature", "geometry": {"type": "Point", "coordinates": [116.310918, 39.992873]}, "properties": {"name": "北京大学地质学馆旧址", "level": "国家级", "era": "近代以来", "lon": 116.390221, "lat": 39.92461, "elev": 54, "city": "北京城区", "img": "", "wgs_lon": 116.390221, "wgs_lat": 39.92461, "gcj_lon": 116.310918, "gcj_lat": 39.992873, "geo_addr": "北京市海淀区北京大学", "coord_src": "geocode"}}, {"type": "Feature", "geometry": {"type": "Point", "coordinates": [116.788124, 39.610485]}, "properties": {"name": "基督教中华圣经会北京分会旧址", "level": "国家级", "era": "近代以来", "lon": 116.410388, "lat": 39.909693, "elev": 59, "city": "北京城区", "img": "", "wgs_lon": 116.410388, "wgs_lat": 39.909693, "gcj_lon": 116.788124, "gcj_lat": 39.610485, "geo_addr": "北京市通州区北京", "coord_src": "geocode", "gcj_note": "api_error:10021:CUQPS_HAS_EXCEEDED_THE_LIMIT"}}, {"type": "Feature", "geometry": {"type": "Point", "coordinates": [116.407387, 39.904179]}, "properties": {"name": "李大钊旧居", "level": "国家级", "era": "近代以来", "lon": 116.359188, "lat": 39.90342, "elev": 56, "city": "北京城区", "img": "", "wgs_lon": 116.359188, "wgs_lat": 39.90342, "gcj_lon": 116.407387, "gcj_lat": 39.904179, "geo_addr": "北京市", "coord_src": "geocode", "gcj_note": "api_error:30001:ENGINE_RESPONSE_DATA_ERROR"}}, {"type": "Feature", "geometry": {"type": "Point", "coordinates": [116.386056, 39.932688]}, "properties": {"name": "盛新中学与佑贞女中旧址", "level": "国家级", "era": "近代以来", "lon": 116.379821, "lat": 39.931294, "elev": 51, "city": "北京城区", "img": "", "wgs_lon": 116.379821, "wgs_lat": 39.931294, "gcj_lon": 116.386056, "gcj_lat": 39.932688, "geo_addr": "北京市西城区盛新中学与佑贞女中旧址", "coord_src": "geocode"}}, {"type": "Feature", "geometry": {"type": "Point", "coordinates": [116.390978, 39.901828]}, "properties": {"name": "西交民巷近代银行建筑群", "level": "国家级", "era": "近代以来", "lon": 116.389098, "lat": 39.902026, "elev": 47, "city": "北京城区", "img": "", "wgs_lon": 116.389098, "wgs_lat": 39.902026, "gcj_lon": 116.390978, "gcj_lat": 39.901828, "geo_addr": "北京市西城区西交民巷", "coord_src": "geocode", "gcj_note": "api_error:10021:CUQPS_HAS_EXCEEDED_THE_LIMIT"}}, {"type": "Feature", "geometry": {"type": "Point", "coordinates": [116.664264, 39.909698]}, "properties": {"name": "通州近代学校建筑群", "level": "国家级", "era": "近代以来", "lon": 116.64375, "lat": 39.899278, "elev": 32, "city": "北京城区", "img": "", "wgs_lon": 116.64375, "wgs_lat": 39.899278, "gcj_lon": 116.664264, "gcj_lat": 39.909698, "geo_addr": "北京市通州区", "coord_src": "geocode"}}, {"type": "Feature", "geometry": {"type": "Point", "coordinates": [116.407387, 39.904179]}, "properties": {"name": "东堂", "level": "国家级", "era": "宋元至明清", "lon": 116.40636, "lat": 39.91586, "elev": 54, "city": "北京城区", "img": "", "wgs_lon": 116.40636, "wgs_lat": 39.91586, "gcj_lon": 116.407387, "gcj_lat": 39.904179, "geo_addr": "北京市", "coord_src": "geocode", "gcj_note": "api_error:30001:ENGINE_RESPONSE_DATA_ERROR"}}, {"type": "Feature", "geometry": {"type": "Point", "coordinates": [116.369255, 39.904574]}, "properties": {"name": "克勤郡王府", "level": "国家级", "era": "宋元至明清", "lon": 116.369193, "lat": 39.904914, "elev": 81, "city": "北京城区", "img": "", "wgs_lon": 116.369193, "wgs_lat": 39.904914, "gcj_lon": 116.369255, "gcj_lat": 39.904574, "geo_addr": "北京市西城区克勤郡王府", "coord_src": "geocode"}}, {"type": "Feature", "geometry": {"type": "Point", "coordinates": [116.407387, 39.904179]}, "properties": {"name": "普度寺", "level": "国家级", "era": "宋元至明清", "lon": 116.398555, "lat": 39.912055, "elev": 54, "city": "北京城区", "img": "", "wgs_lon": 116.398555, "wgs_lat": 39.912055, "gcj_lon": 116.407387, "gcj_lat": 39.904179, "geo_addr": "北京市", "coord_src": "geocode", "gcj_note": "api_error:30001:ENGINE_RESPONSE_DATA_ERROR"}}, {"type": "Feature", "geometry": {"type": "Point", "coordinates": [116.407387, 39.904179]}, "properties": {"name": "文天祥祠", "level": "国家级", "era": "宋元至明清", "lon": 116.403943, "lat": 39.934528, "elev": 53, "city": "北京城区", "img": "", "wgs_lon": 116.403943, "wgs_lat": 39.934528, "gcj_lon": 116.407387, "gcj_lat": 39.904179, "geo_addr": "北京市", "coord_src": "geocode", "gcj_note": "api_error:30001:ENGINE_RESPONSE_DATA_ERROR"}}, {"type": "Feature", "geometry": {"type": "Point", "coordinates": [116.373243, 39.922117]}, "properties": {"name": "万松老人塔", "level": "国家级", "era": "宋元至明清", "lon": 116.373244, "lat": 39.92213, "elev": 56, "city": "北京城区", "img": "", "wgs_lon": 116.373244, "wgs_lat": 39.92213, "gcj_lon": 116.373243, "gcj_lat": 39.922117, "geo_addr": "北京市西城区万松老人塔", "coord_src": "geocode", "gcj_note": "api_error:10021:CUQPS_HAS_EXCEEDED_THE_LIMIT"}}, {"type": "Feature", "geometry": {"type": "Point", "coordinates": [116.870319, 39.627036]}, "properties": {"name": "兰城遗址", "level": "国家级", "era": "史前至先秦", "lon": 116.872992, "lat": 39.626944, "elev": 12, "city": "天津城区", "img": "", "wgs_lon": 116.872992, "wgs_lat": 39.626944, "gcj_lon": 116.870319, "gcj_lat": 39.627036, "geo_addr": "天津市武清区兰城村", "coord_src": "geocode"}}, {"type": "Feature", "geometry": {"type": "Point", "coordinates": [116.367358, 39.922103]}, "properties": {"name": "北京鲁迅旧居", "level": "国家级", "era": "近代以来", "lon": 116.407525, "lat": 39.904029, "elev": 53, "city": "北京城区", "img": "", "wgs_lon": 116.407525, "wgs_lat": 39.904029, "gcj_lon": 116.367358, "gcj_lat": 39.922103, "geo_addr": "北京市西城区鲁迅旧居", "coord_src": "geocode"}}, {"type": "Feature", "geometry": {"type": "Point", "coordinates": [116.407387, 39.904179]}, "properties": {"name": "孙中山行馆", "level": "国家级", "era": "近代以来", "lon": 116.40336, "lat": 39.932166, "elev": 48, "city": "北京城区", "img": "", "wgs_lon": 116.40336, "wgs_lat": 39.932166, "gcj_lon": 116.407387, "gcj_lat": 39.904179, "geo_addr": "北京市", "coord_src": "geocode", "gcj_note": "api_error:30001:ENGINE_RESPONSE_DATA_ERROR"}}, {"type": "Feature", "geometry": {"type": "Point", "coordinates": [116.385319, 39.923461]}, "properties": {"name": "北平图书馆旧址", "level": "国家级", "era": "近代以来", "lon": 116.385291, "lat": 39.923465, "elev": 50, "city": "北京城区", "img": "", "wgs_lon": 116.385291, "wgs_lat": 39.923465, "gcj_lon": 116.385319, "gcj_lat": 39.923461, "geo_addr": "北京市西城区北平图书馆旧址(暂停开放)", "coord_src": "geocode"}}, {"type": "Feature", "geometry": {"type": "Point", "coordinates": [116.414851, 39.91074]}, "properties": {"name": "协和医学院旧址", "level": "国家级", "era": "近代以来", "lon": 116.408555, "lat": 39.909249, "elev": 60, "city": "北京城区", "img": "", "wgs_lon": 116.408555, "wgs_lat": 39.909249, "gcj_lon": 116.414851, "gcj_lat": 39.91074, "geo_addr": "北京市东城区协和医学院旧址", "coord_src": "geocode", "gcj_note": "api_error:10021:CUQPS_HAS_EXCEEDED_THE_LIMIT"}}, {"type": "Feature", "geometry": {"type": "Point", "coordinates": [116.371925, 39.904475]}, "properties": {"name": "京师女子师范学堂旧址", "level": "国家级", "era": "近代以来", "lon": 116.365019, "lat": 39.903174, "elev": 60, "city": "北京城区", "img": "", "wgs_lon": 116.365019, "wgs_lat": 39.903174, "gcj_lon": 116.371925, "gcj_lat": 39.904475, "geo_addr": "北京市西城区京师女子师范学堂", "coord_src": "geocode"}}, {"type": "Feature", "geometry": {"type": "Point", "coordinates": [116.369623, 39.901249]}, "properties": {"name": "北京国会旧址", "level": "国家级", "era": "近代以来", "lon": 116.370714, "lat": 39.899919, "elev": 54, "city": "北京城区", "img": "", "wgs_lon": 116.370714, "wgs_lat": 39.899919, "gcj_lon": 116.369623, "gcj_lat": 39.901249, "geo_addr": "北京市西城区北京国会旧址", "coord_src": "geocode"}}, {"type": "Feature", "geometry": {"type": "Point", "coordinates": [116.374675, 39.910325]}, "properties": {"name": "国立蒙藏学校旧址", "level": "国家级", "era": "近代以来", "lon": 116.368243, "lat": 39.908733, "elev": 52, "city": "北京城区", "img": "", "wgs_lon": 116.368243, "wgs_lat": 39.908733, "gcj_lon": 116.374675, "gcj_lat": 39.910325, "geo_addr": "北京市西城区北京市蒙藏学校", "coord_src": "geocode"}}, {"type": "Feature", "geometry": {"type": "Point", "coordinates": [116.420483, 39.902964]}, "properties": {"name": "亚斯立堂", "level": "国家级", "era": "宋元至明清", "lon": 116.413805, "lat": 39.90136, "elev": 56, "city": "北京城区", "img": "", "wgs_lon": 116.413805, "wgs_lat": 39.90136, "gcj_lon": 116.420483, "gcj_lat": 39.902964, "geo_addr": "北京市东城区北京基督教会崇文门堂", "coord_src": "geocode"}}, {"type": "Feature", "geometry": {"type": "Point", "coordinates": [116.415057, 39.934359]}, "properties": {"name": "清陆军部和海军部旧址", "level": "国家级", "era": "近代以来", "lon": 116.408721, "lat": 39.932749, "elev": 56, "city": "北京城区", "img": "", "wgs_lon": 116.408721, "wgs_lat": 39.932749, "gcj_lon": 116.415057, "gcj_lat": 39.934359, "geo_addr": "北京市东城区清陆军部和海军部旧址", "coord_src": "geocode"}}, {"type": "Feature", "geometry": {"type": "Point", "coordinates": [116.39410557206075, 39.95979046154691]}, "properties": {"name": "京师大学堂分科大学旧址", "level": "国家级", "era": "宋元至明清", "lon": 116.38786, "lat": 39.958389, "elev": 52, "city": "北京城区", "img": "", "wgs_lon": 116.38786, "wgs_lat": 39.958389, "gcj_lon": 116.39410557206075, "gcj_lat": 39.95979046154691, "geo_addr": "", "coord_src": "fallback_local", "gcj_note": "tries_exhausted"}}, {"type": "Feature", "geometry": {"type": "Point", "coordinates": [116.407387, 39.904179]}, "properties": {"name": "安徽会馆", "level": "国家级", "era": "宋元至明清", "lon": 116.377233, "lat": 39.891992, "elev": 51, "city": "北京城区", "img": "", "wgs_lon": 116.377233, "wgs_lat": 39.891992, "gcj_lon": 116.407387, "gcj_lat": 39.904179, "geo_addr": "北京市", "coord_src": "geocode", "gcj_note": "api_error:30001:ENGINE_RESPONSE_DATA_ERROR"}}, {"type": "Feature", "geometry": {"type": "Point", "coordinates": [116.419606, 39.945418]}, "properties": {"name": "柏林寺", "level": "国家级", "era": "宋元至明清", "lon": 116.413666, "lat": 39.944249, "elev": 50, "city": "北京城区", "img": "", "wgs_lon": 116.413666, "wgs_lat": 39.944249, "gcj_lon": 116.419606, "gcj_lat": 39.945418, "geo_addr": "北京市东城区柏林寺(西南门)", "coord_src": "geocode", "gcj_note": "api_error:10021:CUQPS_HAS_EXCEEDED_THE_LIMIT"}}, {"type": "Feature", "geometry": {"type": "Point", "coordinates": [116.372321, 39.924971]}, "properties": {"name": "广济寺", "level": "国家级", "era": "宋元至明清", "lon": 116.372352, "lat": 39.924293, "elev": 55, "city": "北京城区", "img": "", "wgs_lon": 116.372352, "wgs_lat": 39.924293, "gcj_lon": 116.372321, "gcj_lat": 39.924971, "geo_addr": "北京市西城区广济寺", "coord_src": "geocode"}}, {"type": "Feature", "geometry": {"type": "Point", "coordinates": [116.384597, 39.944958]}, "properties": {"name": "醇亲王府", "level": "国家级", "era": "宋元至明清", "lon": 116.384757, "lat": 39.944489, "elev": 56, "city": "北京城区", "img": "", "wgs_lon": 116.384757, "wgs_lat": 39.944489, "gcj_lon": 116.384597, "gcj_lat": 39.944958, "geo_addr": "北京市西城区醇亲王府", "coord_src": "geocode"}}, {"type": "Feature", "geometry": {"type": "Point", "coordinates": [116.385768, 39.945669]}, "properties": {"name": "关岳庙", "level": "国家级", "era": "宋元至明清", "lon": 116.385787, "lat": 39.94641, "elev": 55, "city": "北京城区", "img": "", "wgs_lon": 116.385787, "wgs_lat": 39.94641, "gcj_lon": 116.385768, "gcj_lat": 39.945669, "geo_addr": "北京市西城区关岳庙(入口)", "coord_src": "geocode", "gcj_note": "api_error:10021:CUQPS_HAS_EXCEEDED_THE_LIMIT"}}, {"type": "Feature", "geometry": {"type": "Point", "coordinates": [116.44167, 39.919107]}, "properties": {"name": "日坛", "level": "国家级", "era": "宋元至明清", "lon": 116.434721, "lat": 39.911943, "elev": 43, "city": "北京城区", "img": "", "wgs_lon": 116.434721, "wgs_lat": 39.911943, "gcj_lon": 116.44167, "gcj_lat": 39.919107, "geo_addr": "北京市朝阳区日坛", "coord_src": "geocode"}}, {"type": "Feature", "geometry": {"type": "Point", "coordinates": [116.378947, 39.949505]}, "properties": {"name": "德胜门箭楼", "level": "国家级", "era": "宋元至明清", "lon": 116.379584, "lat": 39.94979, "elev": 54, "city": "北京城区", "img": "", "wgs_lon": 116.379584, "wgs_lat": 39.94979, "gcj_lon": 116.378947, "gcj_lat": 39.949505, "geo_addr": "北京市西城区德胜门箭楼(西南门)", "coord_src": "geocode"}}, {"type": "Feature", "geometry": {"type": "Point", "coordinates": [116.413659, 39.955389]}, "properties": {"name": "地坛", "level": "国家级", "era": "宋元至明清", "lon": 116.409777, "lat": 39.951472, "elev": 46, "city": "北京城区", "img": "", "wgs_lon": 116.409777, "wgs_lat": 39.951472, "gcj_lon": 116.413659, "gcj_lat": 39.955389, "geo_addr": "北京市东城区地坛", "coord_src": "geocode"}}, {"type": "Feature", "geometry": {"type": "Point", "coordinates": [116.438141, 39.895151]}, "properties": {"name": "袁崇焕墓和祠", "level": "国家级", "era": "近代以来", "lon": 116.431943, "lat": 39.893888, "elev": 43, "city": "北京城区", "img": "", "wgs_lon": 116.431943, "wgs_lat": 39.893888, "gcj_lon": 116.438141, "gcj_lat": 39.895151, "geo_addr": "北京市东城区袁崇焕墓和祠", "coord_src": "geocode"}}, {"type": "Feature", "geometry": {"type": "Point", "coordinates": [116.41262, 39.901299]}, "properties": {"name": "东交民巷使馆建筑群", "level": "国家级", "era": "近代以来", "lon": 116.408286, "lat": 39.902545, "elev": 52, "city": "北京城区", "img": "", "wgs_lon": 116.408286, "wgs_lat": 39.902545, "gcj_lon": 116.41262, "gcj_lat": 39.901299, "geo_addr": "北京市东城区北京东交民巷使馆建筑群", "coord_src": "geocode"}}, {"type": "Feature", "geometry": {"type": "Point", "coordinates": [116.390396, 39.965111]}, "properties": {"name": "清净化城塔", "level": "国家级", "era": "宋元至明清", "lon": 116.384298, "lat": 39.961861, "elev": 51, "city": "北京城区", "img": "", "wgs_lon": 116.384298, "wgs_lat": 39.961861, "gcj_lon": 116.390396, "gcj_lat": 39.965111, "geo_addr": "北京市朝阳区清净化城塔", "coord_src": "geocode"}}, {"type": "Feature", "geometry": {"type": "Point", "coordinates": [116.396443, 39.876984]}, "properties": {"name": "先农坛", "level": "国家级", "era": "宋元至明清", "lon": 116.387474, "lat": 39.875531, "elev": 50, "city": "北京城区", "img": "", "wgs_lon": 116.387474, "wgs_lat": 39.875531, "gcj_lon": 116.396443, "gcj_lat": 39.876984, "geo_addr": "北京市西城区先农坛", "coord_src": "geocode"}}, {"type": "Feature", "geometry": {"type": "Point", "coordinates": [116.36988, 39.885385]}, "properties": {"name": "法源寺", "level": "国家级", "era": "宋元至明清", "lon": 116.368026, "lat": 39.885077, "elev": 51, "city": "北京城区", "img": "", "wgs_lon": 116.368026, "wgs_lat": 39.885077, "gcj_lon": 116.36988, "gcj_lat": 39.885385, "geo_addr": "北京市西城区法源寺", "coord_src": "geocode"}}, {"type": "Feature", "geometry": {"type": "Point", "coordinates": [116.424826, 39.924672]}, "properties": {"name": "孚王府", "level": "国家级", "era": "宋元至明清", "lon": 116.418693, "lat": 39.923277, "elev": 49, "city": "北京城区", "img": "", "wgs_lon": 116.418693, "wgs_lat": 39.923277, "gcj_lon": 116.424826, "gcj_lat": 39.924672, "geo_addr": "北京市东城区孚王府(南门)", "coord_src": "geocode"}}, {"type": "Feature", "geometry": {"type": "Point", "coordinates": [116.401974, 39.936514]}, "properties": {"name": "可园", "level": "国家级", "era": "宋元至明清", "lon": 116.395388, "lat": 39.934916, "elev": 53, "city": "北京城区", "img": "", "wgs_lon": 116.395388, "wgs_lat": 39.934916, "gcj_lon": 116.401974, "gcj_lat": 39.936514, "geo_addr": "北京市东城区可园", "coord_src": "geocode"}}, {"type": "Feature", "geometry": {"type": "Point", "coordinates": [116.39586, 39.942439]}, "properties": {"name": "北京鼓楼、钟楼", "level": "国家级", "era": "宋元至明清", "lon": 116.389527, "lat": 39.940889, "elev": 54, "city": "北京城区", "img": "", "wgs_lon": 116.389527, "wgs_lat": 39.940889, "gcj_lon": 116.39586, "gcj_lat": 39.942439, "geo_addr": "北京市东城区鼓楼钟楼", "coord_src": "geocode", "gcj_note": "api_error:10021:CUQPS_HAS_EXCEEDED_THE_LIMIT"}}, {"type": "Feature", "geometry": {"type": "Point", "coordinates": [116.367432, 39.924086]}, "properties": {"name": "历代帝王庙", "level": "国家级", "era": "宋元至明清", "lon": 116.361236, "lat": 39.923431, "elev": 56, "city": "北京城区", "img": "", "wgs_lon": 116.361236, "wgs_lat": 39.923431, "gcj_lon": 116.367432, "gcj_lat": 39.924086, "geo_addr": "北京市西城区历代帝王庙(南门)", "coord_src": "geocode"}}, {"type": "Feature", "geometry": {"type": "Point", "coordinates": [116.393232, 39.924421]}, "properties": {"name": "大高玄殿", "level": "国家级", "era": "宋元至明清", "lon": 116.393256, "lat": 39.924037, "elev": 52, "city": "北京城区", "img": "", "wgs_lon": 116.393256, "wgs_lat": 39.924037, "gcj_lon": 116.393232, "gcj_lat": 39.924421, "geo_addr": "北京市西城区大高玄殿", "coord_src": "geocode"}}, {"type": "Feature", "geometry": {"type": "Point", "coordinates": [116.44377, 39.924932]}, "properties": {"name": "北京东岳庙", "level": "国家级", "era": "宋元至明清", "lon": 116.443954, "lat": 39.924949, "elev": 44, "city": "北京城区", "img": "", "wgs_lon": 116.443954, "wgs_lat": 39.924949, "gcj_lon": 116.44377, "gcj_lat": 39.924932, "geo_addr": "北京市朝阳区东岳庙", "coord_src": "geocode"}}, {"type": "Feature", "geometry": {"type": "Point", "coordinates": [116.419209, 39.930243]}, "properties": {"name": "崇礼住宅", "level": "国家级", "era": "宋元至明清", "lon": 116.412888, "lat": 39.928777, "elev": 53, "city": "北京城区", "img": "", "wgs_lon": 116.412888, "wgs_lat": 39.928777, "gcj_lon": 116.419209, "gcj_lat": 39.930243, "geo_addr": "北京市东城区崇礼住宅(南2门)", "coord_src": "geocode"}}, {"type": "Feature", "geometry": {"type": "Point", "coordinates": [116.414629, 39.946442]}, "properties": {"name": "北京孔庙", "level": "国家级", "era": "宋元至明清", "lon": 116.408305, "lat": 39.944139, "elev": 52, "city": "北京城区", "img": "", "wgs_lon": 116.408305, "wgs_lat": 39.944139, "gcj_lon": 116.414629, "gcj_lat": 39.946442, "geo_addr": "北京市东城区北京孔庙", "coord_src": "geocode"}}, {"type": "Feature", "geometry": {"type": "Point", "coordinates": [116.407387, 39.904179]}, "properties": {"name": "社稷坛", "level": "国家级", "era": "秦汉至隋唐", "lon": 116.388582, "lat": 39.909582, "elev": 54, "city": "北京城区", "img": "", "wgs_lon": 116.388582, "wgs_lat": 39.909582, "gcj_lon": 116.407387, "gcj_lat": 39.904179, "geo_addr": "北京市", "coord_src": "geocode", "gcj_note": "api_error:30001:ENGINE_RESPONSE_DATA_ERROR"}}, {"type": "Feature", "geometry": {"type": "Point", "coordinates": [116.399898, 39.911374]}, "properties": {"name": "太庙", "level": "国家级", "era": "宋元至明清", "lon": 116.393693, "lat": 39.90911, "elev": 51, "city": "北京城区", "img": "", "wgs_lon": 116.393693, "wgs_lat": 39.90911, "gcj_lon": 116.399898, "gcj_lat": 39.911374, "geo_addr": "北京市东城区太庙", "coord_src": "geocode"}}, {"type": "Feature", "geometry": {"type": "Point", "coordinates": [116.45943, 39.919054]}, "properties": {"name": "正阳门", "level": "国家级", "era": "秦汉至隋唐", "lon": 116.391693, "lat": 39.897749, "elev": 63, "city": "北京城区", "img": "", "wgs_lon": 116.391693, "wgs_lat": 39.897749, "gcj_lon": 116.45943, "gcj_lat": 39.919054, "geo_addr": "北京市朝阳区正阳门(北京环球金融中心)", "coord_src": "geocode"}}, {"type": "Feature", "geometry": {"type": "Point", "coordinates": [116.386442, 39.936428]}, "properties": {"name": "恭王府及花园", "level": "国家级", "era": "宋元至明清", "lon": 116.386374, "lat": 39.936725, "elev": 51, "city": "北京城区", "img": "", "wgs_lon": 116.386374, "wgs_lat": 39.936725, "gcj_lon": 116.386442, "gcj_lat": 39.936428, "geo_addr": "北京市西城区恭王府(二宫门)", "coord_src": "geocode"}}, {"type": "Feature", "geometry": {"type": "Point", "coordinates": [116.435327, 39.901491]}, "properties": {"name": "北京城东南角楼", "level": "国家级", "era": "宋元至明清", "lon": 116.42936, "lat": 39.899888, "elev": 47, "city": "北京城区", "img": "", "wgs_lon": 116.42936, "wgs_lat": 39.899888, "gcj_lon": 116.435327, "gcj_lat": 39.901491, "geo_addr": "北京市东城区北京城东南角楼", "coord_src": "geocode"}}, {"type": "Feature", "geometry": {"type": "Point", "coordinates": [116.433723, 39.906731]}, "properties": {"name": "古观象台", "level": "国家级", "era": "宋元至明清", "lon": 116.427888, "lat": 39.906721, "elev": 44, "city": "北京城区", "img": "", "wgs_lon": 116.427888, "wgs_lat": 39.906721, "gcj_lon": 116.433723, "gcj_lat": 39.906731, "geo_addr": "北京市东城区北京古观象台(西门)", "coord_src": "geocode", "gcj_note": "api_error:10021:CUQPS_HAS_EXCEEDED_THE_LIMIT"}}, {"type": "Feature", "geometry": {"type": "Point", "coordinates": [116.403927, 39.909754]}, "properties": {"name": "皇史宬", "level": "国家级", "era": "宋元至明清", "lon": 116.397693, "lat": 39.908082, "elev": 48, "city": "北京城区", "img": "", "wgs_lon": 116.397693, "wgs_lat": 39.908082, "gcj_lon": 116.403927, "gcj_lat": 39.909754, "geo_addr": "北京市东城区皇史宬", "coord_src": "geocode"}}, {"type": "Feature", "geometry": {"type": "Point", "coordinates": [116.407387, 39.904179]}, "properties": {"name": "北京宋庆龄故居", "level": "国家级", "era": "近代以来", "lon": 116.383146, "lat": 39.945443, "elev": 57, "city": "北京城区", "img": "", "wgs_lon": 116.383146, "wgs_lat": 39.945443, "gcj_lon": 116.407387, "gcj_lat": 39.904179, "geo_addr": "北京市", "coord_src": "geocode"}}, {"type": "Feature", "geometry": {"type": "Point", "coordinates": [116.417296, 39.947239]}, "properties": {"name": "雍和宫", "level": "国家级", "era": "宋元至明清", "lon": 116.410999, "lat": 39.945443, "elev": 45, "city": "北京城区", "img": "", "wgs_lon": 116.410999, "wgs_lat": 39.945443, "gcj_lon": 116.417296, "gcj_lat": 39.947239, "geo_addr": "北京市东城区雍和宫", "coord_src": "geocode"}}, {"type": "Feature", "geometry": {"type": "Point", "coordinates": [116.413285, 39.946777]}, "properties": {"name": "国子监", "level": "国家级", "era": "宋元至明清", "lon": 116.406971, "lat": 39.94411, "elev": 51, "city": "北京城区", "img": "", "wgs_lon": 116.406971, "wgs_lat": 39.94411, "gcj_lon": 116.413285, "gcj_lat": 39.946777, "geo_addr": "北京市东城区国子监", "coord_src": "geocode"}}, {"type": "Feature", "geometry": {"type": "Point", "coordinates": [116.432324, 39.91717]}, "properties": {"name": "智化寺", "level": "国家级", "era": "宋元至明清", "lon": 116.426082, "lat": 39.915721, "elev": 50, "city": "北京城区", "img": "", "wgs_lon": 116.426082, "wgs_lat": 39.915721, "gcj_lon": 116.432324, "gcj_lat": 39.91717, "geo_addr": "北京市东城区智化寺(南2门)", "coord_src": "geocode"}}, {"type": "Feature", "geometry": {"type": "Point", "coordinates": [116.412757, 39.890495]}, "properties": {"name": "天坛", "level": "国家级", "era": "宋元至明清", "lon": 116.406666, "lat": 39.882221, "elev": 57, "city": "北京城区", "img": "", "wgs_lon": 116.406666, "wgs_lat": 39.882221, "gcj_lon": 116.412757, "gcj_lat": 39.890495, "geo_addr": "北京市东城区天坛", "coord_src": "geocode", "gcj_note": "api_error:10021:CUQPS_HAS_EXCEEDED_THE_LIMIT"}}, {"type": "Feature", "geometry": {"type": "Point", "coordinates": [116.397029, 39.917839]}, "properties": {"name": "故宫", "level": "国家级", "era": "宋元至明清", "lon": 116.390929, "lat": 39.917159, "elev": 58, "city": "北京城区", "img": "", "wgs_lon": 116.390929, "wgs_lat": 39.917159, "gcj_lon": 116.397029, "gcj_lat": 39.917839, "geo_addr": "故宫", "coord_src": "geocode"}}, {"type": "Feature", "geometry": {"type": "Point", "coordinates": [116.397691, 39.904632]}, "properties": {"name": "人民英雄纪念碑", "level": "国家级", "era": "近代以来", "lon": 116.391332, "lat": 39.903193, "elev": 49, "city": "北京城区", "img": "", "wgs_lon": 116.391332, "wgs_lat": 39.903193, "gcj_lon": 116.397691, "gcj_lat": 39.904632, "geo_addr": "北京市东城区人民英雄纪念碑", "coord_src": "geocode"}}, {"type": "Feature", "geometry": {"type": "Point", "coordinates": [116.397463, 39.909187]}, "properties": {"name": "天安门", "level": "国家级", "era": "宋元至明清", "lon": 116.391305, "lat": 39.907138, "elev": 60, "city": "北京城区", "img": "", "wgs_lon": 116.391305, "wgs_lat": 39.907138, "gcj_lon": 116.397463, "gcj_lat": 39.909187, "geo_addr": "北京市东城区天安门", "coord_src": "geocode", "gcj_note": "api_error:10021:CUQPS_HAS_EXCEEDED_THE_LIMIT"}}, {"type": "Feature", "geometry": {"type": "Point", "coordinates": [116.310918, 39.992873]}, "properties": {"name": "北京大学红楼", "level": "国家级", "era": "近代以来", "lon": 116.399082, "lat": 39.923277, "elev": 56, "city": "北京城区", "img": "", "wgs_lon": 116.399082, "wgs_lat": 39.923277, "gcj_lon": 116.310918, "gcj_lat": 39.992873, "geo_addr": "北京市海淀区北京大学", "coord_src": "geocode"}}, {"type": "Feature", "geometry": {"type": "Point", "coordinates": [117.201509, 39.085318]}, "properties": {"name": "多宝佛塔", "level": "省级", "era": "宋元至明清", "lon": 117.286472, "lat": 40.100588, "elev": 408, "city": "天津城区", "img": "", "wgs_lon": 117.286472, "wgs_lat": 40.100588, "gcj_lon": 117.201509, "gcj_lat": 39.085318, "geo_addr": "天津市", "coord_src": "geocode", "gcj_note": "api_error:10021:CUQPS_HAS_EXCEEDED_THE_LIMIT"}}, {"type": "Feature", "geometry": {"type": "Point", "coordinates": [117.489469, 39.970378]}, "properties": {"name": "别山汉墓群（原称别山七十二台子墓群）", "level": "省级", "era": "秦汉至隋唐", "lon": 117.347924, "lat": 39.985777, "elev": 15, "city": "天津城区", "img": "", "wgs_lon": 117.347924, "wgs_lat": 39.985777, "gcj_lon": 117.489469, "gcj_lat": 39.970378, "geo_addr": "天津市蓟州区别山汉墓群", "coord_src": "geocode"}}, {"type": "Feature", "geometry": {"type": "Point", "coordinates": [117.201509, 39.085318]}, "properties": {"name": "福山塔", "level": "省级", "era": "宋元至明清", "lon": 117.41745, "lat": 40.014361, "elev": 18, "city": "天津城区", "img": "", "wgs_lon": 117.41745, "wgs_lat": 40.014361, "gcj_lon": 117.201509, "gcj_lat": 39.085318, "geo_addr": "天津市", "coord_src": "geocode", "gcj_note": "api_error:10021:CUQPS_HAS_EXCEEDED_THE_LIMIT"}}, {"type": "Feature", "geometry": {"type": "Point", "coordinates": [117.27763, 40.095201]}, "properties": {"name": "盘山抗日根据地遗址（盘山抗日根据地遗址、抗日标语石刻、盘山抗日烈士陵园）", "level": "省级", "era": "近代以来", "lon": 117.271212, "lat": 40.093945, "elev": 461, "city": "天津城区", "img": "", "wgs_lon": 117.271212, "wgs_lat": 40.093945, "gcj_lon": 117.27763, "gcj_lat": 40.095201, "geo_addr": "天津市蓟州区盘山", "coord_src": "geocode"}}, {"type": "Feature", "geometry": {"type": "Point", "coordinates": [116.743204, 38.935205]}, "properties": {"name": "邦均关帝庙戏台", "level": "省级", "era": "宋元至明清", "lon": 117.268508, "lat": 39.988587, "elev": 27, "city": "天津城区", "img": "", "wgs_lon": 117.268508, "wgs_lat": 39.988587, "gcj_lon": 116.743204, "gcj_lat": 38.935205, "geo_addr": "天津市静海区关帝庙", "coord_src": "geocode", "gcj_note": "api_error:10021:CUQPS_HAS_EXCEEDED_THE_LIMIT"}}, {"type": "Feature", "geometry": {"type": "Point", "coordinates": [117.201509, 39.085318]}, "properties": {"name": "石经幢", "level": "省级", "era": "宋元至明清", "lon": 117.300323, "lat": 39.726174, "elev": 13, "city": "天津城区", "img": "", "wgs_lon": 117.300323, "wgs_lat": 39.726174, "gcj_lon": 117.201509, "gcj_lat": 39.085318, "geo_addr": "天津市", "coord_src": "geocode", "gcj_note": "api_error:30001:ENGINE_RESPONSE_DATA_ERROR"}}, {"type": "Feature", "geometry": {"type": "Point", "coordinates": [117.439451, 40.040997]}, "properties": {"name": "围坊遗址", "level": "省级", "era": "史前至先秦", "lon": 117.432161, "lat": 40.039865, "elev": 22, "city": "天津城区", "img": "", "wgs_lon": 117.432161, "wgs_lat": 40.039865, "gcj_lon": 117.439451, "gcj_lat": 40.040997, "geo_addr": "天津市蓟州区围坊", "coord_src": "geocode"}}, {"type": "Feature", "geometry": {"type": "Point", "coordinates": [117.275104, 40.105239]}, "properties": {"name": "定光佛舍利塔", "level": "省级", "era": "宋元至明清", "lon": 117.287778, "lat": 40.105132, "elev": 507, "city": "天津城区", "img": "", "wgs_lon": 117.287778, "wgs_lat": 40.105132, "gcj_lon": 117.275104, "gcj_lat": 40.105239, "geo_addr": "天津市蓟州区定光佛舍利塔", "coord_src": "geocode"}}, {"type": "Feature", "geometry": {"type": "Point", "coordinates": [117.266609, 40.086406]}, "properties": {"name": "天成寺舍利塔", "level": "省级", "era": "宋元至明清", "lon": 117.260205, "lat": 40.085157, "elev": 265, "city": "天津城区", "img": "", "wgs_lon": 117.260205, "wgs_lat": 40.085157, "gcj_lon": 117.266609, "gcj_lat": 40.086406, "geo_addr": "天津市蓟州区天成寺", "coord_src": "geocode", "gcj_note": "api_error:10021:CUQPS_HAS_EXCEEDED_THE_LIMIT"}}, {"type": "Feature", "geometry": {"type": "Point", "coordinates": [117.201509, 39.085318]}, "properties": {"name": "朝阳庵", "level": "省级", "era": "宋元至明清", "lon": 117.342255, "lat": 40.05233, "elev": 49, "city": "天津城区", "img": "", "wgs_lon": 117.342255, "wgs_lat": 40.05233, "gcj_lon": 117.201509, "gcj_lat": 39.085318, "geo_addr": "天津市", "coord_src": "geocode", "gcj_note": "api_error:10021:CUQPS_HAS_EXCEEDED_THE_LIMIT"}}, {"type": "Feature", "geometry": {"type": "Point", "coordinates": [117.245106, 38.637411]}, "properties": {"name": "万松寺太平禅师宝塔", "level": "省级", "era": "宋元至明清", "lon": 117.271212, "lat": 40.093945, "elev": 461, "city": "天津城区", "img": "", "wgs_lon": 117.271212, "wgs_lat": 40.093945, "gcj_lon": 117.245106, "gcj_lat": 38.637411, "geo_addr": "天津市滨海新区太平镇", "coord_src": "geocode"}}, {"type": "Feature", "geometry": {"type": "Point", "coordinates": [117.201509, 39.085318]}, "properties": {"name": "渔阳鼓楼", "level": "省级", "era": "宋元至明清", "lon": 117.415869, "lat": 40.042637, "elev": 19, "city": "天津城区", "img": "", "wgs_lon": 117.415869, "wgs_lat": 40.042637, "gcj_lon": 117.201509, "gcj_lat": 39.085318, "geo_addr": "天津市", "coord_src": "geocode", "gcj_note": "api_error:10021:CUQPS_HAS_EXCEEDED_THE_LIMIT"}}, {"type": "Feature", "geometry": {"type": "Point", "coordinates": [117.201509, 39.085318]}, "properties": {"name": "正法禅院遗址", "level": "省级", "era": "宋元至明清", "lon": 117.286472, "lat": 40.100588, "elev": 408, "city": "天津城区", "img": "", "wgs_lon": 117.286472, "wgs_lat": 40.100588, "gcj_lon": 117.201509, "gcj_lat": 39.085318, "geo_addr": "天津市", "coord_src": "geocode", "gcj_note": "api_error:30001:ENGINE_RESPONSE_DATA_ERROR"}}, {"type": "Feature", "geometry": {"type": "Point", "coordinates": [117.298521, 40.07638]}, "properties": {"name": "静寄山庄遗址", "level": "省级", "era": "宋元至明清", "lon": 117.296792, "lat": 40.08663, "elev": 138, "city": "天津城区", "img": "", "wgs_lon": 117.296792, "wgs_lat": 40.08663, "gcj_lon": 117.298521, "gcj_lat": 40.07638, "geo_addr": "天津市蓟州区静寄山庄遗址", "coord_src": "geocode"}}, {"type": "Feature", "geometry": {"type": "Point", "coordinates": [117.27763046197889, 40.09520138311121]}, "properties": {"name": "万松寺普照禅师塔", "level": "省级", "era": "宋元至明清", "lon": 117.271212, "lat": 40.093945, "elev": 461, "city": "天津城区", "img": "", "wgs_lon": 117.271212, "wgs_lat": 40.093945, "gcj_lon": 117.27763046197889, "gcj_lat": 40.09520138311121, "geo_addr": "", "coord_src": "fallback_local", "gcj_note": "tries_exhausted"}}, {"type": "Feature", "geometry": {"type": "Point", "coordinates": [117.406922, 40.047376]}, "properties": {"name": "蓟州文庙", "level": "省级", "era": "宋元至明清", "lon": 117.400179, "lat": 40.046876, "elev": 31, "city": "天津城区", "img": "", "wgs_lon": 117.400179, "wgs_lat": 40.046876, "gcj_lon": 117.406922, "gcj_lat": 40.047376, "geo_addr": "天津市蓟州区蓟州文庙(南门)", "coord_src": "geocode"}}, {"type": "Feature", "geometry": {"type": "Point", "coordinates": [117.407719, 40.04733]}, "properties": {"name": "鲁班庙", "level": "省级", "era": "宋元至明清", "lon": 117.40112, "lat": 40.046001, "elev": 29, "city": "天津城区", "img": "", "wgs_lon": 117.40112, "wgs_lat": 40.046001, "gcj_lon": 117.407719, "gcj_lat": 40.04733, "geo_addr": "天津市蓟州区鲁班庙(南门)", "coord_src": "geocode"}}, {"type": "Feature", "geometry": {"type": "Point", "coordinates": [117.3191, 40.031124]}, "properties": {"name": "西大佛塔遗址", "level": "省级", "era": "秦汉至隋唐", "lon": 117.312599, "lat": 40.029814, "elev": 37, "city": "天津城区", "img": "", "wgs_lon": 117.312599, "wgs_lat": 40.029814, "gcj_lon": 117.3191, "gcj_lat": 40.031124, "geo_addr": "天津市蓟州区西大佛塔村", "coord_src": "geocode"}}, {"type": "Feature", "geometry": {"type": "Point", "coordinates": [117.417174, 40.015014]}, "properties": {"name": "青池遗址", "level": "省级", "era": "史前至先秦", "lon": 117.409531, "lat": 40.009715, "elev": 11, "city": "天津城区", "img": "", "wgs_lon": 117.409531, "wgs_lat": 40.009715, "gcj_lon": 117.417174, "gcj_lat": 40.015014, "geo_addr": "天津市蓟州区青池", "coord_src": "geocode"}}, {"type": "Feature", "geometry": {"type": "Point", "coordinates": [117.457907, 39.86932]}, "properties": {"name": "大扈驾庄石桥", "level": "省级", "era": "宋元至明清", "lon": 117.419489, "lat": 39.869516, "elev": 12, "city": "天津城区", "img": "", "wgs_lon": 117.419489, "wgs_lat": 39.869516, "gcj_lon": 117.457907, "gcj_lat": 39.86932, "geo_addr": "天津市蓟州区大扈驾庄", "coord_src": "geocode", "gcj_note": "api_error:10021:CUQPS_HAS_EXCEEDED_THE_LIMIT"}}, {"type": "Feature", "geometry": {"type": "Point", "coordinates": [117.075439, 40.028039]}, "properties": {"name": "孟各庄遗址", "level": "省级", "era": "史前至先秦", "lon": 117.068935, "lat": 40.026634, "elev": 20, "city": "廊坊市", "img": "", "wgs_lon": 117.068935, "wgs_lat": 40.026634, "gcj_lon": 117.075439, "gcj_lat": 40.028039, "geo_addr": "河北省廊坊市三河市孟各庄", "coord_src": "geocode", "gcj_note": "api_error:10021:CUQPS_HAS_EXCEEDED_THE_LIMIT"}}, {"type": "Feature", "geometry": {"type": "Point", "coordinates": [117.134732, 39.915054]}, "properties": {"name": "刘白塔村遗址", "level": "省级", "era": "史前至先秦", "lon": 117.128207, "lat": 39.913652, "elev": 15, "city": "廊坊市", "img": "", "wgs_lon": 117.128207, "wgs_lat": 39.913652, "gcj_lon": 117.134732, "gcj_lat": 39.915054, "geo_addr": "河北省廊坊市三河市刘白塔村", "coord_src": "geocode"}}, {"type": "Feature", "geometry": {"type": "Point", "coordinates": [117.056764, 39.993904]}, "properties": {"name": "西镇李氏墓", "level": "省级", "era": "史前至先秦", "lon": 117.050317, "lat": 39.992532, "elev": 20, "city": "廊坊市", "img": "", "wgs_lon": 117.050317, "wgs_lat": 39.992532, "gcj_lon": 117.056764, "gcj_lat": 39.993904, "geo_addr": "河北省廊坊市三河市西镇", "coord_src": "geocode", "gcj_note": "api_error:10021:CUQPS_HAS_EXCEEDED_THE_LIMIT"}}, {"type": "Feature", "geometry": {"type": "Point", "coordinates": [116.683546, 39.538304]}, "properties": {"name": "灵山塔", "level": "省级", "era": "宋元至明清", "lon": 117.06669, "lat": 40.000627, "elev": 21, "city": "廊坊市", "img": "", "wgs_lon": 117.06669, "wgs_lat": 40.000627, "gcj_lon": 116.683546, "gcj_lat": 39.538304, "geo_addr": "河北省廊坊市", "coord_src": "geocode", "gcj_note": "api_error:30001:ENGINE_RESPONSE_DATA_ERROR"}}, {"type": "Feature", "geometry": {"type": "Point", "coordinates": [117.131383, 40.040028]}, "properties": {"name": "栲栳山遗址", "level": "省级", "era": "史前至先秦", "lon": 117.124839, "lat": 40.038617, "elev": 205, "city": "廊坊市", "img": "", "wgs_lon": 117.124839, "wgs_lat": 40.038617, "gcj_lon": 117.131383, "gcj_lat": 40.040028, "geo_addr": "河北省廊坊市三河市栲栳山", "coord_src": "geocode", "gcj_note": "api_error:10021:CUQPS_HAS_EXCEEDED_THE_LIMIT"}}, {"type": "Feature", "geometry": {"type": "Point", "coordinates": [117.097051, 39.979216]}, "properties": {"name": "临泃故城城址", "level": "省级", "era": "秦汉至隋唐", "lon": 117.090518, "lat": 39.977795, "elev": 16, "city": "廊坊市", "img": "", "wgs_lon": 117.090518, "wgs_lat": 39.977795, "gcj_lon": 117.097051, "gcj_lat": 39.979216, "geo_addr": "河北省廊坊市三河市临泃故城", "coord_src": "geocode"}}, {"type": "Feature", "geometry": {"type": "Point", "coordinates": [117.047954, 39.895732]}, "properties": {"name": "弥勒寺", "level": "省级", "era": "宋元至明清", "lon": 117.04155, "lat": 39.894383, "elev": 15, "city": "廊坊市", "img": "", "wgs_lon": 117.04155, "wgs_lat": 39.894383, "gcj_lon": 117.047954, "gcj_lat": 39.895732, "geo_addr": "河北省廊坊市三河市弥勒寺", "coord_src": "geocode", "gcj_note": "api_error:10021:CUQPS_HAS_EXCEEDED_THE_LIMIT"}}, {"type": "Feature", "geometry": {"type": "Point", "coordinates": [116.407387, 39.904179]}, "properties": {"name": "无梁阁", "level": "省级", "era": "宋元至明清", "lon": 116.947646, "lat": 40.089326, "elev": 44, "city": "北京城区", "img": "", "wgs_lon": 116.947646, "wgs_lat": 40.089326, "gcj_lon": 116.407387, "gcj_lat": 39.904179, "geo_addr": "北京市", "coord_src": "geocode", "gcj_note": "api_error:30001:ENGINE_RESPONSE_DATA_ERROR"}}, {"type": "Feature", "geometry": {"type": "Point", "coordinates": [117.41361957649558, 39.95026100746798]}, "properties": {"name": "平津战役前线司令部旧址", "level": "国家级", "era": "近代以来", "lon": 117.406944, "lat": 39.948833, "elev": 12, "city": "天津城区", "img": "", "wgs_lon": 117.406944, "wgs_lat": 39.948833, "gcj_lon": 117.41361957649558, "gcj_lat": 39.95026100746798, "geo_addr": "", "coord_src": "fallback_local", "gcj_note": "tries_exhausted"}}, {"type": "Feature", "geometry": {"type": "Point", "coordinates": [116.683546, 39.538304]}, "properties": {"name": "千像寺造像", "level": "国家级", "era": "宋元至明清", "lon": 117.0, "lat": 40.0, "elev": 17, "city": "廊坊市", "img": "", "wgs_lon": 117.0, "wgs_lat": 40.0, "gcj_lon": 116.683546, "gcj_lat": 39.538304, "geo_addr": "河北省廊坊市", "coord_src": "geocode", "gcj_note": "api_error:30001:ENGINE_RESPONSE_DATA_ERROR"}}, {"type": "Feature", "geometry": {"type": "Point", "coordinates": [117.201509, 39.085318]}, "properties": {"name": "清东陵", "level": "国家级", "era": "宋元至明清", "lon": 117.38, "lat": 40.11, "elev": 234, "city": "天津城区", "img": "", "wgs_lon": 117.38, "wgs_lat": 40.11, "gcj_lon": 117.201509, "gcj_lat": 39.085318, "geo_addr": "天津市", "coord_src": "geocode", "gcj_note": "api_error:10021:CUQPS_HAS_EXCEEDED_THE_LIMIT"}}, {"type": "Feature", "geometry": {"type": "Point", "coordinates": [117.402099, 40.045444]}, "properties": {"name": "独乐寺", "level": "国家级", "era": "宋元至明清", "lon": 117.39682, "lat": 40.04381, "elev": 26, "city": "天津城区", "img": "", "wgs_lon": 117.39682, "wgs_lat": 40.04381, "gcj_lon": 117.402099, "gcj_lat": 40.045444, "geo_addr": "天津市蓟州区独乐寺(出口)", "coord_src": "geocode", "gcj_note": "api_error:10021:CUQPS_HAS_EXCEEDED_THE_LIMIT"}}, {"type": "Feature", "geometry": {"type": "Point", "coordinates": [117.201509, 39.085318]}, "properties": {"name": "清代皇家园寑（端慧太子永琏园寝、理密亲王允礽园寝、裕宪亲王福全园寝、荣亲王园寝、直郡王允褆园寝、纯靖亲王隆禧园寝、多罗恂郡王允禵园寝、敬郡王永皓园寝）", "level": "省级", "era": "宋元至明清", "lon": 117.58846, "lat": 40.117528, "elev": 51, "city": "天津城区", "img": "", "wgs_lon": 117.58846, "wgs_lat": 40.117528, "gcj_lon": 117.201509, "gcj_lat": 39.085318, "geo_addr": "天津市", "coord_src": "geocode", "gcj_note": "api_error:30001:ENGINE_RESPONSE_DATA_ERROR"}}, {"type": "Feature", "geometry": {"type": "Point", "coordinates": [117.681682, 40.075016]}, "properties": {"name": "张家大院", "level": "省级", "era": "宋元至明清", "lon": 117.670637, "lat": 40.074347, "elev": 28, "city": "天津城区", "img": "", "wgs_lon": 117.670637, "wgs_lat": 40.074347, "gcj_lon": 117.681682, "gcj_lat": 40.075016, "geo_addr": "天津市蓟州区张家大院", "coord_src": "geocode", "gcj_note": "api_error:10021:CUQPS_HAS_EXCEEDED_THE_LIMIT"}}, {"type": "Feature", "geometry": {"type": "Point", "coordinates": [117.75962, 40.006156]}, "properties": {"name": "南贾庄民居", "level": "省级", "era": "宋元至明清", "lon": 117.75105, "lat": 40.006492, "elev": 25, "city": "天津城区", "img": "", "wgs_lon": 117.75105, "wgs_lat": 40.006492, "gcj_lon": 117.75962, "gcj_lat": 40.006156, "geo_addr": "天津市蓟州区南贾庄", "coord_src": "geocode"}}, {"type": "Feature", "geometry": {"type": "Point", "coordinates": [117.926115, 39.812732]}, "properties": {"name": "净觉寺", "level": "省级", "era": "宋元至明清", "lon": 117.920011, "lat": 39.811662, "elev": 16, "city": "唐山市", "img": "", "wgs_lon": 117.920011, "wgs_lat": 39.811662, "gcj_lon": 117.926115, "gcj_lat": 39.812732, "geo_addr": "河北省唐山市玉田县净觉寺", "coord_src": "geocode"}}, {"type": "Feature", "geometry": {"type": "Point", "coordinates": [117.790076, 39.878149]}, "properties": {"name": "孟家泉遗址", "level": "省级", "era": "史前至先秦", "lon": 117.783702, "lat": 39.876921, "elev": 9, "city": "唐山市", "img": "", "wgs_lon": 117.669443, "wgs_lat": 39.670832, "gcj_lon": 117.790076, "gcj_lat": 39.878149, "geo_addr": "河北省唐山市玉田县孟家泉遗址", "coord_src": "geocode", "gcj_note": "api_error:10021:CUQPS_HAS_EXCEEDED_THE_LIMIT"}}, {"type": "Feature", "geometry": {"type": "Point", "coordinates": [117.789968, 39.787402]}, "properties": {"name": "江浩故居", "level": "省级", "era": "近代以来", "lon": 117.783605, "lat": 39.78618, "elev": 6, "city": "唐山市", "img": "", "wgs_lon": 117.783605, "wgs_lat": 39.78618, "gcj_lon": 117.789968, "gcj_lat": 39.787402, "geo_addr": "河北省唐山市玉田县江浩故居(西南门)", "coord_src": "geocode"}}, {"type": "Feature", "geometry": {"type": "Point", "coordinates": [118.031053, 39.732524]}, "properties": {"name": "韩家街遗址", "level": "省级", "era": "史前至先秦", "lon": 118.019825, "lat": 39.729066, "elev": 13, "city": "唐山市", "img": "", "wgs_lon": 118.019825, "wgs_lat": 39.729066, "gcj_lon": 118.031053, "gcj_lat": 39.732524, "geo_addr": "河北省唐山市丰润区韩家街", "coord_src": "geocode"}}, {"type": "Feature", "geometry": {"type": "Point", "coordinates": [117.867364, 39.795317]}, "properties": {"name": "达王庄王氏宗祠", "level": "省级", "era": "宋元至明清", "lon": 117.861202, "lat": 39.794224, "elev": 11, "city": "唐山市", "img": "", "wgs_lon": 117.861202, "wgs_lat": 39.794224, "gcj_lon": 117.867364, "gcj_lat": 39.795317, "geo_addr": "河北省唐山市玉田县达王庄王氏宗祠", "coord_src": "geocode"}}, {"type": "Feature", "geometry": {"type": "Point", "coordinates": [117.97689291089887, 39.605672166452024]}, "properties": {"name": "张人骏墓", "level": "省级", "era": "近代以来", "lon": 117.97072, "lat": 39.604538, "elev": 9, "city": "唐山市", "img": "", "wgs_lon": 117.97072, "wgs_lat": 39.604538, "gcj_lon": 117.97689291089887, "gcj_lat": 39.605672166452024, "geo_addr": "", "coord_src": "fallback_local", "gcj_note": "tries_exhausted"}}, {"type": "Feature", "geometry": {"type": "Point", "coordinates": [117.85516, 39.725236]}, "properties": {"name": "西周庄遗址", "level": "省级", "era": "史前至先秦", "lon": 117.848976, "lat": 39.724131, "elev": 10, "city": "唐山市", "img": "", "wgs_lon": 117.848976, "wgs_lat": 39.724131, "gcj_lon": 117.85516, "gcj_lat": 39.725236, "geo_addr": "河北省唐山市玉田县西周庄", "coord_src": "geocode"}}, {"type": "Feature", "geometry": {"type": "Point", "coordinates": [117.790076, 39.878149]}, "properties": {"name": "孟家泉遗址", "level": "国家级", "era": "史前至先秦", "lon": 117.669443, "lat": 39.670832, "elev": 5, "city": "唐山市", "img": "", "wgs_lon": 117.669443, "wgs_lat": 39.670832, "gcj_lon": 117.790076, "gcj_lat": 39.878149, "geo_addr": "河北省唐山市玉田县孟家泉遗址", "coord_src": "geocode", "gcj_note": "api_error:10021:CUQPS_HAS_EXCEEDED_THE_LIMIT"}}, {"type": "Feature", "geometry": {"type": "Point", "coordinates": [118.180149, 39.63068]}, "properties": {"name": "大城山遗址", "level": "省级", "era": "史前至先秦", "lon": 118.199877, "lat": 39.641455, "elev": 20, "city": "唐山市", "img": "", "wgs_lon": 118.199877, "wgs_lat": 39.641455, "gcj_lon": 118.180149, "gcj_lat": 39.63068, "geo_addr": "河北省唐山市", "coord_src": "geocode", "gcj_note": "api_error:30001:ENGINE_RESPONSE_DATA_ERROR"}}, {"type": "Feature", "geometry": {"type": "Point", "coordinates": [118.180149, 39.63068]}, "properties": {"name": "潘家峪惨案遗址", "level": "省级", "era": "近代以来", "lon": 118.31063, "lat": 39.992517, "elev": 207, "city": "唐山市", "img": "", "wgs_lon": 118.314806, "wgs_lat": 39.998306, "gcj_lon": 118.180149, "gcj_lat": 39.63068, "geo_addr": "河北省唐山市", "coord_src": "geocode", "gcj_note": "api_error:10021:CUQPS_HAS_EXCEEDED_THE_LIMIT"}}, {"type": "Feature", "geometry": {"type": "Point", "coordinates": [118.122844, 39.823449]}, "properties": {"name": "天宫寺塔", "level": "省级", "era": "宋元至明清", "lon": 118.116379, "lat": 39.822018, "elev": 30, "city": "唐山市", "img": "", "wgs_lon": 118.09986, "wgs_lat": 39.822666, "gcj_lon": 118.122844, "gcj_lat": 39.823449, "geo_addr": "河北省唐山市丰润区天宫寺塔", "coord_src": "geocode"}}, {"type": "Feature", "geometry": {"type": "Point", "coordinates": [118.560344, 39.766463]}, "properties": {"name": "石佛口摩崖造像", "level": "省级", "era": "宋元至明清", "lon": 118.554462, "lat": 39.765348, "elev": 47, "city": "唐山市", "img": "", "wgs_lon": 118.554462, "wgs_lat": 39.765348, "gcj_lon": 118.560344, "gcj_lat": 39.766463, "geo_addr": "河北省唐山市滦州市石佛口村", "coord_src": "geocode", "gcj_note": "api_error:10021:CUQPS_HAS_EXCEEDED_THE_LIMIT"}}, {"type": "Feature", "geometry": {"type": "Point", "coordinates": [118.1866849575911, 39.597413859616246]}, "properties": {"name": "唐山陶瓷厂办公楼地震遗迹", "level": "省级", "era": "近代以来", "lon": 118.180412, "lat": 39.596114, "elev": 18, "city": "唐山市", "img": "", "wgs_lon": 118.180412, "wgs_lat": 39.596114, "gcj_lon": 118.1866849575911, "gcj_lat": 39.597413859616246, "geo_addr": "", "coord_src": "fallback_local", "gcj_note": "tries_exhausted"}}, {"type": "Feature", "geometry": {"type": "Point", "coordinates": [118.126058, 39.58942]}, "properties": {"name": "原唐山十中地震遗迹", "level": "省级", "era": "近代以来", "lon": 118.197575, "lat": 39.606989, "elev": 17, "city": "唐山市", "img": "", "wgs_lon": 118.197575, "wgs_lat": 39.606989, "gcj_lon": 118.126058, "gcj_lat": 39.58942, "geo_addr": "河北省唐山市路北区唐山十中(公交站)", "coord_src": "geocode", "gcj_note": "api_error:10021:CUQPS_HAS_EXCEEDED_THE_LIMIT"}}, {"type": "Feature", "geometry": {"type": "Point", "coordinates": [118.181183, 39.83073]}, "properties": {"name": "机车车辆厂地震遗迹", "level": "省级", "era": "近代以来", "lon": 118.174864, "lat": 39.829387, "elev": 52, "city": "唐山市", "img": "", "wgs_lon": 118.174864, "wgs_lat": 39.829387, "gcj_lon": 118.181183, "gcj_lat": 39.83073, "geo_addr": "河北省唐山市丰润区唐山机车车辆厂", "coord_src": "geocode"}}, {"type": "Feature", "geometry": {"type": "Point", "coordinates": [118.180149, 39.63068]}, "properties": {"name": "朗石台遗址", "level": "省级", "era": "史前至先秦", "lon": 118.364239, "lat": 39.828761, "elev": 42, "city": "唐山市", "img": "", "wgs_lon": 118.364239, "wgs_lat": 39.828761, "gcj_lon": 118.180149, "gcj_lat": 39.63068, "geo_addr": "河北省唐山市", "coord_src": "geocode", "gcj_note": "api_error:30001:ENGINE_RESPONSE_DATA_ERROR"}}, {"type": "Feature", "geometry": {"type": "Point", "coordinates": [118.57409, 39.898925]}, "properties": {"name": "上炉辽墓", "level": "省级", "era": "宋元至明清", "lon": 118.568222, "lat": 39.897822, "elev": 76, "city": "唐山市", "img": "", "wgs_lon": 118.568222, "wgs_lat": 39.897822, "gcj_lon": 118.57409, "gcj_lat": 39.898925, "geo_addr": "河北省唐山市迁安市上炉村", "coord_src": "geocode", "gcj_note": "api_error:10021:CUQPS_HAS_EXCEEDED_THE_LIMIT"}}, {"type": "Feature", "geometry": {"type": "Point", "coordinates": [118.112586, 39.734362]}, "properties": {"name": "车轴山中学原校址", "level": "省级", "era": "近代以来", "lon": 118.10612, "lat": 39.732934, "elev": 35, "city": "唐山市", "img": "", "wgs_lon": 118.10612, "wgs_lat": 39.732934, "gcj_lon": 118.112586, "gcj_lat": 39.734362, "geo_addr": "河北省唐山市丰润区车轴山中学", "coord_src": "geocode"}}, {"type": "Feature", "geometry": {"type": "Point", "coordinates": [118.31687327288283, 39.99384465717515]}, "properties": {"name": "潘家峪惨案日军指挥部旧址", "level": "省级", "era": "近代以来", "lon": 118.31063, "lat": 39.992517, "elev": 207, "city": "唐山市", "img": "", "wgs_lon": 118.31063, "wgs_lat": 39.992517, "gcj_lon": 118.31687327288283, "gcj_lat": 39.99384465717515, "geo_addr": "", "coord_src": "fallback_local", "gcj_note": "tries_exhausted"}}, {"type": "Feature", "geometry": {"type": "Point", "coordinates": [118.20432, 39.684857]}, "properties": {"name": "河北矿冶学院原图书馆楼地震遗迹", "level": "省级", "era": "近代以来", "lon": 118.147978, "lat": 39.623623, "elev": 22, "city": "唐山市", "img": "", "wgs_lon": 118.147978, "wgs_lat": 39.623623, "gcj_lon": 118.20432, "gcj_lat": 39.684857, "geo_addr": "河北省唐山市路北区河北", "coord_src": "geocode", "gcj_note": "api_error:30001:ENGINE_RESPONSE_DATA_ERROR"}}, {"type": "Feature", "geometry": {"type": "Point", "coordinates": [118.180149, 39.63068]}, "properties": {"name": "龟地遗址", "level": "省级", "era": "史前至先秦", "lon": 118.198082, "lat": 40.020952, "elev": 75, "city": "唐山市", "img": "", "wgs_lon": 118.198611, "wgs_lat": 40.020806, "gcj_lon": 118.180149, "gcj_lat": 39.63068, "geo_addr": "河北省唐山市", "coord_src": "geocode", "gcj_note": "api_error:30001:ENGINE_RESPONSE_DATA_ERROR"}}, {"type": "Feature", "geometry": {"type": "Point", "coordinates": [118.167068, 39.913489]}, "properties": {"name": "古石城遗址", "level": "省级", "era": "史前至先秦", "lon": 118.160696, "lat": 39.912115, "elev": 50, "city": "唐山市", "img": "", "wgs_lon": 118.160696, "wgs_lat": 39.912115, "gcj_lon": 118.167068, "gcj_lat": 39.913489, "geo_addr": "河北省唐山市丰润区古石城遗址", "coord_src": "geocode"}}, {"type": "Feature", "geometry": {"type": "Point", "coordinates": [118.180149, 39.63068]}, "properties": {"name": "土垠城址", "level": "省级", "era": "秦汉至隋唐", "lon": 118.18623, "lat": 39.821461, "elev": 49, "city": "唐山市", "img": "", "wgs_lon": 118.18623, "wgs_lat": 39.821461, "gcj_lon": 118.180149, "gcj_lat": 39.63068, "geo_addr": "河北省唐山市", "coord_src": "geocode", "gcj_note": "api_error:30001:ENGINE_RESPONSE_DATA_ERROR"}}, {"type": "Feature", "geometry": {"type": "Point", "coordinates": [118.404683, 39.784612]}, "properties": {"name": "多宝佛塔", "level": "省级", "era": "宋元至明清", "lon": 118.398339, "lat": 39.783171, "elev": 108, "city": "唐山市", "img": "", "wgs_lon": 118.398339, "wgs_lat": 39.783171, "gcj_lon": 118.404683, "gcj_lat": 39.784612, "geo_addr": "河北省唐山市古冶区多宝佛塔", "coord_src": "geocode"}}, {"type": "Feature", "geometry": {"type": "Point", "coordinates": [118.071351, 39.870964]}, "properties": {"name": "玉煌塔", "level": "省级", "era": "宋元至明清", "lon": 118.064875, "lat": 39.869549, "elev": 49, "city": "唐山市", "img": "", "wgs_lon": 118.064875, "wgs_lat": 39.869549, "gcj_lon": 118.071351, "gcj_lat": 39.870964, "geo_addr": "河北省唐山市丰润区玉煌塔", "coord_src": "geocode"}}, {"type": "Feature", "geometry": {"type": "Point", "coordinates": [118.481023, 39.823389]}, "properties": {"name": "磕头山造像(罗汉洞摩崖造像)", "level": "省级", "era": "宋元至明清", "lon": 118.474839, "lat": 39.822054, "elev": 340, "city": "唐山市", "img": "", "wgs_lon": 118.474839, "wgs_lat": 39.822054, "gcj_lon": 118.481023, "gcj_lat": 39.823389, "geo_addr": "河北省唐山市滦州市磕头山", "coord_src": "geocode"}}, {"type": "Feature", "geometry": {"type": "Point", "coordinates": [118.484075, 40.019341]}, "properties": {"name": "挂云山六壮士跳崖遗址", "level": "省级", "era": "近代以来", "lon": 118.465653, "lat": 40.019338, "elev": 395, "city": "唐山市", "img": "", "wgs_lon": 118.465653, "wgs_lat": 40.019338, "gcj_lon": 118.484075, "gcj_lat": 40.019341, "geo_addr": "河北省唐山市迁安市挂云山", "coord_src": "geocode", "gcj_note": "api_error:30001:ENGINE_RESPONSE_DATA_ERROR"}}, {"type": "Feature", "geometry": {"type": "Point", "coordinates": [118.222426, 40.058872]}, "properties": {"name": "蘑菇峪“人圈”遗址", "level": "省级", "era": "近代以来", "lon": 118.216185, "lat": 40.057584, "elev": 504, "city": "唐山市", "img": "", "wgs_lon": 118.216185, "wgs_lat": 40.057584, "gcj_lon": 118.222426, "gcj_lat": 40.058872, "geo_addr": "河北省唐山市丰润区蘑菇峪", "coord_src": "geocode", "gcj_note": "api_error:10021:CUQPS_HAS_EXCEEDED_THE_LIMIT"}}, {"type": "Feature", "geometry": {"type": "Point", "coordinates": [118.110844, 39.734634]}, "properties": {"name": "直隶省立第十六中学校礼堂", "level": "省级", "era": "近代以来", "lon": 118.104377, "lat": 39.733206, "elev": 37, "city": "唐山市", "img": "", "wgs_lon": 118.104377, "wgs_lat": 39.733206, "gcj_lon": 118.110844, "gcj_lat": 39.734634, "geo_addr": "河北省唐山市丰润区丰润中学校", "coord_src": "geocode"}}, {"type": "Feature", "geometry": {"type": "Point", "coordinates": [118.236361, 39.877838]}, "properties": {"name": "张佩纶墓", "level": "省级", "era": "近代以来", "lon": 118.230168, "lat": 39.876572, "elev": 97, "city": "唐山市", "img": "", "wgs_lon": 118.230168, "wgs_lat": 39.876572, "gcj_lon": 118.236361, "gcj_lat": 39.877838, "geo_addr": "河北省唐山市丰润区张佩纶墓", "coord_src": "geocode", "gcj_note": "api_error:10021:CUQPS_HAS_EXCEEDED_THE_LIMIT"}}, {"type": "Feature", "geometry": {"type": "Point", "coordinates": [118.1740652649666, 39.59750451238625]}, "properties": {"name": "唐山矿二号、三号井", "level": "省级", "era": "宋元至明清", "lon": 118.167755, "lat": 39.596181, "elev": 19, "city": "唐山市", "img": "", "wgs_lon": 118.167755, "wgs_lat": 39.596181, "gcj_lon": 118.1740652649666, "gcj_lat": 39.59750451238625, "geo_addr": "", "coord_src": "fallback_local", "gcj_note": "tries_exhausted"}}, {"type": "Feature", "geometry": {"type": "Point", "coordinates": [118.152406, 39.621017]}, "properties": {"name": "开滦唐山矿早期工业遗存", "level": "国家级", "era": "近代以来", "lon": 118.226943, "lat": 39.62111, "elev": 18, "city": "唐山市", "img": "", "wgs_lon": 118.226943, "wgs_lat": 39.62111, "gcj_lon": 118.152406, "gcj_lat": 39.621017, "geo_addr": "河北省唐山市开滦", "coord_src": "geocode", "gcj_note": "api_error:10021:CUQPS_HAS_EXCEEDED_THE_LIMIT"}}, {"type": "Feature", "geometry": {"type": "Point", "coordinates": [118.180149, 39.63068]}, "properties": {"name": "龟地遗址", "level": "国家级", "era": "史前至先秦", "lon": 118.198611, "lat": 40.020806, "elev": 76, "city": "唐山市", "img": "", "wgs_lon": 118.198611, "wgs_lat": 40.020806, "gcj_lon": 118.180149, "gcj_lat": 39.63068, "geo_addr": "河北省唐山市", "coord_src": "geocode", "gcj_note": "api_error:30001:ENGINE_RESPONSE_DATA_ERROR"}}, {"type": "Feature", "geometry": {"type": "Point", "coordinates": [118.180149, 39.63068]}, "properties": {"name": "潘家峪惨案遗址", "level": "国家级", "era": "近代以来", "lon": 118.314806, "lat": 39.998306, "elev": 189, "city": "唐山市", "img": "", "wgs_lon": 118.314806, "wgs_lat": 39.998306, "gcj_lon": 118.180149, "gcj_lat": 39.63068, "geo_addr": "河北省唐山市", "coord_src": "geocode", "gcj_note": "api_error:10021:CUQPS_HAS_EXCEEDED_THE_LIMIT"}}, {"type": "Feature", "geometry": {"type": "Point", "coordinates": [118.110844, 39.734634]}, "properties": {"name": "丰润中学校旧址", "level": "国家级", "era": "近代以来", "lon": 118.104638, "lat": 39.734693, "elev": 53, "city": "唐山市", "img": "", "wgs_lon": 118.104638, "wgs_lat": 39.734693, "gcj_lon": 118.110844, "gcj_lat": 39.734634, "geo_addr": "河北省唐山市丰润区丰润中学校", "coord_src": "geocode"}}, {"type": "Feature", "geometry": {"type": "Point", "coordinates": [118.180149, 39.63068]}, "properties": {"name": "寿峰寺", "level": "国家级", "era": "宋元至明清", "lon": 118.104166, "lat": 39.73361, "elev": 37, "city": "唐山市", "img": "", "wgs_lon": 118.104166, "wgs_lat": 39.73361, "gcj_lon": 118.180149, "gcj_lat": 39.63068, "geo_addr": "河北省唐山市", "coord_src": "geocode", "gcj_note": "api_error:30001:ENGINE_RESPONSE_DATA_ERROR"}}, {"type": "Feature", "geometry": {"type": "Point", "coordinates": [118.122844, 39.823449]}, "properties": {"name": "天宫寺塔", "level": "国家级", "era": "宋元至明清", "lon": 118.09986, "lat": 39.822666, "elev": 27, "city": "唐山市", "img": "", "wgs_lon": 118.09986, "wgs_lat": 39.822666, "gcj_lon": 118.122844, "gcj_lat": 39.823449, "geo_addr": "河北省唐山市丰润区天宫寺塔", "coord_src": "geocode"}}, {"type": "Feature", "geometry": {"type": "Point", "coordinates": [118.721398, 39.947202]}, "properties": {"name": "爪村遗址", "level": "省级", "era": "史前至先秦", "lon": 118.715343, "lat": 39.945951, "elev": 54, "city": "唐山市", "img": "", "wgs_lon": 118.714, "wgs_lat": 39.94225, "gcj_lon": 118.721398, "gcj_lat": 39.947202, "geo_addr": "河北省唐山市迁安市爪村", "coord_src": "geocode"}}, {"type": "Feature", "geometry": {"type": "Point", "coordinates": [118.734663, 40.058247]}, "properties": {"name": "安新庄遗址", "level": "省级", "era": "史前至先秦", "lon": 118.728575, "lat": 40.056977, "elev": 85, "city": "唐山市", "img": "", "wgs_lon": 118.728575, "wgs_lat": 40.056977, "gcj_lon": 118.734663, "gcj_lat": 40.058247, "geo_addr": "河北省唐山市迁安市安新庄", "coord_src": "geocode", "gcj_note": "api_error:10021:CUQPS_HAS_EXCEEDED_THE_LIMIT"}}, {"type": "Feature", "geometry": {"type": "Point", "coordinates": [118.757023, 39.739242]}, "properties": {"name": "固镇古城", "level": "省级", "era": "秦汉至隋唐", "lon": 118.750964, "lat": 39.737983, "elev": 28, "city": "唐山市", "img": "", "wgs_lon": 118.750964, "wgs_lat": 39.737983, "gcj_lon": 118.757023, "gcj_lat": 39.739242, "geo_addr": "河北省唐山市滦州市古城", "coord_src": "geocode"}}, {"type": "Feature", "geometry": {"type": "Point", "coordinates": [118.757023, 39.739242]}, "properties": {"name": "城子古城", "level": "省级", "era": "秦汉至隋唐", "lon": 118.750964, "lat": 39.737983, "elev": 28, "city": "唐山市", "img": "", "wgs_lon": 118.750964, "wgs_lat": 39.737983, "gcj_lon": 118.757023, "gcj_lat": 39.739242, "geo_addr": "河北省唐山市滦州市古城", "coord_src": "geocode"}}, {"type": "Feature", "geometry": {"type": "Point", "coordinates": [118.757023, 39.739242]}, "properties": {"name": "兴州古城", "level": "省级", "era": "宋元至明清", "lon": 118.750964, "lat": 39.737983, "elev": 28, "city": "唐山市", "img": "", "wgs_lon": 118.750964, "wgs_lat": 39.737983, "gcj_lon": 118.757023, "gcj_lat": 39.739242, "geo_addr": "河北省唐山市滦州市古城", "coord_src": "geocode"}}, {"type": "Feature", "geometry": {"type": "Point", "coordinates": [118.891931, 39.892564]}, "properties": {"name": "卢龙陀罗尼经幢", "level": "省级", "era": "宋元至明清", "lon": 118.88607, "lat": 39.891469, "elev": 55, "city": "秦皇岛市", "img": "", "wgs_lon": 118.88607, "wgs_lat": 39.891469, "gcj_lon": 118.891931, "gcj_lat": 39.892564, "geo_addr": "河北省秦皇岛市卢龙县", "coord_src": "geocode"}}, {"type": "Feature", "geometry": {"type": "Point", "coordinates": [119.15907, 39.711335]}, "properties": {"name": "源影寺塔", "level": "省级", "era": "宋元至明清", "lon": 119.152801, "lat": 39.709941, "elev": 25, "city": "秦皇岛市", "img": "", "wgs_lon": 119.152777, "wgs_lat": 39.709722, "gcj_lon": 119.15907, "gcj_lat": 39.711335, "geo_addr": "河北省秦皇岛市昌黎县源影寺塔", "coord_src": "geocode"}}, {"type": "Feature", "geometry": {"type": "Point", "coordinates": [118.180149, 39.63068]}, "properties": {"name": "定县文庙", "level": "省级", "era": "宋元至明清", "lon": 118.753816, "lat": 39.741604, "elev": 28, "city": "唐山市", "img": "", "wgs_lon": 118.753816, "wgs_lat": 39.741604, "gcj_lon": 118.180149, "gcj_lat": 39.63068, "geo_addr": "河北省唐山市", "coord_src": "geocode", "gcj_note": "api_error:30001:ENGINE_RESPONSE_DATA_ERROR"}}, {"type": "Feature", "geometry": {"type": "Point", "coordinates": [118.180149, 39.63068]}, "properties": {"name": "封山寺遗址", "level": "省级", "era": "史前至先秦", "lon": 118.822772, "lat": 40.109047, "elev": 72, "city": "唐山市", "img": "", "wgs_lon": 118.822772, "wgs_lat": 40.109047, "gcj_lon": 118.180149, "gcj_lat": 39.63068, "geo_addr": "河北省唐山市", "coord_src": "geocode", "gcj_note": "api_error:30001:ENGINE_RESPONSE_DATA_ERROR"}}, {"type": "Feature", "geometry": {"type": "Point", "coordinates": [118.759911, 39.743225]}, "properties": {"name": "平乡文庙大成殿", "level": "省级", "era": "宋元至明清", "lon": 118.753851, "lat": 39.741965, "elev": 30, "city": "唐山市", "img": "", "wgs_lon": 118.753851, "wgs_lat": 39.741965, "gcj_lon": 118.759911, "gcj_lat": 39.743225, "geo_addr": "河北省唐山市滦州市大成殿", "coord_src": "geocode"}}, {"type": "Feature", "geometry": {"type": "Point", "coordinates": [118.759911, 39.743225]}, "properties": {"name": "庆云文庙大成殿", "level": "省级", "era": "宋元至明清", "lon": 118.753851, "lat": 39.741965, "elev": 30, "city": "唐山市", "img": "", "wgs_lon": 118.753851, "wgs_lat": 39.741965, "gcj_lon": 118.759911, "gcj_lat": 39.743225, "geo_addr": "河北省唐山市滦州市大成殿", "coord_src": "geocode"}}, {"type": "Feature", "geometry": {"type": "Point", "coordinates": [118.769599, 39.681951]}, "properties": {"name": "后迁义遗址", "level": "省级", "era": "史前至先秦", "lon": 118.76355, "lat": 39.680703, "elev": 27, "city": "唐山市", "img": "", "wgs_lon": 118.76355, "wgs_lat": 39.680703, "gcj_lon": 118.769599, "gcj_lat": 39.681951, "geo_addr": "河北省唐山市滦州市后迁义村", "coord_src": "geocode"}}, {"type": "Feature", "geometry": {"type": "Point", "coordinates": [118.757023, 39.739242]}, "properties": {"name": "邑城古城", "level": "省级", "era": "秦汉至隋唐", "lon": 118.750964, "lat": 39.737983, "elev": 28, "city": "唐山市", "img": "", "wgs_lon": 118.750964, "wgs_lat": 39.737983, "gcj_lon": 118.757023, "gcj_lat": 39.739242, "geo_addr": "河北省唐山市滦州市古城", "coord_src": "geocode", "gcj_note": "api_error:10021:CUQPS_HAS_EXCEEDED_THE_LIMIT"}}, {"type": "Feature", "geometry": {"type": "Point", "coordinates": [118.759911, 39.743225]}, "properties": {"name": "行唐文庙大成殿", "level": "省级", "era": "宋元至明清", "lon": 118.753851, "lat": 39.741965, "elev": 30, "city": "唐山市", "img": "", "wgs_lon": 118.753851, "wgs_lat": 39.741965, "gcj_lon": 118.759911, "gcj_lat": 39.743225, "geo_addr": "河北省唐山市滦州市大成殿", "coord_src": "geocode"}}, {"type": "Feature", "geometry": {"type": "Point", "coordinates": [119.16456, 39.700727]}, "properties": {"name": "白衣庵", "level": "省级", "era": "宋元至明清", "lon": 119.158305, "lat": 39.699344, "elev": 16, "city": "秦皇岛市", "img": "", "wgs_lon": 119.158305, "wgs_lat": 39.699344, "gcj_lon": 119.16456, "gcj_lat": 39.700727, "geo_addr": "河北省秦皇岛市昌黎县白衣庵", "coord_src": "geocode"}}, {"type": "Feature", "geometry": {"type": "Point", "coordinates": [119.52022, 39.888243]}, "properties": {"name": "韩文公祠", "level": "省级", "era": "宋元至明清", "lon": 119.155115, "lat": 39.754162, "elev": 354, "city": "秦皇岛市", "img": "", "wgs_lon": 119.155115, "wgs_lat": 39.754162, "gcj_lon": 119.52022, "gcj_lat": 39.888243, "geo_addr": "河北省秦皇岛市", "coord_src": "geocode", "gcj_note": "api_error:30001:ENGINE_RESPONSE_DATA_ERROR"}}, {"type": "Feature", "geometry": {"type": "Point", "coordinates": [118.77337, 39.757202]}, "properties": {"name": "滦河大铁桥", "level": "省级", "era": "宋元至明清", "lon": 118.767314, "lat": 39.755946, "elev": 32, "city": "唐山市", "img": "", "wgs_lon": 118.767314, "wgs_lat": 39.755946, "gcj_lon": 118.77337, "gcj_lat": 39.757202, "geo_addr": "河北省唐山市滦州市滦河大铁桥", "coord_src": "geocode"}}, {"type": "Feature", "geometry": {"type": "Point", "coordinates": [118.757023, 39.739242]}, "properties": {"name": "东垣古城遗址", "level": "省级", "era": "秦汉至隋唐", "lon": 118.750964, "lat": 39.737983, "elev": 28, "city": "唐山市", "img": "", "wgs_lon": 118.750964, "wgs_lat": 39.737983, "gcj_lon": 118.757023, "gcj_lat": 39.739242, "geo_addr": "河北省唐山市滦州市古城", "coord_src": "geocode"}}, {"type": "Feature", "geometry": {"type": "Point", "coordinates": [119.146071, 39.742472]}, "properties": {"name": "水岩寺遗址", "level": "省级", "era": "宋元至明清", "lon": 119.139771, "lat": 39.741053, "elev": 146, "city": "秦皇岛市", "img": "", "wgs_lon": 119.139771, "wgs_lat": 39.741053, "gcj_lon": 119.146071, "gcj_lat": 39.742472, "geo_addr": "河北省秦皇岛市昌黎县水岩寺", "coord_src": "geocode"}}, {"type": "Feature", "geometry": {"type": "Point", "coordinates": [118.928856, 39.981611]}, "properties": {"name": "白各庄遗址", "level": "省级", "era": "史前至先秦", "lon": 118.922973, "lat": 39.980507, "elev": 88, "city": "秦皇岛市", "img": "", "wgs_lon": 118.922973, "wgs_lat": 39.980507, "gcj_lon": 118.928856, "gcj_lat": 39.981611, "geo_addr": "河北省秦皇岛市卢龙县白各庄", "coord_src": "geocode"}}, {"type": "Feature", "geometry": {"type": "Point", "coordinates": [118.877771, 39.972675]}, "properties": {"name": "马哨小山子遗址", "level": "省级", "era": "史前至先秦", "lon": 118.871885, "lat": 39.971563, "elev": 60, "city": "唐山市", "img": "", "wgs_lon": 118.871885, "wgs_lat": 39.971563, "gcj_lon": 118.877771, "gcj_lat": 39.972675, "geo_addr": "河北省唐山市迁安市马哨", "coord_src": "geocode"}}, {"type": "Feature", "geometry": {"type": "Point", "coordinates": [118.757023, 39.739242]}, "properties": {"name": "洪城古城址", "level": "省级", "era": "史前至先秦", "lon": 118.750964, "lat": 39.737983, "elev": 28, "city": "唐山市", "img": "", "wgs_lon": 118.750964, "wgs_lat": 39.737983, "gcj_lon": 118.757023, "gcj_lat": 39.739242, "geo_addr": "河北省唐山市滦州市古城", "coord_src": "geocode"}}, {"type": "Feature", "geometry": {"type": "Point", "coordinates": [118.757023, 39.739242]}, "properties": {"name": "临清古城城址", "level": "省级", "era": "宋元至明清", "lon": 118.750964, "lat": 39.737983, "elev": 28, "city": "唐山市", "img": "", "wgs_lon": 118.750964, "wgs_lat": 39.737983, "gcj_lon": 118.757023, "gcj_lat": 39.739242, "geo_addr": "河北省唐山市滦州市古城", "coord_src": "geocode"}}, {"type": "Feature", "geometry": {"type": "Point", "coordinates": [119.120118, 39.767067]}, "properties": {"name": "西山场赵家老宅", "level": "省级", "era": "宋元至明清", "lon": 119.113779, "lat": 39.765617, "elev": 98, "city": "秦皇岛市", "img": "", "wgs_lon": 119.113779, "wgs_lat": 39.765617, "gcj_lon": 119.120118, "gcj_lat": 39.767067, "geo_addr": "河北省秦皇岛市昌黎县西山场村赵家老宅", "coord_src": "geocode", "gcj_note": "api_error:10021:CUQPS_HAS_EXCEEDED_THE_LIMIT"}}, {"type": "Feature", "geometry": {"type": "Point", "coordinates": [118.862901, 39.88091]}, "properties": {"name": "永平府城墙", "level": "省级", "era": "宋元至明清", "lon": 118.857002, "lat": 39.879782, "elev": 32, "city": "秦皇岛市", "img": "", "wgs_lon": 118.856388, "wgs_lat": 39.874167, "gcj_lon": 118.862901, "gcj_lat": 39.88091, "geo_addr": "河北省秦皇岛市卢龙县永平府", "coord_src": "geocode"}}, {"type": "Feature", "geometry": {"type": "Point", "coordinates": [118.759911, 39.743225]}, "properties": {"name": "定兴文庙大成殿", "level": "省级", "era": "宋元至明清", "lon": 118.753851, "lat": 39.741965, "elev": 30, "city": "唐山市", "img": "", "wgs_lon": 118.753851, "wgs_lat": 39.741965, "gcj_lon": 118.759911, "gcj_lat": 39.743225, "geo_addr": "河北省唐山市滦州市大成殿", "coord_src": "geocode"}}, {"type": "Feature", "geometry": {"type": "Point", "coordinates": [118.870383, 39.884545]}, "properties": {"name": "天主教永平主教府修道院", "level": "省级", "era": "宋元至明清", "lon": 118.88607, "lat": 39.891469, "elev": 55, "city": "秦皇岛市", "img": "", "wgs_lon": 118.88607, "wgs_lat": 39.891469, "gcj_lon": 118.870383, "gcj_lat": 39.884545, "geo_addr": "河北省秦皇岛市卢龙县永平", "coord_src": "geocode", "gcj_note": "api_error:30001:ENGINE_RESPONSE_DATA_ERROR"}}, {"type": "Feature", "geometry": {"type": "Point", "coordinates": [119.17245886780803, 39.70987589766047]}, "properties": {"name": "贵贞女学馆贵贞楼", "level": "省级", "era": "近代以来", "lon": 119.166221, "lat": 39.708506, "elev": 22, "city": "秦皇岛市", "img": "", "wgs_lon": 119.166221, "wgs_lat": 39.708506, "gcj_lon": 119.17245886780803, "gcj_lat": 39.70987589766047, "geo_addr": "", "coord_src": "fallback_local", "gcj_note": "tries_exhausted"}}, {"type": "Feature", "geometry": {"type": "Point", "coordinates": [119.167304, 39.471328]}, "properties": {"name": "滦河铁桥", "level": "国家级", "era": "近代以来", "lon": 118.863888, "lat": 39.734443, "elev": 46, "city": "秦皇岛市", "img": "", "wgs_lon": 118.863888, "wgs_lat": 39.734443, "gcj_lon": 119.167304, "gcj_lat": 39.471328, "geo_addr": "河北省秦皇岛市昌黎县滦河", "coord_src": "geocode"}}, {"type": "Feature", "geometry": {"type": "Point", "coordinates": [118.862901, 39.88091]}, "properties": {"name": "永平府城墙", "level": "国家级", "era": "宋元至明清", "lon": 118.856388, "lat": 39.874167, "elev": 31, "city": "秦皇岛市", "img": "", "wgs_lon": 118.856388, "wgs_lat": 39.874167, "gcj_lon": 118.862901, "gcj_lat": 39.88091, "geo_addr": "河北省秦皇岛市卢龙县永平府", "coord_src": "geocode"}}, {"type": "Feature", "geometry": {"type": "Point", "coordinates": [118.180149, 39.63068]}, "properties": {"name": "万军山遗址", "level": "国家级", "era": "史前至先秦", "lon": 118.856056, "lat": 40.056389, "elev": 79, "city": "唐山市", "img": "", "wgs_lon": 118.856056, "wgs_lat": 40.056389, "gcj_lon": 118.180149, "gcj_lat": 39.63068, "geo_addr": "河北省唐山市", "coord_src": "geocode", "gcj_note": "api_error:30001:ENGINE_RESPONSE_DATA_ERROR"}}, {"type": "Feature", "geometry": {"type": "Point", "coordinates": [118.866265, 39.880744]}, "properties": {"name": "大佛顶尊胜陀罗尼经幢", "level": "国家级", "era": "宋元至明清", "lon": 118.858332, "lat": 39.879167, "elev": 40, "city": "秦皇岛市", "img": "", "wgs_lon": 118.858332, "wgs_lat": 39.879167, "gcj_lon": 118.866265, "gcj_lat": 39.880744, "geo_addr": "河北省秦皇岛市卢龙县大佛顶尊胜陀罗尼经幢", "coord_src": "geocode"}}, {"type": "Feature", "geometry": {"type": "Point", "coordinates": [118.721398, 39.947202]}, "properties": {"name": "爪村遗址", "level": "国家级", "era": "史前至先秦", "lon": 118.714, "lat": 39.94225, "elev": 62, "city": "唐山市", "img": "", "wgs_lon": 118.714, "wgs_lat": 39.94225, "gcj_lon": 118.721398, "gcj_lat": 39.947202, "geo_addr": "河北省唐山市迁安市爪村", "coord_src": "geocode"}}, {"type": "Feature", "geometry": {"type": "Point", "coordinates": [119.15907, 39.711335]}, "properties": {"name": "源影寺塔", "level": "国家级", "era": "宋元至明清", "lon": 119.152777, "lat": 39.709722, "elev": 24, "city": "秦皇岛市", "img": "", "wgs_lon": 119.152777, "wgs_lat": 39.709722, "gcj_lon": 119.15907, "gcj_lat": 39.711335, "geo_addr": "河北省秦皇岛市昌黎县源影寺塔", "coord_src": "geocode"}}, {"type": "Feature", "geometry": {"type": "Point", "coordinates": [119.245441, 39.982661]}, "properties": {"name": "天马山石刻", "level": "省级", "era": "宋元至明清", "lon": 119.239302, "lat": 39.981372, "elev": 238, "city": "秦皇岛市", "img": "", "wgs_lon": 119.239302, "wgs_lat": 39.981372, "gcj_lon": 119.245441, "gcj_lat": 39.982661, "geo_addr": "河北省秦皇岛市抚宁区天马山", "coord_src": "geocode", "gcj_note": "api_error:10021:CUQPS_HAS_EXCEEDED_THE_LIMIT"}}, {"type": "Feature", "geometry": {"type": "Point", "coordinates": [119.672487, 40.109079]}, "properties": {"name": "石嘴子遗址", "level": "省级", "era": "史前至先秦", "lon": 119.666635, "lat": 40.107879, "elev": 102, "city": "秦皇岛市", "img": "", "wgs_lon": 119.666635, "wgs_lat": 40.107879, "gcj_lon": 119.672487, "gcj_lat": 40.109079, "geo_addr": "河北省秦皇岛市海港区石嘴子", "coord_src": "geocode"}}, {"type": "Feature", "geometry": {"type": "Point", "coordinates": [119.528945, 39.818038]}, "properties": {"name": "北戴河秦行宫遗址", "level": "省级", "era": "秦汉至隋唐", "lon": 119.522994, "lat": 39.816821, "elev": 15, "city": "秦皇岛市", "img": "", "wgs_lon": 119.522994, "wgs_lat": 39.816821, "gcj_lon": 119.528945, "gcj_lat": 39.818038, "geo_addr": "河北省秦皇岛市北戴河区秦行宫遗址(公交站)", "coord_src": "geocode"}}, {"type": "Feature", "geometry": {"type": "Point", "coordinates": [119.569358, 40.128795]}, "properties": {"name": "傍水崖古战场碑刻", "level": "省级", "era": "宋元至明清", "lon": 119.563507, "lat": 40.12765, "elev": 96, "city": "秦皇岛市", "img": "", "wgs_lon": 119.563507, "wgs_lat": 40.12765, "gcj_lon": 119.569358, "gcj_lat": 40.128795, "geo_addr": "河北省秦皇岛市海港区傍水崖", "coord_src": "geocode"}}, {"type": "Feature", "geometry": {"type": "Point", "coordinates": [119.775187, 39.978882]}, "properties": {"name": "山海关八国联军军营旧址", "level": "省级", "era": "近代以来", "lon": 119.769306, "lat": 39.97759, "elev": 1, "city": "秦皇岛市", "img": "", "wgs_lon": 119.769306, "wgs_lat": 39.97759, "gcj_lon": 119.775187, "gcj_lat": 39.978882, "geo_addr": "河北省秦皇岛市山海关区", "coord_src": "geocode"}}, {"type": "Feature", "geometry": {"type": "Point", "coordinates": [119.586093, 39.941291]}, "properties": {"name": "长城堤", "level": "省级", "era": "史前至先秦", "lon": 119.580301, "lat": 39.940176, "elev": 7, "city": "秦皇岛市", "img": "", "wgs_lon": 119.580301, "wgs_lat": 39.940176, "gcj_lon": 119.586093, "gcj_lat": 39.941291, "geo_addr": "河北省秦皇岛市海港区长城村", "coord_src": "geocode"}}, {"type": "Feature", "geometry": {"type": "Point", "coordinates": [119.52022, 39.888243]}, "properties": {"name": "先师庙", "level": "省级", "era": "宋元至明清", "lon": 119.764215, "lat": 40.004858, "elev": 11, "city": "秦皇岛市", "img": "", "wgs_lon": 119.764215, "wgs_lat": 40.004858, "gcj_lon": 119.52022, "gcj_lat": 39.888243, "geo_addr": "河北省秦皇岛市", "coord_src": "geocode", "gcj_note": "api_error:30001:ENGINE_RESPONSE_DATA_ERROR"}}, {"type": "Feature", "geometry": {"type": "Point", "coordinates": [119.48449, 39.834912]}, "properties": {"name": "北戴河观音寺", "level": "省级", "era": "宋元至明清", "lon": 119.478345, "lat": 39.833563, "elev": 24, "city": "秦皇岛市", "img": "", "wgs_lon": 119.478345, "wgs_lat": 39.833563, "gcj_lon": 119.48449, "gcj_lat": 39.834912, "geo_addr": "河北省秦皇岛市北戴河区", "coord_src": "geocode"}}, {"type": "Feature", "geometry": {"type": "Point", "coordinates": [119.775187, 39.978882]}, "properties": {"name": "山海关副都统衙署遗址", "level": "省级", "era": "宋元至明清", "lon": 119.746195, "lat": 40.006935, "elev": 20, "city": "秦皇岛市", "img": "", "wgs_lon": 119.746195, "wgs_lat": 40.006935, "gcj_lon": 119.775187, "gcj_lat": 39.978882, "geo_addr": "河北省秦皇岛市山海关区", "coord_src": "geocode", "gcj_note": "api_error:30001:ENGINE_RESPONSE_DATA_ERROR"}}, {"type": "Feature", "geometry": {"type": "Point", "coordinates": [119.52022, 39.888243]}, "properties": {"name": "田中玉公馆", "level": "省级", "era": "近代以来", "lon": 119.750029, "lat": 40.007314, "elev": 26, "city": "秦皇岛市", "img": "", "wgs_lon": 119.750029, "wgs_lat": 40.007314, "gcj_lon": 119.52022, "gcj_lat": 39.888243, "geo_addr": "河北省秦皇岛市", "coord_src": "geocode", "gcj_note": "api_error:10021:CUQPS_HAS_EXCEEDED_THE_LIMIT"}}, {"type": "Feature", "geometry": {"type": "Point", "coordinates": [119.775187, 39.978882]}, "properties": {"name": "山海关近现代铁路附属建筑", "level": "省级", "era": "近代以来", "lon": 119.744348, "lat": 40.005296, "elev": 15, "city": "秦皇岛市", "img": "", "wgs_lon": 119.744348, "wgs_lat": 40.005296, "gcj_lon": 119.775187, "gcj_lat": 39.978882, "geo_addr": "河北省秦皇岛市山海关区", "coord_src": "geocode", "gcj_note": "api_error:30001:ENGINE_RESPONSE_DATA_ERROR"}}, {"type": "Feature", "geometry": {"type": "Point", "coordinates": [119.52022, 39.888243]}, "properties": {"name": "耀华玻璃厂旧址", "level": "省级", "era": "近代以来", "lon": 119.598442, "lat": 39.922887, "elev": 12, "city": "秦皇岛市", "img": "", "wgs_lon": 119.598611, "wgs_lat": 39.923056, "gcj_lon": 119.52022, "gcj_lat": 39.888243, "geo_addr": "河北省秦皇岛市", "coord_src": "geocode", "gcj_note": "api_error:30001:ENGINE_RESPONSE_DATA_ERROR"}}, {"type": "Feature", "geometry": {"type": "Point", "coordinates": [119.52022, 39.888243]}, "properties": {"name": "秦皇岛港口近代建筑群", "level": "省级", "era": "近代以来", "lon": 119.514223, "lat": 39.886997, "elev": 12, "city": "秦皇岛市", "img": "", "wgs_lon": 119.612778, "wgs_lat": 39.91, "gcj_lon": 119.52022, "gcj_lat": 39.888243, "geo_addr": "河北省秦皇岛市", "coord_src": "geocode"}}, {"type": "Feature", "geometry": {"type": "Point", "coordinates": [119.48449, 39.834912]}, "properties": {"name": "北戴河近代别墅群", "level": "省级", "era": "近代以来", "lon": 119.478345, "lat": 39.833563, "elev": 24, "city": "秦皇岛市", "img": "", "wgs_lon": 119.478345, "wgs_lat": 39.833563, "gcj_lon": 119.48449, "gcj_lat": 39.834912, "geo_addr": "河北省秦皇岛市北戴河区", "coord_src": "geocode"}}, {"type": "Feature", "geometry": {"type": "Point", "coordinates": [119.775187, 39.978882]}, "properties": {"name": "山海关季大夫楼", "level": "省级", "era": "近代以来", "lon": 119.769306, "lat": 39.97759, "elev": 1, "city": "秦皇岛市", "img": "", "wgs_lon": 119.769306, "wgs_lat": 39.97759, "gcj_lon": 119.775187, "gcj_lat": 39.978882, "geo_addr": "河北省秦皇岛市山海关区", "coord_src": "geocode"}}, {"type": "Feature", "geometry": {"type": "Point", "coordinates": [119.52022, 39.888243]}, "properties": {"name": "耀华玻璃厂旧址", "level": "国家级", "era": "近代以来", "lon": 119.598611, "lat": 39.923056, "elev": 11, "city": "秦皇岛市", "img": "", "wgs_lon": 119.598611, "wgs_lat": 39.923056, "gcj_lon": 119.52022, "gcj_lat": 39.888243, "geo_addr": "河北省秦皇岛市", "coord_src": "geocode", "gcj_note": "api_error:30001:ENGINE_RESPONSE_DATA_ERROR"}}, {"type": "Feature", "geometry": {"type": "Point", "coordinates": [119.52022, 39.888243]}, "properties": {"name": "秦皇岛港口近代建筑群", "level": "国家级", "era": "近代以来", "lon": 119.612778, "lat": 39.91, "elev": 18, "city": "秦皇岛市", "img": "", "wgs_lon": 119.612778, "wgs_lat": 39.91, "gcj_lon": 119.52022, "gcj_lat": 39.888243, "geo_addr": "河北省秦皇岛市", "coord_src": "geocode"}}, {"type": "Feature", "geometry": {"type": "Point", "coordinates": [119.48449, 39.834912]}, "properties": {"name": "北戴河近代建筑群", "level": "国家级", "era": "近代以来", "lon": 119.522833, "lat": 39.830861, "elev": 24, "city": "秦皇岛市", "img": "", "wgs_lon": 119.522833, "wgs_lat": 39.830861, "gcj_lon": 119.48449, "gcj_lat": 39.834912, "geo_addr": "河北省秦皇岛市北戴河区", "coord_src": "geocode"}}, {"type": "Feature", "geometry": {"type": "Point", "coordinates": [119.822801, 40.037017]}, "properties": {"name": "孟姜女庙", "level": "省级", "era": "宋元至明清", "lon": 119.815417, "lat": 40.034547, "elev": 34, "city": "秦皇岛市", "img": "", "wgs_lon": 119.815417, "wgs_lat": 40.034547, "gcj_lon": 119.822801, "gcj_lat": 40.037017, "geo_addr": "河北省秦皇岛市山海关区孟姜女庙", "coord_src": "geocode"}}, {"type": "Feature", "geometry": {"type": "Point", "coordinates": [119.775187, 39.978882]}, "properties": {"name": "山海关八国联军营盘旧址", "level": "国家级", "era": "近代以来", "lon": 119.785722, "lat": 39.979583, "elev": 29, "city": "秦皇岛市", "img": "", "wgs_lon": 119.785722, "wgs_lat": 39.979583, "gcj_lon": 119.775187, "gcj_lat": 39.978882, "geo_addr": "河北省秦皇岛市山海关区", "coord_src": "geocode"}}, {"type": "Feature", "geometry": {"type": "Point", "coordinates": [114.492466, 40.168513]}, "properties": {"name": "虎头梁遗址", "level": "省级", "era": "史前至先秦", "lon": 114.486115, "lat": 40.16728, "elev": 907, "city": "张家口市", "img": "", "wgs_lon": 114.486115, "wgs_lat": 40.16728, "gcj_lon": 114.492466, "gcj_lat": 40.168513, "geo_addr": "河北省张家口市阳原县虎头梁", "coord_src": "geocode", "gcj_note": "api_error:10021:CUQPS_HAS_EXCEEDED_THE_LIMIT"}}, {"type": "Feature", "geometry": {"type": "Point", "coordinates": [114.55437, 40.515029]}, "properties": {"name": "耿家屯墓群", "level": "省级", "era": "秦汉至隋唐", "lon": 114.54822, "lat": 40.513867, "elev": 981, "city": "张家口市", "img": "", "wgs_lon": 114.54822, "wgs_lat": 40.513867, "gcj_lon": 114.55437, "gcj_lat": 40.515029, "geo_addr": "河北省张家口市怀安县耿家屯村", "coord_src": "geocode"}}, {"type": "Feature", "geometry": {"type": "Point", "coordinates": [114.469142, 40.464181]}, "properties": {"name": "昭化寺", "level": "省级", "era": "宋元至明清", "lon": 114.462659, "lat": 40.462808, "elev": 1048, "city": "张家口市", "img": "", "wgs_lon": 114.462944, "wgs_lat": 40.462306, "gcj_lon": 114.469142, "gcj_lat": 40.464181, "geo_addr": "河北省张家口市怀安县昭化寺", "coord_src": "geocode"}}, {"type": "Feature", "geometry": {"type": "Point", "coordinates": [114.492047, 40.415025]}, "properties": {"name": "水沟口遗址", "level": "省级", "era": "史前至先秦", "lon": 114.485662, "lat": 40.413734, "elev": 1132, "city": "张家口市", "img": "", "wgs_lon": 114.485662, "wgs_lat": 40.413734, "gcj_lon": 114.492047, "gcj_lat": 40.415025, "geo_addr": "河北省张家口市怀安县水沟口", "coord_src": "geocode"}}, {"type": "Feature", "geometry": {"type": "Point", "coordinates": [114.410606, 40.541944]}, "properties": {"name": "红山长城采石场遗址", "level": "省级", "era": "宋元至明清", "lon": 114.403982, "lat": 40.540456, "elev": 1296, "city": "张家口市", "img": "", "wgs_lon": 114.403982, "wgs_lat": 40.540456, "gcj_lon": 114.410606, "gcj_lat": 40.541944, "geo_addr": "河北省张家口市怀安县红山", "coord_src": "geocode"}}, {"type": "Feature", "geometry": {"type": "Point", "coordinates": [114.508454, 40.19978]}, "properties": {"name": "阳原玉皇阁", "level": "省级", "era": "宋元至明清", "lon": 114.502167, "lat": 40.198591, "elev": 887, "city": "张家口市", "img": "", "wgs_lon": 114.502167, "wgs_lat": 40.198591, "gcj_lon": 114.508454, "gcj_lat": 40.19978, "geo_addr": "河北省张家口市阳原县阳原玉皇阁(暂停开放)", "coord_src": "geocode"}}, {"type": "Feature", "geometry": {"type": "Point", "coordinates": [114.307007, 40.684354]}, "properties": {"name": "西洋河城墙", "level": "省级", "era": "宋元至明清", "lon": 114.300488, "lat": 40.682923, "elev": 873, "city": "张家口市", "img": "", "wgs_lon": 114.300488, "wgs_lat": 40.682923, "gcj_lon": 114.307007, "gcj_lat": 40.684354, "geo_addr": "河北省张家口市怀安县西洋河", "coord_src": "geocode"}}, {"type": "Feature", "geometry": {"type": "Point", "coordinates": [114.282894, 40.676618]}, "properties": {"name": "宋家房遗址", "level": "省级", "era": "史前至先秦", "lon": 114.276401, "lat": 40.675224, "elev": 902, "city": "张家口市", "img": "", "wgs_lon": 114.276401, "wgs_lat": 40.675224, "gcj_lon": 114.282894, "gcj_lat": 40.676618, "geo_addr": "河北省张家口市怀安县宋家房", "coord_src": "geocode"}}, {"type": "Feature", "geometry": {"type": "Point", "coordinates": [114.878034, 40.819906]}, "properties": {"name": "张家口堡", "level": "国家级", "era": "宋元至明清", "lon": 114.52, "lat": 40.49, "elev": 1008, "city": "张家口市", "img": "", "wgs_lon": 114.871903, "wgs_lat": 40.818571, "gcj_lon": 114.878034, "gcj_lat": 40.819906, "geo_addr": "河北省张家口市桥西区张家口堡", "coord_src": "geocode"}}, {"type": "Feature", "geometry": {"type": "Point", "coordinates": [114.469142, 40.464181]}, "properties": {"name": "昭化寺", "level": "国家级", "era": "宋元至明清", "lon": 114.462944, "lat": 40.462306, "elev": 1048, "city": "张家口市", "img": "", "wgs_lon": 114.462944, "wgs_lat": 40.462306, "gcj_lon": 114.469142, "gcj_lat": 40.464181, "geo_addr": "河北省张家口市怀安县昭化寺", "coord_src": "geocode"}}, {"type": "Feature", "geometry": {"type": "Point", "coordinates": [114.885895, 40.768931]}, "properties": {"name": "泥河湾遗址", "level": "省级", "era": "史前至先秦", "lon": 114.664416, "lat": 40.213441, "elev": 984, "city": "张家口市", "img": "", "wgs_lon": 114.664416, "wgs_lat": 40.213441, "gcj_lon": 114.885895, "gcj_lat": 40.768931, "geo_addr": "河北省张家口市", "coord_src": "geocode", "gcj_note": "api_error:30001:ENGINE_RESPONSE_DATA_ERROR"}}, {"type": "Feature", "geometry": {"type": "Point", "coordinates": [114.885895, 40.768931]}, "properties": {"name": "小长梁遗址", "level": "省级", "era": "史前至先秦", "lon": 114.664, "lat": 40.216346, "elev": 981, "city": "张家口市", "img": "", "wgs_lon": 114.664, "wgs_lat": 40.216346, "gcj_lon": 114.885895, "gcj_lat": 40.768931, "geo_addr": "河北省张家口市", "coord_src": "geocode", "gcj_note": "api_error:10021:CUQPS_HAS_EXCEEDED_THE_LIMIT"}}, {"type": "Feature", "geometry": {"type": "Point", "coordinates": [114.885895, 40.768931]}, "properties": {"name": "张世卿壁画墓", "level": "省级", "era": "宋元至明清", "lon": 115.019954, "lat": 40.636424, "elev": 617, "city": "张家口市", "img": "", "wgs_lon": 115.019954, "wgs_lat": 40.636424, "gcj_lon": 114.885895, "gcj_lat": 40.768931, "geo_addr": "河北省张家口市", "coord_src": "geocode", "gcj_note": "api_error:30001:ENGINE_RESPONSE_DATA_ERROR"}}, {"type": "Feature", "geometry": {"type": "Point", "coordinates": [115.062631, 40.614195]}, "properties": {"name": "清远楼", "level": "省级", "era": "宋元至明清", "lon": 115.056078, "lat": 40.61269, "elev": 614, "city": "张家口市", "img": "", "wgs_lon": 115.056078, "wgs_lat": 40.61269, "gcj_lon": 115.062631, "gcj_lat": 40.614195, "geo_addr": "河北省张家口市宣化区清远楼", "coord_src": "geocode"}}, {"type": "Feature", "geometry": {"type": "Point", "coordinates": [115.062526, 40.612147]}, "properties": {"name": "镇朔楼", "level": "省级", "era": "宋元至明清", "lon": 115.056003, "lat": 40.610974, "elev": 614, "city": "张家口市", "img": "", "wgs_lon": 115.056003, "wgs_lat": 40.610974, "gcj_lon": 115.062526, "gcj_lat": 40.612147, "geo_addr": "河北省张家口市宣化区镇朔楼", "coord_src": "geocode"}}, {"type": "Feature", "geometry": {"type": "Point", "coordinates": [115.007158, 40.363916]}, "properties": {"name": "柏林寺", "level": "省级", "era": "宋元至明清", "lon": 115.000838, "lat": 40.362671, "elev": 946, "city": "张家口市", "img": "", "wgs_lon": 115.000838, "wgs_lat": 40.362671, "gcj_lon": 115.007158, "gcj_lat": 40.363916, "geo_addr": "河北省张家口市宣化区柏林寺", "coord_src": "geocode"}}, {"type": "Feature", "geometry": {"type": "Point", "coordinates": [114.851123, 40.279333]}, "properties": {"name": "清泉寺", "level": "省级", "era": "宋元至明清", "lon": 114.845011, "lat": 40.278241, "elev": 769, "city": "张家口市", "img": "", "wgs_lon": 114.845011, "wgs_lat": 40.278241, "gcj_lon": 114.851123, "gcj_lat": 40.279333, "geo_addr": "河北省张家口市宣化区清泉寺", "coord_src": "geocode"}}, {"type": "Feature", "geometry": {"type": "Point", "coordinates": [115.099515, 40.609444]}, "properties": {"name": "宣化城", "level": "省级", "era": "宋元至明清", "lon": 115.092904, "lat": 40.607903, "elev": 638, "city": "张家口市", "img": "", "wgs_lon": 115.092904, "wgs_lat": 40.607903, "gcj_lon": 115.099515, "gcj_lat": 40.609444, "geo_addr": "河北省张家口市宣化区", "coord_src": "geocode"}}, {"type": "Feature", "geometry": {"type": "Point", "coordinates": [115.066979, 40.61756]}, "properties": {"name": "五龙壁", "level": "省级", "era": "宋元至明清", "lon": 115.060414, "lat": 40.616045, "elev": 618, "city": "张家口市", "img": "", "wgs_lon": 115.060414, "wgs_lat": 40.616045, "gcj_lon": 115.066979, "gcj_lat": 40.61756, "geo_addr": "河北省张家口市宣化区五龙壁", "coord_src": "geocode"}}, {"type": "Feature", "geometry": {"type": "Point", "coordinates": [114.874748, 40.314062]}, "properties": {"name": "张家洼遗址", "level": "省级", "era": "史前至先秦", "lon": 114.868676, "lat": 40.312998, "elev": 1066, "city": "张家口市", "img": "", "wgs_lon": 114.868676, "wgs_lat": 40.312998, "gcj_lon": 114.874748, "gcj_lat": 40.314062, "geo_addr": "河北省张家口市宣化区张家洼村", "coord_src": "geocode"}}, {"type": "Feature", "geometry": {"type": "Point", "coordinates": [114.885895, 40.768931]}, "properties": {"name": "镇水塔", "level": "省级", "era": "宋元至明清", "lon": 115.041395, "lat": 40.194433, "elev": 1302, "city": "张家口市", "img": "", "wgs_lon": 115.041395, "wgs_lat": 40.194433, "gcj_lon": 114.885895, "gcj_lat": 40.768931, "geo_addr": "河北省张家口市", "coord_src": "geocode", "gcj_note": "api_error:30001:ENGINE_RESPONSE_DATA_ERROR"}}, {"type": "Feature", "geometry": {"type": "Point", "coordinates": [115.220705, 40.377367]}, "properties": {"name": "涿鹿鼓楼", "level": "省级", "era": "宋元至明清", "lon": 115.21431, "lat": 40.376092, "elev": 527, "city": "张家口市", "img": "", "wgs_lon": 115.21431, "wgs_lat": 40.376092, "gcj_lon": 115.220705, "gcj_lat": 40.377367, "geo_addr": "河北省张家口市涿鹿县鼓楼(鼓楼南街)", "coord_src": "geocode"}}, {"type": "Feature", "geometry": {"type": "Point", "coordinates": [115.061881, 40.612632]}, "properties": {"name": "时恩寺大殿", "level": "省级", "era": "宋元至明清", "lon": 115.05533, "lat": 40.611129, "elev": 614, "city": "张家口市", "img": "", "wgs_lon": 115.05533, "wgs_lat": 40.611129, "gcj_lon": 115.061881, "gcj_lat": 40.612632, "geo_addr": "河北省张家口市宣化区时恩寺", "coord_src": "geocode", "gcj_note": "api_error:10021:CUQPS_HAS_EXCEEDED_THE_LIMIT"}}, {"type": "Feature", "geometry": {"type": "Point", "coordinates": [115.025955, 40.637447]}, "properties": {"name": "下八里二区辽墓", "level": "省级", "era": "宋元至明清", "lon": 115.019523, "lat": 40.636017, "elev": 616, "city": "张家口市", "img": "", "wgs_lon": 115.019523, "wgs_lat": 40.636017, "gcj_lon": 115.025955, "gcj_lat": 40.637447, "geo_addr": "河北省张家口市宣化区下八里", "coord_src": "geocode"}}, {"type": "Feature", "geometry": {"type": "Point", "coordinates": [114.885407, 40.591307]}, "properties": {"name": "佛真猞猁迤逻尼塔", "level": "省级", "era": "宋元至明清", "lon": 114.879314, "lat": 40.59014, "elev": 771, "city": "张家口市", "img": "", "wgs_lon": 114.879249, "wgs_lat": 40.595943, "gcj_lon": 114.885407, "gcj_lat": 40.591307, "geo_addr": "河北省张家口市宣化区佛真猞猁迤逻尼塔", "coord_src": "geocode"}}, {"type": "Feature", "geometry": {"type": "Point", "coordinates": [115.196835, 40.382681]}, "properties": {"name": "涿鹿观音寺", "level": "省级", "era": "宋元至明清", "lon": 115.190396, "lat": 40.381368, "elev": 534, "city": "张家口市", "img": "", "wgs_lon": 115.190396, "wgs_lat": 40.381368, "gcj_lon": 115.196835, "gcj_lat": 40.382681, "geo_addr": "河北省张家口市涿鹿县", "coord_src": "geocode"}}, {"type": "Feature", "geometry": {"type": "Point", "coordinates": [115.224782, 40.369256]}, "properties": {"name": "苑庄灯影台", "level": "省级", "era": "宋元至明清", "lon": 115.218394, "lat": 40.367988, "elev": 528, "city": "张家口市", "img": "", "wgs_lon": 115.218394, "wgs_lat": 40.367988, "gcj_lon": 115.224782, "gcj_lat": 40.369256, "geo_addr": "河北省张家口市涿鹿县苑庄", "coord_src": "geocode", "gcj_note": "api_error:10021:CUQPS_HAS_EXCEEDED_THE_LIMIT"}}, {"type": "Feature", "geometry": {"type": "Point", "coordinates": [115.037685, 40.607248]}, "properties": {"name": "立化寺塔", "level": "省级", "era": "宋元至明清", "lon": 115.031212, "lat": 40.605804, "elev": 606, "city": "张家口市", "img": "", "wgs_lon": 115.031212, "wgs_lat": 40.605804, "gcj_lon": 115.037685, "gcj_lat": 40.607248, "geo_addr": "河北省张家口市宣化区立化寺塔", "coord_src": "geocode"}}, {"type": "Feature", "geometry": {"type": "Point", "coordinates": [114.889034, 40.244517]}, "properties": {"name": "五里山摩崖造像", "level": "省级", "era": "秦汉至隋唐", "lon": 114.882988, "lat": 40.243483, "elev": 1387, "city": "张家口市", "img": "", "wgs_lon": 114.882988, "wgs_lat": 40.243483, "gcj_lon": 114.889034, "gcj_lat": 40.244517, "geo_addr": "河北省张家口市宣化区五里山", "coord_src": "geocode"}}, {"type": "Feature", "geometry": {"type": "Point", "coordinates": [114.885895, 40.768931]}, "properties": {"name": "潘城遗址", "level": "省级", "era": "秦汉至隋唐", "lon": 115.189436, "lat": 40.331022, "elev": 578, "city": "张家口市", "img": "", "wgs_lon": 115.189436, "wgs_lat": 40.331022, "gcj_lon": 114.885895, "gcj_lat": 40.768931, "geo_addr": "河北省张家口市", "coord_src": "geocode", "gcj_note": "api_error:30001:ENGINE_RESPONSE_DATA_ERROR"}}, {"type": "Feature", "geometry": {"type": "Point", "coordinates": [115.196835, 40.382681]}, "properties": {"name": "涿鹿县东岳庙", "level": "省级", "era": "宋元至明清", "lon": 115.190396, "lat": 40.381368, "elev": 534, "city": "张家口市", "img": "", "wgs_lon": 115.190396, "wgs_lat": 40.381368, "gcj_lon": 115.196835, "gcj_lat": 40.382681, "geo_addr": "河北省张家口市涿鹿县", "coord_src": "geocode", "gcj_note": "api_error:10021:CUQPS_HAS_EXCEEDED_THE_LIMIT"}}, {"type": "Feature", "geometry": {"type": "Point", "coordinates": [115.196835, 40.382681]}, "properties": {"name": "涿鹿县南大寺", "level": "省级", "era": "宋元至明清", "lon": 115.190396, "lat": 40.381368, "elev": 534, "city": "张家口市", "img": "", "wgs_lon": 115.190396, "wgs_lat": 40.381368, "gcj_lon": 115.196835, "gcj_lat": 40.382681, "geo_addr": "河北省张家口市涿鹿县", "coord_src": "geocode"}}, {"type": "Feature", "geometry": {"type": "Point", "coordinates": [115.091391, 40.31804]}, "properties": {"name": "涿鹿县溪源龙王庙", "level": "省级", "era": "宋元至明清", "lon": 115.084825, "lat": 40.316627, "elev": 696, "city": "张家口市", "img": "", "wgs_lon": 115.084825, "wgs_lat": 40.316627, "gcj_lon": 115.091391, "gcj_lat": 40.31804, "geo_addr": "河北省张家口市涿鹿县溪源村", "coord_src": "geocode", "gcj_note": "api_error:10021:CUQPS_HAS_EXCEEDED_THE_LIMIT"}}, {"type": "Feature", "geometry": {"type": "Point", "coordinates": [115.05821041877053, 40.60843899872057]}, "properties": {"name": "察哈尔民主政府旧址", "level": "国家级", "era": "近代以来", "lon": 115.05167, "lat": 40.606946, "elev": 610, "city": "张家口市", "img": "", "wgs_lon": 115.05167, "wgs_lat": 40.606946, "gcj_lon": 115.05821041877053, "gcj_lat": 40.60843899872057, "geo_addr": "", "coord_src": "fallback_local", "gcj_note": "tries_exhausted"}}, {"type": "Feature", "geometry": {"type": "Point", "coordinates": [115.007158, 40.363916]}, "properties": {"name": "宣化柏林寺", "level": "国家级", "era": "宋元至明清", "lon": 115.00117, "lat": 40.363446, "elev": 943, "city": "张家口市", "img": "", "wgs_lon": 115.00117, "wgs_lat": 40.363446, "gcj_lon": 115.007158, "gcj_lat": 40.363916, "geo_addr": "河北省张家口市宣化区柏林寺", "coord_src": "geocode"}}, {"type": "Feature", "geometry": {"type": "Point", "coordinates": [114.885407, 40.591307]}, "properties": {"name": "佛真猞猁迤逻尼塔", "level": "国家级", "era": "宋元至明清", "lon": 114.879249, "lat": 40.595943, "elev": 751, "city": "张家口市", "img": "", "wgs_lon": 114.879249, "wgs_lat": 40.595943, "gcj_lon": 114.885407, "gcj_lat": 40.591307, "geo_addr": "河北省张家口市宣化区佛真猞猁迤逻尼塔", "coord_src": "geocode"}}, {"type": "Feature", "geometry": {"type": "Point", "coordinates": [115.099515, 40.609444]}, "properties": {"name": "宣化城墙", "level": "国家级", "era": "宋元至明清", "lon": 115.061995, "lat": 40.611393, "elev": 617, "city": "张家口市", "img": "", "wgs_lon": 115.061995, "wgs_lat": 40.611393, "gcj_lon": 115.099515, "gcj_lat": 40.609444, "geo_addr": "河北省张家口市宣化区", "coord_src": "geocode"}}, {"type": "Feature", "geometry": {"type": "Point", "coordinates": [115.061881, 40.612632]}, "properties": {"name": "时恩寺", "level": "国家级", "era": "宋元至明清", "lon": 115.055281, "lat": 40.611196, "elev": 614, "city": "张家口市", "img": "", "wgs_lon": 115.055281, "wgs_lat": 40.611196, "gcj_lon": 115.061881, "gcj_lat": 40.612632, "geo_addr": "河北省张家口市宣化区时恩寺", "coord_src": "geocode", "gcj_note": "api_error:10021:CUQPS_HAS_EXCEEDED_THE_LIMIT"}}, {"type": "Feature", "geometry": {"type": "Point", "coordinates": [115.025955, 40.637447]}, "properties": {"name": "下八里墓群", "level": "国家级", "era": "史前至先秦", "lon": 115.022781, "lat": 40.633891, "elev": 614, "city": "张家口市", "img": "", "wgs_lon": 115.022781, "wgs_lat": 40.633891, "gcj_lon": 115.025955, "gcj_lat": 40.637447, "geo_addr": "河北省张家口市宣化区下八里", "coord_src": "geocode"}}, {"type": "Feature", "geometry": {"type": "Point", "coordinates": [115.337145, 40.656451]}, "properties": {"name": "宣化古城（清远楼）", "level": "国家级", "era": "宋元至明清", "lon": 115.056114, "lat": 40.612502, "elev": 614, "city": "张家口市", "img": "", "wgs_lon": 115.056114, "wgs_lat": 40.612502, "gcj_lon": 115.337145, "gcj_lat": 40.656451, "geo_addr": "河北省张家口市宣化区古城村", "coord_src": "geocode"}}, {"type": "Feature", "geometry": {"type": "Point", "coordinates": [115.306821, 40.456291]}, "properties": {"name": "鸡鸣驿城", "level": "省级", "era": "宋元至明清", "lon": 115.300376, "lat": 40.454964, "elev": 530, "city": "张家口市", "img": "", "wgs_lon": 115.316669, "wgs_lat": 40.450002, "gcj_lon": 115.306821, "gcj_lat": 40.456291, "geo_addr": "河北省张家口市怀来县鸡鸣驿镇", "coord_src": "geocode"}}, {"type": "Feature", "geometry": {"type": "Point", "coordinates": [115.32436, 40.661436]}, "properties": {"name": "关子口遗址", "level": "省级", "era": "史前至先秦", "lon": 115.317846, "lat": 40.659966, "elev": 761, "city": "张家口市", "img": "", "wgs_lon": 115.317846, "wgs_lat": 40.659966, "gcj_lon": 115.32436, "gcj_lat": 40.661436, "geo_addr": "河北省张家口市宣化区关子口村", "coord_src": "geocode"}}, {"type": "Feature", "geometry": {"type": "Point", "coordinates": [114.885895, 40.768931]}, "properties": {"name": "蚩尤寨遗址", "level": "省级", "era": "史前至先秦", "lon": 115.378945, "lat": 40.343423, "elev": 504, "city": "张家口市", "img": "", "wgs_lon": 115.378945, "wgs_lat": 40.343423, "gcj_lon": 114.885895, "gcj_lat": 40.768931, "geo_addr": "河北省张家口市", "coord_src": "geocode", "gcj_note": "api_error:30001:ENGINE_RESPONSE_DATA_ERROR"}}, {"type": "Feature", "geometry": {"type": "Point", "coordinates": [115.196835, 40.382681]}, "properties": {"name": "涿鹿故城（黄帝城）址", "level": "省级", "era": "史前至先秦", "lon": 115.312965, "lat": 40.152379, "elev": 986, "city": "张家口市", "img": "", "wgs_lon": 115.312965, "wgs_lat": 40.152379, "gcj_lon": 115.196835, "gcj_lat": 40.382681, "geo_addr": "河北省张家口市涿鹿县", "coord_src": "geocode", "gcj_note": "api_error:30001:ENGINE_RESPONSE_DATA_ERROR"}}, {"type": "Feature", "geometry": {"type": "Point", "coordinates": [115.770927, 40.426103]}, "properties": {"name": "北辛堡墓群", "level": "省级", "era": "史前至先秦", "lon": 115.764626, "lat": 40.424825, "elev": 493, "city": "张家口市", "img": "", "wgs_lon": 115.764626, "wgs_lat": 40.424825, "gcj_lon": 115.770927, "gcj_lat": 40.426103, "geo_addr": "河北省张家口市怀来县北辛堡", "coord_src": "geocode", "gcj_note": "api_error:10021:CUQPS_HAS_EXCEEDED_THE_LIMIT"}}, {"type": "Feature", "geometry": {"type": "Point", "coordinates": [115.744414, 40.609219]}, "properties": {"name": "长春沟塔群", "level": "省级", "era": "宋元至明清", "lon": 115.738077, "lat": 40.60785, "elev": 1088, "city": "张家口市", "img": "", "wgs_lon": 115.738077, "wgs_lat": 40.60785, "gcj_lon": 115.744414, "gcj_lat": 40.609219, "geo_addr": "河北省张家口市赤城县长春沟", "coord_src": "geocode"}}, {"type": "Feature", "geometry": {"type": "Point", "coordinates": [115.288372, 40.476367]}, "properties": {"name": "抱犊山石窟及石刻", "level": "省级", "era": "宋元至明清", "lon": 115.28196, "lat": 40.475057, "elev": 534, "city": "张家口市", "img": "", "wgs_lon": 115.28196, "wgs_lat": 40.475057, "gcj_lon": 115.288372, "gcj_lat": 40.476367, "geo_addr": "河北省张家口市下花园区下花园石窟", "coord_src": "geocode"}}, {"type": "Feature", "geometry": {"type": "Point", "coordinates": [115.288372, 40.476367]}, "properties": {"name": "苍龙山石窟", "level": "省级", "era": "宋元至明清", "lon": 115.28196, "lat": 40.475057, "elev": 534, "city": "张家口市", "img": "", "wgs_lon": 115.28196, "wgs_lat": 40.475057, "gcj_lon": 115.288372, "gcj_lat": 40.476367, "geo_addr": "河北省张家口市下花园区下花园石窟", "coord_src": "geocode"}}, {"type": "Feature", "geometry": {"type": "Point", "coordinates": [115.288372, 40.476367]}, "properties": {"name": "法华洞石窟", "level": "省级", "era": "宋元至明清", "lon": 115.28196, "lat": 40.475057, "elev": 534, "city": "张家口市", "img": "", "wgs_lon": 115.28196, "wgs_lat": 40.475057, "gcj_lon": 115.288372, "gcj_lat": 40.476367, "geo_addr": "河北省张家口市下花园区下花园石窟", "coord_src": "geocode"}}, {"type": "Feature", "geometry": {"type": "Point", "coordinates": [115.288372, 40.476367]}, "properties": {"name": "艾叶交石窟", "level": "省级", "era": "宋元至明清", "lon": 115.28196, "lat": 40.475057, "elev": 534, "city": "张家口市", "img": "", "wgs_lon": 115.28196, "wgs_lat": 40.475057, "gcj_lon": 115.288372, "gcj_lat": 40.476367, "geo_addr": "河北省张家口市下花园区下花园石窟", "coord_src": "geocode"}}, {"type": "Feature", "geometry": {"type": "Point", "coordinates": [115.288372, 40.476367]}, "properties": {"name": "堂沟石窟", "level": "省级", "era": "秦汉至隋唐", "lon": 115.28196, "lat": 40.475057, "elev": 534, "city": "张家口市", "img": "", "wgs_lon": 115.28196, "wgs_lat": 40.475057, "gcj_lon": 115.288372, "gcj_lat": 40.476367, "geo_addr": "河北省张家口市下花园区下花园石窟", "coord_src": "geocode"}}, {"type": "Feature", "geometry": {"type": "Point", "coordinates": [115.228275, 40.373242]}, "properties": {"name": "涿鹿清真寺", "level": "省级", "era": "宋元至明清", "lon": 115.221891, "lat": 40.371977, "elev": 527, "city": "张家口市", "img": "", "wgs_lon": 115.221891, "wgs_lat": 40.371977, "gcj_lon": 115.228275, "gcj_lat": 40.373242, "geo_addr": "河北省张家口市涿鹿县涿鹿清真寺", "coord_src": "geocode"}}, {"type": "Feature", "geometry": {"type": "Point", "coordinates": [115.445433, 40.437565]}, "properties": {"name": "保安塔", "level": "省级", "era": "宋元至明清", "lon": 115.438842, "lat": 40.436131, "elev": 522, "city": "张家口市", "img": "", "wgs_lon": 115.438842, "wgs_lat": 40.436131, "gcj_lon": 115.445433, "gcj_lat": 40.437565, "geo_addr": "河北省张家口市怀来县保安镇", "coord_src": "geocode"}}, {"type": "Feature", "geometry": {"type": "Point", "coordinates": [115.288372, 40.476367]}, "properties": {"name": "护国寺石窟", "level": "省级", "era": "宋元至明清", "lon": 115.28196, "lat": 40.475057, "elev": 534, "city": "张家口市", "img": "", "wgs_lon": 115.28196, "wgs_lat": 40.475057, "gcj_lon": 115.288372, "gcj_lat": 40.476367, "geo_addr": "河北省张家口市下花园区下花园石窟", "coord_src": "geocode", "gcj_note": "api_error:10021:CUQPS_HAS_EXCEEDED_THE_LIMIT"}}, {"type": "Feature", "geometry": {"type": "Point", "coordinates": [115.288372, 40.476367]}, "properties": {"name": "下花园石窟", "level": "省级", "era": "秦汉至隋唐", "lon": 115.28196, "lat": 40.475057, "elev": 534, "city": "张家口市", "img": "", "wgs_lon": 115.28196, "wgs_lat": 40.475057, "gcj_lon": 115.288372, "gcj_lat": 40.476367, "geo_addr": "河北省张家口市下花园区下花园石窟", "coord_src": "geocode"}}, {"type": "Feature", "geometry": {"type": "Point", "coordinates": [115.288372, 40.476367]}, "properties": {"name": "广阳山石窟", "level": "省级", "era": "宋元至明清", "lon": 115.28196, "lat": 40.475057, "elev": 534, "city": "张家口市", "img": "", "wgs_lon": 115.28196, "wgs_lat": 40.475057, "gcj_lon": 115.288372, "gcj_lat": 40.476367, "geo_addr": "河北省张家口市下花园区下花园石窟", "coord_src": "geocode", "gcj_note": "api_error:10021:CUQPS_HAS_EXCEEDED_THE_LIMIT"}}, {"type": "Feature", "geometry": {"type": "Point", "coordinates": [115.41402, 40.44201]}, "properties": {"name": "新保安战役遗迹", "level": "省级", "era": "近代以来", "lon": 115.407389, "lat": 40.440546, "elev": 509, "city": "张家口市", "img": "", "wgs_lon": 115.407389, "wgs_lat": 40.440546, "gcj_lon": 115.41402, "gcj_lat": 40.44201, "geo_addr": "河北省张家口市怀来县新保安镇", "coord_src": "geocode"}}, {"type": "Feature", "geometry": {"type": "Point", "coordinates": [115.688208, 40.307873]}, "properties": {"name": "大古城遗址", "level": "省级", "era": "史前至先秦", "lon": 115.681984, "lat": 40.306705, "elev": 510, "city": "张家口市", "img": "", "wgs_lon": 115.681984, "wgs_lat": 40.306705, "gcj_lon": 115.688208, "gcj_lat": 40.307873, "geo_addr": "河北省张家口市怀来县大古城", "coord_src": "geocode", "gcj_note": "api_error:10021:CUQPS_HAS_EXCEEDED_THE_LIMIT"}}, {"type": "Feature", "geometry": {"type": "Point", "coordinates": [115.306821, 40.456291]}, "properties": {"name": "鸡鸣驿城", "level": "国家级", "era": "宋元至明清", "lon": 115.316669, "lat": 40.450002, "elev": 558, "city": "张家口市", "img": "", "wgs_lon": 115.316669, "wgs_lat": 40.450002, "gcj_lon": 115.306821, "gcj_lat": 40.456291, "geo_addr": "河北省张家口市怀来县鸡鸣驿镇", "coord_src": "geocode"}}, {"type": "Feature", "geometry": {"type": "Point", "coordinates": [115.822944, 40.171448]}, "properties": {"name": "镇边城", "level": "省级", "era": "宋元至明清", "lon": 115.816789, "lat": 40.170299, "elev": 780, "city": "张家口市", "img": "", "wgs_lon": 115.816789, "wgs_lat": 40.170299, "gcj_lon": 115.822944, "gcj_lat": 40.171448, "geo_addr": "河北省张家口市怀来县镇边城村", "coord_src": "geocode", "gcj_note": "api_error:10021:CUQPS_HAS_EXCEEDED_THE_LIMIT"}}, {"type": "Feature", "geometry": {"type": "Point", "coordinates": [116.008685, 40.45448]}, "properties": {"name": "莲花池", "level": "省级", "era": "宋元至明清", "lon": 116.002478, "lat": 40.453174, "elev": 488, "city": "北京城区", "img": "", "wgs_lon": 116.002478, "wgs_lat": 40.453174, "gcj_lon": 116.008685, "gcj_lat": 40.45448, "geo_addr": "北京市延庆区莲花池", "coord_src": "geocode"}}, {"type": "Feature", "geometry": {"type": "Point", "coordinates": [115.890739, 40.555382]}, "properties": {"name": "“三一八”烈士纪念碑", "level": "省级", "era": "近代以来", "lon": 115.884705, "lat": 40.554216, "elev": 966, "city": "北京城区", "img": "", "wgs_lon": 115.884705, "wgs_lat": 40.554216, "gcj_lon": 115.890739, "gcj_lat": 40.555382, "geo_addr": "北京市延庆区烈士纪念碑", "coord_src": "geocode"}}, {"type": "Feature", "geometry": {"type": "Point", "coordinates": [115.899674, 40.514776]}, "properties": {"name": "玉皇庙山戎墓遗址", "level": "省级", "era": "史前至先秦", "lon": 115.893656, "lat": 40.513636, "elev": 540, "city": "北京城区", "img": "", "wgs_lon": 115.893656, "wgs_lat": 40.513636, "gcj_lon": 115.899674, "gcj_lat": 40.514776, "geo_addr": "北京市延庆区玉皇庙山戎墓遗址", "coord_src": "geocode"}}, {"type": "Feature", "geometry": {"type": "Point", "coordinates": [116.06479, 40.223289]}, "properties": {"name": "和平寺", "level": "省级", "era": "宋元至明清", "lon": 116.058452, "lat": 40.221904, "elev": 164, "city": "北京城区", "img": "", "wgs_lon": 116.058452, "wgs_lat": 40.221904, "gcj_lon": 116.06479, "gcj_lat": 40.223289, "geo_addr": "北京市昌平区和平寺", "coord_src": "geocode"}}, {"type": "Feature", "geometry": {"type": "Point", "coordinates": [115.890739, 40.555382]}, "properties": {"name": "宛平县人民抗日战争为国牺牲烈士纪念碑", "level": "省级", "era": "近代以来", "lon": 115.884705, "lat": 40.554216, "elev": 966, "city": "北京城区", "img": "", "wgs_lon": 115.884705, "wgs_lat": 40.554216, "gcj_lon": 115.890739, "gcj_lat": 40.555382, "geo_addr": "北京市延庆区烈士纪念碑", "coord_src": "geocode", "gcj_note": "api_error:10021:CUQPS_HAS_EXCEEDED_THE_LIMIT"}}, {"type": "Feature", "geometry": {"type": "Point", "coordinates": [116.166965, 40.523304]}, "properties": {"name": "永宁天主堂", "level": "省级", "era": "宋元至明清", "lon": 116.160678, "lat": 40.521855, "elev": 522, "city": "北京城区", "img": "", "wgs_lon": 116.160678, "wgs_lat": 40.521855, "gcj_lon": 116.166965, "gcj_lat": 40.523304, "geo_addr": "北京市延庆区永宁天主堂", "coord_src": "geocode"}}, {"type": "Feature", "geometry": {"type": "Point", "coordinates": [115.972523, 40.456427]}, "properties": {"name": "灵照寺", "level": "省级", "era": "宋元至明清", "lon": 115.966434, "lat": 40.455224, "elev": 489, "city": "北京城区", "img": "", "wgs_lon": 115.966434, "wgs_lat": 40.455224, "gcj_lon": 115.972523, "gcj_lat": 40.456427, "geo_addr": "北京市延庆区灵照寺", "coord_src": "geocode", "gcj_note": "api_error:10021:CUQPS_HAS_EXCEEDED_THE_LIMIT"}}, {"type": "Feature", "geometry": {"type": "Point", "coordinates": [116.351191, 39.775519]}, "properties": {"name": "大庄科辽代矿冶遗址群", "level": "省级", "era": "宋元至明清", "lon": 116.253507, "lat": 40.423253, "elev": 434, "city": "北京城区", "img": "", "wgs_lon": 116.253507, "wgs_lat": 40.423253, "gcj_lon": 116.351191, "gcj_lat": 39.775519, "geo_addr": "北京市大兴区矿冶(公交站)", "coord_src": "geocode", "gcj_note": "api_error:30001:ENGINE_RESPONSE_DATA_ERROR"}}, {"type": "Feature", "geometry": {"type": "Point", "coordinates": [116.249979, 40.271097]}, "properties": {"name": "十三陵水库纪念碑", "level": "省级", "era": "近代以来", "lon": 116.243902, "lat": 40.269848, "elev": 93, "city": "北京城区", "img": "", "wgs_lon": 116.243902, "wgs_lat": 40.269848, "gcj_lon": 116.249979, "gcj_lat": 40.271097, "geo_addr": "北京市昌平区十三陵水库", "coord_src": "geocode"}}, {"type": "Feature", "geometry": {"type": "Point", "coordinates": [115.986704, 40.364293]}, "properties": {"name": "八达岭烈士陵园", "level": "省级", "era": "近代以来", "lon": 115.980583, "lat": 40.363085, "elev": 587, "city": "北京城区", "img": "", "wgs_lon": 115.980583, "wgs_lat": 40.363085, "gcj_lon": 115.986704, "gcj_lat": 40.364293, "geo_addr": "北京市延庆区八达岭烈士陵园", "coord_src": "geocode"}}, {"type": "Feature", "geometry": {"type": "Point", "coordinates": [116.256355, 40.139991]}, "properties": {"name": "小李庄军垦旧址", "level": "国家级", "era": "近代以来", "lon": 116.257463, "lat": 40.138097, "elev": 46, "city": "北京城区", "img": "", "wgs_lon": 116.257463, "wgs_lat": 40.138097, "gcj_lon": 116.256355, "gcj_lat": 40.139991, "geo_addr": "北京市昌平区小李庄", "coord_src": "geocode"}}, {"type": "Feature", "geometry": {"type": "Point", "coordinates": [116.004264, 40.35827]}, "properties": {"name": "京张铁路南口段至八达岭段", "level": "国家级", "era": "近代以来", "lon": 116.020076, "lat": 40.350982, "elev": 578, "city": "北京城区", "img": "", "wgs_lon": 116.020076, "wgs_lat": 40.350982, "gcj_lon": 116.004264, "gcj_lat": 40.35827, "geo_addr": "北京市延庆区京张铁路八达岭", "coord_src": "geocode"}}, {"type": "Feature", "geometry": {"type": "Point", "coordinates": [115.974609, 40.457033]}, "properties": {"name": "延庆古崖居", "level": "国家级", "era": "史前至先秦", "lon": 115.97783, "lat": 40.463725, "elev": 492, "city": "北京城区", "img": "", "wgs_lon": 115.97783, "wgs_lat": 40.463725, "gcj_lon": 115.974609, "gcj_lat": 40.457033, "geo_addr": "北京市延庆区", "coord_src": "geocode"}}, {"type": "Feature", "geometry": {"type": "Point", "coordinates": [116.32785, 40.319932]}, "properties": {"name": "银山塔林", "level": "国家级", "era": "宋元至明清", "lon": 116.321559, "lat": 40.321196, "elev": 398, "city": "北京城区", "img": "", "wgs_lon": 116.321559, "wgs_lat": 40.321196, "gcj_lon": 116.32785, "gcj_lat": 40.319932, "geo_addr": "北京市昌平区银山塔林(公交站)", "coord_src": "geocode"}}, {"type": "Feature", "geometry": {"type": "Point", "coordinates": [116.188921, 40.248757]}, "properties": {"name": "十三陵", "level": "国家级", "era": "宋元至明清", "lon": 116.22965, "lat": 40.279272, "elev": 101, "city": "北京城区", "img": "", "wgs_lon": 116.22965, "wgs_lat": 40.279272, "gcj_lon": 116.188921, "gcj_lat": 40.248757, "geo_addr": "北京市昌平区十三陵镇", "coord_src": "geocode"}}, {"type": "Feature", "geometry": {"type": "Point", "coordinates": [116.45026, 40.531079]}, "properties": {"name": "万里长城--八达岭", "level": "国家级", "era": "秦汉至隋唐", "lon": 116.083338, "lat": 40.416671, "elev": 599, "city": "北京城区", "img": "", "wgs_lon": 116.083338, "wgs_lat": 40.416671, "gcj_lon": 116.45026, "gcj_lat": 40.531079, "geo_addr": "北京市长城(延庆区)", "coord_src": "geocode", "gcj_note": "api_error:10021:CUQPS_HAS_EXCEEDED_THE_LIMIT"}}, {"type": "Feature", "geometry": {"type": "Point", "coordinates": [116.407387, 39.904179]}, "properties": {"name": "居庸关云台", "level": "国家级", "era": "宋元至明清", "lon": 116.068335, "lat": 40.288891, "elev": 282, "city": "北京城区", "img": "", "wgs_lon": 116.068335, "wgs_lat": 40.288891, "gcj_lon": 116.407387, "gcj_lat": 39.904179, "geo_addr": "北京市", "coord_src": "geocode", "gcj_note": "api_error:30001:ENGINE_RESPONSE_DATA_ERROR"}}, {"type": "Feature", "geometry": {"type": "Point", "coordinates": [116.801844, 40.562371]}, "properties": {"name": "黑龙潭及龙王庙", "level": "省级", "era": "宋元至明清", "lon": 116.795702, "lat": 40.561038, "elev": 156, "city": "北京城区", "img": "", "wgs_lon": 116.795702, "wgs_lat": 40.561038, "gcj_lon": 116.801844, "gcj_lat": 40.562371, "geo_addr": "北京市密云区黑龙潭(公交站)", "coord_src": "geocode", "gcj_note": "api_error:10021:CUQPS_HAS_EXCEEDED_THE_LIMIT"}}, {"type": "Feature", "geometry": {"type": "Point", "coordinates": [116.877391, 40.600154]}, "properties": {"name": "白水寺石佛", "level": "省级", "era": "宋元至明清", "lon": 116.87137, "lat": 40.598927, "elev": 190, "city": "北京城区", "img": "", "wgs_lon": 116.87137, "wgs_lat": 40.598927, "gcj_lon": 116.877391, "gcj_lat": 40.600154, "geo_addr": "北京市密云区石佛", "coord_src": "geocode"}}, {"type": "Feature", "geometry": {"type": "Point", "coordinates": [116.624051, 40.377304]}, "properties": {"name": "红螺寺", "level": "省级", "era": "秦汉至隋唐", "lon": 116.618191, "lat": 40.376196, "elev": 117, "city": "北京城区", "img": "", "wgs_lon": 116.618191, "wgs_lat": 40.376196, "gcj_lon": 116.624051, "gcj_lat": 40.377304, "geo_addr": "北京市怀柔区红螺寺", "coord_src": "geocode"}}, {"type": "Feature", "geometry": {"type": "Point", "coordinates": [116.665291, 40.220865]}, "properties": {"name": "元圣宫", "level": "省级", "era": "宋元至明清", "lon": 116.65936, "lat": 40.219734, "elev": 52, "city": "北京城区", "img": "", "wgs_lon": 116.65936, "wgs_lat": 40.219734, "gcj_lon": 116.665291, "gcj_lat": 40.220865, "geo_addr": "北京市顺义区元圣宫(不对外开放)", "coord_src": "geocode"}}, {"type": "Feature", "geometry": {"type": "Point", "coordinates": [116.826711, 40.565168]}, "properties": {"name": "白乙化烈士陵园", "level": "省级", "era": "近代以来", "lon": 116.820611, "lat": 40.563876, "elev": 174, "city": "北京城区", "img": "", "wgs_lon": 116.820611, "wgs_lat": 40.563876, "gcj_lon": 116.826711, "gcj_lat": 40.565168, "geo_addr": "北京市密云区白乙化烈士陵园", "coord_src": "geocode"}}, {"type": "Feature", "geometry": {"type": "Point", "coordinates": [116.407387, 39.904179]}, "properties": {"name": "木化石群", "level": "省级", "era": "史前至先秦", "lon": 116.387097, "lat": 40.699948, "elev": 447, "city": "北京城区", "img": "", "wgs_lon": 116.387097, "wgs_lat": 40.699948, "gcj_lon": 116.407387, "gcj_lat": 39.904179, "geo_addr": "北京市", "coord_src": "geocode", "gcj_note": "api_error:30001:ENGINE_RESPONSE_DATA_ERROR"}}, {"type": "Feature", "geometry": {"type": "Point", "coordinates": [116.407387, 39.904179]}, "properties": {"name": "普照寺", "level": "省级", "era": "宋元至明清", "lon": 116.864739, "lat": 40.399668, "elev": 110, "city": "北京城区", "img": "", "wgs_lon": 116.864739, "wgs_lat": 40.399668, "gcj_lon": 116.407387, "gcj_lat": 39.904179, "geo_addr": "北京市", "coord_src": "geocode", "gcj_note": "api_error:10021:CUQPS_HAS_EXCEEDED_THE_LIMIT"}}, {"type": "Feature", "geometry": {"type": "Point", "coordinates": [116.872111, 40.233892]}, "properties": {"name": "焦庄户地道战遗址", "level": "国家级", "era": "近代以来", "lon": 116.870027, "lat": 40.233445, "elev": 60, "city": "北京城区", "img": "", "wgs_lon": 116.870027, "wgs_lat": 40.233445, "gcj_lon": 116.872111, "gcj_lat": 40.233892, "geo_addr": "北京市顺义区焦庄户村", "coord_src": "geocode"}}, {"type": "Feature", "geometry": {"type": "Point", "coordinates": [117.408432, 40.046544]}, "properties": {"name": "蓟县古长城", "level": "省级", "era": "宋元至明清", "lon": 117.443466, "lat": 40.18251, "elev": 205, "city": "天津城区", "img": "", "wgs_lon": 117.443466, "wgs_lat": 40.18251, "gcj_lon": 117.408432, "gcj_lat": 40.046544, "geo_addr": "天津市蓟州区", "coord_src": "geocode"}}, {"type": "Feature", "geometry": {"type": "Point", "coordinates": [117.248826, 40.697879]}, "properties": {"name": "金山岭长城", "level": "省级", "era": "宋元至明清", "lon": 117.24235, "lat": 40.696413, "elev": 290, "city": "承德市", "img": "", "wgs_lon": 117.251112, "wgs_lat": 40.679084, "gcj_lon": 117.248826, "gcj_lat": 40.697879, "geo_addr": "河北省承德市滦平县金山岭长城", "coord_src": "geocode"}}, {"type": "Feature", "geometry": {"type": "Point", "coordinates": [117.962749, 40.952942]}, "properties": {"name": "庆成寺", "level": "省级", "era": "宋元至明清", "lon": 117.4746, "lat": 40.423909, "elev": 602, "city": "承德市", "img": "", "wgs_lon": 117.4746, "wgs_lat": 40.423909, "gcj_lon": 117.962749, "gcj_lat": 40.952942, "geo_addr": "河北省承德市", "coord_src": "geocode", "gcj_note": "api_error:30001:ENGINE_RESPONSE_DATA_ERROR"}}, {"type": "Feature", "geometry": {"type": "Point", "coordinates": [117.487364, 40.599707]}, "properties": {"name": "雾灵山清凉界石刻", "level": "省级", "era": "宋元至明清", "lon": 117.480753, "lat": 40.598243, "elev": 2107, "city": "承德市", "img": "", "wgs_lon": 117.480753, "wgs_lat": 40.598243, "gcj_lon": 117.487364, "gcj_lat": 40.599707, "geo_addr": "河北省承德市兴隆县雾灵山", "coord_src": "geocode", "gcj_note": "api_error:10021:CUQPS_HAS_EXCEEDED_THE_LIMIT"}}, {"type": "Feature", "geometry": {"type": "Point", "coordinates": [116.407387, 39.904179]}, "properties": {"name": "蛤蟆桥", "level": "省级", "era": "宋元至明清", "lon": 117.093368, "lat": 40.519108, "elev": 204, "city": "北京城区", "img": "", "wgs_lon": 117.093368, "wgs_lat": 40.519108, "gcj_lon": 116.407387, "gcj_lat": 39.904179, "geo_addr": "北京市", "coord_src": "geocode", "gcj_note": "api_error:30001:ENGINE_RESPONSE_DATA_ERROR"}}, {"type": "Feature", "geometry": {"type": "Point", "coordinates": [117.162687, 40.681789]}, "properties": {"name": "古北口战役阵亡将士公墓", "level": "省级", "era": "近代以来", "lon": 117.156099, "lat": 40.680214, "elev": 214, "city": "北京城区", "img": "", "wgs_lon": 117.156099, "wgs_lat": 40.680214, "gcj_lon": 117.162687, "gcj_lat": 40.681789, "geo_addr": "北京市密云区古北口战役阵亡将士公墓", "coord_src": "geocode"}}, {"type": "Feature", "geometry": {"type": "Point", "coordinates": [116.981783, 40.273145]}, "properties": {"name": "丫髻山碧霞元君祠遗址", "level": "省级", "era": "宋元至明清", "lon": 116.975616, "lat": 40.271952, "elev": 336, "city": "北京城区", "img": "", "wgs_lon": 116.975616, "wgs_lat": 40.271952, "gcj_lon": 116.981783, "gcj_lat": 40.273145, "geo_addr": "北京市平谷区丫髻山碧霞元君祠", "coord_src": "geocode"}}, {"type": "Feature", "geometry": {"type": "Point", "coordinates": [117.050979, 40.179737]}, "properties": {"name": "北埝头遗址", "level": "省级", "era": "史前至先秦", "lon": 117.044527, "lat": 40.178363, "elev": 28, "city": "北京城区", "img": "", "wgs_lon": 117.044527, "wgs_lat": 40.178363, "gcj_lon": 117.050979, "gcj_lat": 40.179737, "geo_addr": "北京市平谷区北埝头村", "coord_src": "geocode"}}, {"type": "Feature", "geometry": {"type": "Point", "coordinates": [117.166629, 40.228349]}, "properties": {"name": "鱼子山抗战遗址", "level": "省级", "era": "近代以来", "lon": 117.160109, "lat": 40.226972, "elev": 114, "city": "北京城区", "img": "", "wgs_lon": 117.160109, "wgs_lat": 40.226972, "gcj_lon": 117.166629, "gcj_lat": 40.228349, "geo_addr": "北京市平谷区鱼子山", "coord_src": "geocode"}}, {"type": "Feature", "geometry": {"type": "Point", "coordinates": [117.153565, 40.241343]}, "properties": {"name": "桃棚村抗战时期旧址", "level": "省级", "era": "近代以来", "lon": 117.147021, "lat": 40.239941, "elev": 198, "city": "北京城区", "img": "", "wgs_lon": 117.147021, "wgs_lat": 40.239941, "gcj_lon": 117.153565, "gcj_lat": 40.241343, "geo_addr": "北京市平谷区桃棚村", "coord_src": "geocode"}}, {"type": "Feature", "geometry": {"type": "Point", "coordinates": [117.298734, 40.193113]}, "properties": {"name": "上宅遗址", "level": "国家级", "era": "史前至先秦", "lon": 117.291576, "lat": 40.191531, "elev": 99, "city": "北京城区", "img": "", "wgs_lon": 117.291576, "wgs_lat": 40.191531, "gcj_lon": 117.298734, "gcj_lat": 40.193113, "geo_addr": "北京市平谷区上宅遗址", "coord_src": "geocode"}}, {"type": "Feature", "geometry": {"type": "Point", "coordinates": [117.248826, 40.697879]}, "properties": {"name": "金山岭长城", "level": "国家级", "era": "秦汉至隋唐", "lon": 117.251112, "lat": 40.679084, "elev": 524, "city": "承德市", "img": "", "wgs_lon": 117.251112, "wgs_lat": 40.679084, "gcj_lon": 117.248826, "gcj_lat": 40.697879, "geo_addr": "河北省承德市滦平县金山岭长城", "coord_src": "geocode"}}, {"type": "Feature", "geometry": {"type": "Point", "coordinates": [117.80083, 40.581349]}, "properties": {"name": "寿王坟铜冶遗址", "level": "省级", "era": "秦汉至隋唐", "lon": 117.794385, "lat": 40.579981, "elev": 464, "city": "承德市", "img": "", "wgs_lon": 117.794385, "wgs_lat": 40.579981, "gcj_lon": 117.80083, "gcj_lat": 40.581349, "geo_addr": "河北省承德市鹰手营子矿区寿王坟镇", "coord_src": "geocode", "gcj_note": "api_error:10021:CUQPS_HAS_EXCEEDED_THE_LIMIT"}}, {"type": "Feature", "geometry": {"type": "Point", "coordinates": [118.180149, 39.63068]}, "properties": {"name": "唐陵", "level": "省级", "era": "秦汉至隋唐", "lon": 117.63151, "lat": 40.186085, "elev": 150, "city": "唐山市", "img": "", "wgs_lon": 117.63151, "wgs_lat": 40.186085, "gcj_lon": 118.180149, "gcj_lat": 39.63068, "geo_addr": "河北省唐山市", "coord_src": "geocode", "gcj_note": "api_error:30001:ENGINE_RESPONSE_DATA_ERROR"}}, {"type": "Feature", "geometry": {"type": "Point", "coordinates": [117.707562, 40.129585]}, "properties": {"name": "清东陵", "level": "省级", "era": "宋元至明清", "lon": 117.676341, "lat": 40.172363, "elev": 93, "city": "唐山市", "img": "", "wgs_lon": 117.676341, "wgs_lat": 40.172363, "gcj_lon": 117.707562, "gcj_lat": 40.129585, "geo_addr": "河北省唐山市遵化市清东陵(公交站)", "coord_src": "geocode", "gcj_note": "api_error:10021:CUQPS_HAS_EXCEEDED_THE_LIMIT"}}, {"type": "Feature", "geometry": {"type": "Point", "coordinates": [117.702497, 40.183765]}, "properties": {"name": "永旺塔", "level": "省级", "era": "宋元至明清", "lon": 117.696094, "lat": 40.182548, "elev": 101, "city": "唐山市", "img": "", "wgs_lon": 117.696094, "wgs_lat": 40.182548, "gcj_lon": 117.702497, "gcj_lat": 40.183765, "geo_addr": "河北省唐山市遵化市永旺塔", "coord_src": "geocode"}}, {"type": "Feature", "geometry": {"type": "Point", "coordinates": [117.645829, 40.317483]}, "properties": {"name": "车轴山无梁阁、塔", "level": "省级", "era": "宋元至明清", "lon": 117.63953, "lat": 40.316343, "elev": 341, "city": "承德市", "img": "", "wgs_lon": 117.63953, "wgs_lat": 40.316343, "gcj_lon": 117.645829, "gcj_lat": 40.317483, "geo_addr": "河北省承德市兴隆县车轴山", "coord_src": "geocode"}}, {"type": "Feature", "geometry": {"type": "Point", "coordinates": [117.962749, 40.952942]}, "properties": {"name": "四方洞遗址", "level": "省级", "era": "史前至先秦", "lon": 117.65302, "lat": 40.544835, "elev": 482, "city": "承德市", "img": "", "wgs_lon": 117.669751, "wgs_lat": 40.553945, "gcj_lon": 117.962749, "gcj_lat": 40.952942, "geo_addr": "河北省承德市", "coord_src": "geocode", "gcj_note": "api_error:30001:ENGINE_RESPONSE_DATA_ERROR"}}, {"type": "Feature", "geometry": {"type": "Point", "coordinates": [117.82937932334086, 40.64786149335988]}, "properties": {"name": "付将沟遗址", "level": "省级", "era": "史前至先秦", "lon": 117.735855, "lat": 40.601675, "elev": 427, "city": "承德市", "img": "", "wgs_lon": 117.823001, "wgs_lat": 40.646501, "gcj_lon": 117.82937932334086, "gcj_lat": 40.64786149335988, "geo_addr": "", "coord_src": "fallback_local", "gcj_note": "tries_exhausted"}}, {"type": "Feature", "geometry": {"type": "Point", "coordinates": [117.899035, 40.601367]}, "properties": {"name": "潘家店岩画", "level": "省级", "era": "史前至先秦", "lon": 117.892823, "lat": 40.600132, "elev": 640, "city": "承德市", "img": "", "wgs_lon": 117.892823, "wgs_lat": 40.600132, "gcj_lon": 117.899035, "gcj_lat": 40.601367, "geo_addr": "河北省承德市兴隆县潘家店", "coord_src": "geocode"}}, {"type": "Feature", "geometry": {"type": "Point", "coordinates": [117.644357, 40.313085]}, "properties": {"name": "六拨子“人圈”遗址", "level": "省级", "era": "近代以来", "lon": 117.638061, "lat": 40.311949, "elev": 323, "city": "承德市", "img": "", "wgs_lon": 117.638061, "wgs_lat": 40.311949, "gcj_lon": 117.644357, "gcj_lat": 40.313085, "geo_addr": "河北省承德市兴隆县六拨子", "coord_src": "geocode"}}, {"type": "Feature", "geometry": {"type": "Point", "coordinates": [117.82937932334086, 40.64786149335988]}, "properties": {"name": "付将沟遗址", "level": "国家级", "era": "史前至先秦", "lon": 117.823001, "lat": 40.646501, "elev": 548, "city": "承德市", "img": "", "wgs_lon": 117.823001, "wgs_lat": 40.646501, "gcj_lon": 117.82937932334086, "gcj_lat": 40.64786149335988, "geo_addr": "", "coord_src": "fallback_local", "gcj_note": "tries_exhausted"}}, {"type": "Feature", "geometry": {"type": "Point", "coordinates": [117.962749, 40.952942]}, "properties": {"name": "四方洞遗址", "level": "国家级", "era": "史前至先秦", "lon": 117.669751, "lat": 40.553945, "elev": 479, "city": "承德市", "img": "", "wgs_lon": 117.669751, "wgs_lat": 40.553945, "gcj_lon": 117.962749, "gcj_lat": 40.952942, "geo_addr": "河北省承德市", "coord_src": "geocode", "gcj_note": "api_error:30001:ENGINE_RESPONSE_DATA_ERROR"}}, {"type": "Feature", "geometry": {"type": "Point", "coordinates": [118.357006, 40.482466]}, "properties": {"name": "上坡遗址", "level": "省级", "era": "史前至先秦", "lon": 118.350618, "lat": 40.480965, "elev": 233, "city": "承德市", "img": "", "wgs_lon": 118.350618, "wgs_lat": 40.480965, "gcj_lon": 118.357006, "gcj_lat": 40.482466, "geo_addr": "河北省承德市宽城满族自治县上坡", "coord_src": "geocode", "gcj_note": "api_error:10021:CUQPS_HAS_EXCEEDED_THE_LIMIT"}}, {"type": "Feature", "geometry": {"type": "Point", "coordinates": [118.153514, 40.464843]}, "properties": {"name": "梓木林子古墓", "level": "省级", "era": "宋元至明清", "lon": 118.14703, "lat": 40.463351, "elev": 248, "city": "承德市", "img": "", "wgs_lon": 118.14703, "wgs_lat": 40.463351, "gcj_lon": 118.153514, "gcj_lat": 40.464843, "geo_addr": "河北省承德市兴隆县梓木林子村", "coord_src": "geocode"}}, {"type": "Feature", "geometry": {"type": "Point", "coordinates": [118.552621, 40.408915]}, "properties": {"name": "古长城", "level": "省级", "era": "宋元至明清", "lon": 118.546636, "lat": 40.407702, "elev": 386, "city": "唐山市", "img": "", "wgs_lon": 118.546636, "wgs_lat": 40.407702, "gcj_lon": 118.552621, "gcj_lat": 40.408915, "geo_addr": "河北省唐山市迁西县古长城", "coord_src": "geocode"}}, {"type": "Feature", "geometry": {"type": "Point", "coordinates": [118.180149, 39.63068]}, "properties": {"name": "戚继光镇府碑", "level": "省级", "era": "宋元至明清", "lon": 118.195348, "lat": 40.242261, "elev": 176, "city": "唐山市", "img": "", "wgs_lon": 118.195348, "wgs_lat": 40.242261, "gcj_lon": 118.180149, "gcj_lat": 39.63068, "geo_addr": "河北省唐山市", "coord_src": "geocode", "gcj_note": "api_error:30001:ENGINE_RESPONSE_DATA_ERROR"}}, {"type": "Feature", "geometry": {"type": "Point", "coordinates": [118.180149, 39.63068]}, "properties": {"name": "西寨遗址", "level": "省级", "era": "史前至先秦", "lon": 118.474375, "lat": 40.156966, "elev": 92, "city": "唐山市", "img": "", "wgs_lon": 118.473861, "wgs_lat": 40.15725, "gcj_lon": 118.180149, "gcj_lat": 39.63068, "geo_addr": "河北省唐山市", "coord_src": "geocode", "gcj_note": "api_error:30001:ENGINE_RESPONSE_DATA_ERROR"}}, {"type": "Feature", "geometry": {"type": "Point", "coordinates": [118.245678, 40.647569]}, "properties": {"name": "岔沟门遗址", "level": "省级", "era": "史前至先秦", "lon": 118.239395, "lat": 40.646112, "elev": 289, "city": "承德市", "img": "", "wgs_lon": 118.239395, "wgs_lat": 40.646112, "gcj_lon": 118.245678, "gcj_lat": 40.647569, "geo_addr": "河北省承德市承德县岔沟门", "coord_src": "geocode"}}, {"type": "Feature", "geometry": {"type": "Point", "coordinates": [118.554086, 40.179079]}, "properties": {"name": "贺家山遗址", "level": "省级", "era": "史前至先秦", "lon": 118.548135, "lat": 40.177924, "elev": 77, "city": "唐山市", "img": "", "wgs_lon": 118.548135, "wgs_lat": 40.177924, "gcj_lon": 118.554086, "gcj_lat": 40.179079, "geo_addr": "河北省唐山市迁西县贺家山遗址", "coord_src": "geocode", "gcj_note": "api_error:10021:CUQPS_HAS_EXCEEDED_THE_LIMIT"}}, {"type": "Feature", "geometry": {"type": "Point", "coordinates": [118.526197, 40.293703]}, "properties": {"name": "大岭寨明长城砖窑群", "level": "省级", "era": "宋元至明清", "lon": 118.520135, "lat": 40.292458, "elev": 175, "city": "唐山市", "img": "", "wgs_lon": 118.520135, "wgs_lat": 40.292458, "gcj_lon": 118.526197, "gcj_lat": 40.293703, "geo_addr": "河北省唐山市迁西县大岭寨", "coord_src": "geocode"}}, {"type": "Feature", "geometry": {"type": "Point", "coordinates": [118.526197, 40.293703]}, "properties": {"name": "大岭寨明长城灰窑群", "level": "省级", "era": "宋元至明清", "lon": 118.520135, "lat": 40.292458, "elev": 175, "city": "唐山市", "img": "", "wgs_lon": 118.520135, "wgs_lat": 40.292458, "gcj_lon": 118.526197, "gcj_lat": 40.293703, "geo_addr": "河北省唐山市迁西县大岭寨", "coord_src": "geocode"}}, {"type": "Feature", "geometry": {"type": "Point", "coordinates": [118.204565, 40.215771]}, "properties": {"name": "三屯营城址", "level": "省级", "era": "宋元至明清", "lon": 118.198261, "lat": 40.214442, "elev": 171, "city": "唐山市", "img": "", "wgs_lon": 118.198261, "wgs_lat": 40.214442, "gcj_lon": 118.204565, "gcj_lat": 40.215771, "geo_addr": "河北省唐山市迁西县三屯营", "coord_src": "geocode"}}, {"type": "Feature", "geometry": {"type": "Point", "coordinates": [118.21034, 40.223921]}, "properties": {"name": "洪山口戏楼", "level": "省级", "era": "宋元至明清", "lon": 118.20405, "lat": 40.2226, "elev": 161, "city": "唐山市", "img": "", "wgs_lon": 118.20405, "wgs_lat": 40.2226, "gcj_lon": 118.21034, "gcj_lat": 40.223921, "geo_addr": "河北省唐山市迁西县戏楼村", "coord_src": "geocode"}}, {"type": "Feature", "geometry": {"type": "Point", "coordinates": [118.180149, 39.63068]}, "properties": {"name": "喜峰口长城抗战旧址", "level": "省级", "era": "近代以来", "lon": 118.356984, "lat": 40.414241, "elev": 224, "city": "唐山市", "img": "", "wgs_lon": 118.356984, "wgs_lat": 40.414241, "gcj_lon": 118.180149, "gcj_lat": 39.63068, "geo_addr": "河北省唐山市", "coord_src": "geocode", "gcj_note": "api_error:10021:CUQPS_HAS_EXCEEDED_THE_LIMIT"}}, {"type": "Feature", "geometry": {"type": "Point", "coordinates": [117.919136, 39.645924]}, "properties": {"name": "十字街戏楼", "level": "省级", "era": "宋元至明清", "lon": 118.20405, "lat": 40.2226, "elev": 161, "city": "唐山市", "img": "", "wgs_lon": 118.20405, "wgs_lat": 40.2226, "gcj_lon": 117.919136, "gcj_lat": 39.645924, "geo_addr": "河北省唐山市丰润区十字街", "coord_src": "geocode"}}, {"type": "Feature", "geometry": {"type": "Point", "coordinates": [118.21034, 40.223921]}, "properties": {"name": "宋家庄穿心戏楼", "level": "省级", "era": "宋元至明清", "lon": 118.20405, "lat": 40.2226, "elev": 161, "city": "唐山市", "img": "", "wgs_lon": 118.20405, "wgs_lat": 40.2226, "gcj_lon": 118.21034, "gcj_lat": 40.223921, "geo_addr": "河北省唐山市迁西县戏楼村", "coord_src": "geocode"}}, {"type": "Feature", "geometry": {"type": "Point", "coordinates": [118.625393, 40.601143]}, "properties": {"name": "山西村砖塔", "level": "省级", "era": "宋元至明清", "lon": 118.619454, "lat": 40.599884, "elev": 386, "city": "承德市", "img": "", "wgs_lon": 118.619454, "wgs_lat": 40.599884, "gcj_lon": 118.625393, "gcj_lat": 40.601143, "geo_addr": "河北省承德市宽城满族自治县山西村", "coord_src": "geocode"}}, {"type": "Feature", "geometry": {"type": "Point", "coordinates": [118.21034, 40.223921]}, "properties": {"name": "沙洺戏楼及龙王庙", "level": "省级", "era": "宋元至明清", "lon": 118.20405, "lat": 40.2226, "elev": 161, "city": "唐山市", "img": "", "wgs_lon": 118.20405, "wgs_lat": 40.2226, "gcj_lon": 118.21034, "gcj_lat": 40.223921, "geo_addr": "河北省唐山市迁西县戏楼村", "coord_src": "geocode"}}, {"type": "Feature", "geometry": {"type": "Point", "coordinates": [118.180149, 39.63068]}, "properties": {"name": "西寨遗址", "level": "国家级", "era": "史前至先秦", "lon": 118.473861, "lat": 40.15725, "elev": 89, "city": "唐山市", "img": "", "wgs_lon": 118.473861, "wgs_lat": 40.15725, "gcj_lon": 118.180149, "gcj_lat": 39.63068, "geo_addr": "河北省唐山市", "coord_src": "geocode", "gcj_note": "api_error:30001:ENGINE_RESPONSE_DATA_ERROR"}}, {"type": "Feature", "geometry": {"type": "Point", "coordinates": [119.126125, 40.219046]}, "properties": {"name": "朝阳洞塔", "level": "省级", "era": "宋元至明清", "lon": 119.119731, "lat": 40.217567, "elev": 223, "city": "秦皇岛市", "img": "", "wgs_lon": 119.119731, "wgs_lat": 40.217567, "gcj_lon": 119.126125, "gcj_lat": 40.219046, "geo_addr": "河北省秦皇岛市青龙满族自治县朝阳洞", "coord_src": "geocode"}}, {"type": "Feature", "geometry": {"type": "Point", "coordinates": [119.5819, 40.18216]}, "properties": {"name": "青龙山城址", "level": "国家级", "era": "史前至先秦", "lon": 118.949685, "lat": 40.407579, "elev": 248, "city": "秦皇岛市", "img": "", "wgs_lon": 118.949685, "wgs_lat": 40.407579, "gcj_lon": 119.5819, "gcj_lat": 40.18216, "geo_addr": "河北省秦皇岛市海港区青龙山", "coord_src": "geocode"}}, {"type": "Feature", "geometry": {"type": "Point", "coordinates": [119.575579, 40.190012]}, "properties": {"name": "板厂峪塔", "level": "省级", "era": "宋元至明清", "lon": 119.569735, "lat": 40.188869, "elev": 200, "city": "秦皇岛市", "img": "", "wgs_lon": 119.569735, "wgs_lat": 40.188869, "gcj_lon": 119.575579, "gcj_lat": 40.190012, "geo_addr": "河北省秦皇岛市海港区板厂峪塔", "coord_src": "geocode"}}, {"type": "Feature", "geometry": {"type": "Point", "coordinates": [119.747347, 40.144502]}, "properties": {"name": "万里长城-九门口", "level": "省级", "era": "宋元至明清", "lon": 119.741415, "lat": 40.143195, "elev": 255, "city": "秦皇岛市", "img": "", "wgs_lon": 119.741415, "wgs_lat": 40.143195, "gcj_lon": 119.747347, "gcj_lat": 40.144502, "geo_addr": "河北省秦皇岛市海港区九门口", "coord_src": "geocode"}}, {"type": "Feature", "geometry": {"type": "Point", "coordinates": [119.57055, 40.2014]}, "properties": {"name": "板厂峪窑址群遗址", "level": "国家级", "era": "史前至先秦", "lon": 119.565056, "lat": 40.20025, "elev": 199, "city": "秦皇岛市", "img": "", "wgs_lon": 119.565056, "wgs_lat": 40.20025, "gcj_lon": 119.57055, "gcj_lat": 40.2014, "geo_addr": "河北省秦皇岛市海港区板厂峪窑址群遗址", "coord_src": "geocode"}}, {"type": "Feature", "geometry": {"type": "Point", "coordinates": [114.885895, 40.768931]}, "properties": {"name": "新庙村北遗址", "level": "省级", "era": "史前至先秦", "lon": 114.05858, "lat": 41.0331, "elev": 1417, "city": "张家口市", "img": "", "wgs_lon": 114.05858, "wgs_lat": 41.0331, "gcj_lon": 114.885895, "gcj_lat": 40.768931, "geo_addr": "河北省张家口市", "coord_src": "geocode", "gcj_note": "api_error:10021:CUQPS_HAS_EXCEEDED_THE_LIMIT"}}, {"type": "Feature", "geometry": {"type": "Point", "coordinates": [113.9827, 41.052504]}, "properties": {"name": "土城子城址", "level": "国家级", "era": "史前至先秦", "lon": 113.965239, "lat": 41.257902, "elev": 1376, "city": "张家口市", "img": "", "wgs_lon": 113.965239, "wgs_lat": 41.257902, "gcj_lon": 113.9827, "gcj_lat": 41.052504, "geo_addr": "河北省张家口市尚义县土城子", "coord_src": "geocode"}}, {"type": "Feature", "geometry": {"type": "Point", "coordinates": [114.188505, 41.111623]}, "properties": {"name": "大苏计遗址", "level": "省级", "era": "史前至先秦", "lon": 114.181801, "lat": 41.109819, "elev": 1560, "city": "张家口市", "img": "", "wgs_lon": 114.181801, "wgs_lat": 41.109819, "gcj_lon": 114.188505, "gcj_lat": 41.111623, "geo_addr": "河北省张家口市尚义县大苏计乡", "coord_src": "geocode"}}, {"type": "Feature", "geometry": {"type": "Point", "coordinates": [114.464295, 40.816337]}, "properties": {"name": "洗马林玉皇阁", "level": "省级", "era": "宋元至明清", "lon": 114.457748, "lat": 40.814731, "elev": 944, "city": "张家口市", "img": "", "wgs_lon": 114.450006, "wgs_lat": 40.800004, "gcj_lon": 114.464295, "gcj_lat": 40.816337, "geo_addr": "河北省张家口市万全区洗马林镇玉皇阁", "coord_src": "geocode", "gcj_note": "api_error:10021:CUQPS_HAS_EXCEEDED_THE_LIMIT"}}, {"type": "Feature", "geometry": {"type": "Point", "coordinates": [114.533122, 40.747214]}, "properties": {"name": "旧羊屯戏楼", "level": "省级", "era": "宋元至明清", "lon": 114.526867, "lat": 40.745855, "elev": 824, "city": "张家口市", "img": "", "wgs_lon": 114.526867, "wgs_lat": 40.745855, "gcj_lon": 114.533122, "gcj_lat": 40.747214, "geo_addr": "河北省张家口市万全区旧羊屯村", "coord_src": "geocode", "gcj_note": "api_error:10021:CUQPS_HAS_EXCEEDED_THE_LIMIT"}}, {"type": "Feature", "geometry": {"type": "Point", "coordinates": [114.461608, 40.815394]}, "properties": {"name": "洗马林城墙", "level": "国家级", "era": "宋元至明清", "lon": 114.450006, "lat": 40.800004, "elev": 922, "city": "张家口市", "img": "", "wgs_lon": 114.450006, "wgs_lat": 40.800004, "gcj_lon": 114.461608, "gcj_lat": 40.815394, "geo_addr": "河北省张家口市万全区洗马林城墙", "coord_src": "geocode"}}, {"type": "Feature", "geometry": {"type": "Point", "coordinates": [114.464295, 40.816337]}, "properties": {"name": "洗马林玉皇阁", "level": "国家级", "era": "宋元至明清", "lon": 114.450006, "lat": 40.800004, "elev": 922, "city": "张家口市", "img": "", "wgs_lon": 114.450006, "wgs_lat": 40.800004, "gcj_lon": 114.464295, "gcj_lat": 40.816337, "geo_addr": "河北省张家口市万全区洗马林镇玉皇阁", "coord_src": "geocode", "gcj_note": "api_error:10021:CUQPS_HAS_EXCEEDED_THE_LIMIT"}}, {"type": "Feature", "geometry": {"type": "Point", "coordinates": [114.878317, 40.820826]}, "properties": {"name": "玉皇阁", "level": "省级", "era": "宋元至明清", "lon": 114.872186, "lat": 40.81949, "elev": 772, "city": "张家口市", "img": "", "wgs_lon": 114.872186, "wgs_lat": 40.81949, "gcj_lon": 114.878317, "gcj_lat": 40.820826, "geo_addr": "河北省张家口市桥西区玉皇阁", "coord_src": "geocode"}}, {"type": "Feature", "geometry": {"type": "Point", "coordinates": [114.888447, 40.807162]}, "properties": {"name": "晋察冀军区司令部旧址", "level": "省级", "era": "近代以来", "lon": 114.88233, "lat": 40.805847, "elev": 757, "city": "张家口市", "img": "", "wgs_lon": 114.88233, "wgs_lat": 40.805847, "gcj_lon": 114.888447, "gcj_lat": 40.807162, "geo_addr": "河北省张家口市桥东区晋察冀军区司令部旧址", "coord_src": "geocode", "gcj_note": "api_error:10021:CUQPS_HAS_EXCEEDED_THE_LIMIT"}}, {"type": "Feature", "geometry": {"type": "Point", "coordinates": [115.141761, 40.733249]}, "properties": {"name": "太子梁墓群", "level": "省级", "era": "秦汉至隋唐", "lon": 115.135159, "lat": 40.731651, "elev": 1054, "city": "张家口市", "img": "", "wgs_lon": 115.135159, "wgs_lat": 40.731651, "gcj_lon": 115.141761, "gcj_lat": 40.733249, "geo_addr": "河北省张家口市桥东区太子梁", "coord_src": "geocode", "gcj_note": "api_error:10021:CUQPS_HAS_EXCEEDED_THE_LIMIT"}}, {"type": "Feature", "geometry": {"type": "Point", "coordinates": [114.745957, 40.859655]}, "properties": {"name": "万全卫城", "level": "省级", "era": "宋元至明清", "lon": 114.73426, "lat": 40.765924, "elev": 750, "city": "张家口市", "img": "", "wgs_lon": 114.73426, "wgs_lat": 40.765924, "gcj_lon": 114.745957, "gcj_lat": 40.859655, "geo_addr": "河北省张家口市万全区万全卫城(公交站)", "coord_src": "geocode"}}, {"type": "Feature", "geometry": {"type": "Point", "coordinates": [114.885895, 40.768931]}, "properties": {"name": "云泉寺", "level": "省级", "era": "宋元至明清", "lon": 114.845867, "lat": 40.8177, "elev": 962, "city": "张家口市", "img": "", "wgs_lon": 114.845867, "wgs_lat": 40.8177, "gcj_lon": 114.885895, "gcj_lat": 40.768931, "geo_addr": "河北省张家口市", "coord_src": "geocode", "gcj_note": "api_error:10021:CUQPS_HAS_EXCEEDED_THE_LIMIT"}}, {"type": "Feature", "geometry": {"type": "Point", "coordinates": [114.889328, 40.836523]}, "properties": {"name": "察哈尔都统署旧址（德王府）", "level": "省级", "era": "宋元至明清", "lon": 114.883208, "lat": 40.835185, "elev": 784, "city": "张家口市", "img": "", "wgs_lon": 114.883208, "wgs_lat": 40.835185, "gcj_lon": 114.889328, "gcj_lat": 40.836523, "geo_addr": "河北省张家口市桥西区察哈尔都统署旧址", "coord_src": "geocode"}}, {"type": "Feature", "geometry": {"type": "Point", "coordinates": [114.885895, 40.768931]}, "properties": {"name": "察哈尔农民协会旧址", "level": "省级", "era": "近代以来", "lon": 114.897484, "lat": 40.857589, "elev": 814, "city": "张家口市", "img": "", "wgs_lon": 114.897484, "wgs_lat": 40.857589, "gcj_lon": 114.885895, "gcj_lat": 40.768931, "geo_addr": "河北省张家口市", "coord_src": "geocode", "gcj_note": "api_error:10021:CUQPS_HAS_EXCEEDED_THE_LIMIT"}}, {"type": "Feature", "geometry": {"type": "Point", "coordinates": [114.73483704426641, 41.0207219439764]}, "properties": {"name": "苏蒙联军烈士纪念塔", "level": "省级", "era": "近代以来", "lon": 114.728485, "lat": 41.019065, "elev": 1561, "city": "张家口市", "img": "", "wgs_lon": 114.728485, "wgs_lat": 41.019065, "gcj_lon": 114.73483704426641, "gcj_lat": 41.0207219439764, "geo_addr": "", "coord_src": "fallback_local", "gcj_note": "tries_exhausted"}}, {"type": "Feature", "geometry": {"type": "Point", "coordinates": [114.71645956252931, 40.856831908542226]}, "properties": {"name": "“八0二”军事演习观礼台", "level": "省级", "era": "近代以来", "lon": 114.710155, "lat": 40.855333, "elev": 905, "city": "张家口市", "img": "", "wgs_lon": 114.710155, "wgs_lat": 40.855333, "gcj_lon": 114.71645956252931, "gcj_lat": 40.856831908542226, "geo_addr": "", "coord_src": "fallback_local", "gcj_note": "tries_exhausted"}}, {"type": "Feature", "geometry": {"type": "Point", "coordinates": [114.878034, 40.819906]}, "properties": {"name": "张家口堡", "level": "省级", "era": "宋元至明清", "lon": 114.871903, "lat": 40.818571, "elev": 772, "city": "张家口市", "img": "", "wgs_lon": 114.871903, "wgs_lat": 40.818571, "gcj_lon": 114.878034, "gcj_lat": 40.819906, "geo_addr": "河北省张家口市桥西区张家口堡", "coord_src": "geocode"}}, {"type": "Feature", "geometry": {"type": "Point", "coordinates": [114.8940078265541, 40.81266360156043]}, "properties": {"name": "“爱吾庐”冯玉祥将军图书馆", "level": "省级", "era": "近代以来", "lon": 114.887894, "lat": 40.811348, "elev": 770, "city": "张家口市", "img": "", "wgs_lon": 114.887894, "wgs_lat": 40.811348, "gcj_lon": 114.8940078265541, "gcj_lat": 40.81266360156043, "geo_addr": "", "coord_src": "fallback_local", "gcj_note": "tries_exhausted"}}, {"type": "Feature", "geometry": {"type": "Point", "coordinates": [114.87874180505881, 40.81940502033466]}, "properties": {"name": "万里茶道遗存点", "level": "省级", "era": "宋元至明清", "lon": 114.872612, "lat": 40.818071, "elev": 773, "city": "张家口市", "img": "", "wgs_lon": 114.872612, "wgs_lat": 40.818071, "gcj_lon": 114.87874180505881, "gcj_lat": 40.81940502033466, "geo_addr": "", "coord_src": "fallback_local", "gcj_note": "tries_exhausted"}}, {"type": "Feature", "geometry": {"type": "Point", "coordinates": [114.845832, 40.848491]}, "properties": {"name": "京张铁路——张家口段文物遗存", "level": "省级", "era": "宋元至明清", "lon": 114.839636, "lat": 40.847083, "elev": 892, "city": "张家口市", "img": "", "wgs_lon": 114.839636, "wgs_lat": 40.847083, "gcj_lon": 114.845832, "gcj_lat": 40.848491, "geo_addr": "河北省张家口市桥西区张家口段", "coord_src": "geocode", "gcj_note": "api_error:10021:CUQPS_HAS_EXCEEDED_THE_LIMIT"}}, {"type": "Feature", "geometry": {"type": "Point", "coordinates": [114.889328, 40.836523]}, "properties": {"name": "察哈尔都统署旧址", "level": "国家级", "era": "近代以来", "lon": 115.136116, "lat": 40.863615, "elev": 1213, "city": "张家口市", "img": "", "wgs_lon": 115.136116, "wgs_lat": 40.863615, "gcj_lon": 114.889328, "gcj_lat": 40.836523, "geo_addr": "河北省张家口市桥西区察哈尔都统署旧址", "coord_src": "geocode", "gcj_note": "api_error:10021:CUQPS_HAS_EXCEEDED_THE_LIMIT"}}, {"type": "Feature", "geometry": {"type": "Point", "coordinates": [114.74611, 40.86091]}, "properties": {"name": "万全右卫城", "level": "国家级", "era": "宋元至明清", "lon": 114.733004, "lat": 40.850004, "elev": 890, "city": "张家口市", "img": "", "wgs_lon": 114.733004, "wgs_lat": 40.850004, "gcj_lon": 114.74611, "gcj_lat": 40.86091, "geo_addr": "河北省张家口市万全区万全右卫城", "coord_src": "geocode"}}, {"type": "Feature", "geometry": {"type": "Point", "coordinates": [115.78416919464244, 41.00411407816409]}, "properties": {"name": "灵真观遗址", "level": "省级", "era": "宋元至明清", "lon": 115.777812, "lat": 41.002452, "elev": 953, "city": "张家口市", "img": "", "wgs_lon": 115.777812, "wgs_lat": 41.002452, "gcj_lon": 115.78416919464244, "gcj_lat": 41.00411407816409, "geo_addr": "", "coord_src": "fallback_local", "gcj_note": "tries_exhausted"}}, {"type": "Feature", "geometry": {"type": "Point", "coordinates": [115.394621, 40.720225]}, "properties": {"name": "小白阳墓群", "level": "省级", "era": "史前至先秦", "lon": 115.387957, "lat": 40.718607, "elev": 948, "city": "张家口市", "img": "", "wgs_lon": 115.387957, "wgs_lat": 40.718607, "gcj_lon": 115.394621, "gcj_lat": 40.720225, "geo_addr": "河北省张家口市宣化区小白阳村", "coord_src": "geocode"}}, {"type": "Feature", "geometry": {"type": "Point", "coordinates": [115.580296, 40.78528]}, "properties": {"name": "重光塔", "level": "省级", "era": "宋元至明清", "lon": 115.574107, "lat": 40.783961, "elev": 1067, "city": "张家口市", "img": "", "wgs_lon": 115.574171, "wgs_lat": 40.78417, "gcj_lon": 115.580296, "gcj_lat": 40.78528, "geo_addr": "河北省张家口市赤城县重光塔", "coord_src": "geocode"}}, {"type": "Feature", "geometry": {"type": "Point", "coordinates": [115.772117, 41.084744]}, "properties": {"name": "龙门崖摩崖石刻", "level": "省级", "era": "宋元至明清", "lon": 115.765731, "lat": 41.083005, "elev": 1052, "city": "张家口市", "img": "", "wgs_lon": 115.765731, "wgs_lat": 41.083005, "gcj_lon": 115.772117, "gcj_lat": 41.084744, "geo_addr": "河北省张家口市赤城县龙门崖", "coord_src": "geocode"}}, {"type": "Feature", "geometry": {"type": "Point", "coordinates": [115.384876, 41.09784]}, "properties": {"name": "西土城城址", "level": "省级", "era": "宋元至明清", "lon": 115.378171, "lat": 41.095922, "elev": 1442, "city": "张家口市", "img": "", "wgs_lon": 115.378171, "wgs_lat": 41.095922, "gcj_lon": 115.384876, "gcj_lat": 41.09784, "geo_addr": "河北省张家口市崇礼区西土城村", "coord_src": "geocode", "gcj_note": "api_error:10021:CUQPS_HAS_EXCEEDED_THE_LIMIT"}}, {"type": "Feature", "geometry": {"type": "Point", "coordinates": [115.754795, 40.90394]}, "properties": {"name": "温泉碑刻", "level": "省级", "era": "宋元至明清", "lon": 115.74842, "lat": 40.902349, "elev": 1019, "city": "张家口市", "img": "", "wgs_lon": 115.74842, "wgs_lat": 40.902349, "gcj_lon": 115.754795, "gcj_lat": 40.90394, "geo_addr": "河北省张家口市赤城县温泉", "coord_src": "geocode"}}, {"type": "Feature", "geometry": {"type": "Point", "coordinates": [115.340113, 40.830934]}, "properties": {"name": "小古城遗址", "level": "省级", "era": "史前至先秦", "lon": 115.333537, "lat": 40.829309, "elev": 1638, "city": "张家口市", "img": "", "wgs_lon": 115.333537, "wgs_lat": 40.829309, "gcj_lon": 115.340113, "gcj_lat": 40.830934, "geo_addr": "河北省张家口市崇礼区小古城", "coord_src": "geocode", "gcj_note": "api_error:10021:CUQPS_HAS_EXCEEDED_THE_LIMIT"}}, {"type": "Feature", "geometry": {"type": "Point", "coordinates": [115.437386, 40.947996]}, "properties": {"name": "太子城遗址", "level": "省级", "era": "宋元至明清", "lon": 115.440436, "lat": 40.91801, "elev": 1577, "city": "张家口市", "img": "", "wgs_lon": 115.373616, "wgs_lat": 40.917979, "gcj_lon": 115.437386, "gcj_lat": 40.947996, "geo_addr": "河北省张家口市崇礼区太子城村", "coord_src": "geocode", "gcj_note": "api_error:10021:CUQPS_HAS_EXCEEDED_THE_LIMIT"}}, {"type": "Feature", "geometry": {"type": "Point", "coordinates": [115.437386, 40.947996]}, "properties": {"name": "太子城遗址", "level": "国家级", "era": "史前至先秦", "lon": 115.373616, "lat": 40.917979, "elev": 1672, "city": "张家口市", "img": "", "wgs_lon": 115.373616, "wgs_lat": 40.917979, "gcj_lon": 115.437386, "gcj_lat": 40.947996, "geo_addr": "河北省张家口市崇礼区太子城村", "coord_src": "geocode", "gcj_note": "api_error:10021:CUQPS_HAS_EXCEEDED_THE_LIMIT"}}, {"type": "Feature", "geometry": {"type": "Point", "coordinates": [115.580296, 40.78528]}, "properties": {"name": "重光塔", "level": "国家级", "era": "宋元至明清", "lon": 115.574171, "lat": 40.78417, "elev": 1068, "city": "张家口市", "img": "", "wgs_lon": 115.574171, "wgs_lat": 40.78417, "gcj_lon": 115.580296, "gcj_lat": 40.78528, "geo_addr": "河北省张家口市赤城县重光塔", "coord_src": "geocode"}}, {"type": "Feature", "geometry": {"type": "Point", "coordinates": [115.83187, 40.910908]}, "properties": {"name": "汤泉行宫", "level": "省级", "era": "宋元至明清", "lon": 115.825646, "lat": 40.909399, "elev": 887, "city": "张家口市", "img": "", "wgs_lon": 115.825646, "wgs_lat": 40.909399, "gcj_lon": 115.83187, "gcj_lat": 40.910908, "geo_addr": "河北省张家口市赤城县汤泉", "coord_src": "geocode"}}, {"type": "Feature", "geometry": {"type": "Point", "coordinates": [115.826295, 40.903534]}, "properties": {"name": "西大崖遗址", "level": "省级", "era": "史前至先秦", "lon": 115.820055, "lat": 40.902021, "elev": 895, "city": "张家口市", "img": "", "wgs_lon": 115.820055, "wgs_lat": 40.902021, "gcj_lon": 115.826295, "gcj_lat": 40.903534, "geo_addr": "河北省张家口市赤城县西大村", "coord_src": "geocode", "gcj_note": "api_error:10021:CUQPS_HAS_EXCEEDED_THE_LIMIT"}}, {"type": "Feature", "geometry": {"type": "Point", "coordinates": [114.885895, 40.768931]}, "properties": {"name": "杨洪墓", "level": "省级", "era": "宋元至明清", "lon": 115.886541, "lat": 40.858945, "elev": 839, "city": "张家口市", "img": "", "wgs_lon": 115.886541, "wgs_lat": 40.858945, "gcj_lon": 114.885895, "gcj_lat": 40.768931, "geo_addr": "河北省张家口市", "coord_src": "geocode", "gcj_note": "api_error:30001:ENGINE_RESPONSE_DATA_ERROR"}}, {"type": "Feature", "geometry": {"type": "Point", "coordinates": [115.829753, 40.914428]}, "properties": {"name": "赤城鼓楼", "level": "省级", "era": "宋元至明清", "lon": 115.823522, "lat": 40.912912, "elev": 890, "city": "张家口市", "img": "", "wgs_lon": 115.823522, "wgs_lat": 40.912912, "gcj_lon": 115.829753, "gcj_lat": 40.914428, "geo_addr": "河北省张家口市赤城县鼓楼", "coord_src": "geocode", "gcj_note": "api_error:10021:CUQPS_HAS_EXCEEDED_THE_LIMIT"}}, {"type": "Feature", "geometry": {"type": "Point", "coordinates": [115.288372, 40.476367]}, "properties": {"name": "滴水崖石窟", "level": "省级", "era": "宋元至明清", "lon": 116.054063, "lat": 40.703839, "elev": 759, "city": "张家口市", "img": "", "wgs_lon": 116.054063, "wgs_lat": 40.703839, "gcj_lon": 115.288372, "gcj_lat": 40.476367, "geo_addr": "河北省张家口市下花园区下花园石窟", "coord_src": "geocode"}}, {"type": "Feature", "geometry": {"type": "Point", "coordinates": [115.83187, 40.910908]}, "properties": {"name": "汤泉遗址", "level": "省级", "era": "宋元至明清", "lon": 115.825646, "lat": 40.909399, "elev": 887, "city": "张家口市", "img": "", "wgs_lon": 115.825646, "wgs_lat": 40.909399, "gcj_lon": 115.83187, "gcj_lat": 40.910908, "geo_addr": "河北省张家口市赤城县汤泉", "coord_src": "geocode", "gcj_note": "api_error:10021:CUQPS_HAS_EXCEEDED_THE_LIMIT"}}, {"type": "Feature", "geometry": {"type": "Point", "coordinates": [114.885895, 40.768931]}, "properties": {"name": "瑞云寺塔(温泉塔)", "level": "省级", "era": "宋元至明清", "lon": 115.825029, "lat": 40.911836, "elev": 887, "city": "张家口市", "img": "", "wgs_lon": 115.825029, "wgs_lat": 40.911836, "gcj_lon": 114.885895, "gcj_lat": 40.768931, "geo_addr": "河北省张家口市", "coord_src": "geocode", "gcj_note": "api_error:30001:ENGINE_RESPONSE_DATA_ERROR"}}, {"type": "Feature", "geometry": {"type": "Point", "coordinates": [116.098676, 40.784399]}, "properties": {"name": "赤城县长伸地戏楼", "level": "省级", "era": "宋元至明清", "lon": 116.092235, "lat": 40.782713, "elev": 788, "city": "张家口市", "img": "", "wgs_lon": 116.092235, "wgs_lat": 40.782713, "gcj_lon": 116.098676, "gcj_lat": 40.784399, "geo_addr": "河北省张家口市赤城县长伸地戏楼", "coord_src": "geocode", "gcj_note": "api_error:10021:CUQPS_HAS_EXCEEDED_THE_LIMIT"}}, {"type": "Feature", "geometry": {"type": "Point", "coordinates": [116.468734, 40.94036]}, "properties": {"name": "冰川擦痕", "level": "省级", "era": "史前至先秦", "lon": 116.46246, "lat": 40.938616, "elev": 1250, "city": "北京城区", "img": "", "wgs_lon": 116.46246, "wgs_lat": 40.938616, "gcj_lon": 116.468734, "gcj_lat": 40.94036, "geo_addr": "北京市怀柔区冰川", "coord_src": "geocode"}}, {"type": "Feature", "geometry": {"type": "Point", "coordinates": [116.891292, 40.739645]}, "properties": {"name": "番字石刻", "level": "省级", "era": "宋元至明清", "lon": 116.885262, "lat": 40.738337, "elev": 437, "city": "北京城区", "img": "", "wgs_lon": 116.885262, "wgs_lat": 40.738337, "gcj_lon": 116.891292, "gcj_lat": 40.739645, "geo_addr": "北京市密云区番字石刻", "coord_src": "geocode"}}, {"type": "Feature", "geometry": {"type": "Point", "coordinates": [116.391939, 40.757803]}, "properties": {"name": "花盆戏楼及关帝庙", "level": "省级", "era": "宋元至明清", "lon": 116.385591, "lat": 40.756135, "elev": 516, "city": "北京城区", "img": "", "wgs_lon": 116.385591, "wgs_lat": 40.756135, "gcj_lon": 116.391939, "gcj_lat": 40.757803, "geo_addr": "北京市延庆区花盆村", "coord_src": "geocode"}}, {"type": "Feature", "geometry": {"type": "Point", "coordinates": [117.244256, 40.814437]}, "properties": {"name": "钓鱼台遗址", "level": "省级", "era": "史前至先秦", "lon": 117.237764, "lat": 40.812882, "elev": 340, "city": "承德市", "img": "", "wgs_lon": 117.237764, "wgs_lat": 40.812882, "gcj_lon": 117.244256, "gcj_lat": 40.814437, "geo_addr": "河北省承德市滦平县钓鱼台", "coord_src": "geocode"}}, {"type": "Feature", "geometry": {"type": "Point", "coordinates": [117.381319, 40.995229]}, "properties": {"name": "小城子西山墓群", "level": "省级", "era": "秦汉至隋唐", "lon": 117.374528, "lat": 40.993353, "elev": 467, "city": "承德市", "img": "", "wgs_lon": 117.374528, "wgs_lat": 40.993353, "gcj_lon": 117.381319, "gcj_lat": 40.995229, "geo_addr": "河北省承德市滦平县小城子村", "coord_src": "geocode", "gcj_note": "api_error:10021:CUQPS_HAS_EXCEEDED_THE_LIMIT"}}, {"type": "Feature", "geometry": {"type": "Point", "coordinates": [117.20167, 41.230572]}, "properties": {"name": "凤山戏楼", "level": "省级", "era": "宋元至明清", "lon": 117.195079, "lat": 41.228628, "elev": 615, "city": "承德市", "img": "", "wgs_lon": 117.195079, "wgs_lat": 41.228628, "gcj_lon": 117.20167, "gcj_lat": 41.230572, "geo_addr": "河北省承德市丰宁满族自治县凤山戏楼", "coord_src": "geocode"}}, {"type": "Feature", "geometry": {"type": "Point", "coordinates": [117.202029, 41.230294]}, "properties": {"name": "丰宁关帝庙", "level": "省级", "era": "宋元至明清", "lon": 117.195439, "lat": 41.22835, "elev": 615, "city": "承德市", "img": "", "wgs_lon": 117.195439, "wgs_lat": 41.22835, "gcj_lon": 117.202029, "gcj_lat": 41.230294, "geo_addr": "河北省承德市丰宁满族自治县关帝庙", "coord_src": "geocode", "gcj_note": "api_error:10021:CUQPS_HAS_EXCEEDED_THE_LIMIT"}}, {"type": "Feature", "geometry": {"type": "Point", "coordinates": [117.332652, 40.941644]}, "properties": {"name": "滦平铁路隧道遗址", "level": "省级", "era": "近代以来", "lon": 117.325989, "lat": 40.939894, "elev": 534, "city": "承德市", "img": "", "wgs_lon": 117.325989, "wgs_lat": 40.939894, "gcj_lon": 117.332652, "gcj_lat": 40.941644, "geo_addr": "河北省承德市滦平县", "coord_src": "geocode"}}, {"type": "Feature", "geometry": {"type": "Point", "coordinates": [117.202029, 41.230294]}, "properties": {"name": "凤山关帝庙", "level": "国家级", "era": "宋元至明清", "lon": 117.195283, "lat": 41.22806, "elev": 615, "city": "承德市", "img": "", "wgs_lon": 117.195283, "wgs_lat": 41.22806, "gcj_lon": 117.202029, "gcj_lat": 41.230294, "geo_addr": "河北省承德市丰宁满族自治县凤山镇关帝庙", "coord_src": "geocode", "gcj_note": "api_error:10021:CUQPS_HAS_EXCEEDED_THE_LIMIT"}}, {"type": "Feature", "geometry": {"type": "Point", "coordinates": [118.060865, 40.813544]}, "properties": {"name": "白河南遗址", "level": "省级", "era": "史前至先秦", "lon": 118.054279, "lat": 40.81183, "elev": 283, "city": "承德市", "img": "", "wgs_lon": 118.054279, "wgs_lat": 40.81183, "gcj_lon": 118.060865, "gcj_lat": 40.813544, "geo_addr": "河北省承德市双桥区白河南村", "coord_src": "geocode"}}, {"type": "Feature", "geometry": {"type": "Point", "coordinates": [117.962749, 40.952942]}, "properties": {"name": "避暑山庄", "level": "省级", "era": "宋元至明清", "lon": 117.928529, "lat": 40.993898, "elev": 391, "city": "承德市", "img": "", "wgs_lon": 117.935226, "wgs_lat": 40.98017, "gcj_lon": 117.962749, "gcj_lat": 40.952942, "geo_addr": "河北省承德市", "coord_src": "geocode", "gcj_note": "api_error:10021:CUQPS_HAS_EXCEEDED_THE_LIMIT"}}, {"type": "Feature", "geometry": {"type": "Point", "coordinates": [117.957331, 40.991663]}, "properties": {"name": "溥仁寺", "level": "省级", "era": "宋元至明清", "lon": 117.951029, "lat": 40.990078, "elev": 338, "city": "承德市", "img": "", "wgs_lon": 117.951004, "wgs_lat": 40.990225, "gcj_lon": 117.957331, "gcj_lat": 40.991663, "geo_addr": "河北省承德市双桥区溥仁寺(南门)", "coord_src": "geocode"}}, {"type": "Feature", "geometry": {"type": "Point", "coordinates": [117.95273, 41.015817]}, "properties": {"name": "普宁寺", "level": "省级", "era": "宋元至明清", "lon": 117.946434, "lat": 41.014221, "elev": 348, "city": "承德市", "img": "", "wgs_lon": 117.946754, "wgs_lat": 41.013475, "gcj_lon": 117.95273, "gcj_lat": 41.015817, "geo_addr": "河北省承德市双桥区普宁寺", "coord_src": "geocode", "gcj_note": "api_error:10021:CUQPS_HAS_EXCEEDED_THE_LIMIT"}}, {"type": "Feature", "geometry": {"type": "Point", "coordinates": [117.958278, 41.004105]}, "properties": {"name": "安远庙", "level": "省级", "era": "宋元至明清", "lon": 117.951972, "lat": 41.002507, "elev": 377, "city": "承德市", "img": "", "wgs_lon": 117.951032, "wgs_lat": 41.002114, "gcj_lon": 117.958278, "gcj_lat": 41.004105, "geo_addr": "河北省承德市双桥区安远庙", "coord_src": "geocode", "gcj_note": "api_error:10021:CUQPS_HAS_EXCEEDED_THE_LIMIT"}}, {"type": "Feature", "geometry": {"type": "Point", "coordinates": [117.953997, 41.01596]}, "properties": {"name": "普佑寺", "level": "省级", "era": "宋元至明清", "lon": 117.947699, "lat": 41.014361, "elev": 348, "city": "承德市", "img": "", "wgs_lon": 117.947782, "wgs_lat": 41.01417, "gcj_lon": 117.953997, "gcj_lat": 41.01596, "geo_addr": "河北省承德市双桥区普佑寺", "coord_src": "geocode"}}, {"type": "Feature", "geometry": {"type": "Point", "coordinates": [117.961421, 40.99763]}, "properties": {"name": "普乐寺", "level": "省级", "era": "宋元至明清", "lon": 117.955108, "lat": 40.996031, "elev": 389, "city": "承德市", "img": "", "wgs_lon": 117.954114, "wgs_lat": 40.995836, "gcj_lon": 117.961421, "gcj_lat": 40.99763, "geo_addr": "河北省承德市双桥区普乐寺", "coord_src": "geocode"}}, {"type": "Feature", "geometry": {"type": "Point", "coordinates": [117.934105, 41.013051]}, "properties": {"name": "普陀宗乘之庙", "level": "省级", "era": "宋元至明清", "lon": 117.927838, "lat": 41.011486, "elev": 387, "city": "承德市", "img": "", "wgs_lon": 117.927976, "wgs_lat": 41.008086, "gcj_lon": 117.934105, "gcj_lat": 41.013051, "geo_addr": "河北省承德市双桥区普陀宗乘之庙", "coord_src": "geocode", "gcj_note": "api_error:10021:CUQPS_HAS_EXCEEDED_THE_LIMIT"}}, {"type": "Feature", "geometry": {"type": "Point", "coordinates": [117.92756, 41.023072]}, "properties": {"name": "殊像寺", "level": "省级", "era": "宋元至明清", "lon": 117.919094, "lat": 41.012375, "elev": 382, "city": "承德市", "img": "", "wgs_lon": 117.918893, "wgs_lat": 41.011531, "gcj_lon": 117.92756, "gcj_lat": 41.023072, "geo_addr": "河北省承德市双桥区殊像寺村", "coord_src": "geocode"}}, {"type": "Feature", "geometry": {"type": "Point", "coordinates": [117.942153, 41.010413]}, "properties": {"name": "须弥福寿之庙", "level": "省级", "era": "宋元至明清", "lon": 117.935876, "lat": 41.008839, "elev": 372, "city": "承德市", "img": "", "wgs_lon": 117.935893, "wgs_lat": 41.007364, "gcj_lon": 117.942153, "gcj_lat": 41.010413, "geo_addr": "河北省承德市双桥区须弥福寿之庙", "coord_src": "geocode"}}, {"type": "Feature", "geometry": {"type": "Point", "coordinates": [117.511808, 40.971637]}, "properties": {"name": "东坡遗址", "level": "省级", "era": "史前至先秦", "lon": 117.505239, "lat": 40.969963, "elev": 465, "city": "承德市", "img": "", "wgs_lon": 117.505239, "wgs_lat": 40.969963, "gcj_lon": 117.511808, "gcj_lat": 40.971637, "geo_addr": "河北省承德市滦平县东坡", "coord_src": "geocode", "gcj_note": "api_error:10021:CUQPS_HAS_EXCEEDED_THE_LIMIT"}}, {"type": "Feature", "geometry": {"type": "Point", "coordinates": [117.932585, 40.840942]}, "properties": {"name": "东沟壁画墓", "level": "省级", "era": "宋元至明清", "lon": 117.926342, "lat": 40.839523, "elev": 445, "city": "承德市", "img": "", "wgs_lon": 117.926342, "wgs_lat": 40.839523, "gcj_lon": 117.932585, "gcj_lat": 40.840942, "geo_addr": "河北省承德市双桥区东沟", "coord_src": "geocode"}}, {"type": "Feature", "geometry": {"type": "Point", "coordinates": [117.933807, 41.013967]}, "properties": {"name": "中张千佛阁", "level": "省级", "era": "宋元至明清", "lon": 117.92754, "lat": 41.012402, "elev": 407, "city": "承德市", "img": "", "wgs_lon": 117.92754, "wgs_lat": 41.012402, "gcj_lon": 117.933807, "gcj_lat": 41.013967, "geo_addr": "河北省承德市双桥区千佛阁", "coord_src": "geocode", "gcj_note": "api_error:10021:CUQPS_HAS_EXCEEDED_THE_LIMIT"}}, {"type": "Feature", "geometry": {"type": "Point", "coordinates": [117.95273, 41.015817]}, "properties": {"name": "台吉营普宁寺", "level": "省级", "era": "宋元至明清", "lon": 117.946434, "lat": 41.014221, "elev": 348, "city": "承德市", "img": "", "wgs_lon": 117.946434, "wgs_lat": 41.014221, "gcj_lon": 117.95273, "gcj_lat": 41.015817, "geo_addr": "河北省承德市双桥区普宁寺", "coord_src": "geocode"}}, {"type": "Feature", "geometry": {"type": "Point", "coordinates": [117.925382, 40.986942]}, "properties": {"name": "承德城隍庙", "level": "省级", "era": "宋元至明清", "lon": 117.919471, "lat": 40.984539, "elev": 352, "city": "承德市", "img": "", "wgs_lon": 117.918698, "wgs_lat": 40.985086, "gcj_lon": 117.925382, "gcj_lat": 40.986942, "geo_addr": "河北省承德市双桥区承德城隍庙", "coord_src": "geocode", "gcj_note": "api_error:10021:CUQPS_HAS_EXCEEDED_THE_LIMIT"}}, {"type": "Feature", "geometry": {"type": "Point", "coordinates": [117.962749, 40.952942]}, "properties": {"name": "超仙院", "level": "省级", "era": "宋元至明清", "lon": 117.951748, "lat": 41.251394, "elev": 549, "city": "承德市", "img": "", "wgs_lon": 117.951748, "wgs_lat": 41.251394, "gcj_lon": 117.962749, "gcj_lat": 40.952942, "geo_addr": "河北省承德市", "coord_src": "geocode", "gcj_note": "api_error:30001:ENGINE_RESPONSE_DATA_ERROR"}}, {"type": "Feature", "geometry": {"type": "Point", "coordinates": [118.04075, 40.864065]}, "properties": {"name": "热河都统署旧址", "level": "省级", "era": "宋元至明清", "lon": 117.936125, "lat": 40.976942, "elev": 339, "city": "承德市", "img": "", "wgs_lon": 117.936125, "wgs_lat": 40.976942, "gcj_lon": 118.04075, "gcj_lat": 40.864065, "geo_addr": "河北省承德市双桥区热河", "coord_src": "geocode", "gcj_note": "api_error:10021:CUQPS_HAS_EXCEEDED_THE_LIMIT"}}, {"type": "Feature", "geometry": {"type": "Point", "coordinates": [117.943121, 40.974679]}, "properties": {"name": "双桥遗址", "level": "省级", "era": "史前至先秦", "lon": 117.936848, "lat": 40.973134, "elev": 332, "city": "承德市", "img": "", "wgs_lon": 117.936848, "wgs_lat": 40.973134, "gcj_lon": 117.943121, "gcj_lat": 40.974679, "geo_addr": "河北省承德市双桥区", "coord_src": "geocode"}}, {"type": "Feature", "geometry": {"type": "Point", "coordinates": [117.580358, 40.99029]}, "properties": {"name": "炮台山遗址", "level": "省级", "era": "史前至先秦", "lon": 117.573991, "lat": 40.988755, "elev": 527, "city": "承德市", "img": "", "wgs_lon": 117.573991, "wgs_lat": 40.988755, "gcj_lon": 117.580358, "gcj_lat": 40.99029, "geo_addr": "河北省承德市滦平县炮台山", "coord_src": "geocode", "gcj_note": "api_error:10021:CUQPS_HAS_EXCEEDED_THE_LIMIT"}}, {"type": "Feature", "geometry": {"type": "Point", "coordinates": [117.938576, 40.976227]}, "properties": {"name": "通济桥", "level": "省级", "era": "宋元至明清", "lon": 117.932309, "lat": 40.974688, "elev": 338, "city": "承德市", "img": "", "wgs_lon": 117.932309, "wgs_lat": 40.974688, "gcj_lon": 117.938576, "gcj_lat": 40.976227, "geo_addr": "河北省承德市双桥区通济桥(公交站)", "coord_src": "geocode", "gcj_note": "api_error:10021:CUQPS_HAS_EXCEEDED_THE_LIMIT"}}, {"type": "Feature", "geometry": {"type": "Point", "coordinates": [117.962749, 40.952942]}, "properties": {"name": "穹览寺", "level": "省级", "era": "宋元至明清", "lon": 117.754082, "lat": 40.943476, "elev": 365, "city": "承德市", "img": "", "wgs_lon": 117.754082, "wgs_lat": 40.943476, "gcj_lon": 117.962749, "gcj_lat": 40.952942, "geo_addr": "河北省承德市", "coord_src": "geocode", "gcj_note": "api_error:30001:ENGINE_RESPONSE_DATA_ERROR"}}, {"type": "Feature", "geometry": {"type": "Point", "coordinates": [117.853904, 40.819677]}, "properties": {"name": "双庙遗址", "level": "省级", "era": "史前至先秦", "lon": 117.847573, "lat": 40.818236, "elev": 633, "city": "承德市", "img": "", "wgs_lon": 117.847573, "wgs_lat": 40.818236, "gcj_lon": 117.853904, "gcj_lat": 40.819677, "geo_addr": "河北省承德市双滦区双庙", "coord_src": "geocode", "gcj_note": "api_error:10021:CUQPS_HAS_EXCEEDED_THE_LIMIT"}}, {"type": "Feature", "geometry": {"type": "Point", "coordinates": [117.967994, 41.00337]}, "properties": {"name": "五窑沟古窑遗址", "level": "省级", "era": "宋元至明清", "lon": 117.961664, "lat": 41.001751, "elev": 373, "city": "承德市", "img": "", "wgs_lon": 117.961664, "wgs_lat": 41.001751, "gcj_lon": 117.967994, "gcj_lat": 41.00337, "geo_addr": "河北省承德市双桥区五窑沟", "coord_src": "geocode"}}, {"type": "Feature", "geometry": {"type": "Point", "coordinates": [117.962749, 40.952942]}, "properties": {"name": "琳霄观", "level": "省级", "era": "宋元至明清", "lon": 117.739846, "lat": 40.94449, "elev": 375, "city": "承德市", "img": "", "wgs_lon": 117.739846, "wgs_lat": 40.94449, "gcj_lon": 117.962749, "gcj_lat": 40.952942, "geo_addr": "河北省承德市", "coord_src": "geocode", "gcj_note": "api_error:10021:CUQPS_HAS_EXCEEDED_THE_LIMIT"}}, {"type": "Feature", "geometry": {"type": "Point", "coordinates": [117.953813, 40.980908]}, "properties": {"name": "磐锤峰摩崖造像", "level": "省级", "era": "宋元至明清", "lon": 117.94752, "lat": 40.979339, "elev": 336, "city": "承德市", "img": "", "wgs_lon": 117.94752, "wgs_lat": 40.979339, "gcj_lon": 117.953813, "gcj_lat": 40.980908, "geo_addr": "河北省承德市双桥区锤峰", "coord_src": "geocode"}}, {"type": "Feature", "geometry": {"type": "Point", "coordinates": [117.936121, 40.961093]}, "properties": {"name": "苏联红军烈士纪念碑", "level": "省级", "era": "近代以来", "lon": 117.929859, "lat": 40.95957, "elev": 357, "city": "承德市", "img": "", "wgs_lon": 117.929859, "wgs_lat": 40.95957, "gcj_lon": 117.936121, "gcj_lat": 40.961093, "geo_addr": "河北省承德市双桥区苏联红军烈士纪念碑", "coord_src": "geocode", "gcj_note": "api_error:10021:CUQPS_HAS_EXCEEDED_THE_LIMIT"}}, {"type": "Feature", "geometry": {"type": "Point", "coordinates": [117.970801, 41.020511]}, "properties": {"name": "二道河子“人圈”遗址", "level": "省级", "era": "近代以来", "lon": 117.964461, "lat": 41.01887, "elev": 342, "city": "承德市", "img": "", "wgs_lon": 117.964461, "wgs_lat": 41.01887, "gcj_lon": 117.970801, "gcj_lat": 41.020511, "geo_addr": "河北省承德市双桥区二道河子", "coord_src": "geocode"}}, {"type": "Feature", "geometry": {"type": "Point", "coordinates": [117.887303, 40.986372]}, "properties": {"name": "四道沟“人圈”遗址", "level": "省级", "era": "近代以来", "lon": 117.881025, "lat": 40.984836, "elev": 413, "city": "承德市", "img": "", "wgs_lon": 117.881025, "wgs_lat": 40.984836, "gcj_lon": 117.887303, "gcj_lat": 40.986372, "geo_addr": "河北省承德市双桥区四道沟", "coord_src": "geocode", "gcj_note": "api_error:10021:CUQPS_HAS_EXCEEDED_THE_LIMIT"}}, {"type": "Feature", "geometry": {"type": "Point", "coordinates": [117.910416, 41.002192]}, "properties": {"name": "水泉沟“万人坑”遗址", "level": "省级", "era": "近代以来", "lon": 117.904158, "lat": 41.000652, "elev": 422, "city": "承德市", "img": "", "wgs_lon": 117.904158, "wgs_lat": 41.000652, "gcj_lon": 117.910416, "gcj_lat": 41.002192, "geo_addr": "河北省承德市双桥区水泉沟万人坑遗址", "coord_src": "geocode"}}, {"type": "Feature", "geometry": {"type": "Point", "coordinates": [117.953997, 41.01596]}, "properties": {"name": "普佑寺", "level": "国家级", "era": "宋元至明清", "lon": 117.947782, "lat": 41.01417, "elev": 347, "city": "承德市", "img": "", "wgs_lon": 117.947782, "wgs_lat": 41.01417, "gcj_lon": 117.953997, "gcj_lat": 41.01596, "geo_addr": "河北省承德市双桥区普佑寺", "coord_src": "geocode"}}, {"type": "Feature", "geometry": {"type": "Point", "coordinates": [117.925382, 40.986942]}, "properties": {"name": "承德城隍庙", "level": "国家级", "era": "宋元至明清", "lon": 117.918698, "lat": 40.985086, "elev": 353, "city": "承德市", "img": "", "wgs_lon": 117.918698, "wgs_lat": 40.985086, "gcj_lon": 117.925382, "gcj_lat": 40.986942, "geo_addr": "河北省承德市双桥区承德城隍庙", "coord_src": "geocode", "gcj_note": "api_error:10021:CUQPS_HAS_EXCEEDED_THE_LIMIT"}}, {"type": "Feature", "geometry": {"type": "Point", "coordinates": [117.957331, 40.991663]}, "properties": {"name": "溥仁寺", "level": "国家级", "era": "宋元至明清", "lon": 117.951004, "lat": 40.990225, "elev": 338, "city": "承德市", "img": "", "wgs_lon": 117.951004, "wgs_lat": 40.990225, "gcj_lon": 117.957331, "gcj_lat": 40.991663, "geo_addr": "河北省承德市双桥区溥仁寺(南门)", "coord_src": "geocode"}}, {"type": "Feature", "geometry": {"type": "Point", "coordinates": [117.958278, 41.004105]}, "properties": {"name": "安远庙", "level": "国家级", "era": "宋元至明清", "lon": 117.951032, "lat": 41.002114, "elev": 375, "city": "承德市", "img": "", "wgs_lon": 117.951032, "wgs_lat": 41.002114, "gcj_lon": 117.958278, "gcj_lat": 41.004105, "geo_addr": "河北省承德市双桥区安远庙", "coord_src": "geocode", "gcj_note": "api_error:10021:CUQPS_HAS_EXCEEDED_THE_LIMIT"}}, {"type": "Feature", "geometry": {"type": "Point", "coordinates": [117.92756, 41.023072]}, "properties": {"name": "殊像寺", "level": "国家级", "era": "宋元至明清", "lon": 117.918893, "lat": 41.011531, "elev": 377, "city": "承德市", "img": "", "wgs_lon": 117.918893, "wgs_lat": 41.011531, "gcj_lon": 117.92756, "gcj_lat": 41.023072, "geo_addr": "河北省承德市双桥区殊像寺村", "coord_src": "geocode"}}, {"type": "Feature", "geometry": {"type": "Point", "coordinates": [117.962749, 40.952942]}, "properties": {"name": "避暑山庄", "level": "国家级", "era": "宋元至明清", "lon": 117.935226, "lat": 40.98017, "elev": 339, "city": "承德市", "img": "", "wgs_lon": 117.935226, "wgs_lat": 40.98017, "gcj_lon": 117.962749, "gcj_lat": 40.952942, "geo_addr": "河北省承德市", "coord_src": "geocode", "gcj_note": "api_error:10021:CUQPS_HAS_EXCEEDED_THE_LIMIT"}}, {"type": "Feature", "geometry": {"type": "Point", "coordinates": [117.942153, 41.010413]}, "properties": {"name": "须弥福寿之庙", "level": "国家级", "era": "宋元至明清", "lon": 117.935893, "lat": 41.007364, "elev": 353, "city": "承德市", "img": "", "wgs_lon": 117.935893, "wgs_lat": 41.007364, "gcj_lon": 117.942153, "gcj_lat": 41.010413, "geo_addr": "河北省承德市双桥区须弥福寿之庙", "coord_src": "geocode"}}, {"type": "Feature", "geometry": {"type": "Point", "coordinates": [117.934105, 41.013051]}, "properties": {"name": "普陀宗乘之庙", "level": "国家级", "era": "宋元至明清", "lon": 117.927976, "lat": 41.008086, "elev": 356, "city": "承德市", "img": "", "wgs_lon": 117.927976, "wgs_lat": 41.008086, "gcj_lon": 117.934105, "gcj_lat": 41.013051, "geo_addr": "河北省承德市双桥区普陀宗乘之庙", "coord_src": "geocode", "gcj_note": "api_error:10021:CUQPS_HAS_EXCEEDED_THE_LIMIT"}}, {"type": "Feature", "geometry": {"type": "Point", "coordinates": [117.961421, 40.99763]}, "properties": {"name": "普乐寺", "level": "国家级", "era": "宋元至明清", "lon": 117.954114, "lat": 40.995836, "elev": 380, "city": "承德市", "img": "", "wgs_lon": 117.954114, "wgs_lat": 40.995836, "gcj_lon": 117.961421, "gcj_lat": 40.99763, "geo_addr": "河北省承德市双桥区普乐寺", "coord_src": "geocode"}}, {"type": "Feature", "geometry": {"type": "Point", "coordinates": [117.95273, 41.015817]}, "properties": {"name": "普宁寺", "level": "国家级", "era": "宋元至明清", "lon": 117.946754, "lat": 41.013475, "elev": 350, "city": "承德市", "img": "", "wgs_lon": 117.946754, "wgs_lat": 41.013475, "gcj_lon": 117.95273, "gcj_lat": 41.015817, "geo_addr": "河北省承德市双桥区普宁寺", "coord_src": "geocode", "gcj_note": "api_error:10021:CUQPS_HAS_EXCEEDED_THE_LIMIT"}}, {"type": "Feature", "geometry": {"type": "Point", "coordinates": [118.638201, 40.921886]}, "properties": {"name": "会州城", "level": "省级", "era": "宋元至明清", "lon": 118.632202, "lat": 40.920373, "elev": 472, "city": "承德市", "img": "", "wgs_lon": 118.61917, "wgs_lat": 40.917502, "gcj_lon": 118.638201, "gcj_lat": 40.921886, "geo_addr": "河北省承德市平泉市会州城村", "coord_src": "geocode", "gcj_note": "api_error:10021:CUQPS_HAS_EXCEEDED_THE_LIMIT"}}, {"type": "Feature", "geometry": {"type": "Point", "coordinates": [118.143472, 40.925617]}, "properties": {"name": "北梁遗址", "level": "省级", "era": "史前至先秦", "lon": 118.136899, "lat": 40.923797, "elev": 595, "city": "承德市", "img": "", "wgs_lon": 118.136899, "wgs_lat": 40.923797, "gcj_lon": 118.143472, "gcj_lat": 40.925617, "geo_addr": "河北省承德市承德县北梁", "coord_src": "geocode", "gcj_note": "api_error:10021:CUQPS_HAS_EXCEEDED_THE_LIMIT"}}, {"type": "Feature", "geometry": {"type": "Point", "coordinates": [118.502827, 41.118838]}, "properties": {"name": "小西天三壮士墓", "level": "省级", "era": "近代以来", "lon": 118.49656, "lat": 41.116991, "elev": 968, "city": "承德市", "img": "", "wgs_lon": 118.49656, "wgs_lat": 41.116991, "gcj_lon": 118.502827, "gcj_lat": 41.118838, "geo_addr": "河北省承德市平泉市小西天", "coord_src": "geocode"}}, {"type": "Feature", "geometry": {"type": "Point", "coordinates": [118.226286, 40.877607]}, "properties": {"name": "白河口遗址", "level": "省级", "era": "史前至先秦", "lon": 118.219944, "lat": 40.875963, "elev": 419, "city": "承德市", "img": "", "wgs_lon": 118.219944, "wgs_lat": 40.875963, "gcj_lon": 118.226286, "gcj_lat": 40.877607, "geo_addr": "河北省承德市承德县白河", "coord_src": "geocode"}}, {"type": "Feature", "geometry": {"type": "Point", "coordinates": [117.962749, 40.952942]}, "properties": {"name": "化子洞遗址", "level": "省级", "era": "史前至先秦", "lon": 118.589956, "lat": 40.754957, "elev": 407, "city": "承德市", "img": "", "wgs_lon": 118.628335, "wgs_lat": 40.779446, "gcj_lon": 117.962749, "gcj_lat": 40.952942, "geo_addr": "河北省承德市", "coord_src": "geocode", "gcj_note": "api_error:30001:ENGINE_RESPONSE_DATA_ERROR"}}, {"type": "Feature", "geometry": {"type": "Point", "coordinates": [118.143472, 40.925617]}, "properties": {"name": "新营子村北梁遗址", "level": "省级", "era": "史前至先秦", "lon": 118.136899, "lat": 40.923797, "elev": 595, "city": "承德市", "img": "", "wgs_lon": 118.136899, "wgs_lat": 40.923797, "gcj_lon": 118.143472, "gcj_lat": 40.925617, "geo_addr": "河北省承德市承德县北梁", "coord_src": "geocode"}}, {"type": "Feature", "geometry": {"type": "Point", "coordinates": [118.529772, 40.797125]}, "properties": {"name": "竹林寺遗址", "level": "省级", "era": "宋元至明清", "lon": 118.523658, "lat": 40.795625, "elev": 518, "city": "承德市", "img": "", "wgs_lon": 118.523658, "wgs_lat": 40.795625, "gcj_lon": 118.529772, "gcj_lat": 40.797125, "geo_addr": "河北省承德市承德县竹林寺", "coord_src": "geocode", "gcj_note": "api_error:10021:CUQPS_HAS_EXCEEDED_THE_LIMIT"}}, {"type": "Feature", "geometry": {"type": "Point", "coordinates": [117.962749, 40.952942]}, "properties": {"name": "化子洞遗址", "level": "国家级", "era": "史前至先秦", "lon": 118.628335, "lat": 40.779446, "elev": 418, "city": "承德市", "img": "", "wgs_lon": 118.628335, "wgs_lat": 40.779446, "gcj_lon": 117.962749, "gcj_lat": 40.952942, "geo_addr": "河北省承德市", "coord_src": "geocode", "gcj_note": "api_error:30001:ENGINE_RESPONSE_DATA_ERROR"}}, {"type": "Feature", "geometry": {"type": "Point", "coordinates": [118.638201, 40.921886]}, "properties": {"name": "会州城", "level": "国家级", "era": "宋元至明清", "lon": 118.61917, "lat": 40.917502, "elev": 499, "city": "承德市", "img": "", "wgs_lon": 118.61917, "wgs_lat": 40.917502, "gcj_lon": 118.638201, "gcj_lat": 40.921886, "geo_addr": "河北省承德市平泉市会州城村", "coord_src": "geocode", "gcj_note": "api_error:10021:CUQPS_HAS_EXCEEDED_THE_LIMIT"}}, {"type": "Feature", "geometry": {"type": "Point", "coordinates": [117.962749, 40.952942]}, "properties": {"name": "石羊石虎墓群", "level": "省级", "era": "宋元至明清", "lon": 118.646356, "lat": 41.232422, "elev": 734, "city": "承德市", "img": "", "wgs_lon": 118.581945, "wgs_lat": 41.276668, "gcj_lon": 117.962749, "gcj_lat": 40.952942, "geo_addr": "河北省承德市", "coord_src": "geocode", "gcj_note": "api_error:10021:CUQPS_HAS_EXCEEDED_THE_LIMIT"}}, {"type": "Feature", "geometry": {"type": "Point", "coordinates": [118.702032, 41.018482]}, "properties": {"name": "平泉清真寺", "level": "省级", "era": "宋元至明清", "lon": 118.695875, "lat": 41.016775, "elev": 512, "city": "承德市", "img": "", "wgs_lon": 118.695875, "wgs_lat": 41.016775, "gcj_lon": 118.702032, "gcj_lat": 41.018482, "geo_addr": "河北省承德市平泉市", "coord_src": "geocode", "gcj_note": "api_error:10021:CUQPS_HAS_EXCEEDED_THE_LIMIT"}}, {"type": "Feature", "geometry": {"type": "Point", "coordinates": [118.909616, 41.060053]}, "properties": {"name": "鸽子洞元代窖藏遗址", "level": "省级", "era": "宋元至明清", "lon": 118.90361, "lat": 41.05844, "elev": 749, "city": "承德市", "img": "", "wgs_lon": 118.90361, "wgs_lat": 41.05844, "gcj_lon": 118.909616, "gcj_lat": 41.060053, "geo_addr": "河北省承德市平泉市鸽子洞", "coord_src": "geocode"}}, {"type": "Feature", "geometry": {"type": "Point", "coordinates": [118.643637, 40.889685]}, "properties": {"name": "佟杖子遗址", "level": "省级", "era": "史前至先秦", "lon": 118.637633, "lat": 40.888192, "elev": 464, "city": "承德市", "img": "", "wgs_lon": 118.637633, "wgs_lat": 40.888192, "gcj_lon": 118.643637, "gcj_lat": 40.889685, "geo_addr": "河北省承德市平泉市佟杖子村", "coord_src": "geocode", "gcj_note": "api_error:10021:CUQPS_HAS_EXCEEDED_THE_LIMIT"}}, {"type": "Feature", "geometry": {"type": "Point", "coordinates": [118.856887, 40.950905]}, "properties": {"name": "铅南沟遗址", "level": "省级", "era": "宋元至明清", "lon": 118.850838, "lat": 40.949337, "elev": 552, "city": "承德市", "img": "", "wgs_lon": 118.850838, "wgs_lat": 40.949337, "gcj_lon": 118.856887, "gcj_lat": 40.950905, "geo_addr": "河北省承德市平泉市铅南沟村", "coord_src": "geocode"}}, {"type": "Feature", "geometry": {"type": "Point", "coordinates": [118.671803, 41.14686]}, "properties": {"name": "瀑河遗址", "level": "省级", "era": "史前至先秦", "lon": 118.665702, "lat": 41.145102, "elev": 691, "city": "承德市", "img": "", "wgs_lon": 118.665702, "wgs_lat": 41.145102, "gcj_lon": 118.671803, "gcj_lat": 41.14686, "geo_addr": "河北省承德市平泉市瀑河", "coord_src": "geocode"}}, {"type": "Feature", "geometry": {"type": "Point", "coordinates": [117.619851, 41.839397]}, "properties": {"name": "顶子城遗址", "level": "国家级", "era": "史前至先秦", "lon": 118.850836, "lat": 41.201669, "elev": 813, "city": "承德市", "img": "", "wgs_lon": 117.61338, "wgs_lat": 41.837456, "gcj_lon": 117.619851, "gcj_lat": 41.839397, "geo_addr": "河北省承德市围场满族蒙古族自治县东光顶子", "coord_src": "geocode"}}, {"type": "Feature", "geometry": {"type": "Point", "coordinates": [114.024436, 41.32291]}, "properties": {"name": "贲贲淖遗址", "level": "省级", "era": "史前至先秦", "lon": 114.017595, "lat": 41.320978, "elev": 1355, "city": "张家口市", "img": "", "wgs_lon": 114.017595, "wgs_lat": 41.320978, "gcj_lon": 114.024436, "gcj_lat": 41.32291, "geo_addr": "河北省张家口市尚义县贲贲淖", "coord_src": "geocode"}}, {"type": "Feature", "geometry": {"type": "Point", "coordinates": [114.634762, 41.301383]}, "properties": {"name": "白城子遗址", "level": "省级", "era": "宋元至明清", "lon": 114.628574, "lat": 41.299668, "elev": 1359, "city": "张家口市", "img": "", "wgs_lon": 114.628574, "wgs_lat": 41.299668, "gcj_lon": 114.634762, "gcj_lat": 41.301383, "geo_addr": "河北省张家口市张北县白城子村", "coord_src": "geocode", "gcj_note": "api_error:10021:CUQPS_HAS_EXCEEDED_THE_LIMIT"}}, {"type": "Feature", "geometry": {"type": "Point", "coordinates": [115.384876, 41.09784]}, "properties": {"name": "西土城遗址", "level": "国家级", "era": "史前至先秦", "lon": 114.233463, "lat": 41.547292, "elev": 1295, "city": "张家口市", "img": "", "wgs_lon": 114.233463, "wgs_lat": 41.547292, "gcj_lon": 115.384876, "gcj_lat": 41.09784, "geo_addr": "河北省张家口市崇礼区西土城村", "coord_src": "geocode"}}, {"type": "Feature", "geometry": {"type": "Point", "coordinates": [115.754387, 41.741835]}, "properties": {"name": "小宏城遗址", "level": "国家级", "era": "史前至先秦", "lon": 114.590298, "lat": 41.307793, "elev": 1369, "city": "张家口市", "img": "", "wgs_lon": 114.590298, "wgs_lat": 41.307793, "gcj_lon": 115.754387, "gcj_lat": 41.741835, "geo_addr": "河北省张家口市沽源县小宏城遗址", "coord_src": "geocode", "gcj_note": "api_error:10021:CUQPS_HAS_EXCEEDED_THE_LIMIT"}}, {"type": "Feature", "geometry": {"type": "Point", "coordinates": [114.885895, 40.768931]}, "properties": {"name": "元中都遗址", "level": "国家级", "era": "宋元至明清", "lon": 114.621189, "lat": 41.292846, "elev": 1359, "city": "张家口市", "img": "", "wgs_lon": 114.621189, "wgs_lat": 41.292846, "gcj_lon": 114.885895, "gcj_lat": 40.768931, "geo_addr": "河北省张家口市", "coord_src": "geocode", "gcj_note": "api_error:30001:ENGINE_RESPONSE_DATA_ERROR"}}, {"type": "Feature", "geometry": {"type": "Point", "coordinates": [114.999653, 41.583894]}, "properties": {"name": "九连城遗址", "level": "省级", "era": "宋元至明清", "lon": 114.993204, "lat": 41.58189, "elev": 1358, "city": "张家口市", "img": "", "wgs_lon": 114.993204, "wgs_lat": 41.58189, "gcj_lon": 114.999653, "gcj_lat": 41.583894, "geo_addr": "河北省张家口市沽源县九连城遗址", "coord_src": "geocode", "gcj_note": "api_error:10021:CUQPS_HAS_EXCEEDED_THE_LIMIT"}}, {"type": "Feature", "geometry": {"type": "Point", "coordinates": [114.79399, 41.819134]}, "properties": {"name": "王子坟", "level": "省级", "era": "史前至先秦", "lon": 114.787551, "lat": 41.817108, "elev": 1405, "city": "张家口市", "img": "", "wgs_lon": 114.787551, "wgs_lat": 41.817108, "gcj_lon": 114.79399, "gcj_lat": 41.819134, "geo_addr": "河北省张家口市康保县王子坟", "coord_src": "geocode"}}, {"type": "Feature", "geometry": {"type": "Point", "coordinates": [114.695348, 41.30942]}, "properties": {"name": "黑城子遗址", "level": "省级", "era": "宋元至明清", "lon": 114.689028, "lat": 41.307595, "elev": 1350, "city": "张家口市", "img": "", "wgs_lon": 114.689028, "wgs_lat": 41.307595, "gcj_lon": 114.695348, "gcj_lat": 41.30942, "geo_addr": "河北省张家口市张北县黑城子村", "coord_src": "geocode", "gcj_note": "api_error:10021:CUQPS_HAS_EXCEEDED_THE_LIMIT"}}, {"type": "Feature", "geometry": {"type": "Point", "coordinates": [115.00459, 41.60561]}, "properties": {"name": "九连城城址", "level": "国家级", "era": "秦汉至隋唐", "lon": 114.990291, "lat": 41.590288, "elev": 1365, "city": "张家口市", "img": "", "wgs_lon": 114.990291, "wgs_lat": 41.590288, "gcj_lon": 115.00459, "gcj_lat": 41.60561, "geo_addr": "河北省张家口市沽源县九连城", "coord_src": "geocode"}}, {"type": "Feature", "geometry": {"type": "Point", "coordinates": [115.758286, 41.740546]}, "properties": {"name": "小宏城子遗址", "level": "省级", "era": "宋元至明清", "lon": 115.751799, "lat": 41.738474, "elev": 1390, "city": "张家口市", "img": "", "wgs_lon": 115.751799, "wgs_lat": 41.738474, "gcj_lon": 115.758286, "gcj_lat": 41.740546, "geo_addr": "河北省张家口市沽源县小宏城子", "coord_src": "geocode", "gcj_note": "api_error:10021:CUQPS_HAS_EXCEEDED_THE_LIMIT"}}, {"type": "Feature", "geometry": {"type": "Point", "coordinates": [115.787895, 41.660213]}, "properties": {"name": "梳妆楼", "level": "省级", "era": "宋元至明清", "lon": 115.781456, "lat": 41.658169, "elev": 1415, "city": "张家口市", "img": "", "wgs_lon": 115.781456, "wgs_lat": 41.658169, "gcj_lon": 115.787895, "gcj_lat": 41.660213, "geo_addr": "河北省张家口市沽源县梳妆楼", "coord_src": "geocode"}}, {"type": "Feature", "geometry": {"type": "Point", "coordinates": [114.885895, 40.768931]}, "properties": {"name": "大宏城城址", "level": "省级", "era": "秦汉至隋唐", "lon": 115.666422, "lat": 41.663899, "elev": 1410, "city": "张家口市", "img": "", "wgs_lon": 115.666422, "wgs_lat": 41.663899, "gcj_lon": 114.885895, "gcj_lat": 40.768931, "geo_addr": "河北省张家口市", "coord_src": "geocode", "gcj_note": "api_error:30001:ENGINE_RESPONSE_DATA_ERROR"}}, {"type": "Feature", "geometry": {"type": "Point", "coordinates": [114.885895, 40.768931]}, "properties": {"name": "石头城遗址", "level": "省级", "era": "宋元至明清", "lon": 115.722219, "lat": 41.533711, "elev": 1452, "city": "张家口市", "img": "", "wgs_lon": 115.722219, "wgs_lat": 41.533711, "gcj_lon": 114.885895, "gcj_lat": 40.768931, "geo_addr": "河北省张家口市", "coord_src": "geocode", "gcj_note": "api_error:30001:ENGINE_RESPONSE_DATA_ERROR"}}, {"type": "Feature", "geometry": {"type": "Point", "coordinates": [115.722534, 41.312607]}, "properties": {"name": "独石口砖瓦窑遗址群", "level": "省级", "era": "宋元至明清", "lon": 115.716119, "lat": 41.310714, "elev": 1268, "city": "张家口市", "img": "", "wgs_lon": 115.716119, "wgs_lat": 41.310714, "gcj_lon": 115.722534, "gcj_lat": 41.312607, "geo_addr": "河北省张家口市赤城县独石口乡", "coord_src": "geocode"}}, {"type": "Feature", "geometry": {"type": "Point", "coordinates": [115.722534, 41.312607]}, "properties": {"name": "独石口城", "level": "省级", "era": "宋元至明清", "lon": 115.716119, "lat": 41.310714, "elev": 1268, "city": "张家口市", "img": "", "wgs_lon": 115.716119, "wgs_lat": 41.310714, "gcj_lon": 115.722534, "gcj_lat": 41.312607, "geo_addr": "河北省张家口市赤城县独石口乡", "coord_src": "geocode"}}, {"type": "Feature", "geometry": {"type": "Point", "coordinates": [117.962749, 40.952942]}, "properties": {"name": "四角城址", "level": "省级", "era": "宋元至明清", "lon": 116.173712, "lat": 41.518273, "elev": 1643, "city": "承德市", "img": "", "wgs_lon": 116.173712, "wgs_lat": 41.518273, "gcj_lon": 117.962749, "gcj_lat": 40.952942, "geo_addr": "河北省承德市", "coord_src": "geocode", "gcj_note": "api_error:30001:ENGINE_RESPONSE_DATA_ERROR"}}, {"type": "Feature", "geometry": {"type": "Point", "coordinates": [116.166036, 41.44998]}, "properties": {"name": "小坝子障城城址", "level": "省级", "era": "秦汉至隋唐", "lon": 116.159622, "lat": 41.447861, "elev": 1871, "city": "承德市", "img": "", "wgs_lon": 116.159622, "wgs_lat": 41.447861, "gcj_lon": 116.166036, "gcj_lat": 41.44998, "geo_addr": "河北省承德市丰宁满族自治县小坝子", "coord_src": "geocode", "gcj_note": "api_error:10021:CUQPS_HAS_EXCEEDED_THE_LIMIT"}}, {"type": "Feature", "geometry": {"type": "Point", "coordinates": [115.787895, 41.660213]}, "properties": {"name": "梳妆楼元墓", "level": "国家级", "era": "宋元至明清", "lon": 115.833343, "lat": 41.650008, "elev": 1432, "city": "张家口市", "img": "", "wgs_lon": 115.833343, "wgs_lat": 41.650008, "gcj_lon": 115.787895, "gcj_lat": 41.660213, "geo_addr": "河北省张家口市沽源县梳妆楼", "coord_src": "geocode"}}, {"type": "Feature", "geometry": {"type": "Point", "coordinates": [117.742285, 41.330957]}, "properties": {"name": "土城子城址", "level": "省级", "era": "史前至先秦", "lon": 117.735676, "lat": 41.328987, "elev": 557, "city": "承德市", "img": "", "wgs_lon": 117.735676, "wgs_lat": 41.328987, "gcj_lon": 117.742285, "gcj_lat": 41.330957, "geo_addr": "河北省承德市隆化县隆化土城子城址", "coord_src": "geocode", "gcj_note": "api_error:10021:CUQPS_HAS_EXCEEDED_THE_LIMIT"}}, {"type": "Feature", "geometry": {"type": "Point", "coordinates": [117.742285, 41.330957]}, "properties": {"name": "隆化土城子城址", "level": "省级", "era": "宋元至明清", "lon": 117.735676, "lat": 41.328987, "elev": 557, "city": "承德市", "img": "", "wgs_lon": 117.739646, "wgs_lat": 41.324422, "gcj_lon": 117.742285, "gcj_lat": 41.330957, "geo_addr": "河北省承德市隆化县隆化土城子城址", "coord_src": "geocode"}}, {"type": "Feature", "geometry": {"type": "Point", "coordinates": [117.730657, 41.324482]}, "properties": {"name": "董存瑞烈士陵园", "level": "省级", "era": "近代以来", "lon": 117.724057, "lat": 41.322525, "elev": 550, "city": "承德市", "img": "", "wgs_lon": 117.724057, "wgs_lat": 41.322525, "gcj_lon": 117.730657, "gcj_lat": 41.324482, "geo_addr": "河北省承德市隆化县董存瑞烈士陵园", "coord_src": "geocode", "gcj_note": "api_error:10021:CUQPS_HAS_EXCEEDED_THE_LIMIT"}}, {"type": "Feature", "geometry": {"type": "Point", "coordinates": [117.619851, 41.839397]}, "properties": {"name": "顶子城遗址", "level": "省级", "era": "史前至先秦", "lon": 117.61338, "lat": 41.837456, "elev": 1700, "city": "承德市", "img": "", "wgs_lon": 117.61338, "wgs_lat": 41.837456, "gcj_lon": 117.619851, "gcj_lat": 41.839397, "geo_addr": "河北省承德市围场满族蒙古族自治县东光顶子", "coord_src": "geocode"}}, {"type": "Feature", "geometry": {"type": "Point", "coordinates": [117.82691, 41.281273]}, "properties": {"name": "十八里汰戏楼", "level": "省级", "era": "宋元至明清", "lon": 117.820438, "lat": 41.279409, "elev": 585, "city": "承德市", "img": "", "wgs_lon": 117.820438, "wgs_lat": 41.279409, "gcj_lon": 117.82691, "gcj_lat": 41.281273, "geo_addr": "河北省承德市隆化县十八里汰村", "coord_src": "geocode", "gcj_note": "api_error:10021:CUQPS_HAS_EXCEEDED_THE_LIMIT"}}, {"type": "Feature", "geometry": {"type": "Point", "coordinates": [117.962749, 40.952942]}, "properties": {"name": "老阳坡遗址", "level": "省级", "era": "史前至先秦", "lon": 117.956323, "lat": 41.350223, "elev": 560, "city": "承德市", "img": "", "wgs_lon": 117.956323, "wgs_lat": 41.350223, "gcj_lon": 117.962749, "gcj_lat": 40.952942, "geo_addr": "河北省承德市", "coord_src": "geocode", "gcj_note": "api_error:30001:ENGINE_RESPONSE_DATA_ERROR"}}, {"type": "Feature", "geometry": {"type": "Point", "coordinates": [117.742285, 41.330957]}, "properties": {"name": "平安堡土城子城址", "level": "省级", "era": "秦汉至隋唐", "lon": 117.735676, "lat": 41.328987, "elev": 557, "city": "承德市", "img": "", "wgs_lon": 117.735676, "wgs_lat": 41.328987, "gcj_lon": 117.742285, "gcj_lat": 41.330957, "geo_addr": "河北省承德市隆化县隆化土城子城址", "coord_src": "geocode"}}, {"type": "Feature", "geometry": {"type": "Point", "coordinates": [117.494816, 42.320385]}, "properties": {"name": "木兰围场御制碑、摩崖石刻", "level": "国家级", "era": "宋元至明清", "lon": 117.851537, "lat": 41.709617, "elev": 759, "city": "承德市", "img": "", "wgs_lon": 117.851537, "wgs_lat": 41.709617, "gcj_lon": 117.494816, "gcj_lat": 42.320385, "geo_addr": "河北省承德市围场满族蒙古族自治县木兰围场", "coord_src": "geocode"}}, {"type": "Feature", "geometry": {"type": "Point", "coordinates": [117.742285, 41.330957]}, "properties": {"name": "隆化土城子城址", "level": "国家级", "era": "史前至先秦", "lon": 117.739646, "lat": 41.324422, "elev": 564, "city": "承德市", "img": "", "wgs_lon": 117.739646, "wgs_lat": 41.324422, "gcj_lon": 117.742285, "gcj_lat": 41.330957, "geo_addr": "河北省承德市隆化县隆化土城子城址", "coord_src": "geocode"}}, {"type": "Feature", "geometry": {"type": "Point", "coordinates": [118.19994127731337, 41.361435984660126]}, "properties": {"name": "东粱大地遗址", "level": "省级", "era": "史前至先秦", "lon": 118.19347, "lat": 41.359378, "elev": 628, "city": "承德市", "img": "", "wgs_lon": 118.19347, "wgs_lat": 41.359378, "gcj_lon": 118.19994127731337, "gcj_lat": 41.361435984660126, "geo_addr": "", "coord_src": "fallback_local", "gcj_note": "tries_exhausted"}}, {"type": "Feature", "geometry": {"type": "Point", "coordinates": [117.962749, 40.952942]}, "properties": {"name": "石羊石虎墓群", "level": "国家级", "era": "史前至先秦", "lon": 118.581945, "lat": 41.276668, "elev": 812, "city": "承德市", "img": "", "wgs_lon": 118.581945, "wgs_lat": 41.276668, "gcj_lon": 117.962749, "gcj_lat": 40.952942, "geo_addr": "河北省承德市", "coord_src": "geocode", "gcj_note": "api_error:10021:CUQPS_HAS_EXCEEDED_THE_LIMIT"}}, {"type": "Feature", "geometry": {"type": "Point", "coordinates": [118.675461, 41.343139]}, "properties": {"name": "八王沟墓群", "level": "省级", "era": "宋元至明清", "lon": 118.669325, "lat": 41.341234, "elev": 908, "city": "承德市", "img": "", "wgs_lon": 118.669325, "wgs_lat": 41.341234, "gcj_lon": 118.675461, "gcj_lat": 41.343139, "geo_addr": "河北省承德市平泉市八王沟", "coord_src": "geocode", "gcj_note": "api_error:10021:CUQPS_HAS_EXCEEDED_THE_LIMIT"}}, {"type": "Feature", "geometry": {"type": "Point", "coordinates": [118.809137, 41.285365]}, "properties": {"name": "平北抗日根据地旧址", "level": "省级", "era": "近代以来", "lon": 118.802934, "lat": 41.283444, "elev": 637, "city": "承德市", "img": "", "wgs_lon": 118.802934, "wgs_lat": 41.283444, "gcj_lon": 118.809137, "gcj_lat": 41.285365, "geo_addr": "河北省承德市平泉市平北镇", "coord_src": "geocode"}}, {"type": "Feature", "geometry": {"type": "Point", "coordinates": [118.807592, 41.27615]}, "properties": {"name": "太平梁遗址", "level": "省级", "era": "史前至先秦", "lon": 118.801387, "lat": 41.274232, "elev": 645, "city": "承德市", "img": "", "wgs_lon": 118.801387, "wgs_lat": 41.274232, "gcj_lon": 118.807592, "gcj_lat": 41.27615, "geo_addr": "河北省承德市平泉市太平梁村", "coord_src": "geocode"}}, {"type": "Feature", "geometry": {"type": "Point", "coordinates": [119.213888, 41.277347]}, "properties": {"name": "暖泉当铺", "level": "省级", "era": "宋元至明清", "lon": 119.207535, "lat": 41.275341, "elev": 468, "city": "承德市", "img": "", "wgs_lon": 119.207535, "wgs_lat": 41.275341, "gcj_lon": 119.213888, "gcj_lat": 41.277347, "geo_addr": "河北省承德市平泉市当铺村", "coord_src": "geocode"}}, {"type": "Feature", "geometry": {"type": "Point", "coordinates": [115.885361, 41.891942]}, "properties": {"name": "小城子城址", "level": "省级", "era": "秦汉至隋唐", "lon": 115.879144, "lat": 41.890039, "elev": 1364, "city": "张家口市", "img": "", "wgs_lon": 115.879144, "wgs_lat": 41.890039, "gcj_lon": 115.885361, "gcj_lat": 41.891942, "geo_addr": "河北省张家口市沽源县小城子", "coord_src": "geocode"}}, {"type": "Feature", "geometry": {"type": "Point", "coordinates": [117.210896, 41.960709]}, "properties": {"name": "西门外遗址", "level": "省级", "era": "史前至先秦", "lon": 117.204217, "lat": 41.958567, "elev": 1062, "city": "承德市", "img": "", "wgs_lon": 117.204217, "wgs_lat": 41.958567, "gcj_lon": 117.210896, "gcj_lat": 41.960709, "geo_addr": "河北省承德市围场满族蒙古族自治县西门外", "coord_src": "geocode"}}, {"type": "Feature", "geometry": {"type": "Point", "coordinates": [117.468012, 41.920562]}, "properties": {"name": "半截塔", "level": "省级", "era": "宋元至明清", "lon": 117.461147, "lat": 41.918339, "elev": 905, "city": "承德市", "img": "", "wgs_lon": 117.461121, "wgs_lat": 41.918286, "gcj_lon": 117.468012, "gcj_lat": 41.920562, "geo_addr": "河北省承德市围场满族蒙古族自治县半截塔", "coord_src": "geocode"}}, {"type": "Feature", "geometry": {"type": "Point", "coordinates": [117.494816, 42.320385]}, "properties": {"name": "木兰围场", "level": "省级", "era": "宋元至明清", "lon": 117.487987, "lat": 42.318271, "elev": 1475, "city": "承德市", "img": "", "wgs_lon": 117.487987, "wgs_lat": 42.318271, "gcj_lon": 117.494816, "gcj_lat": 42.320385, "geo_addr": "河北省承德市围场满族蒙古族自治县木兰围场", "coord_src": "geocode"}}, {"type": "Feature", "geometry": {"type": "Point", "coordinates": [117.126742, 42.340246]}, "properties": {"name": "后台子遗址", "level": "省级", "era": "史前至先秦", "lon": 117.119871, "lat": 42.338003, "elev": 1384, "city": "承德市", "img": "", "wgs_lon": 117.119871, "wgs_lat": 42.338003, "gcj_lon": 117.126742, "gcj_lat": 42.340246, "geo_addr": "河北省承德市围场满族蒙古族自治县后台子", "coord_src": "geocode"}}, {"type": "Feature", "geometry": {"type": "Point", "coordinates": [117.501315, 42.387129]}, "properties": {"name": "小锥子山古城址", "level": "省级", "era": "秦汉至隋唐", "lon": 117.494502, "lat": 42.385035, "elev": 1558, "city": "承德市", "img": "", "wgs_lon": 117.494502, "wgs_lat": 42.385035, "gcj_lon": 117.501315, "gcj_lat": 42.387129, "geo_addr": "河北省承德市围场满族蒙古族自治县小锥子山", "coord_src": "geocode"}}, {"type": "Feature", "geometry": {"type": "Point", "coordinates": [117.468012, 41.920562]}, "properties": {"name": "半截塔", "level": "国家级", "era": "宋元至明清", "lon": 117.461121, "lat": 41.918286, "elev": 905, "city": "承德市", "img": "", "wgs_lon": 117.461121, "wgs_lat": 41.918286, "gcj_lon": 117.468012, "gcj_lat": 41.920562, "geo_addr": "河北省承德市围场满族蒙古族自治县半截塔", "coord_src": "geocode"}}, {"type": "Feature", "geometry": {"type": "Point", "coordinates": [117.519065, 42.283798]}, "properties": {"name": "马站遗址", "level": "省级", "era": "史前至先秦", "lon": 117.512338, "lat": 42.281755, "elev": 1321, "city": "承德市", "img": "", "wgs_lon": 117.512338, "wgs_lat": 42.281755, "gcj_lon": 117.519065, "gcj_lat": 42.283798, "geo_addr": "河北省承德市围场满族蒙古族自治县马站", "coord_src": "geocode", "gcj_note": "api_error:10021:CUQPS_HAS_EXCEEDED_THE_LIMIT"}}, {"type": "Feature", "geometry": {"type": "Point", "coordinates": [117.710546, 42.297871]}, "properties": {"name": "岱尹城址", "level": "省级", "era": "宋元至明清", "lon": 117.703835, "lat": 42.295825, "elev": 1123, "city": "承德市", "img": "", "wgs_lon": 117.703835, "wgs_lat": 42.295825, "gcj_lon": 117.710546, "gcj_lat": 42.297871, "geo_addr": "河北省承德市围场满族蒙古族自治县岱尹城", "coord_src": "geocode"}}, {"type": "Feature", "geometry": {"type": "Point", "coordinates": [117.733956, 42.305363]}, "properties": {"name": "晋冀鲁豫抗日殉国烈士公墓旧址", "level": "省级", "era": "近代以来", "lon": 117.727213, "lat": 42.303289, "elev": 1095, "city": "承德市", "img": "", "wgs_lon": 117.727213, "wgs_lat": 42.303289, "gcj_lon": 117.733956, "gcj_lat": 42.305363, "geo_addr": "河北省承德市围场满族蒙古族自治县烈士公墓", "coord_src": "geocode"}}, {"type": "Feature", "geometry": {"type": "Point", "coordinates": [118.055037, 42.091554]}, "properties": {"name": "海苏湾遗址", "level": "省级", "era": "史前至先秦", "lon": 118.048283, "lat": 42.089312, "elev": 937, "city": "承德市", "img": "", "wgs_lon": 118.048283, "wgs_lat": 42.089312, "gcj_lon": 118.055037, "gcj_lat": 42.091554, "geo_addr": "河北省承德市围场满族蒙古族自治县海苏湾村", "coord_src": "geocode"}}, {"type": "Feature", "geometry": {"type": "Point", "coordinates": [117.947525, 42.053458]}, "properties": {"name": "倒流水金矿遗址", "level": "省级", "era": "近代以来", "lon": 117.941097, "lat": 42.051496, "elev": 999, "city": "承德市", "img": "", "wgs_lon": 117.941097, "wgs_lat": 42.051496, "gcj_lon": 117.947525, "gcj_lat": 42.053458, "geo_addr": "河北省承德市围场满族蒙古族自治县金矿村", "coord_src": "geocode"}}]}